ein,name,tax_year,state,total_assets,total_revenue,total_grants_paid,source
980120582,THE HULTQUIST FOUNDATION,2019,FL,3938184.0,339774.0,247000.0,irs_990pf
420933162,GLEESON FAMILY FOUNDATION,2019,IA,3113486.0,166068.0,273500.0,irs_990pf
911671814,PENDLETON AND ELISABETH CAREY MILLER,2019,WA,16423513.0,504484.0,673000.0,irs_990pf
376024600,SARAH E WALLACE TRUST,2019,IL,498999.0,18654.0,17339.0,irs_990pf
270049020,BUILDINGS FOR BABIES INC,2019,CO,4187401.0,358470.0,77803.0,irs_990pf
236503956,TU CLAUSE 3RD WO ELLIS GIMBEL,2019,PA,1416316.0,38971.0,89285.0,irs_990pf
474257844,GURSAHANEY FAMILY FOUNDATION INC,2019,FL,2164846.0,99285.0,203000.0,irs_990pf
746035546,JACK AND KATHERINE PEARCE,2019,TX,3022121.0,161108.0,127500.0,irs_990pf
561901626,ROSTAN FAMILY FOUNDATION,2019,NC,9400157.0,1857060.0,500500.0,irs_990pf
810559334,STAHL FAMILY FOUNDATION,2019,MO,128148.0,8496.0,9000.0,irs_990pf
486117374,THE TRUSLER FOUNDATION INC,2019,KS,2590178.0,221036.0,376242.0,irs_990pf
133187074,THE FRANKEL FOUNDATION,2019,MD,40151454.0,10108375.0,1852133.0,irs_990pf
346506909,TYLER WASHINGTON MARION ME TA 242-0930040,2019,OH,2837900.0,233773.0,147604.0,irs_990pf
261133515,TIR NA NOG SANCTUARY INC,2019,IN,24451.0,93178.0,,irs_990pf
593421835,BURCHENAL FAMILY FOUNDATION INC,2019,FL,1000053.0,143132.0,85575.0,irs_990pf
352327953,HEART OF LOUISIANA HUMANE SOCIETY,2019,LA,150488.0,358181.0,2800.0,irs_990pf
731646761,THE DAVID L SIMON FOUNDATION,2019,NV,3128603.0,122515.0,105500.0,irs_990pf
770478309,DAVE AND JUDI ZACHES,2019,CA,1868430.0,117936.0,119000.0,irs_990pf
251777886,ELDRED WORLD WAR II MUSEUM INC,2019,PA,1934191.0,160007.0,,irs_990pf
650841971,DEUS SPES MEA FOUNDATION INC,2019,FL,2963127.0,108434.0,307000.0,irs_990pf
208432064,THE JOSEPHINE ARDERY FOUNDATION INC,2019,KY,1514818.0,116828.0,80000.0,irs_990pf
260306463,TIM BECKWORTH MARY ANN BOYD FOUNDATION,2019,VA,17004.0,0.0,1000.0,irs_990pf
816260519,DONALD R GILMORE TRUST DTD 3112003,2019,TN,1051355.0,92242.0,45317.0,irs_990pf
841997400,RANA SULLIVAN MINISTRIES,2019,TX,0.0,2627.0,100.0,irs_990pf
821583570,AMERICAN BOARD OF FACIAL AESTHETICS,2019,OH,0.0,0.0,,irs_990pf
811020355,LITTLE FEET FOUNDATION INC,2019,WI,2849616.0,927199.0,15000.0,irs_990pf
630738748,LESLIE J JANIE D RICHARD FOUNDATION,2019,AL,555983.0,29895.0,30000.0,irs_990pf
256832177,THE MICHAEL NANCY PIA FOUNDATION,2019,PA,0.0,37462.0,91000.0,irs_990pf
812179168,JERRY AND POLLY LEE,2019,MS,362939.0,159681.0,17900.0,irs_990pf
311529104,THOMAS R GROSS FAMILY FOUNDATION,2019,OH,2932092.0,118917.0,178000.0,irs_990pf
833325931,ABSOLUTE PERFORMANCE PRODUCTIONS,2019,RI,3097.0,31014.0,,irs_990pf
464170531,MAS FAMILY CHARITABLE FOUNDATION,2019,CA,1282757.0,68540.0,65500.0,irs_990pf
341485142,STAFAST FOUNDATION INC,2019,OH,302577.0,244852.0,166000.0,irs_990pf
510108212,ISAAC HERMAN ZACHARIA FOUNDATION,2019,CT,3937393.0,119932.0,198357.0,irs_990pf
201276320,GPMCH FOUNDATION,2019,WA,1336988.0,866596.0,28000.0,irs_990pf
956021725,TOM MAY - DAVID MAY II FOUNDATION,2019,CA,715294.0,28696.0,73200.0,irs_990pf
331042444,ROBERT G WILDER FOUNDATION,2019,PA,285147.0,27633.0,42700.0,irs_990pf
306194947,ORLAND KATHRYN ARMSTRONG CHARITABLE FOUNDATION,2019,FL,528219.0,77662.0,26938.0,irs_990pf
316676032,PHILLIP RALSTON MEMORIAL SCHOLARSHIP TRUST,2019,TN,102273.0,5233.0,6500.0,irs_990pf
710917475,THE WILBUR BURNS MANSI FOUNDATION,2019,CA,139.0,400.0,,irs_990pf
832480742,TRI-COUNTY AGENCY FOUNDATION,2019,MI,500.0,500.0,0.0,irs_990pf
824177168,WOLVERTONBAILEY FOUNDATION INC,2019,CA,20.0,350.0,,irs_990pf
311731952,C EDWARD GLORIA HERDER FOUNDATION,2019,NJ,107557.0,79964.0,17346.0,irs_990pf
133606267,AMERICAN FRIENDS OF YESHIVAT,2019,NY,432224.0,5017.0,45000.0,irs_990pf
311704982,LOUIS AND DORA SMITH FOUNDATION INC,2019,MD,1500734.0,70053.0,76849.0,irs_990pf
820831391,ATTUNE HEALTH FOUNDATION,2019,CA,3492.0,3150.0,0.0,irs_990pf
237234921,MARY W MACKINNON FUND,2019,NY,1789777.0,236173.0,140903.0,irs_990pf
656404584,MAX P GOTTFRIED TESTAMENTARY CHARITABLE,2019,MI,3616743.0,259665.0,121583.0,irs_990pf
263050378,WOLF INSPIRES FOUNDATION,2019,MN,28015.0,0.0,,irs_990pf
330636270,THOMAS D LYNCH FAMILY FOUNDATION,2019,NV,34236.0,1302.0,2250.0,irs_990pf
223694725,THE DOLOTTA FAMILY CHARITABLE FOUNDATION INC,2019,CA,1938065.0,95339.0,165000.0,irs_990pf
260615381,THE RASTETTER FOUNDATION,2019,IA,500.0,0.0,600.0,irs_990pf
256887967,THE RUBENSTEIN FOUNDATION,2019,PA,7050190.0,333846.0,593715.0,irs_990pf
204004236,DAVID AND GWEN BAKER FAMILY FOUNDATION,2019,CT,1008761.0,62102.0,135296.0,irs_990pf
203390724,THE LARRY C CAMPBELL AND BETTY J,2019,MI,827.0,6.0,200.0,irs_990pf
731590898,RALPH AND FRANCES MCGILL FOUNDATION,2019,OK,6523597.0,748715.0,435500.0,irs_990pf
464128862,OKANE FAMILY FOUNDATION,2019,NJ,3313772.0,86283.0,192500.0,irs_990pf
650016668,THE DIANNE AND MICHAEL BIENES CHARITABLE,2019,FL,2253070.0,139581.0,44210.0,irs_990pf
136133195,IRVING AND ESTELLE LEVY FOUNDATION,2019,NY,499719.0,34675.0,33250.0,irs_990pf
061603696,SCHAEFER FAMILY FOUNDATION INC,2019,CT,49818.0,4959.0,5000.0,irs_990pf
821882629,HAYES FAMILY FOUNDATION INC,2019,IN,2009189.0,85625.0,32365.0,irs_990pf
474395115,AYVAZIAN FAMILY FOUNDATION,2019,CA,371822.0,5715.0,15000.0,irs_990pf
346623289,GUND COLLECTION OF WESTERN ART,2019,NJ,0.0,0.0,0.0,irs_990pf
832799815,THE RON AND DONNA LUBIN FAMILY FOUNDATION INC,2019,NJ,92403.0,50667.0,2600.0,irs_990pf
471536435,DANS HANDS EDUCATION FOUNDATION,2019,FL,-8841.0,6523.0,,irs_990pf
742730037,PEACH MOTT FOUNDATION INC,2019,TX,8909380.0,677195.0,620833.0,irs_990pf
680306096,BEHRING FOUNDATION,2019,CA,3330.0,267.0,,irs_990pf
823122216,MILLER FUNERAL AND CREMATION CHARITABLE,2019,NY,5823.0,10550.0,5851.0,irs_990pf
346520026,THE WATTERSON FOUNDATION,2019,VA,412110.0,41164.0,49050.0,irs_990pf
206792602,ROBERT F KRAEMER CHARITABLE TRUST,2019,NY,2116990.0,115210.0,137300.0,irs_990pf
203530086,SLEZAK FAMILY CHARITABLE FOUNDATION,2019,NE,1359350.0,280567.0,121425.0,irs_990pf
341536692,MCCORMACK FOUNDATION,2019,OH,86571.0,1609.0,,irs_990pf
826683485,T SEMMES FAVROT CHARITABLE TRUST,2019,LA,16148.0,33000.0,28550.0,irs_990pf
464442854,THE ADERHOLD FAMILY FOUNDATION,2019,GA,4864200.0,1009553.0,244500.0,irs_990pf
721486006,THE COLEMAN FAMILY FOUNDATION,2019,LA,41175.0,20.0,,irs_990pf
730997009,HELEN HOLIDAY FOUNDATION,2019,OK,284456.0,8655.0,30000.0,irs_990pf
954557158,YOUREDJIAN FAMILY CHARITABLE FOUNDATION,2019,CA,65939.0,391040.0,517000.0,irs_990pf
364249776,INTERNET SOCIETY OF ORTHOPEDIC SURGERY,2019,NV,0.0,0.0,6717.0,irs_990pf
813546989,THE BRITE FOUNDATION INC,2019,NC,0.0,0.0,21102.0,irs_990pf
463626597,RICHEY MAY CARES FOUNDATION,2019,CO,23780.0,26271.0,11450.0,irs_990pf
382908719,DUFFY FOUNDATION,2019,MI,20354090.0,4691815.0,5123000.0,irs_990pf
463432379,FAMILY AND MARRIAGE EDUCATION,2019,AZ,7144.0,1933.0,,irs_990pf
815139241,ARAMI CHURCH,2019,TX,5484.0,21761.0,,irs_990pf
814468686,DEERIN FOUNDATION,2019,PA,0.0,0.0,0.0,irs_990pf
300633793,BURT FAMILY FOUNDATION INC,2019,CT,1158363.0,87551.0,71500.0,irs_990pf
542017412,THE ROBERT AND DOROTHY DOUMAR FOUNDATION,2019,VA,108123.0,90884.0,21500.0,irs_990pf
061461611,BLUM SHAPIRO FOUNDATION INC,2019,CT,3051.0,86003.0,80830.0,irs_990pf
270523799,GROWING HOPE FOUNDATION,2019,MN,583379.0,90802.0,30889.0,irs_990pf
311807237,VIRGINIA CONLOGUE FOUNDATION,2019,OH,3273739.0,218054.0,259435.0,irs_990pf
471456865,THE HEAVENER FAMILY FOUNDATION INC,2019,FL,12534.0,0.0,0.0,irs_990pf
202071449,R D SCHMIDT FOUNDATION,2019,UT,14168.0,3000.0,3058.0,irs_990pf
237743235,AMARANTH FOUNDATION,2019,PA,3643.0,369263.0,367533.0,irs_990pf
464324775,LEE AND CLAUDIA BROOKE FOUNDATION,2019,WA,273573.0,10080.0,17500.0,irs_990pf
481289934,INGRAM FAMILY FOUNDATION,2019,TX,1488186.0,758722.0,50650.0,irs_990pf
232568998,THE GREATER POTTSTOWN FOUNDATION,2019,PA,1290132.0,88211.0,55931.0,irs_990pf
582413726,BENJAMIN F BRADY CHARITABLE,2019,GA,11128976.0,547869.0,521533.0,irs_990pf
364139320,THE OAKRIVER FOUNDATION,2019,IL,3269602.0,204038.0,175000.0,irs_990pf
363533428,ROBERT W GOLTERMANN AND MARCIA M,2019,IL,1058483.0,220890.0,251250.0,irs_990pf
481305771,STONEHOCKER FAMILY FOUNDATION,2019,CO,786682.0,8011.0,35000.0,irs_990pf
376185243,MARGARET MCGILL SCHOLARSHIP TRUST,2019,IL,4412.0,134.0,,irs_990pf
141818663,THE FALCON FUND FOUNDATION,2019,NY,875256.0,267063.0,640000.0,irs_990pf
202372810,MIKE AND SUSAN BURKHART FOUNDATION,2019,OK,2056114.0,81315.0,180000.0,irs_990pf
201762096,KAZRUS FOUNDATION,2019,MI,1404583.0,674959.0,223250.0,irs_990pf
266618667,URHO AND DAGNY NYKANEN SCHOLARSHIP FUND,2019,MA,120614.0,6669.0,6500.0,irs_990pf
266153545,WILLIAMS LEWELLIN FAMILY FOUNDATION,2019,CA,199655.0,-10022.0,5000.0,irs_990pf
202019997,THE LYMAN FAMILY FOUNDATION,2019,CA,470357.0,-135089.0,53450.0,irs_990pf
814427698,CARA GRACE FOUNDATION,2019,CA,191767.0,100730.0,2700.0,irs_990pf
811461009,RAYMOND A AMELLA P BEILKE TRUST,2019,WI,1835563.0,161939.0,105153.0,irs_990pf
943157812,POZNANSKI FOUNDATION,2019,OR,1191801.0,112477.0,945996.0,irs_990pf
262168448,QUERY ON INC,2019,MA,229250.0,209176.0,23150.0,irs_990pf
462099428,DOGGETT FAMILY FOUNDATION,2019,TX,40220.0,125000.0,191215.0,irs_990pf
042911007,TAUNTON CIVIC CHORUS INC,2019,MA,8749.0,14379.0,750.0,irs_990pf
833682171,NOVA CONNECTIONS,2019,DC,0.0,40972.0,0.0,irs_990pf
471101519,WHITMAN FAMILY FOUNDATION,2019,OK,203883.0,0.0,6500.0,irs_990pf
611579779,TG2 FOUNDATION INC,2019,CA,367872.0,152077.0,11500.0,irs_990pf
824389169,QUEST FOR ADVENTURE,2019,CA,1561.0,0.0,,irs_990pf
813193079,PERFECT PLAY ATHLETICS FOUNDATION,2019,CA,0.0,13759.0,100.0,irs_990pf
364360800,WILLIAM AND MARY SWIFT FOUNDATION,2019,MI,193.0,2000.0,1100.0,irs_990pf
136108758,THE WJ BARNEY FOUNDATION INC,2019,NY,918885.0,174029.0,98000.0,irs_990pf
453514085,THE RETTEW CHARITABLE FOUNDATION,2019,PA,36747.0,35000.0,13500.0,irs_990pf
436730685,CLARENCE C KAC HINDS SCHOLARSHIP TR,2019,MO,128858.0,4830.0,4000.0,irs_990pf
596988775,QUINA CHARITABLE FOUNDATION,2019,FL,68743.0,-3053.0,55800.0,irs_990pf
593154364,BAILEY FAMILY FOUNDATION INC,2019,FL,5866289.0,699691.0,651300.0,irs_990pf
834256865,HIDDEN SANCTUARY VILLAGE INC,2019,FL,829.0,2059.0,0.0,irs_990pf
471589263,THE ELLIOT AND ELEANOR FOUNDATION,2019,SC,5409956.0,161338.0,309430.0,irs_990pf
262988688,AN ANGEL IN QUEENS INC,2019,NY,0.0,3673.0,,irs_990pf
351968871,BEVERLY COWDEN FOUNDATION INC,2019,IN,452857.0,32439.0,11450.0,irs_990pf
810821622,WILLIAM WARREN BALL FAMILY,2019,GA,4220440.0,365221.0,211000.0,irs_990pf
273633750,ROGERS CHARITABLE FOUNDATION,2019,DE,40333.0,185578.0,162475.0,irs_990pf
481073555,ANDERSON FAMILY FOUNDATION,2019,KS,702816.0,26530.0,36500.0,irs_990pf
542076962,RFI FOUNDATION INC,2019,MD,2421435.0,287454.0,86027.0,irs_990pf
843196762,BATCH GIVING FOUNDATION,2019,TX,60275.0,104000.0,43725.0,irs_990pf
133595689,THE H E LENTZ JR FOUNDATION,2019,FL,783843.0,31730.0,41000.0,irs_990pf
020713918,VELUCHAMY FAMILY FOUNDATION,2019,IL,5547.0,0.0,0.0,irs_990pf
716216275,THE ANNING FAMILY CHARITABLE FOUNDATION,2019,OH,185824.0,6862.0,0.0,irs_990pf
823651855,RICHARD AND LAUREN KRULIK FOUNDATION INC,2019,NY,241016.0,3380.0,11650.0,irs_990pf
137239638,EDWARD AND BETH HONIG FAMILY FOUNDATION,2019,NY,2702.0,15440.0,,irs_990pf
473154745,DETROIT FASTPITCH,2019,MI,12383.0,5180.0,,irs_990pf
760664608,LONGAKER FOUNDATION,2019,TX,426353.0,63573.0,60400.0,irs_990pf
831353118,STRONG DISCIPLE,2019,MN,39173.0,103938.0,,irs_990pf
900732772,THE CHAIM DOROTHY KOPPELMAN FOUNDATION,2019,NY,39482.0,735.0,,irs_990pf
471903334,PACIFIC OUTFITTERS GREEN TEAM,2019,CA,0.0,14403.0,,irs_990pf
823708081,THE MARTA AND ROBERT ADELSON FAMILY,2019,PA,1719338.0,2576622.0,141015.0,irs_990pf
262572196,BECKER FAMILY FOUNDATION,2019,VA,140916.0,2133.0,13500.0,irs_990pf
461511527,THE DANIEL LAIDIG FAMILY FOUNDATION INC,2019,IN,2564573.0,892850.0,330718.0,irs_990pf
463652950,OLIVER SACKS FOUNDATION INC,2019,NY,3215743.0,133578.0,75000.0,irs_990pf
814538554,HARGIS FOUNDATION INC,2019,KY,886878.0,668.0,74900.0,irs_990pf
752550555,ANN PARSONS MEMORIAL FOUNDATION,2019,TX,633838.0,1358.0,78060.0,irs_990pf
474196894,CABT FAMILY FOUNDATION,2019,CA,396500.0,4845.0,11500.0,irs_990pf
363879526,GOLDBERG KOHN FOUNDATION,2019,IL,177051.0,164618.0,128200.0,irs_990pf
522284890,THE WINIFRED CULLEN TEELEY,2019,MD,146857.0,6815.0,16210.0,irs_990pf
203821345,VENTIMIGLIA FAMILY FOUNDATION,2019,CO,1016485.0,123240.0,100000.0,irs_990pf
571088077,KELLETT FAMILY FOUNDATION,2019,SC,1747152.0,113530.0,90000.0,irs_990pf
347206462,VERNON HILDINGER TRUST,2019,PA,497872.0,33780.0,20298.0,irs_990pf
300532062,VIOLET L ANSORGE PRIVATE FOUNDATION,2019,PA,2490102.0,99876.0,142732.0,irs_990pf
202026705,THE ALMAR FAMILY FOUNDATION INC,2019,NY,439569.0,36891.0,24220.0,irs_990pf
043581030,GRAY LADY FOUNDATION INC,2019,MA,809501.0,103980.0,67317.0,irs_990pf
814244653,PHILLIPS FAMILY FOUNDATION,2019,PA,229453.0,16145.0,12000.0,irs_990pf
640774404,PETE H BROWN AND MILDRED F BROWN FOUNDATION,2019,TN,870190.0,21129.0,45000.0,irs_990pf
266058677,DICKEY FAMILY FOUNDATION INC,2019,GA,762683.0,230282.0,115605.0,irs_990pf
831728242,DERANZ WORLD REACH,2019,TX,1642.0,27370.0,0.0,irs_990pf
261524126,THE WELLES FAMILY FOUNDATION,2019,NV,0.0,7416.0,,irs_990pf
832418026,ARECHAEDERRA FAMILY FOUNDATION,2019,CA,0.0,0.0,,irs_990pf
842474371,EXPONENT FOUNDATION,2019,CA,49402.0,55025.0,,irs_990pf
273169051,SINO-AMERICAN EDUCATION PROGRAM,2019,DE,91179.0,73000.0,103953.0,irs_990pf
473459127,SOFT LIGHT PHOTO,2019,WI,689.0,255.0,0.0,irs_990pf
766227833,THE SANDERS FAMILY FOUNDATION,2019,SC,1690647.0,731189.0,296800.0,irs_990pf
820508600,THE SOLOMON FAMILY FOUNDATION INC,2019,ID,23218.0,35065.0,15060.0,irs_990pf
266249484,CLINGAN FAMILY FOUNDATION,2019,IL,246486.0,26.0,16300.0,irs_990pf
474708350,SAMTEC ASSOCIATES FOUNDATION INC,2019,IN,68191.0,22924.0,14746.0,irs_990pf
815036051,THE ZELENKA FAMILY FOUNDATION,2019,OR,10565.0,33136.0,28086.0,irs_990pf
822036857,THE ERIC AND BARBARA CARLE,2019,MA,7828244.0,6556248.0,1125500.0,irs_990pf
451227948,BROOKS GRAY FOUNDATION,2019,AL,447926.0,16974.0,10000.0,irs_990pf
411917226,ALTON FOUNDATION,2019,MN,1331172.0,334663.0,155200.0,irs_990pf
626304999,LILBOURN VURL HAMMOND CHARITABLE,2019,TN,113188.0,4718.0,7700.0,irs_990pf
205911275,RACHAMIM FOUNDATION,2019,FL,28239.0,13770.0,2500.0,irs_990pf
821179415,THE INSPIRE PROJECT,2019,OR,0.0,0.0,0.0,irs_990pf
262145502,THE LARRY TED MAY FOUNDATION INC,2019,DC,0.0,0.0,7564.0,irs_990pf
815217724,JOY OLIVIA MINISTRIES INC,2019,FL,1686.0,3740.0,,irs_990pf
453685879,THE MICK AND SANDY LEE FAMILY FOUNDATION,2019,MN,381380.0,210634.0,272881.0,irs_990pf
046282473,LOUIS C LERNER FOUNDATION,2019,FL,227805.0,5080.0,18525.0,irs_990pf
236205612,WILLIAM G SANDY JR,2019,PA,1768777.0,235921.0,85135.0,irs_990pf
256027995,PAXTON K FIKE LOLA J FIKE,2019,PA,278045.0,17175.0,11946.0,irs_990pf
046757486,W J AND C R WRIGHTON CHARITABLE,2019,PA,1815989.0,86533.0,85111.0,irs_990pf
042748890,THE COLBURN FOUNDATION,2019,MA,635378.0,35172.0,72500.0,irs_990pf
236201530,MATILDA H BRETZ,2019,PA,176440.0,13763.0,6873.0,irs_990pf
236476840,FRANCES R MCCREDY 3,2019,PA,3705986.0,543597.0,154649.0,irs_990pf
236619830,RAYMOND F HOFFMAN,2019,PA,115182.0,31121.0,4848.0,irs_990pf
256024577,CHARLES F SPANG FOUNDATION,2019,PA,808702.0,113861.0,31445.0,irs_990pf
236201473,HENRY D ALLEN,2019,PA,304451.0,36115.0,15106.0,irs_990pf
593725542,PROJECT YOUTH CARE INC,2019,FL,0.0,0.0,0.0,irs_990pf
811578250,ROBERT J GUIDRY FAMILY FOUNDATION,2019,LA,6024.0,25000.0,46000.0,irs_990pf
066068568,THE ROBERT F FLANZER FOUNDATION,2019,GA,842308.0,74338.0,115174.0,irs_990pf
043384274,MOM TO MOM MINISTRIES INC,2019,MA,144241.0,34636.0,,irs_990pf
383114681,THE WICKERS FOUNDATION,2019,MI,274809.0,51391.0,8000.0,irs_990pf
371118261,LAURA HURST MEMORIAL TRUST,2019,IL,6525.0,301.0,300.0,irs_990pf
200634714,RON CAROL COPE CHARITABLE FUND,2019,NE,5423394.0,194022.0,350000.0,irs_990pf
590938570,SENIOR CITIZENS SERVICES INC,2019,FL,95799.0,4817.0,3355303.0,irs_990pf
816976564,THE KEITH AND CINDY KIMBRO CHARITABLE TR,2019,AR,0.0,3000.0,3000.0,irs_990pf
880477279,DUBACH FOUNDATION,2019,NV,30118.0,4953.0,3000.0,irs_990pf
134156644,THE FOUNDATION FOR FREEDOM AND JUSTICE,2019,NY,751950.0,566229.0,372452.0,irs_990pf
237108612,VICTOR SUMNICHT FOUNDATION,2019,WI,117719.0,3928.0,7800.0,irs_990pf
453757954,THE ADDIEGO FOUNDATION,2019,CA,6699648.0,188811.0,200000.0,irs_990pf
261635125,JASTROW FOUNDATION,2019,TX,805272.0,87068.0,161000.0,irs_990pf
527310143,THE MARILYN T AND DAVID R HEEBNER,2019,MD,587663.0,108305.0,25000.0,irs_990pf
806080715,TRUNNELL FAMILY FOUNDATION,2019,FL,403345.0,28619.0,29250.0,irs_990pf
471517665,PRAMODCHANDRA AND DEVILA SHAH FAMILY,2019,MA,268728.0,9970.0,13220.0,irs_990pf
822144591,IT TAKES A VILLAGE RESCUE,2019,NC,153220.0,133837.0,,irs_990pf
550616253,HOPE LOVE AND CHARITY FOUNDATION,2019,WV,3177797.0,167064.0,169100.0,irs_990pf
752665416,JOHN L ETHEL MCCARTY FOUNDATION,2019,TX,207986.0,10000.0,20750.0,irs_990pf
450512626,ETHEL AND NATHAN COHEN,2019,CA,1308.0,880.0,2100.0,irs_990pf
260886237,ELIJAH S REST,2019,MI,286910.0,970.0,,irs_990pf
346791038,STEIN HERBERT A TW FBO KISKIMINETA,2019,PA,217892.0,7415.0,8683.0,irs_990pf
236593314,CHARLES E GRANGE FOR ST LUKES,2019,PA,227033.0,23491.0,8641.0,irs_990pf
237704723,E BISBEE WARNER CHARITABLE TRUST,2019,PA,333999.0,44412.0,15126.0,irs_990pf
510447323,THE LINDA J WACHNER CHARITABLE,2019,NY,25287.0,1142.0,93600.0,irs_990pf
236979929,T MANNING CURTIS ATHLETIC SCHOLARSHIP FUND,2019,PA,89991.0,19298.0,10400.0,irs_990pf
471943031,ARTFUL GIVING INC,2019,AZ,46450.0,40515.0,12549.0,irs_990pf
473509329,PALMETTO MILITARY SUPPORT GROUP,2019,SC,24093.0,45260.0,13056.0,irs_990pf
611212261,R R EVANS FOUNDATION INC,2019,KY,1735286.0,136699.0,55926.0,irs_990pf
596608402,FRIENDS OF THE MELBOURNE LIBRARY INC,2019,FL,8935.0,9570.0,1449.0,irs_990pf
272915847,THE FREDERICK HART FOUNDATION,2019,IL,70684.0,0.0,,irs_990pf
474107819,KENDALL COUNTY ASSN OF CHIEFS OF POLICE NFP,2019,IL,58375.0,86519.0,2500.0,irs_990pf
136271937,JOHN MARK RUDKIN CHARITABLE,2019,NJ,890488.0,33955.0,3207.0,irs_990pf
341907881,HARTLEY BETTY SCHOLARSHIP,2019,PA,250044.0,46180.0,12308.0,irs_990pf
256077002,L S RODGERS EDUCATIONAL FUND,2019,PA,207134.0,11260.0,8502.0,irs_990pf
386570653,WILLIAM JOSEPHINE ROE SCHOLARSHIP FUND,2019,PA,349805.0,38814.0,15703.0,irs_990pf
256088927,ALLEN K COLLINGWOOD DEC D,2019,PA,199522.0,48819.0,8818.0,irs_990pf
236249271,G R RALSTON MONTGOMERY TRUST,2019,PA,576742.0,161955.0,27514.0,irs_990pf
236205834,RACHEL MC N ZIMMERMAN,2019,PA,830325.0,115463.0,33043.0,irs_990pf
356304118,MCHALE PAST COM SCHOLARSHP TRUST,2019,PA,102135.0,13604.0,3334.0,irs_990pf
236400557,THE CARL V S PATTERSON MEMORIAL FUND,2019,PA,300395.0,44632.0,17517.0,irs_990pf
475520310,OUT OF THE BLUE FOUNDATION,2019,CO,6756.0,58952.0,48530.0,irs_990pf
310934821,KENNETH LELA HARKLESS,2019,IN,1766108.0,68858.0,85500.0,irs_990pf
113368339,SLONE FAMILY FOUNDATION,2019,NY,2834359.0,169623.0,153103.0,irs_990pf
473240379,THE GREG AND KAREN JONES,2019,CO,98089.0,9069.0,49000.0,irs_990pf
471623013,CHRISTMAS CARE DRIVE,2019,MN,15255.0,39952.0,,irs_990pf
752848433,EUGENE AND DANIELA ANDERSON SCHOLARSHIP FOUNDATION,2019,TX,1257018.0,54405.0,50000.0,irs_990pf
814822967,LEE AND JERRY ZOLDAN CHARITABLE FOUNDATION,2019,IL,3511.0,27500.0,22860.0,irs_990pf
237900799,DONALD Z WADE FUND B,2019,PA,1028446.0,283678.0,49740.0,irs_990pf
046501327,GRACE C THOMAS CHAR TR FBO SOCIETY THE,2019,PA,681540.0,102582.0,32881.0,irs_990pf
236201682,KATHARINE S HARNED,2019,PA,432858.0,64709.0,21090.0,irs_990pf
383654518,THE BEDI FAMILY FOUNDATION,2019,NY,4012.0,6.0,2850.0,irs_990pf
113428923,DANZI FAMILY FOUNDATION INC,2019,NY,6960.0,56057.0,59600.0,irs_990pf
276082548,MR MRS ABNER J HOUSEKNECHT CHARITABLE TRUST,2019,PA,366811.0,124726.0,14705.0,irs_990pf
256021498,FLENNIKEN PUB LIBRARY TW FLENNIKEN,2019,PA,411445.0,33287.0,20339.0,irs_990pf
316177129,D J AND J N KNULL FUND,2019,PA,947782.0,141518.0,48386.0,irs_990pf
346979141,RANSFORD DENSMORE TRUST FBO DOGS CATS,2019,PA,202024.0,60595.0,9632.0,irs_990pf
256025151,BROOKS CHARLES FOR CHARITIES,2019,PA,13784284.0,1624289.0,562377.0,irs_990pf
256019651,JOHN RUSSELL FOR W J COLLEGE,2019,PA,384066.0,10405.0,13246.0,irs_990pf
833748755,ROCK 2 STOP 22,2019,IL,92.0,6056.0,5009.0,irs_990pf
320046141,HERBOLD FOUNDATION,2019,AZ,7893353.0,448262.0,425250.0,irs_990pf
232990891,OMEED NOOREYAZDAN MEMORIAL SCHOLAR,2019,PA,154229.0,18924.0,8000.0,irs_990pf
731463418,JOEL AND CAROL JANKOWSKY FOUNDATION,2019,OK,1051591.0,78166.0,73500.0,irs_990pf
566316951,LLOYD L PARKER TUW,2019,NC,202907.0,8525.0,7093.0,irs_990pf
475314478,HONEYDROP FOUNDATION,2019,TX,0.0,12500.0,,irs_990pf
306010237,THE DONALD F AND MAXINE B DAVISON,2019,NY,8155697.0,555557.0,560000.0,irs_990pf
236201438,JACQUELINE HARRISON SMITH,2019,PA,733177.0,105572.0,33135.0,irs_990pf
346518216,DAVIDSON WILLIAM R TW,2019,OH,1146028.0,150010.0,63020.0,irs_990pf
346845208,MCCLELLAN LAVINA SCHOLAR TRUST,2019,OH,194975.0,57515.0,7843.0,irs_990pf
236205593,SAMUEL KILPATRICK,2019,PA,2569501.0,376130.0,114858.0,irs_990pf
202903981,MICHAEL D AND JOLYNN BLAIR,2019,IL,1816997.0,194789.0,89825.0,irs_990pf
472519442,CMR FOR THE KIDS INC,2019,FL,9999.0,457.0,0.0,irs_990pf
721596131,MOORE-ODOM WILDLIFE FOUNDATION INC,2019,TX,6286834.0,226191.0,,irs_990pf
201996015,THE SISK FAMILY FOUNDATION,2019,UT,159514.0,1118.0,3930.0,irs_990pf
010533441,THE LOGAN P GRAVES FOUNDATION,2019,ME,127194.0,7879.0,10000.0,irs_990pf
736331357,CHESTER EDWIN NASH AND MARY NASH CHARITABLE FOUNDATION,2019,KS,6130048.0,398104.0,473175.0,irs_990pf
264500068,THE KAISER-PENDERGRAST FOUNDATION INC,2019,NJ,698862.0,14177.0,17000.0,irs_990pf
466088580,JOHN D EDNA HOFER TRUST,2019,SD,17675228.0,990618.0,760000.0,irs_990pf
541394375,GILBERT HERITAGE FOUNDATION,2019,VA,269174.0,47397.0,44021.0,irs_990pf
814861597,THE CARROCCE FAMILY FOUNDATION,2019,OH,216203.0,100900.0,2151.0,irs_990pf
556017085,MCJUNKIN FAMILY FOUNDATION,2019,WV,376161.0,13835.0,21000.0,irs_990pf
133095633,THE DOUGLAS M LAWSON FOUNDATION INC,2019,NY,21287.0,1226.0,,irs_990pf
382851989,ROBERT PATRICIA WYNALDA FOUNDATION,2019,MI,5215.0,385.0,0.0,irs_990pf
454303631,DIRECT SUPPLY FOUNDATION INC,2019,WI,718623.0,294193.0,202210.0,irs_990pf
824336871,BLK CAPITAL MANAGEMENT CORP,2019,MA,51024.0,144719.0,,irs_990pf
833534162,TEN SPOT A TEEN INC,2019,VA,0.0,1830.0,0.0,irs_990pf
465577742,4 T FOUNDATION INTERNATIONAL,2019,CA,2704.0,11791.0,,irs_990pf
133006359,DAMIEN FOUNDATION,2019,CA,950562.0,40907.0,5000.0,irs_990pf
470921615,SMALL FAVORS FOUNDATION INC,2019,CO,294226.0,88386.0,73875.0,irs_990pf
201149345,BARRY-BASHUR FOUNDATION,2019,MI,4028.0,12.0,,irs_990pf
340792063,BERNARD E REISMAN CHARITABLE TRUST,2019,FL,797676.0,84848.0,44750.0,irs_990pf
330816204,THE SCHILLING FOUNDATION,2019,CA,853628.0,16774.0,112110.0,irs_990pf
134167854,THE RETELNY FAMILY FOUNDATION,2019,NY,140479.0,10045.0,10500.0,irs_990pf
481243988,MID-AMERICA GAMES FOR THE DISABLED INC,2019,KS,10144.0,7838.0,,irs_990pf
842533856,YT AND SARAH WANG FOUNDATION INC,2019,NY,1500.0,2000.0,,irs_990pf
842925722,SLAIN FAMILY FOUNDATION,2019,OH,159.0,1050.0,0.0,irs_990pf
813500655,THE COLONI FAMILY FOUNDATION INC,2019,FL,1035191.0,46156.0,38000.0,irs_990pf
811880032,SHELP CHARITABLE FOUNDATION INC,2019,KY,20253.0,17513.0,8500.0,irs_990pf
812332547,KEVIN J WILSON FOUNDATION INC,2019,GA,0.0,0.0,,irs_990pf
870773264,THE PAMELA J NEWMAN FOUNDATION,2019,NY,9736.0,51678.0,73400.0,irs_990pf
562087730,LONNIE CAROL POOLE FAMILY FOUNDATION,2019,NC,3354654.0,4024947.0,614575.0,irs_990pf
836391580,THE AYERS WILD CAT CONSERVATION TRUST,2019,ME,17832783.0,10975080.0,25000.0,irs_990pf
611640607,LAWRENCE ROSANNE SNAPP FAMILY,2019,CA,243337.0,12029.0,2100.0,irs_990pf
203954920,BELL FOUNDATION,2019,NC,6750746.0,748840.0,317667.0,irs_990pf
133887249,MARJORIE TALLMAN EDUCATIONAL FOUNDATION TRUST,2019,FL,1223111.0,47555.0,72250.0,irs_990pf
223840170,PARR FAMILY CHARITABLE FOUNDATION,2019,NJ,94541.0,25693.0,95381.0,irs_990pf
367233172,BARBOUR FAMILY FOUNDATION,2019,CO,216911.0,6119.0,18260.0,irs_990pf
366058059,THE MICHEL FOUNDATION,2019,IL,92966.0,5762.0,1585.0,irs_990pf
352558724,LINTILHAC FOUNDATION INC,2019,VT,21066292.0,1873942.0,888669.0,irs_990pf
823550170,FOR CARE INC,2019,MD,1239.0,2902.0,,irs_990pf
208085538,THE NATALIA CRESPO EIRIN FOUNDATION INC,2019,CT,-212.0,0.0,250.0,irs_990pf
264153573,FOLDING TEN MINISTRIES,2019,TX,14600.0,41394.0,1602.0,irs_990pf
050528368,THE REVOLVING DOOR INC,2019,NY,541355.0,322021.0,14182.0,irs_990pf
581396688,EAST HICKMAN RECREATION ASSOCIATION,2019,TN,8459.0,97832.0,,irs_990pf
046021064,HELEN B HAWKS TUA-MERRIAM PUBLIC,2019,RI,27304.0,1921.0,985.0,irs_990pf
046555493,ANGELO H VERGOBBI TUI,2019,RI,332690.0,21664.0,11500.0,irs_990pf
166043506,ANNA PETRIE BO EMMANUEL CHURCH,2019,RI,63934.0,3572.0,2172.0,irs_990pf
046057256,WILLIAM E BRIGHAM TUW,2019,RI,106370.0,7478.0,6000.0,irs_990pf
136583525,UD JACOBY 1970 FOR COLUMBIA,2019,RI,124470.0,7409.0,4215.0,irs_990pf
133948444,CEDAR HILL FOUNDATION XXXXX2007,2019,IL,14172061.0,1147714.0,762000.0,irs_990pf
236238148,THE SMITH FOUNDATION,2019,PA,7210684.0,486339.0,546300.0,irs_990pf
311809715,BURKS FAMILY FOUNDATION INC,2019,FL,870079.0,171308.0,149500.0,irs_990pf
134011378,THE MOLLYLOU FOUNDATION,2019,NY,4810318.0,195503.0,1364014.0,irs_990pf
204298568,THE BRUCE BETTY HALL CHARITABLE F,2019,GA,254845.0,8921.0,16150.0,irs_990pf
471227689,THE MATT LORI SPAHN FOUNDATION,2019,TX,219293.0,39251.0,3000.0,irs_990pf
760658600,THE ATTWELL FOUNDATION,2019,TX,816425.0,32608.0,47500.0,irs_990pf
208115216,HARRIS UPCHURCH FOUNDATION INC,2019,FL,80435.0,70083.0,43500.0,irs_990pf
521292049,THE INSTITUTE FOR TECHNOLOGY IN,2019,DC,1486933.0,80200.0,102504.0,irs_990pf
461529829,PIETER AND YVETTE EENKEMA VAN DIJK,2019,CT,2687079.0,1990791.0,1600125.0,irs_990pf
341757652,GLOBAL VILLAGE CHARITABLE TRUST,2019,FL,17192332.0,1013400.0,3491434.0,irs_990pf
825377606,WINDING CREEK ELEMENTARY SCHOOL PTO,2019,PA,43809.0,78477.0,64963.0,irs_990pf
346952913,PAUL E MARTIN SCHOLARSHIP FUND,2019,OH,279952.0,23472.0,16600.0,irs_990pf
226747183,THE PAGOUMIAN FAMILY CHARITABLE TRUST,2019,FL,3942277.0,112603.0,225000.0,irs_990pf
330892701,SEVA FUND FOUNDATION,2019,CA,115235.0,21191.0,24769.0,irs_990pf
223270902,THE EVERETT PEARL GILMOUR FOUNDATION INC,2019,NY,233839.0,21267.0,19700.0,irs_990pf
262104390,MBAISE USA INC,2019,TX,54616.0,224981.0,,irs_990pf
931247276,NORTON BARBARA PECK FAMILY,2019,OR,872027.0,48251.0,40915.0,irs_990pf
263376649,THE MARGOT MACDOUGALL FAMILY FOUNDATION,2019,CA,2015546.0,43996.0,0.0,irs_990pf
611358724,BONEAL CHARITABLE FOUNDATION INC,2019,KY,1129.0,1008.0,1000.0,irs_990pf
472308069,JIM KRISTEN HAMEL FAMILY FOUNDATION INC,2019,WI,3807051.0,253086.0,167750.0,irs_990pf
760265537,ANDREW DELANEY FOUNDATION,2019,TX,22891095.0,407408.0,1128250.0,irs_990pf
943077091,JOHNSTON-HANSON FOUNDATION,2019,WA,4208635.0,554553.0,325350.0,irs_990pf
811611494,INVOLVE FOUNDATION,2019,TX,176643.0,16492.0,8000.0,irs_990pf
431868688,MOS FAMILY FOUNDATION,2019,MO,1580877.0,134802.0,103965.0,irs_990pf
426553486,TUW ROBERT L RUTH E WIESE,2019,IL,2179843.0,146060.0,96166.0,irs_990pf
056004322,UW P CARTER-FOR NAZARETH HOME,2019,RI,190632.0,13162.0,7835.0,irs_990pf
066024511,LEAVENWORTH ECITY OF WATERBURY,2019,RI,693902.0,45238.0,28480.0,irs_990pf
364145896,MESSICK FAMILY FOUNDATION,2019,IL,119902.0,1487.0,6500.0,irs_990pf
226049044,CARRIE ROTHSCHILD MEMORIAL FUND UA,2019,TX,10315.0,411.0,442.0,irs_990pf
526028359,TR UW GLENN W OWENS,2019,RI,58520.0,3482.0,3500.0,irs_990pf
066038211,PINE CH-CH PINE MANUAL TRN SCH,2019,IL,396437.0,27294.0,20000.0,irs_990pf
133968855,JOSEPHS FAMILY FOUNDATION INC,2019,NY,892014.0,59.0,93760.0,irs_990pf
576203282,ZACHARIAS JAMES TRUST UW,2019,MA,484138.0,17961.0,24751.0,irs_990pf
016014226,MEDWED FOUNDATION,2019,RI,117774.0,2712.0,4799.0,irs_990pf
823602881,WILLIAMS COUNTY COMMUNITY GARDEN,2019,OH,0.0,0.0,,irs_990pf
436595860,CHRISTINE KATHARINA PAULY TRUST,2019,IL,711096.0,52013.0,33000.0,irs_990pf
261199865,PERRYMAN FAMILY FOUNDATION,2019,FL,3847630.0,289514.0,133401.0,irs_990pf
527317028,NATYSIN FAMILY FOUNDATION,2019,VA,1949997.0,113209.0,138280.0,irs_990pf
136182359,UD K BONNER - ST JAMES SCHL INC,2019,RI,1188161.0,75667.0,41530.0,irs_990pf
066029604,SHEA MARY E EST TR UW,2019,RI,3842202.0,248022.0,185000.0,irs_990pf
156014941,LUCY A WHITAKER,2019,RI,5321.0,378.0,160.0,irs_990pf
473382448,FLOYD FAMILY FOUNDATION,2019,NC,4162.0,80075.0,86709.0,irs_990pf
756395131,BROUGHTON FOUNDATION TRUST,2019,TX,26419088.0,5187570.0,460000.0,irs_990pf
066040162,DAVEY JOHN S UW FBO C H HOSP,2019,RI,641957.0,39458.0,28795.0,irs_990pf
066024155,ERWIN C B UW WALNUT HILL PK,2019,RI,278962.0,17862.0,10362.0,irs_990pf
426053157,CRT TR GEORGE A BENJAMIN,2019,IL,371127.0,22914.0,15042.0,irs_990pf
586033168,DEANFOX FOUNDATION INC,2019,GA,437038.0,17563.0,30000.0,irs_990pf
432091287,DANIEL J MICHELLE K MURPHY,2019,CO,6001.0,900.0,2750.0,irs_990pf
046409452,HAROLD I LORD RESIDUE UW,2019,RI,297741.0,18087.0,11626.0,irs_990pf
056004232,TUW MARION LAW,2019,RI,2405418.0,159071.0,64183.0,irs_990pf
146164767,KURT ARLETTE SELIGMANN FDN,2019,RI,1215087.0,142905.0,120000.0,irs_990pf
366619500,MICHAEL FELSHER TRUST 1B,2019,RI,634853.0,40643.0,30478.0,irs_990pf
066215806,GILLESPIE BROS UA STAMFORD HOSP,2019,IL,538518.0,20089.0,24194.0,irs_990pf
056019099,ARTHUR BOSSRI HOSPITAL,2019,RI,378935.0,21781.0,13156.0,irs_990pf
046133986,THE MARION W RICH FUND,2019,RI,747938.0,51545.0,36523.0,irs_990pf
046033533,MARY E SPOONER TUW,2019,RI,284201.0,18152.0,13686.0,irs_990pf
066027507,BURR HELEN TRUST UA,2019,RI,556363.0,38613.0,23732.0,irs_990pf
226031716,EUGENE CALVIN BOGERT TR A UW,2019,RI,302376.0,7857.0,16176.0,irs_990pf
066099522,HANCHETT HARRY B FBO C H HOSP,2019,RI,554463.0,34330.0,24864.0,irs_990pf
306302377,TR UW CATHERINE B LINTHICUM,2019,RI,406931.0,13603.0,19607.0,irs_990pf
226049001,BULLOCK FAMILY SERVICES ASSOC TW,2019,TX,44121.0,2200.0,2432.0,irs_990pf
366150729,MICHAEL FELSHER TRUST 2 2B,2019,RI,2238569.0,101786.0,53827.0,irs_990pf
066293033,SHERIFF B J FAM MEM TR UW,2019,RI,217629.0,14385.0,8204.0,irs_990pf
756361602,LEO A INEZ DUNKIN MCDONALD CHARITABLE TRUST,2019,TX,392089.0,23324.0,18000.0,irs_990pf
066338289,MANROSS FRED TR FBO BR HOSLIB,2019,RI,1787762.0,110175.0,79114.0,irs_990pf
056007029,STEPHEN PECK,2019,RI,478828.0,31078.0,20466.0,irs_990pf
203963153,VERNON G SANDRA JC BUCHANAN,2019,FL,221264.0,13495.0,47250.0,irs_990pf
066027210,BAKER FRANK H EST TR,2019,RI,4143286.0,263610.0,183468.0,irs_990pf
066033798,MASTIN G DPLNVLLE CONG CHURCH,2019,RI,117976.0,8205.0,4223.0,irs_990pf
066024790,LEWISSELINA M LEWIS MEM FUND,2019,RI,697474.0,43714.0,24714.0,irs_990pf
136074482,TUW MAY STRANG FOR MSKCC NYUDH,2019,RI,1299504.0,267279.0,34379.0,irs_990pf
631197922,SOUTHEAST ALABAMA KOREAN ASSOCIATIO,2019,AL,0.0,11247.0,0.0,irs_990pf
056042231,UW L E DODGE-FOR NEW SHOREHAM,2019,RI,159437.0,10686.0,5716.0,irs_990pf
066029348,POND E LEROY TRUST UW,2019,IL,840284.0,58118.0,33972.0,irs_990pf
347183486,BARBARA S FALES SCHISP TRUST,2019,RI,539630.0,35680.0,30000.0,irs_990pf
486299990,TUW LEWIS SELMA MILLER - WSU,2019,RI,2218660.0,130752.0,92869.0,irs_990pf
056006875,LURA COOK HULL TUW,2019,RI,1339721.0,91988.0,60586.0,irs_990pf
596844791,GEORGE KATHRYN FONTAINE SCH TRUST,2019,FL,313331.0,21428.0,13106.0,irs_990pf
146014262,JOHN A SAMPSON TR UA,2019,TX,781859.0,45511.0,37909.0,irs_990pf
016021861,OGUNQUIT MUSEUM OF AMERICAN ART,2019,RI,345475.0,27368.0,14526.0,irs_990pf
597277519,TUA PERUCCA FAMILY FOUNDATION,2019,IL,2739251.0,194948.0,148000.0,irs_990pf
597271058,TUW HARRY C LICHMAN,2019,RI,627947.0,41048.0,22288.0,irs_990pf
046043639,BETSEY E BABCOCK COTRUW,2019,RI,240909.0,9565.0,9000.0,irs_990pf
346556381,SEEMAN CHARITABLE FDN IRR,2019,OH,112433.0,5010.0,3934.0,irs_990pf
042752893,HYDE CHARITABLE FOUNDATION,2019,MA,3549268.0,100569.0,205600.0,irs_990pf
236205592,WILLIAM L GLATFELTER TW,2019,PA,57966.0,2484.0,3158.0,irs_990pf
471412108,INNOVART FOUNDATION,2019,CA,281617.0,36439.0,0.0,irs_990pf
256021018,J HORNE DECD HOME CRIPPLED CHILD,2019,PA,1125327.0,166400.0,47780.0,irs_990pf
222725927,POITRAS CHARITABLE FOUNDATION INC,2019,FL,213833.0,7229.0,,irs_990pf
166453357,R A HUNSDORFER FOUNDATION,2019,NY,1119806.0,92530.0,58485.0,irs_990pf
263763158,THE HARDOON FAMILY FOUNDATION INC,2019,FL,18709.0,3000.0,2400.0,irs_990pf
541844579,HARRIS FOUNDATION,2019,VA,1841438.0,148895.0,243250.0,irs_990pf
272634099,RUBY E CAROLE CROSBY FAMILY FOUNDATION,2019,FL,0.0,-31706.0,0.0,irs_990pf
436819944,GLENN MEDICAL SCHOLARSHIP TRUST,2019,IL,804860.0,55092.0,37000.0,irs_990pf
756006787,TR UW W W SAMUELL - PARK BD DALLAS,2019,TX,7382654.0,406384.0,375161.0,irs_990pf
066316291,CHERNIACK S UW TEMPLE B NAI ETAL,2019,RI,1335078.0,76657.0,53633.0,irs_990pf
046496069,WESTERN NEW ENGLAND COLLEGE TUA,2019,RI,204626.0,12018.0,11500.0,irs_990pf
056004930,P KNIGHT FBO ROG WMS HOSP,2019,RI,321253.0,19491.0,11233.0,irs_990pf
274866915,ASIS FOUNDATION,2019,CA,923479.0,147731.0,11300.0,irs_990pf
756050023,BERTHA FOUNDATION,2019,TX,5138259.0,172665.0,392994.0,irs_990pf
262252106,WILLIS M HANSEN PATRICIA A HANSEN,2019,MO,964650.0,34462.0,148600.0,irs_990pf
046949245,THE WALKER ADAMS CHARITABLE TRUST,2019,MA,1231440.0,144578.0,59300.0,irs_990pf
486245983,BOLENE CHARITABLE TRUST,2019,KS,644972.0,-968.0,34170.0,irs_990pf
137560637,SALLY AND JOSEPH GRAZI FAMILY FOUNDATION,2019,NY,0.0,0.0,0.0,irs_990pf
391892888,GEIGER FAMILY FOUNDATION INC,2019,WI,1568544.0,223898.0,148600.0,irs_990pf
752703246,EDGAR A RUTH E ROBINSON FAMILY FOUNDAT,2019,TX,6541553.0,229534.0,281170.0,irs_990pf
236204039,JOHN LOUIS HANEY,2019,PA,261783.0,34133.0,12380.0,irs_990pf
236674588,LOUIS K LEWIS,2019,PA,1022936.0,105124.0,38884.0,irs_990pf
236205933,G A GARRETT,2019,PA,736515.0,106921.0,29439.0,irs_990pf
137202865,ROBIN CHANDLER DUKE FOUNDATION,2019,NJ,424298.0,18342.0,48500.0,irs_990pf
541825174,RICHARD T LIEBHABER AND KIRSTEN E,2019,VA,261777.0,706899.0,118837.0,irs_990pf
066031061,PALMER V UW VESTRY ST JAMES CH,2019,RI,391463.0,24789.0,16207.0,irs_990pf
262632538,JEANNE V REED CHARITABLE FOUNDATION,2019,TX,127898.0,11092.0,6250.0,irs_990pf
446009254,PAUL PATTON CHARITABLE TRUST,2019,TX,3924305.0,393566.0,186000.0,irs_990pf
461595017,FENNEMAN FAMILY FOUNDATION INC,2019,IN,595209.0,54741.0,180250.0,irs_990pf
826765894,STEPHENS FAMILY FOUNDATION,2019,UT,36058.0,726.0,2500.0,irs_990pf
471238206,COLD STREAM FOUNDATION INC,2019,NJ,406863.0,16075.0,22500.0,irs_990pf
841398903,MORRIS AND HELEN SILVER FOUNDATION,2019,MT,3927748.0,94236.0,133850.0,irs_990pf
455626227,MARK MELISSA LEGGETT FAMILY FOUNDATION,2019,MO,0.0,0.0,11245.0,irs_990pf
522104371,JONATHAN S PATRICIA G ENGLAND,2019,MD,811333.0,62285.0,44500.0,irs_990pf
205271947,HJS FOUNDATION INC,2019,GA,262461.0,27898.0,63592.0,irs_990pf
752783456,COATS MISSIONS AND EDUCATION MINISTRIES,2019,TX,445.0,0.0,0.0,irs_990pf
816236959,ROBERT A SKEAD MILDRED L SKEAD CH,2019,NJ,101160.0,159099.0,84692.0,irs_990pf
272417207,IVY HEAD FAMILY FOUNDATION,2019,TX,2506502.0,82716.0,145000.0,irs_990pf
510180064,YEPRAD INC,2019,CA,37259.0,0.0,,irs_990pf
556014659,FRANK BLISS ENSLOW FOUNDATION XXXXX3008,2019,IL,390533.0,22532.0,19949.0,irs_990pf
821913877,THE GREGORY MARUSAK AND DORIA ANSELMO,2019,CA,155938.0,4093.0,18844.0,irs_990pf
474204322,THE MSLPJ FOUNDATION,2019,NY,13238279.0,845276.0,1625000.0,irs_990pf
814744210,ZEPPELIN FAMILY FOUNDATION,2019,CO,4988.0,2400.0,14180.0,irs_990pf
472019269,RATI DANCE ACADEMY INC,2019,MD,3612.0,23700.0,,irs_990pf
472014839,UNITED NEPALESE STUDENT ORGANIZATION INC,2019,NY,0.0,1550.0,0.0,irs_990pf
046812094,WEEKS LEWIS C AND MAISIE V TR 32289,2019,RI,405644.0,21221.0,13794.0,irs_990pf
821911999,NOJOVITS FAMILY CHARITY FOUNDATION,2019,NY,828915.0,242600.0,27144.0,irs_990pf
046047096,FREDERICK BEEBE TRUST,2019,RI,49413.0,3138.0,1769.0,irs_990pf
830290571,MURIEL AND SEYMOUR THICKMAN FAMILY FOUNDATION,2019,MT,1699054.0,124137.0,20000.0,irs_990pf
820862236,HIDE OUT PINES YOUTH RANCH,2019,OH,2347.0,8715.0,,irs_990pf
814631874,KARIN BAIN AND JOHN KUKRAL FOUNDATION,2019,CT,41718536.0,15426022.0,665000.0,irs_990pf
453840741,SONNY AND ANNA PHAM FOUNDATION INC,2019,CA,26253.0,15000.0,,irs_990pf
816480122,VNTC TTEE BOWER CENTER FOR THE ARTS CHARITABL,2019,PA,914436.0,24077.0,45868.0,irs_990pf
341893721,JOHN E WALLIS ELIZABETH C WALLIS,2019,OH,315966.0,10354.0,19630.0,irs_990pf
204850609,WMN FOUNDATION,2019,MN,886066.0,891508.0,332684.0,irs_990pf
266668934,LOUIS BLOOMBERG AND HELEN E BLOOMBERG FDN,2019,OH,506409.0,27731.0,26626.0,irs_990pf
043835509,THE RINDNER FAMILY FOUNDATION,2019,NY,747.0,0.0,19960.0,irs_990pf
466104853,JAMES E SHEA LILLIAN E SHEA CH TR,2019,MT,299258.0,23929.0,16600.0,irs_990pf
760547137,SECURE VISITATION SERVICES INC,2019,TX,0.0,0.0,,irs_990pf
061601116,THE SEELERT FOUNDATION INC,2019,CT,636955.0,51774.0,52350.0,irs_990pf
760465633,OLDHAM LITTLE CHURCH FOUNDATION,2019,TX,28039549.0,2071473.0,1086500.0,irs_990pf
363658288,ANNE E LEIBOWITZ FUND,2019,IL,1078579.0,44466.0,225628.0,irs_990pf
455116720,FRIENDS OF THE BUFORD MASSACRE,2019,SC,7459.0,62656.0,,irs_990pf
824866034,DIVINE2WIN FOUNDATION OF SUCCESS INC,2019,CA,1493.0,10008.0,,irs_990pf
330638905,CHARLES D TWYLA R MARTIN FOUNDATION,2019,CA,11718.0,287941.0,309675.0,irs_990pf
822844875,THE BART AND CHERRY STARR FOUNDATION,2019,AL,411112.0,397299.0,85000.0,irs_990pf
446008005,SALLIE M HARDESTY TRUST,2019,KS,196304.0,9643.0,9024.0,irs_990pf
300453796,THE MAHONEY FAMILY FOUNDATION,2019,NY,1575882.0,94835.0,,irs_990pf
710833063,THE RANKIN FOUNDATION INC,2019,AR,257014.0,46424.0,23000.0,irs_990pf
621860208,IF IT S MEANT TO BE FOUNDATION INC,2019,TN,6664.0,5392.0,6500.0,irs_990pf
814555589,NICHOLAS J MURPHY FOUNDATION,2019,IL,135378.0,163000.0,17300.0,irs_990pf
260356183,FOLTZ FAMILY FOUNDATION,2019,NJ,187444.0,5831.0,10000.0,irs_990pf
271548223,ALI FAMILY FOUNDATION,2019,OH,0.0,0.0,,irs_990pf
814756477,PREVENTION IS KEY FOUNDATION,2019,TN,759033.0,531306.0,59990.0,irs_990pf
486284565,MEADOWLARK FOUNDATION,2019,KS,2196565.0,149250.0,60000.0,irs_990pf
820747608,THE BAUM FAMILY FOUNDATION FOR,2019,FL,74149.0,200000.0,1280.0,irs_990pf
832455826,TOM AND MYRA THORNTON FAMILY FOUNDATION,2019,OH,1800.0,2300.0,,irs_990pf
223148596,CITIZEN S TELEVISION INC,2019,CT,913697.0,567764.0,,irs_990pf
824178217,WOORIGARAK KOREAN CULTURAL ART CENTER,2019,NJ,5140.0,52579.0,600.0,irs_990pf
386048818,PAUL A JOHNSON FOUNDATION,2019,MI,65112.0,4947.0,3850.0,irs_990pf
016185817,FAITH F SMALL FOUNDATION TRUST,2019,MI,3800.0,1000000.0,1000000.0,irs_990pf
316048883,NARKA NELSON TRUSTEE U-A IRR 1045000255,2019,OH,1469391.0,78253.0,75582.0,irs_990pf
046144193,WILLIAM LILLIAN SCHWARTZ CHARITABLE,2019,CA,253601.0,13806.0,7050.0,irs_990pf
356568068,WILLETTA WASHMUTH TRUST OPT,2019,OH,227034.0,5750.0,9871.0,irs_990pf
581577718,DAELANSA FOUNDATION,2019,FL,647378.0,53900.0,51500.0,irs_990pf
466906747,DONALD AND JOANNE WILLEN CHARITABLE,2019,MI,3065.0,3000.0,1075.0,irs_990pf
316635731,WILLIAM B V NADINE MAITLAND IRR,2019,OH,668625.0,33363.0,32514.0,irs_990pf
061570462,ASK FAMILY FOUNDATION,2019,FL,56379.0,9575.0,6500.0,irs_990pf
824942563,NDAVID AND JANET M CAMPBELL FAMILY FOUNDATION,2019,PA,4614031.0,55303.0,234000.0,irs_990pf
911983727,MANTECH INTERNATIONAL,2019,VA,3548239.0,48726.0,168459.0,irs_990pf
821271027,THE OVERGAARD FOUNDATION,2019,NV,0.0,0.0,0.0,irs_990pf
391590025,HUGH HELENA BROGAN FOUNDATION INC,2019,WI,555164.0,36461.0,33200.0,irs_990pf
461705927,LENEL SCHOLARSHIP FUND INC,2019,NJ,162377.0,8464.0,9300.0,irs_990pf
760366599,KEITH MATTIE STEVENSON FOUNDATION,2019,TX,5034305.0,144349.0,280000.0,irs_990pf
357089953,ALAN C GREENBERG FAMILY FOUNDATION,2019,NY,79115.0,126976.0,125000.0,irs_990pf
137074075,THE JOAN B AND RICHARD L BAROVICK,2019,FL,123907.0,144206.0,93876.0,irs_990pf
816410366,DARRELL K CALES TRUST,2019,WV,6152970.0,334466.0,283700.0,irs_990pf
826861120,MUNSEE ELDREDGE FAMILY FOUNDATION,2019,UT,1732.0,1000.0,500.0,irs_990pf
842951578,SPREAD THE LOVE FUNDRAISING INC,2019,FL,0.0,4050.0,,irs_990pf
812484794,ST PATRICKS CONCERTS INC,2019,FL,2333.0,10561.0,,irs_990pf
201325725,MAC A DREAM COME TRUE INC,2019,FL,389.0,46092.0,,irs_990pf
436455069,MACE C SMITH AND DEE SMITH MEMORIAL,2019,MO,216855.0,32505.0,16631.0,irs_990pf
911586443,HAMILTON AGRICULTURAL YOUTH FOUNDATION,2019,WA,73921.0,34384.0,28404.0,irs_990pf
376050189,JAMES M FITZGERALD SCHOLARSHIP TRUST,2019,PA,2808381.0,197090.0,114459.0,irs_990pf
436340464,TR DEGGINGER FOR UMKC,2019,TX,469427.0,32511.0,24180.0,irs_990pf
256103340,CLIFFORD BLISS PA 12,2019,PA,2446560.0,300160.0,99763.0,irs_990pf
046167773,HORACE A MOSES TUA-INDL HOME,2019,RI,999250.0,67569.0,41551.0,irs_990pf
621857048,ROBINSON FAMILY FOUNDATION INC,2019,TN,298898.0,25418.0,34000.0,irs_990pf
831438385,STINEHART FAMILY FOUNDATION,2019,CA,617403.0,408043.0,21600.0,irs_990pf
275157927,PI BETA PHI FOUNDATION OF OKC,2019,OK,18047.0,42369.0,22850.0,irs_990pf
261603479,THE SIDNEY KATHRYN TAUREL FOUNDATION INC,2019,IN,144194.0,233558.0,185426.0,irs_990pf
311357398,CHARLES C HALE CRIPPLED CHILDREN,2019,OH,488464.0,33543.0,24225.0,irs_990pf
311025369,THE SWISHER FOUNDATION INC,2019,IN,3124354.0,114633.0,149000.0,irs_990pf
383441180,FALK FAMILY FOUNDATION,2019,MI,286412.0,187842.0,55082.0,irs_990pf
331033006,THE THOMAS TILFORD FAMILY FOUNDATION,2019,WA,353045.0,17119.0,39250.0,irs_990pf
621551711,ANNE BRANSFORD WALLACE FOUNDATION,2019,TN,402107.0,49528.0,33825.0,irs_990pf
232930670,PTS FOUNDATION,2019,PA,11090820.0,3340305.0,1580000.0,irs_990pf
222776756,BONNIE ROME MEMORIAL FOUNDATION,2019,PA,31520.0,609.0,4000.0,irs_990pf
237685759,THE ROBERT J TAG WELKER MEMORIAL SCHOLARSHIP TRUST,2019,PA,37818.0,862.0,2000.0,irs_990pf
820518358,WILDER R G CLUB SCHOLARSHIP FOUNDAT,2019,ID,91037.0,10527.0,12250.0,irs_990pf
810829795,CURTIS BRACKETT MEMORIAL FOUNDATION,2019,MI,820482.0,114635.0,,irs_990pf
300002985,THE FIRESTONE-THIEL LAND FOUNDATION INC,2019,SC,2320867.0,30682.0,0.0,irs_990pf
541900342,THE WILKERSON FAMILY CHARITABLE TRUST,2019,VA,653172.0,35549.0,38000.0,irs_990pf
831321594,GEORGE AND ANNIE MURICKAN FOUNDATION INC,2019,TX,47539.0,1384.0,,irs_990pf
270315656,MARIE LOUISE ESCHER FAMILY,2019,PA,1207967.0,157849.0,40000.0,irs_990pf
746043420,GBEDELL MOORE MEMORIAL FUND,2019,TX,521646.0,21963.0,23064.0,irs_990pf
816082126,HARRY AND MINERVA TOWNLEY EDUCATIONAL TRUST,2019,MT,127269.0,4761.0,8600.0,irs_990pf
200671853,CAIRNS FOUNDATION INC,2019,FL,20138.0,21852.0,16500.0,irs_990pf
042940586,RICHARD SALLY ZECKHAUSER FOUNDATION,2019,MA,4434430.0,171970.0,716650.0,irs_990pf
331068797,VEVERKA FAMILY FOUNDATION,2019,MD,2944251.0,219653.0,204974.0,irs_990pf
203180592,BEVERLY AND BEN STRIBLING SPECIAL,2019,TX,1187.0,42.0,0.0,irs_990pf
833114853,NOLAN FAMILY FOUNDATION,2019,IL,9500.0,10950.0,500.0,irs_990pf
473864368,THOMAS R AND IRIS B HARRISON FOUNDATION INC,2019,MI,2746255.0,118639.0,120550.0,irs_990pf
411775239,THE BEN MILLER FOUNDATION,2019,MN,1228363.0,1687.0,85000.0,irs_990pf
200194109,FLETCHER BAY FOUNDATION,2019,WA,827508.0,12231.0,0.0,irs_990pf
016080444,THE RICHARD C PAINE JR AUTOMOBILE,2019,ME,16369152.0,284255.0,309108.0,irs_990pf
200507248,LOWEY FOUNDATION INC,2019,NY,734299.0,32503.0,59000.0,irs_990pf
311603385,LANG RACHEL BOYCE CHARITABLE TRUST XXX-XX-XXXX,2019,OH,4885449.0,860075.0,1027374.0,irs_990pf
391967691,MARY ALICE YAKICH EDUCATIONAL,2019,WI,4732285.0,250771.0,204100.0,irs_990pf
261586475,LAFAYETTE FAMILY FOUNDATION,2019,ME,349163.0,95495.0,95000.0,irs_990pf
204900242,SCOTT C AND GINA M GAGE FAMILY FOUNDATION,2019,MN,418768.0,42770.0,25000.0,irs_990pf
383348608,THE HEHL FAMILY FOUNDATION,2019,MI,160294.0,12149.0,7775.0,irs_990pf
223512395,THE DRUSKIN FAMILY FOUNDATION INC,2019,NY,154522.0,569016.0,329500.0,irs_990pf
477410894,MIRNER FAMILY FOUNDATION,2019,FL,6185230.0,911273.0,282760.0,irs_990pf
383610872,GRACE YANG FONG MEMORIAL SCHOLARSHIP FOUNDATION,2019,MO,163264.0,5765.0,10000.0,irs_990pf
836408246,JOE MITCHELL 4-01-4 TR,2019,MT,0.0,51.0,62632.0,irs_990pf
811771870,UNITED JOINT APPRENTICE COMMITTEE OF MIAMI,2019,FL,2657.0,3660.0,,irs_990pf
471222099,THE K2 WIND FOUNDATION INC,2019,FL,21723.0,25000.0,,irs_990pf
061637587,NANCY A LARSON FOUNDATION INC,2019,CT,10571.0,12049.0,8000.0,irs_990pf
203673201,THE DMMN FOUNDATION,2019,CT,304742.0,95337.0,101800.0,irs_990pf
371582402,ERLING B DOROTHY E,2019,IA,195661.0,9749.0,13523.0,irs_990pf
391909207,AGSOURCE DHI FOUNDATION INC,2019,WI,371898.0,6892.0,21150.0,irs_990pf
453175862,5MPOWER FOUNDATION,2019,NC,761082.0,524864.0,26600.0,irs_990pf
465705351,BTC COMMUNITY OUTREACH INC,2019,GA,5794037.0,217234.0,277526.0,irs_990pf
546476024,JOHN BUFORD WATSON TRUST,2019,VA,912992.0,55105.0,54960.0,irs_990pf
391822359,THE TEN TALENTS FOUNDATION LTD,2019,MI,683426.0,18715.0,35000.0,irs_990pf
823161120,ARNOLD SALTER FAMILY FOUNDATION,2019,OR,803656.0,358308.0,47800.0,irs_990pf
272154657,OUROBOROS FOUNDATION,2019,WA,5929885.0,326610.0,125600.0,irs_990pf
133190113,SEMPER CHARITABLE FOUNDATION,2019,CA,253802.0,28817.0,48094.0,irs_990pf
582024178,ARKANSAS EASTMAN SCHOLARSHIP TRUST,2019,AR,45115.0,749.0,3400.0,irs_990pf
833437331,THE RICHARD AND DIANA GROUSER FOUNDATION,2019,NJ,52961.0,138870.0,20000.0,irs_990pf
261765966,BEAT AUTISM NOW INC,2019,OH,16987.0,119601.0,,irs_990pf
461167280,TSK CHARITABLE FOUNDATION,2019,HI,1341793.0,125000.0,95000.0,irs_990pf
421575560,MILDRED TYSON FOUNDATION,2019,HI,736038.0,32207.0,11980.0,irs_990pf
990187302,ADLER HOLY LAND CHARITABLE TRUST,2019,HI,1893263.0,81394.0,89900.0,irs_990pf
412120196,OCEANA CHARITABLE FOUNDATION,2019,NY,243420.0,9111.0,1018.0,irs_990pf
226966261,WILLIAM MCGRATH SCHOLARSHIP TRUST,2019,NJ,819896.0,46249.0,37500.0,irs_990pf
650843714,MAKE A DIFFERENCE FOUNDATION INC,2019,FL,1965076.0,121157.0,91300.0,irs_990pf
364766533,TAILDRAGGER INN INC,2019,NJ,1767.0,2486.0,,irs_990pf
204391204,THE DAUGETTE FAMILY FOUNDATION,2019,AL,903320.0,59051.0,25625.0,irs_990pf
475110063,THE GOLDFARB FAMILY FOUNDATION I,2019,MO,163901.0,5632.0,7000.0,irs_990pf
223696763,VALLAVBHAI SAVITABEN PATEL,2019,NJ,8073472.0,406146.0,410001.0,irs_990pf
421466189,ALBAGHDADI FAMILY MEDICAL,2019,IA,2585605.0,302444.0,178040.0,irs_990pf
410892731,FANNY S GILFILLAN MEMORIAL INC,2019,MN,963903.0,16152.0,16255.0,irs_990pf
205970193,LONGWELL FAMILY FOUNDATION,2019,NY,1754551.0,650137.0,781315.0,irs_990pf
371420725,STUART S APPLEBAUM GIVING FOUNDATION,2019,NY,523555.0,120315.0,146256.0,irs_990pf
473504195,MEAT YOUR FUTURE,2019,TX,1745.0,63313.0,,irs_990pf
943192331,JAMES AND SHIRLEY RIPPEY,2019,OR,77813989.0,3202524.0,4476800.0,irs_990pf
943381080,SCANDLING FAMILY FOUNDATION,2019,CA,5191070.0,308764.0,280200.0,irs_990pf
464537126,HOUSTON HOME OF HOPE,2019,TX,6700.0,60944.0,,irs_990pf
270059824,DURANT FAMILY FOUNDATION,2019,TX,1512547.0,62392.0,96500.0,irs_990pf
204919208,THE JOE KALT AND JUDY GANS,2019,AZ,1232499.0,256209.0,169000.0,irs_990pf
421354443,JOHN BARBARA KNAPP CHARITABLE,2019,IA,167624.0,28005.0,9750.0,irs_990pf
411579854,PANAMERICAN FOUNDATION,2019,MN,14265.0,1.0,3000.0,irs_990pf
912147141,JAMS FOUNDATION,2019,CA,762734.0,1057540.0,775153.0,irs_990pf
367381933,KLEIN SCHOLARSHIP TRUST,2019,IL,12577.0,-1357.0,960.0,irs_990pf
562337949,HERBERT FAMILY FOUNDATION,2019,CA,4870021.0,1076438.0,245000.0,irs_990pf
208062519,LEO J SIGNAIGO CHARITABLE TRUST,2019,WV,1032311.0,155908.0,120000.0,irs_990pf
461034722,THE SAXTON FOUNDATION INC,2019,NJ,2000.0,0.0,,irs_990pf
341936389,THE DALE W AND BONITA J VANVOORHIS FOUNDATION,2019,OH,2459.0,10000.0,9900.0,irs_990pf
823766666,CONCANNON FAMILY FOUNDATION,2019,CA,1977025.0,55840.0,98000.0,irs_990pf
273074768,LEWIS W TAUB AND JOANNE T TAUB FAMILY,2019,FL,3624.0,435.0,0.0,irs_990pf
832928151,TAO ASPIRE FOUNDATION,2019,CA,56022.0,60472.0,4450.0,irs_990pf
841878404,DLA CHARITABLE FOUNDATION,2019,CO,80808.0,93466.0,0.0,irs_990pf
371788635,JEFFREY S KELLY FOUNDATION,2019,PA,83473.0,-3864.0,2500.0,irs_990pf
200399424,COLOVOS FAMILY CHARITABLE FOUNDATION INC,2019,IL,285106.0,6510.0,16950.0,irs_990pf
911942768,ITCOA FBO A V B M EDMONDS CHAR,2019,UT,176719.0,18471.0,53.0,irs_990pf
770560164,LARRY A MODIN FOUNDATION,2019,CA,204583.0,15023.0,4800.0,irs_990pf
470401230,COOPER FOUNDATION,2019,NE,25416499.0,257988.0,910196.0,irs_990pf
586350158,NORRIS FAMILY CHARITABLE,2019,FL,408706.0,34345.0,27838.0,irs_990pf
363479962,SHERIDAN COUNTY MEMORIAL,2019,ND,234911.0,12467.0,17850.0,irs_990pf
300502141,FOR HIS LAMBS INC,2019,AR,1248.0,10000.0,10000.0,irs_990pf
814695638,THE HIJKL FOUNDATION,2019,VA,0.0,0.0,0.0,irs_990pf
260299574,BRANDT FAMILY FOUNDATION,2019,ND,1104.0,10000.0,8550.0,irs_990pf
206922789,HELEN A PEARSON CHARITABLE TRUST,2019,NE,786621.0,61137.0,161500.0,irs_990pf
465020487,JOHN AND REBECCA LANGFORD EDUCATION,2019,AL,500117.0,18327.0,24179.0,irs_990pf
464567441,THE JOYCE NIES AND PETER WITT FOUNDATION,2019,TX,149375.0,28923.0,25585.0,irs_990pf
010568837,BONNEY FAMILY FOUNDATION INC,2019,MA,24664143.0,1398623.0,3750000.0,irs_990pf
207496412,P MICHAEL MCKAY AND MARGARET R MCKAY,2019,MO,134872.0,4460.0,6750.0,irs_990pf
510161368,ABRAHAMSON FOUNDATION,2019,ND,50614.0,1550.0,1200.0,irs_990pf
431801574,THE GUS WETZEL FAMILY FOUNDATION,2019,MO,67120.0,9968.0,66466.0,irs_990pf
823183461,NEW HOPE FOR EL SALVADOR,2019,IA,3439.0,2.0,,irs_990pf
203560525,REVAL FOUNDATION INC,2019,MD,4219526.0,156131.0,317084.0,irs_990pf
475620893,THE IVAN W AND ALMA E MARTIN FAMILY,2019,PA,2555946.0,53535.0,360500.0,irs_990pf
760487098,JAMES AND MARGARET EARTHMAN,2019,TX,273884.0,7171.0,13530.0,irs_990pf
202920597,DAVIS LOVE III FOUNDATION,2019,GA,3764006.0,9890930.0,854706.0,irs_990pf
043303760,WEBSTER FIVE FOUNDATION INC,2019,MA,6991.0,200563.0,200051.0,irs_990pf
593483193,CENTRAL FLORIDA OUTREACH,2019,FL,210011.0,16320.0,13785.0,irs_990pf
383382563,THE KEVIN SMOKLER FOUNDATION,2019,FL,317576.0,150887.0,14000.0,irs_990pf
383908007,THE RICKI FUND,2019,NV,98304.0,30447.0,3389.0,irs_990pf
825014299,VENOMX BIOLOGICS,2019,TX,19197.0,0.0,0.0,irs_990pf
237181382,MURRAY TRUST,2019,IA,299666.0,110245.0,113850.0,irs_990pf
814462390,THE PERPER FAMILY FOUNDATION,2019,NC,4266548.0,1858260.0,346033.0,irs_990pf
203904905,ONE SKY FOUNDATION INC,2019,GA,0.0,0.0,0.0,irs_990pf
473676059,THE ROHDE FOUNDATION,2019,CO,857372.0,192644.0,28901.0,irs_990pf
446015363,SAPPINGTON SCHOOL FUND,2019,MO,96426.0,1975.0,5000.0,irs_990pf
237087967,MAGEE-O CONNOR FOUNDATION INC,2019,IN,5044057.0,158863.0,272500.0,irs_990pf
461306623,WILLIS AND REBA JOHNSON S FOUNDATION,2019,TN,16465443.0,953497.0,2253110.0,irs_990pf
251826395,CLAIRE ALDONA GALLAGHER TRUST FOR THE ARTS,2019,PA,172692.0,11020.0,10000.0,irs_990pf
205880341,ITCOA FBO LIPPINCOTT SCHOLARSHIP,2019,UT,190568.0,23340.0,762.0,irs_990pf
262290468,THE HANKINS FAMILY SCHOLARSHIP FUND INC,2019,MO,27119.0,160.0,1000.0,irs_990pf
916221573,ITCOA FBO JOHN MONA POWER FDN,2019,UT,247846.0,12518.0,2221.0,irs_990pf
596122734,ALFRED I DUPONT TRUST UA,2019,FL,3460234.0,105897.0,160000.0,irs_990pf
811247806,PAT AND NANCY ESPOSITO FOUNDATION INC,2019,NY,39245.0,30028.0,38100.0,irs_990pf
756555318,JAMES NISLAR FOUNDATION,2019,TX,4159676.0,400494.0,225000.0,irs_990pf
640853196,TWORDC FOUNDATION,2019,MS,852805.0,49470.0,126000.0,irs_990pf
436037273,RICHARD J NANCY K WOLFHEIM FOUNDATION,2019,MO,0.0,114025.0,152218.0,irs_990pf
237079172,FORNEY FAMILY FOUNDATION INC,2019,PA,647105.0,57485.0,215824.0,irs_990pf
431621937,ALVIN GOLDFARB FOUNDATION,2019,MO,115758491.0,3460834.0,8791680.0,irs_990pf
262152293,NEARING BUTREMUK FAMILY FOUNDATION,2019,NY,935944.0,77640.0,80000.0,irs_990pf
383195426,ROBERT JEANINE DAGENAIS,2019,MI,2128322.0,127211.0,103489.0,irs_990pf
256815080,ANNA DALE THOMAS CHARITABLE TRUST 000749,2019,PA,221326.0,18676.0,12800.0,irs_990pf
352487470,THE PORGES FAMILY FOUNDATION,2019,PA,8473593.0,2229546.0,400000.0,irs_990pf
352182651,DOROTHY M BRAYTON EDUCATION TUW 1045000175,2019,OH,993242.0,50297.0,45263.0,irs_990pf
200527700,JOHN AND ROSE COOK FOUNDATION,2019,NC,62124.0,2998.0,3075.0,irs_990pf
161517613,MORNINGSTAR FOUNDATION,2019,NY,85185.0,3104.0,12226.0,irs_990pf
311369435,ELIZABETH A STONE FOUNDATION,2019,OH,0.0,0.0,0.0,irs_990pf
463137444,MANASQUAN BANK CHARITABLE,2019,NJ,419104.0,180859.0,177500.0,irs_990pf
223478123,THE ROBERT D GOLDFARB FOUNDATION,2019,NY,31750119.0,2391421.0,1718632.0,irs_990pf
392016745,WOMONSCAPE FOUNDATION INC,2019,WI,90.0,860.0,,irs_990pf
273269197,ETERNAL GLOBAL ENTERPRISE,2019,CA,24411.0,0.0,,irs_990pf
860714121,THE INSTITUTE OF INNER GROWTH,2019,AZ,90839.0,10287.0,200.0,irs_990pf
226407404,RICHARD AND POPPY SEGAL CHARITABLE TRUST,2019,NJ,213240.0,7496.0,162000.0,irs_990pf
581606828,MILDRED B COOPER MEMORIAL CHAPEL,2019,AR,1675294.0,203316.0,0.0,irs_990pf
842116385,THE INTERCHANGE FOUNDATION INC,2019,TN,413.0,12245.0,1537.0,irs_990pf
842410211,SOMA INTERNATIONAL,2019,VA,734.0,1480.0,,irs_990pf
463982674,CHAMPIONS FOOTBALL ACADEMY INC,2019,GA,0.0,0.0,,irs_990pf
464743937,MSJB FAMILY FOUNDATION,2019,SD,1851275.0,50324.0,88000.0,irs_990pf
206892934,THE ALFRED AND CONSTANCE PEYROUNAT,2019,CA,1678517.0,71901.0,49750.0,irs_990pf
581708251,J WILLIAM ELIZABETH S ROBINSON,2019,GA,5074737.0,371743.0,275500.0,irs_990pf
813917276,THE HAROLD AND NANCY ABRAMS FAMILY,2019,GA,22989.0,60078.0,84000.0,irs_990pf
821959932,ABILITIES OF TEXAS UNLIMITED INC,2019,TX,654.0,0.0,0.0,irs_990pf
206390199,THE GDL FOUNDATION,2019,CT,1597994.0,51317.0,16750.0,irs_990pf
208063335,THE LOUIS AND LINDA LEOGRANDE CHARITABLE,2019,NY,35683.0,9559.0,1350.0,irs_990pf
593678602,THE FREGLY FOUNDATION INC,2019,FL,2311458.0,29184.0,100000.0,irs_990pf
822354035,DADOO FOUNDATION,2019,VA,41167.0,0.0,4000.0,irs_990pf
825461159,SUMMIT AND JULIE SHAH FOUNDATION,2019,OH,134505.0,82601.0,,irs_990pf
043564287,THE ANASTOS FAMILY FOUNDATION INC,2019,MA,40509.0,1955.0,300.0,irs_990pf
461413644,WHITE FAMILY FOUNDATION,2019,NY,6096166.0,311965.0,252765.0,irs_990pf
822816994,DIGITALSPEC FOUNDATION,2019,VA,384636.0,9000.0,5000.0,irs_990pf
824223608,HABAKKUKS VISION CHARITABLE MINISTRIES A NJ NON PROFIT CORPORATION,2019,NJ,0.0,22315.0,500.0,irs_990pf
841975190,THE LAB CREATIVE INC,2019,CA,37707.0,40000.0,,irs_990pf
646166670,HUGH SWINTON POTTS IRREVOCABLE TRUST,2019,MS,1206608.0,43117.0,62056.0,irs_990pf
146186745,THE MARY T FRANK L HOFFMAN FAMILY,2019,NY,240614.0,68261.0,,irs_990pf
222857857,POWER MINISTRIES INTERNATIONAL INC,2019,NJ,396.0,78922.0,,irs_990pf
237000807,PETER JAFFE YEOMANS FOUNDATION,2019,MA,41488.0,7783.0,2000.0,irs_990pf
466550514,JOSEPH E ELIZABETH E GURLEY EDUCATIONAL,2019,OH,259294.0,13214.0,13645.0,irs_990pf
331172304,BEECHER S PURE FOOD KIDS FOUNDATION,2019,WA,9114.0,0.0,0.0,irs_990pf
256029493,JOHN SCHWAB FOUNDATION,2019,PA,441035.0,18443.0,18000.0,irs_990pf
461357649,FORD FAMILY FOUNDATION INC,2019,OH,365254.0,84922.0,15240.0,irs_990pf
810760482,M M FOUNDATION,2019,NE,316442.0,56827.0,45000.0,irs_990pf
541902472,THE JARED FOUNDATION INC,2019,VA,156258.0,16262.0,10500.0,irs_990pf
364334318,THE CUTLER FOUNDATION,2019,FL,582271.0,11255.0,37205.0,irs_990pf
010458230,HOUSEL-RYAN-SHELDON WILDLIFE SANCTUARY,2019,ME,808017.0,26140.0,,irs_990pf
832819473,CONDRAY FAMILY FOUNDATION,2019,TX,310277.0,480315.0,5000.0,irs_990pf
131592363,PRINCE HALL TEMPLE ASSOCIATES INC,2019,NY,524098.0,29104.0,,irs_990pf
521646030,MEAD FAMILY FOUNDATION,2019,MD,22646349.0,1068784.0,1091000.0,irs_990pf
270301768,FRANK AND MARY CIPECH CHARITABLE TRUST,2019,MT,681042.0,44512.0,33381.0,irs_990pf
030474967,CASA ABREGO PRESERVATION FOUNDATION,2019,CA,139936.0,22713.0,,irs_990pf
650395143,WELLINGTON-SMITH FOUNDATION,2019,FL,77168.0,2669.0,3200.0,irs_990pf
043113225,THE JACOBY CHIEL FOUNDATION INC,2019,MA,305184.0,29530.0,16750.0,irs_990pf
770472647,DWELLE FAMILY FOUNDATION INC,2019,CA,3934022.0,-146939.0,199100.0,irs_990pf
477063032,ANTHONY J AND MARGARET D RICHARDS,2019,NJ,3774427.0,771476.0,97000.0,irs_990pf
364324349,THE MANIRE FOUNDATION,2019,IL,3736592.0,3211788.0,59000.0,irs_990pf
461621232,ARDEAN COLLEEN AAFEDT FOUNDATION,2019,CO,1779081.0,587502.0,575000.0,irs_990pf
300200192,THE HEP FOUNDATION BUSINESS TRUST,2019,KY,19096.0,153590.0,135701.0,irs_990pf
821213824,FAIR HOPE CHILDREN S MINISTRY,2019,IL,367045.0,203825.0,,irs_990pf
841326379,THE GALENA FOUNDATION,2019,CO,36851806.0,11177470.0,5695000.0,irs_990pf
356042734,CLARA FAIRBANKS FOUNDATION INC,2019,IN,2104378.0,80600.0,105000.0,irs_990pf
061517722,THE SULTAN AND ANN AHAMED FAMILY FOUNDATION,2019,CT,221695.0,5134.0,9500.0,irs_990pf
474230187,DCC FOUNDATION,2019,MI,62538.0,17409.0,44500.0,irs_990pf
616025137,JOHN B BROWNIE YOUNG MEMORIAL FUND,2019,NC,14141913.0,912059.0,861107.0,irs_990pf
650939291,GASTON DUFRESNE FOUNDATION FOR THE,2019,FL,605554.0,45129.0,66000.0,irs_990pf
066334517,HUNT CHARLES W NETTIE F TRUST,2019,RI,335732.0,22111.0,13678.0,irs_990pf
386051644,TR UA L JOHNSON FBO NM HOSPITAL,2019,MI,0.0,11992.0,57216.0,irs_990pf
954537646,DANIEL X MARY FREEDMAN FOUNDATION FOR,2019,CA,3853742.0,216403.0,260000.0,irs_990pf
616075506,MCCARROLL J-B AND G SCOUTS,2019,NC,547026.0,39998.0,51756.0,irs_990pf
900215038,JOHN A CAMPBELL JR ELIZABETH FOLK CAMPBELL,2019,NC,700108.0,57141.0,39718.0,irs_990pf
256378671,THE PAUL H O NEILL CHARITABLE FOUNDATION,2019,PA,1001498.0,11188.0,,irs_990pf
161406950,SAVOCA HIBBITT RESIDENT ARTISTS,2019,NY,190846.0,10142.0,10000.0,irs_990pf
597239738,SAMUEL R GOOD CHARITABLE TRUST,2019,FL,1362779.0,65681.0,54289.0,irs_990pf
356020626,MARY JANE CROWE FOUNDATION,2019,RI,8109719.0,476231.0,410236.0,irs_990pf
954204464,DOROTHY AND HENRY HWANG FOUNDATION,2019,CA,259501.0,40553.0,13000.0,irs_990pf
814596473,SERVING OUT SMILES FOUNDATION,2019,UT,181783.0,2.0,7941.0,irs_990pf
626370390,ROSS FAMILY FOUNDATION,2019,TN,164420.0,9828.0,8750.0,irs_990pf
576207750,HENRIES DORIS BANKS SCHOLARSHIP TW,2019,OH,164147.0,17654.0,12000.0,irs_990pf
526210881,TR UA PADGETT CAROLINE J,2019,FL,2159592.0,144863.0,76770.0,irs_990pf
546033593,S L HOOVER TR UW WINC MEM HOSP,2019,FL,280486.0,19023.0,11147.0,irs_990pf
526029179,TR GEORGE A SANDERSON,2019,FL,2299871.0,141224.0,80017.0,irs_990pf
226144972,CHARLES A FUCHS CHARITABLE TR,2019,RI,928624.0,61673.0,32215.0,irs_990pf
721318244,LORIO FOUNDATION,2019,LA,21821235.0,2342425.0,1171979.0,irs_990pf
046026291,TTEE UA OF DANIEL R MAGRUDER,2019,RI,638848.0,39965.0,27097.0,irs_990pf
526028971,TR UA BLAIR LEE MEMORIAL FUND,2019,RI,206701.0,13791.0,7249.0,irs_990pf
046429961,BROWN EMMA S UDECL 31279,2019,RI,5868771.0,502974.0,298005.0,irs_990pf
900587767,JONATHAN MARJORIE SLASS FOUNDATION,2019,NJ,62078.0,47685.0,75800.0,irs_990pf
262481979,HIGH FRONTIERS INC,2019,FL,0.0,0.0,0.0,irs_990pf
042104834,PILGRIM FOUNDATION,2019,MA,4041537.0,230140.0,224583.0,irs_990pf
546493189,THOMPSON C AND E CHARITABLE TUA,2019,NC,907801.0,52431.0,53000.0,irs_990pf
526432623,CAPTAIN W J DIMITRIJEVIC MEMORIAL TRUST,2019,NC,1437405.0,150210.0,77895.0,irs_990pf
770472486,THE LUDWICK FAMILY FOUNDATION,2019,CA,8109062.0,239363.0,442900.0,irs_990pf
256211823,UA ALICE M HOFFMAN TRUST,2019,NC,818581.0,35669.0,40000.0,irs_990pf
586206148,TR UW FREEMAN-LOVEJOY METHODIST CHURCH,2019,FL,23860.0,827.0,925.0,irs_990pf
046021060,EMILY F GILL TUA-CHAS ABBEY SCH,2019,RI,301310.0,18356.0,17500.0,irs_990pf
586206149,TR UW MC FREEMAN - FIRST UNITED METHODIST,2019,FL,140311.0,9085.0,5423.0,irs_990pf
237046126,HOOKER FOUNDATION,2019,VA,265289.0,16087.0,19000.0,irs_990pf
066250201,BLACKFORD M M COTR UA ART I B 2,2019,RI,74716.0,3770.0,3000.0,irs_990pf
526102151,SUCC TR UA BESSIE W CRAMER CHAR,2019,TX,284125.0,19000.0,10151.0,irs_990pf
261623310,CARL G OLSON FOUNDATION,2019,NY,1585783.0,157668.0,,irs_990pf
208345708,THE OLIVER STEWARDSHIP FOUNDATION,2019,NH,4319.0,6079.0,8500.0,irs_990pf
263952081,THE BATES FOUNDATION,2019,UT,2356.0,5007.0,5000.0,irs_990pf
466985483,MARY HELEN ROBERTS TRUST,2019,IL,4193449.0,198188.0,224333.0,irs_990pf
260790597,THE TOM POLLOCK FOUNDATION,2019,CA,535663.0,12971.0,25000.0,irs_990pf
526637792,GRANVILLE E BIXLER ELIZABETH BUCKLEY BIXLER,2019,NC,1641916.0,112538.0,111963.0,irs_990pf
066115749,CARLISLE ACAROLINE BROOKS FUND,2019,RI,1447460.0,88226.0,102593.0,irs_990pf
756006670,HOWARD PAYNE COLLEGE TRUST NECT,2019,TX,502662.0,29356.0,17229.0,irs_990pf
046016943,ARLOTTIE A POTTS TRUST,2019,RI,13238.0,508.0,492.0,irs_990pf
046036308,2 UW J J HURLEY FUND A-CAMP,2019,RI,4488.0,14068.0,116162.0,irs_990pf
954774636,HARA FOUNDATION,2019,CA,490717.0,13723.0,398238.0,irs_990pf
046421521,ESTHER B GRISWOLD CHARITABLE TRUST,2019,FL,606083.0,41844.0,21477.0,irs_990pf
586103356,TR UW LOUISE D PARK BENEV FD 2,2019,FL,1241822.0,69612.0,88123.0,irs_990pf
521732475,TR UW EVA GUDE BRANDT FDN INC,2019,FL,1212727.0,71122.0,85000.0,irs_990pf
046024410,A DWIGHT AC BO CONCERT UW,2019,RI,53785.0,3539.0,1925.0,irs_990pf
746038965,AYLEEN P WILCOX TR,2019,TX,1597269.0,92290.0,92960.0,irs_990pf
456932800,ROBERT D CARSTENS CHARITABLE TRUST,2019,NE,1770629.0,43066.0,146000.0,irs_990pf
266046163,SWART FAMILY FOUNDATION,2019,FL,2214565.0,241400.0,130300.0,irs_990pf
206740669,REES PAUL AND MARTHA CHARITABLE TUA,2019,NC,6921221.0,366670.0,434998.0,irs_990pf
046023223,TR UA LYDIA CLARK GBC,2019,RI,228715.0,25033.0,9641.0,irs_990pf
522252645,LOW INCOME TAX CLINIC INC,2019,MD,100.0,0.0,,irs_990pf
346523137,WILLIAMS VERNA LOCKWOOD SUCC-TW 20-1173500,2019,OH,2098231.0,192786.0,116028.0,irs_990pf
823675472,SYNERGY TODAY INC,2019,NY,138.0,8120.0,,irs_990pf
042311740,POLISH ALLIANCE YOUTH CAMP INC,2019,MA,243528.0,59814.0,1375.0,irs_990pf
436936482,THE M ROSALIE FUSZ CHARITABLE FOUNDATION,2019,MO,164906.0,8866.0,80500.0,irs_990pf
832558495,CULHANE FAMILY FOUNDATION INC,2019,MI,148080.0,158096.0,10000.0,irs_990pf
061476873,THE WHITTINGHAM FAMILY FOUNDATION INC,2019,CT,182598.0,349252.0,568250.0,irs_990pf
833265919,COURAGEOUS CORAZON FD,2019,NV,0.0,2000.0,,irs_990pf
526179268,SUCC TUW EVA DUFFY FBO ST PAUL,2019,FL,1348415.0,77969.0,45961.0,irs_990pf
736262880,PARKER TRUST,2019,TX,968716.0,73449.0,50000.0,irs_990pf
146014134,MAY M VERT MEMORIAL FUND TR UW,2019,RI,34362.0,1875.0,1213.0,irs_990pf
800319514,SEMLOH FOUNDATION,2019,CA,13924392.0,789956.0,670000.0,irs_990pf
226690401,ELINORE M HORNER CHAR TR A UA,2019,RI,381293.0,26977.0,20661.0,irs_990pf
066025213,FULTON MEMORIAL FUND-PARK DEPT,2019,RI,1722085.0,106979.0,72665.0,irs_990pf
546106216,TR UW MINNIE T BENTLY,2019,RI,172484.0,10323.0,5915.0,irs_990pf
596121061,BERTHA BOUTON TURCK TUA,2019,FL,2131828.0,126621.0,90900.0,irs_990pf
346505996,SHERWIN H A FD A-MAX TA 242-0926441,2019,OH,2370030.0,194043.0,122709.0,irs_990pf
471794306,SA MING FOUNDATION,2019,DE,175565.0,38068.0,29310.0,irs_990pf
814627385,SEMPRE AVANTI FOUNDATION,2019,DE,453488.0,21402.0,17000.0,irs_990pf
566074098,BURNEY MARY TUW,2019,NC,127203.0,5770.0,6800.0,irs_990pf
246018144,ISAAC ZIEGLER CHARITABLE TRUST 23-03177,2019,CA,370408.0,6559.0,22000.0,irs_990pf
274094112,THE MORRIS FOUNDATION,2019,DE,655568.0,580237.0,344800.0,irs_990pf
880513653,ROBERTS FAMILY FOUNDATION,2019,NV,2912866.0,315144.0,125865.0,irs_990pf
650812002,DODT FAMILY FOUNDATION INC,2019,FL,877313.0,34510.0,34200.0,irs_990pf
846854274,HAYWOOD BELLINGRATH BARTLETT,2019,AL,0.0,0.0,,irs_990pf
266086553,CAKORA FAMILY CHARITABLE TRUST,2019,IL,473823.0,18490.0,50000.0,irs_990pf
453209962,LIGHT OF ESPERANZA,2019,WA,4549.0,10374.0,0.0,irs_990pf
263610094,THE MARCUS FOUNDATION,2019,CO,986923.0,46064.0,52250.0,irs_990pf
271272999,THE VENNER FAMILY FOUNDATION,2019,OH,6146526.0,151925.0,322500.0,irs_990pf
311018923,ST GEORGE GREEK ORTHODOX FOUNDATIO,2019,OH,2751918.0,157829.0,,irs_990pf
820555533,ARUNBHAI FOUNDATION INC,2019,MD,1790.0,753.0,,irs_990pf
261643523,D7 FOUNDATION,2019,OH,1021921.0,-8260.0,16456.0,irs_990pf
237124593,SAUL O SIDORE MEMORIAL FOUNDATION,2019,NH,542019.0,40343.0,99571.0,irs_990pf
832254930,CRAFTING HOPE INTERNATIONAL,2019,CA,2564.0,1417.0,0.0,irs_990pf
226330739,THE NEW ERA FOUNDATION,2019,MA,2166.0,34.0,0.0,irs_990pf
346543384,EAST LIVERPOOL HISTORICAL SOCIETY,2019,OH,370636.0,18589.0,,irs_990pf
541390453,THE UNITED COMPANY FOUNDATION,2019,VA,48239885.0,2047202.0,2026676.0,irs_990pf
455339818,STEVEN AND MARCY SCHAEFFER FAMILY,2019,NY,2338756.0,138916.0,139000.0,irs_990pf
911780178,THE MANNIX CANBY FOUNDATION,2019,WA,695080.0,83200.0,150000.0,irs_990pf
330411052,SIMMONS DAWSON FAMILY FOUNDATION,2019,CA,182450.0,2272.0,7231.0,irs_990pf
753032776,THE DRAKE FAMILY FOUNDATION,2019,TX,234840.0,57858.0,0.0,irs_990pf
256122234,ROBERT S STOVER CHARITABLE TRUST,2019,PA,94516.0,4361.0,4012.0,irs_990pf
471677788,THE ARVIELO FAMILY FOUNDATION,2019,DE,367253.0,122789.0,21000.0,irs_990pf
271424474,MARY S FUND FOUNDATION,2019,DE,307182.0,306231.0,177800.0,irs_990pf
261595689,THE KAO FAMILY FOUNDATION,2019,DE,239211.0,18200.0,16500.0,irs_990pf
203758042,TIM AND MARY HADDON FAMILY FOUNDATION,2019,DE,373683.0,15855.0,106000.0,irs_990pf
611632311,BARCUS KING FAMILY FOUNDATION,2019,DE,235348.0,16562.0,7000.0,irs_990pf
232484718,JEFFREY P MCKEE FOUNDATION,2019,DE,875371.0,100815.0,23250.0,irs_990pf
261595570,TEEL FAMILY FOUNDATION,2019,DE,352418.0,5962.0,48000.0,irs_990pf
272859108,STERLING FAMILY CHARITABLE FOUNDATION,2019,VA,13036.0,5075.0,25000.0,irs_990pf
832198543,PAUL AND JUNE ROSSETTI FOUNDATION,2019,DE,6541157.0,755467.0,192500.0,irs_990pf
306640439,KARA BURKHARDT FELINE FOUNDATION,2019,FL,49951.0,50001.0,,irs_990pf
475320095,THE SEALE FOUNDATION,2019,DE,1158474.0,165499.0,1497500.0,irs_990pf
461387604,VISTEX FOUNDATION,2019,IL,2555022.0,636441.0,428697.0,irs_990pf
341725981,THE DOLL FAMILY FOUNDATION,2019,OH,2342372.0,212093.0,122251.0,irs_990pf
726034365,SCHREIER-EDISEN FOUNDATION,2019,LA,158989.0,6539.0,14000.0,irs_990pf
454099257,BANNER FAMILY FOUNDATION,2019,DE,874737.0,7558.0,,irs_990pf
226054285,HOPEWELL OLD SCHOOL BAPTIST CHURCH,2019,NJ,65733.0,2719.0,7156.0,irs_990pf
116046601,KURTZ FOUNDATION,2019,NY,128281.0,8649.0,14500.0,irs_990pf
880393022,THE RON AND SUSAN KRUMP FOUNDATION,2019,NV,909306.0,40084.0,55650.0,irs_990pf
821357743,BUILDING A BETTER WORLD,2019,UT,51244.0,36705.0,0.0,irs_990pf
465416046,WALTER AND PAULINE CALDERWOOD FOUNDATION,2019,ME,516132.0,226396.0,73500.0,irs_990pf
276864646,THE NOTKINS RESEARCH FOUNDATION,2019,VA,15247.0,7810.0,2000.0,irs_990pf
823172255,PINCHUS FAMILY FOUNDATION,2019,NY,128398.0,49400.0,10401.0,irs_990pf
830891006,VIVA LA VIDA,2019,TX,0.0,0.0,0.0,irs_990pf
256271949,CALVIN LOGAN HASSINGER AND CATHERINE ELVERDA,2019,PA,578333.0,75354.0,22269.0,irs_990pf
256369085,HOWARD Q MILAR CHARITABLE TRUST,2019,PA,244059.0,34236.0,9382.0,irs_990pf
475266096,THE MARGARET ELLEN NIELSEN FOUNDATION,2019,DE,5083539.0,197147.0,213500.0,irs_990pf
208067587,CANNUPA FOUNDATION,2019,DE,915542.0,239408.0,258455.0,irs_990pf
472741658,LIVING STONES FOUNDATION,2019,DE,871772.0,129499.0,109000.0,irs_990pf
510414438,THE VITALE FAMILY FOUNDATION INC,2019,DE,2136439.0,206107.0,324500.0,irs_990pf
823760396,THE RABER VOGEL FOUNDATION,2019,DE,216670.0,101149.0,2426.0,irs_990pf
814657428,THE FITZGERALD FAMILY FOUNDATION,2019,DE,127172.0,241.0,108000.0,irs_990pf
311528621,ROSS CHARITABLE SUPPORT FOUNDATION,2019,UT,501742.0,37045.0,32500.0,irs_990pf
421280299,NORTHWOOD SWENSRUD FUND,2019,IA,418130.0,27523.0,22375.0,irs_990pf
046485702,BUTLER AGNES R TR BO FELIX NECK,2019,RI,258429.0,24131.0,10136.0,irs_990pf
822744717,THE DALE H AND JEANE V SMART,2019,PA,11485473.0,467292.0,359500.0,irs_990pf
271570363,ROSINA CHARITABLE FOUNDATION INC,2019,FL,19.0,0.0,1750.0,irs_990pf
810696571,SWANN FAMILY FOUNDATION,2019,SC,2591.0,4000.0,280.0,irs_990pf
046692518,ROBERT S PAPE CHARITABLE FND,2019,RI,390985.0,25631.0,17000.0,irs_990pf
352432010,JPG FOUNDATION,2019,MI,54192.0,1905.0,2600.0,irs_990pf
200724678,RICHTER FAMILY FOUNDATION,2019,PA,303203.0,22080.0,,irs_990pf
223696381,MARK FAMILY FOUNDATION,2019,NJ,190949.0,1105.0,18260.0,irs_990pf
202475247,SOUTH CAROLINA PUBLIC INTEREST,2019,SC,617.0,92109.0,,irs_990pf
472895175,CENTER FOR HEALTHCARE INNOVATION INC,2019,MD,1095863.0,58744.0,0.0,irs_990pf
261102664,THE VELAJ FOUNDATION,2019,CT,4352370.0,197843.0,177000.0,irs_990pf
416027291,PHILLIP SARA WILENSKY FAMILY,2019,MN,117464.0,7424.0,4500.0,irs_990pf
821947227,JERRY JEROME FOUNDATION,2019,MA,0.0,0.0,0.0,irs_990pf
046489324,MAY G H UART 4 8 OWO T17526,2019,RI,261866.0,17486.0,9154.0,irs_990pf
146222515,UA FCW HARTLEY - DGTERS AMER REV,2019,RI,94050.0,3109.0,4511.0,irs_990pf
020560726,NESHEIM FAMILY FOUNDATION INC,2019,WI,206639.0,44889.0,52900.0,irs_990pf
453850853,HELEN SHYU JOE CHU CHARITABLE,2019,CA,378423.0,1044.0,9280.0,irs_990pf
383631938,DEAN FAMILY FOUNDATION,2019,FL,1341965.0,187754.0,59000.0,irs_990pf
136034251,J F SCHOELLKOPF IV BERKSHIRE,2019,MA,186461.0,14306.0,0.0,irs_990pf
133006358,CARBONEL FOUNDATION,2019,NY,0.0,58804.0,1100514.0,irs_990pf
046855279,PAMELA RILEY SOMERS FOUNDATION,2019,RI,174594.0,11539.0,6899.0,irs_990pf
816182605,M T FOUNDATION,2019,TX,1838433.0,61775.0,73900.0,irs_990pf
900283747,RICHARD AND TEREZ ABATECOLA,2019,NY,2352541.0,327812.0,140000.0,irs_990pf
020588453,THE ZELMAN FAMILY FUND,2019,CA,2443011.0,136805.0,138389.0,irs_990pf
202810904,E A MAHONEY FAMILY FOUNDATION,2019,OH,1465867.0,67707.0,87050.0,irs_990pf
363993407,JOHN AND MARY WILLIS FOUNDATION,2019,IL,5419.0,10062.0,28000.0,irs_990pf
426646848,ARTHUR M POTTER CHARITABLE TRUST,2019,RI,1509556.0,103061.0,65763.0,irs_990pf
272457136,ELIZABETH J SCOTT FAMILY FOUNDATION INC,2019,FL,22736.0,25984.0,26100.0,irs_990pf
841389165,RYALS FAMILY FOUNDATION,2019,CO,509622.0,33616.0,21000.0,irs_990pf
203312486,THE CLARKE FAMILY FOUNDATION,2019,TX,9836816.0,2628490.0,380000.0,irs_990pf
207178239,SAMUEL ROSALIND B SPIELVOGEL,2019,NJ,663813.0,75912.0,31088.0,irs_990pf
411990835,SCHWAN S CORPORATE GIVING FOUNDATION,2019,MN,8397877.0,690544.0,1080250.0,irs_990pf
526185959,ELISE W ULBRICHT ANNUITY TRUST,2019,PA,1137352.0,116648.0,51815.0,irs_990pf
251545861,PRESBYTERIAN HOME FOR THE AGED,2019,PA,1890335.0,253025.0,72907.0,irs_990pf
526020335,JOHN W GARRETT,2019,PA,699936.0,182240.0,48288.0,irs_990pf
363679194,ROBERT AND MARTHA AND JOHN,2019,IL,813040.0,29595.0,100500.0,irs_990pf
461614052,POWER YOUTH FOREMAN FOUNDATION,2019,WA,85257.0,28446.0,8000.0,irs_990pf
046026378,TUA RENE L E REUTER 59,2019,RI,293266.0,16681.0,10218.0,irs_990pf
016013826,BARBARA THORNDIKE WIGGIN FUND,2019,RI,595627.0,37149.0,26000.0,irs_990pf
756066776,TUA C LG LLOYD 1-LLOYDSMU,2019,TX,1290026.0,220926.0,142980.0,irs_990pf
046444776,TUTUNJIAN SARKIS G 81765 BO CHARITIES,2019,RI,146796.0,8433.0,6129.0,irs_990pf
263884634,THE CASEMENT FUND LTD,2019,NY,149703.0,148100.0,70500.0,irs_990pf
208115212,THE LEO EMOGENE CASE FOUNDATION,2019,FL,5273981.0,211587.0,261000.0,irs_990pf
137156955,LUETZ RIEDEL CHARITABLE TRUST,2019,NY,220570.0,12213.0,18000.0,irs_990pf
141381296,ARVILLA E DIVER MEMORIAL LIBRARY,2019,NY,53846.0,59520.0,0.0,irs_990pf
453810274,THE BARNS MUSEUM,2019,IA,13109.0,373.0,,irs_990pf
436825948,ROBERT A MONNIG CHARITABLE TRUST,2019,MO,911590.0,66585.0,32711.0,irs_990pf
721546393,DON HOWARTH SUZELLE SMITH FOUNDATION,2019,CA,2590575.0,455320.0,249752.0,irs_990pf
742864663,THE MARSHAL VERNE ROSS FOUNDATION,2019,TX,4007716.0,457767.0,308500.0,irs_990pf
251874132,BUCK FOUNDATION INC,2019,PA,161539.0,7954.0,5000.0,irs_990pf
357085924,FLEA THEATER PLAYWRIGHTS FUND,2019,NY,1800491.0,206959.0,100000.0,irs_990pf
912144754,JEAN C SCHROEDER FOUNDATION,2019,OH,329949.0,62875.0,37550.0,irs_990pf
256033366,WINIFRED SEE JACKSON CHARITABLE TRUSTW,2019,PA,1618511.0,233018.0,61524.0,irs_990pf
043184969,PRINCIPLES OF KNOWLEDGE REPRESENTATION AND REASONING,2019,KY,62470.0,25094.0,2803.0,irs_990pf
541846029,BRENT FAMILY FOUNDATION,2019,VA,679041.0,67908.0,39500.0,irs_990pf
421462088,THE GERDIN CHARITABLE FOUNDATION,2019,IA,52914407.0,3561721.0,7716788.0,irs_990pf
721583639,THE MORKAL FOUNDATION,2019,CA,1454404.0,54632.0,71627.0,irs_990pf
274319466,THE MCLAUGHLIN DOTY FOUNDATION,2019,TX,3800936.0,305195.0,678967.0,irs_990pf
460547104,WAYNE ARLENE CHAPLIN FAMILY FOUNDATION,2019,FL,189710.0,700599.0,702648.0,irs_990pf
364481606,JO ANN AND RICHARD BEIGHTOL,2019,WI,1003075.0,62243.0,59500.0,irs_990pf
742983794,DR AND MRS HUGH A KENNEDY,2019,TX,11226335.0,603117.0,531350.0,irs_990pf
347159396,MCCOY MARY FAYE TESTAMENTARY,2019,PA,934415.0,101468.0,44491.0,irs_990pf
386149577,KENYON BESSIE TUW,2019,PA,1425182.0,148249.0,67968.0,irs_990pf
526024306,CHRISTIAN KLIMM,2019,PA,221033.0,35571.0,5863.0,irs_990pf
226070758,WILLIAM G ROHRER EDUCATIONAL FDN,2019,PA,522615.0,84305.0,50000.0,irs_990pf
516010467,MARGARET I HANDY FOUNDATION FOR CHILDREN,2019,PA,250120.0,28233.0,11894.0,irs_990pf
256730328,WRENN DIETZEL CHARITABLE FOUNDATION,2019,PA,1601879.0,227641.0,78745.0,irs_990pf
136104148,LIFE SAVINGS BENEVOLENT ASSOCIATION,2019,NY,657467.0,33504.0,13000.0,irs_990pf
541612293,RLPK FOUNDATION,2019,VA,396854.0,14721.0,31060.0,irs_990pf
256022908,LAUGHLIN MEMORIAL INC,2019,PA,175973.0,9073.0,9017.0,irs_990pf
526022085,SARAH BAUERNSCHMIDT HOSPITAL FD,2019,PA,1404581.0,951897.0,31421.0,irs_990pf
256065758,JANE DAN GRAY CHARITABLE TRUST,2019,PA,198655.0,20268.0,8836.0,irs_990pf
256357819,JOHN W SOFFEL FOUNDATION,2019,PA,2933768.0,392770.0,111463.0,irs_990pf
261082373,NICKOLAS AND GERMAINE MILANYTCH,2019,FL,34292.0,9208.0,5690.0,irs_990pf
753222944,DARREL E BERRY,2019,NC,95539.0,4660.0,5175.0,irs_990pf
421582228,SRIHARAN FAMILY CHARITABLE FOUNDATION,2019,NJ,0.0,0.0,0.0,irs_990pf
376511493,CSERPES MEMORIAL SCHOLARSHIP XXX-XX-XXXX,2019,IN,226661.0,13426.0,12189.0,irs_990pf
266002211,SATCHI CHARITABLE FOUNDATION,2019,NJ,1756.0,0.0,0.0,irs_990pf
842953756,THE CONRAD LENORE GARNER FOUNDATION INC,2019,MD,0.0,40000.0,16222.0,irs_990pf
752920385,FIONA ROSE MURPHEY FOUNDATION CHARITABLE TRUST,2019,TX,39905.0,0.0,7000.0,irs_990pf
823123678,THE CLAYMAN FOUNDATION,2019,PA,5261150.0,219241.0,364607.0,irs_990pf
346766689,SILER TRUST FBO ST MICHAEL S - IN,2019,OH,44642.0,1489.0,,irs_990pf
236202704,WALTER T BRADLEY,2019,PA,124908.0,7158.0,5008.0,irs_990pf
256021881,JAMES M CAMP CHARITABLE TRUST,2019,PA,311705.0,43920.0,11976.0,irs_990pf
812155948,MIKE AND MICHELLE BERLIN FAMILY,2019,NE,1213009.0,202482.0,157434.0,irs_990pf
522280710,THE MILLS FAMILY FOUNDATION INC,2019,NY,1422470.0,3416.0,95000.0,irs_990pf
356231196,T W J WALTER HASTEDT TRUST B,2019,PA,1477126.0,197629.0,53773.0,irs_990pf
376341465,MAYME CASE OMEARA PERPETUAL CHAR,2019,PA,2609032.0,469435.0,191293.0,irs_990pf
236558719,LOW FOR SYRACUSE UNIVERSITY,2019,PA,988144.0,134406.0,42108.0,irs_990pf
236824701,ALTA HARRINGTON,2019,PA,1072529.0,129485.0,43347.0,irs_990pf
810857451,GALADJIAN FAMILY FOUNDATION,2019,CA,2957767.0,1192.0,51000.0,irs_990pf
311751462,THE CHARLES B PREACHER FOUNDATION,2019,NE,1130975.0,87612.0,70000.0,irs_990pf
232894160,PERLOW FAMILY FOUNDATION,2019,PA,876239.0,325099.0,533603.0,irs_990pf
116035222,SID BARRY FOUNDATION INC,2019,CA,105929.0,116.0,1000.0,irs_990pf
261825456,BRUCE AND PHIPPS MENK FAMILY FOUNDATION,2019,CO,359433.0,19390.0,28025.0,irs_990pf
760410855,THE GIARDINI FOUNDATION,2019,TX,270886.0,35599.0,28500.0,irs_990pf
133830526,DOROTHY DEHNER FOUNDATION,2019,NY,397214.0,-14168.0,30500.0,irs_990pf
300530801,BETTY JO MOFFIT PATTERSON CHARITABLE FOUNDATION,2019,FL,1481283.0,44532.0,110052.0,irs_990pf
841405082,MENK FOUNDATION,2019,CO,178704.0,4344.0,11000.0,irs_990pf
386179392,FITCH SCHOLARSHIP TRUST,2019,MI,227073.0,38146.0,11000.0,irs_990pf
752570120,SEMMLER FUND INC,2019,TX,493105.0,112493.0,55000.0,irs_990pf
383563868,THE ROBINSON FAMILY FOUNDATION,2019,MI,190486.0,5523.0,7000.0,irs_990pf
363329165,SHIMER COLLEGE FOUNDATION,2019,TX,0.0,123.0,,irs_990pf
813400868,SCHERB FAMILY FOUNDATION,2019,DC,20916.0,10000.0,3000.0,irs_990pf
311739684,THE RALPH A JEANINE M MARRINSON,2019,FL,7505.0,143.0,0.0,irs_990pf
472868299,THE RODNEY M GOULD FOUNDATION INC,2019,CT,31781.0,66164.0,41698.0,irs_990pf
223174665,GARY P NANCY L DICRESCE FOUNDATION,2019,NY,215.0,0.0,0.0,irs_990pf
453659817,THE KEN AND DEBBIE JOHNSON FOUNDATION,2019,CA,215362.0,118305.0,141000.0,irs_990pf
830491533,DR MICHAEL SOPHIA YARBOROUGH,2019,NC,672974.0,290369.0,289500.0,irs_990pf
815312792,3 SISTER NON-PROFIT INC,2019,CO,6914.0,11021.0,10695.0,irs_990pf
205620671,THE BOMHOFF FAMILY FOUNDATION,2019,OK,10785.0,16888.0,11600.0,irs_990pf
812949314,HAVENICK FAMILY FOUNDATION INC,2019,FL,0.0,0.0,0.0,irs_990pf
656106335,D RICHARD MEAD CHARITABLE FOUNDATION,2019,IL,2534047.0,140746.0,132250.0,irs_990pf
823629810,JOHN AND BOBBIE MCKAMY FOUNDATION,2019,TX,0.0,1245.0,0.0,irs_990pf
760286746,THE ROSS FOUNDATION,2019,TX,217365.0,10475.0,41000.0,irs_990pf
954830299,THE JULIA STEARNS DOCKWEILER CHARITABLE,2019,CA,5666912.0,671591.0,341950.0,irs_990pf
830411921,FLORENCE ROBERT A ROSEN FAMILY FOUNDATION,2019,NY,2250102.0,278340.0,182769.0,irs_990pf
311734664,THE ROBERT A CERTILMAN FAMILY,2019,NY,612730.0,32469.0,43531.0,irs_990pf
205570543,ALPHA FOUNDATION INTERNATIONAL,2019,MI,79727.0,1038.0,500.0,irs_990pf
833645758,BLUMENTHAL FOUNDATION,2019,OK,2475562.0,2579728.0,73843.0,irs_990pf
470757962,LITTLE RED HEN THEATRE,2019,NE,994884.0,99548.0,0.0,irs_990pf
521532290,SHIRLEY DAVID B SYKES FAMILY FOUNDATION INC,2019,FL,293804.0,20972.0,33000.0,irs_990pf
481125883,GR S FOUNDATION,2019,KS,6386958.0,228344.0,349150.0,irs_990pf
936018713,CHESTER M WILCOX MEMORIAL SCHOLARSHIP FUND,2019,OR,337556.0,36905.0,27058.0,irs_990pf
461178877,THE GERHARD AND DIANE HILL CHARITAB,2019,TX,898845.0,26454.0,16800.0,irs_990pf
596875238,HOWARD T HIRSCHY FOUNDATION,2019,FL,172230.0,-35890.0,12750.0,irs_990pf
823026511,MAIBACH FAMILY FOUNDATION,2019,MI,10000.0,450000.0,540000.0,irs_990pf
203834761,RABAUT FAMILY FOUNDATION,2019,VA,4946016.0,283304.0,360700.0,irs_990pf
911804434,DONALD A JOAN M CIMPL FOUNDATION,2019,NE,1405309.0,245479.0,251924.0,irs_990pf
631248965,BARNETT FOUNDATION,2019,MS,141882.0,38222.0,85000.0,irs_990pf
346506110,MORLEY CHARLES-MAX TW 242-0938521,2019,OH,5450456.0,434724.0,213111.0,irs_990pf
386751392,GUMAER L MARY - SCHOLARSHIP FOUNDATION,2019,MI,258514.0,29849.0,10690.0,irs_990pf
411642234,VIRGIL ADKINS TRUST 117702,2019,MN,1261559.0,47093.0,47000.0,irs_990pf
042880378,SHAUN P SCULLY SCHOLARSHIP FUND INC,2019,MA,96202.0,6683.0,2000.0,irs_990pf
222796673,JOHN C BERNICE A RIEG CHARITABLE,2019,CT,2333175.0,256436.0,127048.0,irs_990pf
953952641,BN MALTZ FOUNDATION,2019,CA,371177.0,120866.0,,irs_990pf
472428123,LINE CONSTRUCTION ADVANCEMENT FUND,2019,NY,3531195.0,30590.0,,irs_990pf
330383370,MARY S ROBERTS FOUNDATION,2019,CA,1812150.0,21521.0,27637.0,irs_990pf
226920002,KAPLAN FAMILY FOUNDATION TRUST,2019,VA,0.0,0.0,0.0,irs_990pf
461634206,PERFECT LIGHT FOUNDATION,2019,TX,460380.0,17465.0,26250.0,irs_990pf
870622411,AMMON FOUNDATION,2019,UT,1347.0,3500.0,3540.0,irs_990pf
912147875,PFLEIDERER ESTHER CHARITABLE TRUST XXX-XX-XXXX,2019,IN,1412647.0,48337.0,88500.0,irs_990pf
450529796,THE P AND C CARROLL FOUNDATION,2019,TX,2695464.0,264231.0,511000.0,irs_990pf
416486621,FRIEDA PERSCHAU IRREVOCABLE TRUST,2019,MN,214256.0,8575.0,10891.0,irs_990pf
582435805,THE REESE SIS HART FOUNDATION,2019,SC,20019.0,942.0,3244.0,irs_990pf
366547187,ARCHACKI HELEN AKA ARCH 8,2019,MI,671143.0,126466.0,35000.0,irs_990pf
356759995,CHARLTON DONALD L EDUCATIONAL TRUST,2019,IN,1048035.0,58481.0,66000.0,irs_990pf
366700855,TR UW KRUSETRINITY CHURCH,2019,MI,152398.0,28295.0,7766.0,irs_990pf
386491228,VANWINGEN PETER J AND ANNE,2019,MI,217098.0,11314.0,10482.0,irs_990pf
261216961,RESOURCE CAPITAL FUNDS FOUNDATION,2019,CO,2998929.0,126748.0,190027.0,irs_990pf
464389577,TOGETHER WE CAN MAKE IT HAPPEN FOUNDATIO,2019,CA,16231.0,1029.0,,irs_990pf
311657317,THE ENGLEFIELD FOUNDATION,2019,OH,1470093.0,336862.0,109250.0,irs_990pf
346506577,GREER FREDERICK WILLIAM OCHR 242-0936400,2019,OH,153110.0,11821.0,8678.0,irs_990pf
463097366,ISLAMIC CENTER OF MARIETTA,2019,OH,223451.0,46543.0,0.0,irs_990pf
472615080,BIOWORLD FOUNDATION INC,2019,TX,1445066.0,84508.0,250000.0,irs_990pf
814598771,THE YURI FARBER FOUNDATION INC,2019,NY,0.0,0.0,,irs_990pf
311404734,THE PSALMS FOUNDATION,2019,OH,608659.0,1580341.0,2036828.0,irs_990pf
262870450,THE DEBBIE WATERSTONE WILDLIFE,2019,CA,1001.0,1251.0,,irs_990pf
576173490,POPE-BROWN FOUNDATION,2019,SC,1370048.0,143385.0,85000.0,irs_990pf
276192505,BOOKER FOUNDATION,2019,IN,599839.0,20541.0,0.0,irs_990pf
832904576,NORTHWOOD FOUNDATION,2019,CA,0.0,0.0,,irs_990pf
346557813,TOD FOUNDATION,2019,OH,97915.0,11926.0,46000.0,irs_990pf
832820395,HINENI FOUNDATION,2019,OH,45292.0,1106858.0,151245.0,irs_990pf
396055461,PUELICHER FOUNDATION INC,2019,WI,2281038.0,89126.0,301000.0,irs_990pf
726181248,CHARLES W ELIZABETH D GOODYEAR FOUNDATION,2019,LA,1362677.0,123835.0,130000.0,irs_990pf
256851025,DORTONE ESSER FOUNDATION,2019,PA,790638.0,250984.0,96500.0,irs_990pf
363526690,SAUNDERS FAMILY FOUNDATION,2019,MN,1024507.0,128107.0,54500.0,irs_990pf
264556075,AMBASSADOR MIKE RETZER CHARITABLE,2019,MS,12008.0,10000.0,2000.0,irs_990pf
576203090,BABCOCK CORNELIA FBO ELIZA TA 20-1182220,2019,OH,224979.0,19640.0,12432.0,irs_990pf
396051142,DR RG AND SARAH RAYMOND FOUNDATION,2019,WI,1205824.0,91346.0,70350.0,irs_990pf
582169008,JERI L WOLFSON FOUNDATION INC,2019,FL,308828.0,14483.0,19074.0,irs_990pf
382429175,WM MCNALLY FAMILY FOUNDATION,2019,MI,12732300.0,4359412.0,444235.0,irs_990pf
203954960,MARIE LEIST FOUNDATION INC,2019,WV,862200.0,50868.0,55825.0,irs_990pf
383567851,WILLIAM AND MARIE MOLNAR FOUNDATION CORP,2019,MI,3703705.0,463828.0,250000.0,irs_990pf
042368188,THE GEORGE S BISSELL CHARITABLE,2019,MA,1661838.0,40399.0,110000.0,irs_990pf
061602913,GRANT CHRISTINE KURTZ FDN,2019,NY,968787.0,62300.0,58842.0,irs_990pf
650967328,MR TS FAMILY FOUNDATION INC,2019,FL,911145.0,75264.0,41015.0,irs_990pf
522005740,THE WINSTON FOUNDATION INCORPORATED,2019,MD,426317.0,21207.0,10000.0,irs_990pf
464159224,THE KELLY J ROBERTS PRIVATE FOUNDATION,2019,CA,3472.0,140000.0,141000.0,irs_990pf
223512549,ZPR FAMILY FOUNDATION INC,2019,NJ,148617.0,20234.0,24000.0,irs_990pf
363826425,BERNARD R CAROL KOSSAR FOUNDATIONINC,2019,FL,1691357.0,117616.0,129885.0,irs_990pf
043673868,THE GOUGHARY FOUNDATION,2019,CA,142210.0,0.0,49000.0,irs_990pf
936018725,MILLIE BUSH CRARY BROWN MEMORIAL FUND,2019,OR,285272.0,31343.0,22766.0,irs_990pf
330998350,MARVIN P VERHULST FOUNDATION INC,2019,WI,3901365.0,240927.0,249800.0,irs_990pf
936024156,DOROTHY PEARCE CHARITABLE TRUST,2019,OR,229076.0,24304.0,14862.0,irs_990pf
815235970,SANZONE FAMILY FOUNDATION,2019,NY,2727120.0,328701.0,135000.0,irs_990pf
473980241,SUGAR FAMILY FOUNDATION,2019,NY,5372076.0,2256789.0,326250.0,irs_990pf
251875223,EDWIN AND KATHRYN CLARKE FAMILY FOUNDATION,2019,PA,716336.0,42164.0,59500.0,irs_990pf
200376891,FOUNDATION FOR CHILDRENS ALLIANCES FOR,2019,CA,955.0,0.0,,irs_990pf
270645674,LONETTI FAMILY FOUNDATION,2019,NV,6067.0,2.0,,irs_990pf
260006262,T M MITCHELL FDN DIMA-BLRK,2019,NY,2040231.0,281643.0,95805.0,irs_990pf
562355191,MARILYN AND EDWARD GADINSKY CHARITABLE,2019,FL,9605.0,0.0,0.0,irs_990pf
454039439,SCOTT MARGY TRUMBULL FAMILY,2019,MI,855916.0,834723.0,234667.0,irs_990pf
463260056,THE MARTINE AND DAN DRACKETT FAMILY,2019,ID,7190801.0,688824.0,418500.0,irs_990pf
346748261,MILLER GEORGE LEE MEMORIAL PFDN 20-0327240,2019,OH,3807427.0,387644.0,202594.0,irs_990pf
273254802,THE NOWAK FAMILY FOUNDATION INC,2019,TX,773598.0,126193.0,38000.0,irs_990pf
256030651,ANDREW MARY HERTZEL FUND 1,2019,PA,1260204.0,159824.0,50954.0,irs_990pf
581914208,BLANTON ENDOW TRUST FBO LIBRARY,2019,AR,191508.0,26654.0,11213.0,irs_990pf
766227681,WOODHOUSE FAMILY FOUNDATION,2019,TX,3476593.0,168321.0,346000.0,irs_990pf
836567352,THE-CORD OF THREE-FOUNDATION CHARITABLE TRUST,2019,PA,217387.0,3979.0,39745.0,irs_990pf
311515367,CHAMP CLARKE FOUNDATION C,2019,KY,107135.0,8239.0,10200.0,irs_990pf
347014071,DOROTHY J MORRIS TRUST,2019,OH,2215727.0,325829.0,173136.0,irs_990pf
026185823,ARNETA L BARTLETT 1995 TRUST XXX-XX-XXXX,2019,NH,301159.0,14423.0,16578.0,irs_990pf
036005306,MILDRED B MORTON COM CTR TR FND XXX-XX-XXXX,2019,NH,261550.0,11437.0,13500.0,irs_990pf
306296992,RAY FOUNDATION,2019,CO,4947836.0,166279.0,458572.0,irs_990pf
912077094,THE JAMES AND DOROTHY STANTON,2019,MI,81047.0,-1975.0,100.0,irs_990pf
316584209,DOROTHY S NEFF GIFT FUND TRUST FBO YWCA,2019,PA,484284.0,147374.0,21202.0,irs_990pf
464327757,POWER FOUNDATION INC,2019,ID,3218095.0,544296.0,165988.0,irs_990pf
201410917,JAMES AND GAIL MANZ FOUNDATION,2019,IL,565.0,9.0,,irs_990pf
161545713,THE JOSEPH E PETER FOUNDATION,2019,NY,72159.0,4837.0,4000.0,irs_990pf
386049653,KENNETH H CAMPBELL FD FOR NEUROLOGICAL,2019,MI,859535.0,87503.0,50000.0,irs_990pf
746046795,MEYER AND IDA GORDON FOUNDATION,2019,TX,2859332.0,66117.0,155625.0,irs_990pf
026006116,SARAH M BALCOM TRUST UW XXX-XX-XXXX,2019,NH,247539.0,10761.0,12863.0,irs_990pf
026004820,BENJAMIN KIMBALL TRUST UW XXX-XX-XXXX,2019,NH,6156423.0,542983.0,350672.0,irs_990pf
546184734,MILLERMARY ECHARITABLE-CA-TUW,2019,NC,477773.0,21235.0,22555.0,irs_990pf
526039803,G FRANK THOMAS FOUNDATION INC,2019,MD,3794023.0,552738.0,195000.0,irs_990pf
610891286,MARY COFER TRIGG SOUTHERN BAPTIST TR,2019,PA,1097581.0,165158.0,54201.0,irs_990pf
236856930,THE LESAIUS MEMORIAL FUND FOR MUHLERBERG,2019,PA,465082.0,66977.0,23018.0,irs_990pf
561950150,CARY OIL FOUNDATION INC,2019,NC,2645726.0,-217667.0,119892.0,irs_990pf
386077419,HENRY E CONSUELO S WENGER FOUNDATION INC,2019,MI,10678754.0,1570154.0,984130.0,irs_990pf
311514945,FLEMINGSBURG CHRISITAN CHURCH FOUNDATION - OREM,2019,KY,234489.0,6557.0,13500.0,irs_990pf
208105609,MERRILL PATRICIA KIRSCH CHARITABLE,2019,MN,547559.0,25485.0,30000.0,irs_990pf
026015674,TRUST UA ROSAIRE J COUILLARD XXX-XX-XXXX,2019,NH,821999.0,44739.0,45736.0,irs_990pf
616022770,LILLIAN M JONES MEM FDN TR UA,2019,PA,255164.0,62790.0,12688.0,irs_990pf
061560257,THE DEMATTIA CHARITABLE FOUNDATION INC,2019,CT,316644.0,333719.0,226200.0,irs_990pf
026050390,OLIN J COCHRAN TR UW XXX-XX-XXXX,2019,NH,3926493.0,236985.0,214224.0,irs_990pf
466034811,DOROTHY D GRAHAM SCHOLARSHIP FUND,2019,SD,232827.0,13757.0,13000.0,irs_990pf
616067599,NEWMAN LENA HARRIS MEM FD-U,2019,PA,506166.0,45321.0,22394.0,irs_990pf
066031193,STRONG THEODORE P TR UW,2019,RI,422298.0,26462.0,6937.0,irs_990pf
597267218,TUW LOUIS A COTTLE FBO WDMS,2019,RI,1334238.0,92967.0,63302.0,irs_990pf
236598164,ACKER GEO SCH,2019,RI,61892.0,4134.0,2500.0,irs_990pf
346515738,STAMBAUGH AVANELL C TA,2019,PA,632853.0,19440.0,34495.0,irs_990pf
346515503,SALLIE TOD FBO ST JOHNS TUW,2019,PA,330158.0,50272.0,17391.0,irs_990pf
275427739,THE PROGRESS FAMILY FOUNDATION INC,2019,MD,420251.0,31225.0,180500.0,irs_990pf
036074997,THELMA LARSON CHARITABLE TR XXX-XX-XXXX,2019,NH,400807.0,17416.0,20256.0,irs_990pf
352114817,THE HOSANNA FOUNDATION INC,2019,IN,499759.0,54087.0,48000.0,irs_990pf
026092643,ISABEL R BLODGETT MEMORIAL FUND XXX-XX-XXXX,2019,NH,91272.0,4088.0,4600.0,irs_990pf
546118268,RIDGEWAY FRED C-CHARITTUW,2019,NC,452039.0,27971.0,21085.0,irs_990pf
256061660,DOAK MEMORIAL TRUST,2019,PA,292483.0,43803.0,11197.0,irs_990pf
776257600,BLANTON ENDOW BANKERS HOUSE TR,2019,AR,955843.0,51404.0,88825.0,irs_990pf
386083931,WICKSON-LINK MEMORIAL FOUNDATION,2019,MI,5887713.0,1098777.0,266224.0,irs_990pf
836312684,BOLT FAMILY FOUNDATION,2019,NY,1448405.0,33337.0,55000.0,irs_990pf
202956055,DRUZIANICH FAMILY CHARITABLE FOUNDATION,2019,WA,3409965.0,356674.0,168285.0,irs_990pf
814635850,ROBERT F MARILYN A MILLER CATHOLIC,2019,NJ,21990.0,10075.0,3750.0,irs_990pf
521344225,BOYD FOUNDATION,2019,VA,328383.0,13509.0,43000.0,irs_990pf
823781813,BARBARA PETER STONE FAMILY FDNINC,2019,WI,18612227.0,1753103.0,1877500.0,irs_990pf
274022589,THE KAYLA JENNA KURMEMAJ CHILDREN,2019,NY,7425.0,0.0,,irs_990pf
450526292,THE BUNSON FAMILY FOUNDATION,2019,NY,909642.0,66238.0,200759.0,irs_990pf
760472391,THE VANDAL WINIFRED MERCER TEXAS,2019,TX,1781599.0,95710.0,75000.0,irs_990pf
621768433,THE JOHN AND HEIDI HASSENFELD,2019,TN,53735.0,102053.0,77548.0,irs_990pf
475456629,ISPHYR ROCHE CHARITABLE FOUNDATION,2019,AZ,5922.0,144230.0,,irs_990pf
300136525,LOUIS BLUM CHARITABLE FOUNDATION,2019,PA,498443.0,16850.0,24500.0,irs_990pf
264767193,CUP OF WATER INC,2019,CA,492886.0,59403.0,14873.0,irs_990pf
582138339,CHARLES AND ELSIE RUBEN FOUNDATION INC,2019,GA,360328.0,16030.0,33379.0,irs_990pf
472438016,OEDEKOVEN-VICKLUND FOUNDATION,2019,WY,87999.0,832.0,25000.0,irs_990pf
911746622,THE PETERSON FAMILY FOUNDATION,2019,WA,9696.0,100121.0,239200.0,irs_990pf
301117489,THE BROWN FAMILY FOUNDATION,2019,SC,0.0,0.0,0.0,irs_990pf
616256213,RENEAU ALLINE UW,2019,NC,814898.0,28406.0,44638.0,irs_990pf
256369182,KATHYRN PETERS SCHOELLER TRUST,2019,PA,1021061.0,141212.0,43701.0,irs_990pf
616160125,CLARK CO REG MED CTR S MCCORMICK,2019,PA,153875.0,22848.0,8643.0,irs_990pf
396129481,HENDRICKSON SCHOLARSHIP TR,2019,WI,78167.0,3958.0,4000.0,irs_990pf
200856943,THE DOUG AND BETSEY SCHWAB AND FAMILY,2019,DE,326638.0,16750.0,126000.0,irs_990pf
246020452,ROBERTS STUDENT AID FUND,2019,RI,133774.0,7262.0,4600.0,irs_990pf
066032904,ELLSWORTH H SCHOLARSHIP FUND,2019,RI,107582.0,6940.0,8557.0,irs_990pf
364120111,HANNAH FRANK GROSSMAN CHARITABLE TRUST II,2019,IL,704429.0,107533.0,100000.0,irs_990pf
475620198,THE WHITCOMB FAMILY FOUNDATION INC,2019,DE,11930543.0,2625872.0,1226555.0,irs_990pf
261531229,AFFLUERE FOUNDATION,2019,DE,308525.0,20254.0,15000.0,irs_990pf
237112973,REBAY UW FBO H REBAY FDN,2019,RI,3025666.0,118029.0,140000.0,irs_990pf
270858822,THE CRAWFORD FAMILY FOUNDATION,2019,DE,1949435.0,262773.0,93815.0,irs_990pf
026060522,NORRIS COTTON TUA-MHMH,2019,RI,657779.0,39758.0,22304.0,irs_990pf
562166688,THE E MERLE OLLIE W EDWARDS FOU,2019,NC,1138673.0,41929.0,58750.0,irs_990pf
821829984,THE WISNER FAMILY FOUNDATION,2019,MT,1814569.0,353771.0,47000.0,irs_990pf
546191759,GEORGE S ARNOLD TUA,2019,NV,180178.0,17798.0,10000.0,irs_990pf
046913063,TYNAN FAMILY CHARITABLE TRUST,2019,CT,1142776.0,69404.0,65500.0,irs_990pf
237128436,WHALLEY CHARITABLE TRUST,2019,PA,3223509.0,231581.0,171732.0,irs_990pf
472105299,ALEPH FOUNDATION,2019,OK,63635.0,4025.0,3200.0,irs_990pf
391892801,READ FOUNDATION INC,2019,WI,598190.0,183885.0,109180.0,irs_990pf
480927224,LOCAL CABIN FUND INC,2019,KS,449253.0,829.0,0.0,irs_990pf
571123927,ELIZABETH CALVIN BONNER FOUNDATION,2019,SC,343240.0,32662.0,23800.0,irs_990pf
824415233,KIDSMUSTMATTER INC,2019,CO,0.0,0.0,1188.0,irs_990pf
454005141,SIDNEY AND BERNICE CLYMAN,2019,CA,3303613.0,1781632.0,63260.0,irs_990pf
352543625,LEVIN FAMILY FOUNDATION,2019,CA,106070.0,37800.0,11150.0,irs_990pf
264297010,BARNABAS FAMILY FOUNDATION,2019,MO,59618.0,149178.0,157087.0,irs_990pf
202056638,THE TOM AND ELLIE FRAZIER CHARITABLE FOUNDATION INC,2019,WA,74628.0,508.0,11000.0,irs_990pf
811963020,COMRAS FAMILY FOUNDATION INC,2019,FL,679968.0,269948.0,85433.0,irs_990pf
461628911,EQUORUM ET PLUS FOUNDATION INC,2019,PA,948846.0,508559.0,22100.0,irs_990pf
546426032,R G ATKINS EDUCATIONAL TRUST,2019,NC,789091.0,39821.0,45500.0,irs_990pf
346515637,JACKSON JANE TW I6,2019,PA,218353.0,25038.0,10694.0,irs_990pf
546069649,MASON LEONA I TUA,2019,NV,2130663.0,202299.0,108000.0,irs_990pf
376288240,PALLING GEORGE E PEARL TUW,2019,NV,319759.0,6739.0,13000.0,irs_990pf
236509275,BEALE-SCHOLARSHP,2019,NV,102373.0,10493.0,5000.0,irs_990pf
546161128,ANNA STINE TUW,2019,NV,122305.0,12288.0,5000.0,irs_990pf
566035045,JOSEPH DAVE FOUNDATION,2019,NV,415676.0,24041.0,13250.0,irs_990pf
236212640,MCCLURE F G M FBO CHARS IR TUA,2019,NV,550267.0,59300.0,26928.0,irs_990pf
416013654,LYNUM EDITH H,2019,NV,1582668.0,70326.0,103435.0,irs_990pf
276906568,THE JOHN M GESSELL CHARITABLE TRUST,2019,TN,494025.0,23197.0,0.0,irs_990pf
206047452,HENRY LEN DEFOOR CHARITABLE TRUST,2019,NV,562112.0,62738.0,26000.0,irs_990pf
465065148,BLANK ALLAN AND MARGOT FDN,2019,NV,4684081.0,235700.0,250000.0,irs_990pf
316628515,JOHNSON RICHARD H FOUNDATION,2019,NV,235076.0,29811.0,11500.0,irs_990pf
576139022,DOROTHY FRIEND M ITA,2019,NV,1251484.0,124002.0,66000.0,irs_990pf
236215239,RHINELANDER P FBO EPIS 4947 IR TUA,2019,NV,342512.0,33518.0,15000.0,irs_990pf
566050004,CHARLES A STRICKLAND MEMORIAL FUND,2019,NV,2413862.0,228038.0,125000.0,irs_990pf
276008247,BUZZI TT,2019,NV,1438062.0,57487.0,74000.0,irs_990pf
436917040,CURTIS AND LOUISE MACDONALD FDN,2019,NV,951998.0,54714.0,52000.0,irs_990pf
256898942,GIDEON A COX CHARITABLE TRUST,2019,NV,2837754.0,297905.0,145250.0,irs_990pf
236211310,BAKER LILLIE T W FBO SUNDRY HOSP,2019,NV,2512540.0,283089.0,135000.0,irs_990pf
201584233,GLOBAL PROMISE FOUNDATION,2019,AZ,832298.0,44290.0,61488.0,irs_990pf
236213844,GARBER E FBO PRESBY OF PHILA TUW,2019,NV,101687.0,4994.0,1000.0,irs_990pf
237428278,HUNT C GILES CHAR - MAIN,2019,NV,4638587.0,203577.0,250034.0,irs_990pf
236544346,FAMILY GUID CTR,2019,NV,78517.0,8335.0,3000.0,irs_990pf
236925608,HELEN M LUKENS CHARITABLE TR MAIN,2019,NV,1409183.0,139382.0,90000.0,irs_990pf
436880485,PROCTOR MULLIGAN FOUNDATION,2019,NV,4696404.0,297638.0,315000.0,irs_990pf
256189048,KAMP RICHARD L,2019,NV,463614.0,45135.0,21250.0,irs_990pf
526224609,MARY E CROMWELL TRUST,2019,NV,347469.0,35018.0,16000.0,irs_990pf
226088368,RUTH PROSSER TW,2019,NV,159762.0,17416.0,6495.0,irs_990pf
426126030,MARTIN LM TW 2 FBO ST MARK S CH,2019,NV,616102.0,45473.0,24000.0,irs_990pf
236210598,WILSON J FBO CHARITIES 4947 TUW,2019,NV,1740700.0,203467.0,78999.0,irs_990pf
541764100,HAWKINS MEMORIAL TRUST,2019,NV,343257.0,33638.0,15000.0,irs_990pf
946720263,MARGARET STARR WEBB SCHOLARSHIP TRUST,2019,NV,374413.0,23666.0,19000.0,irs_990pf
636230318,HOWARD B REGISTER SCHSHP TR U W,2019,NV,373148.0,36955.0,19000.0,irs_990pf
866254892,THE COLEE CHARITABLE TRUST,2019,IL,1249530.0,72898.0,62538.0,irs_990pf
467048885,REID ROBERT AND JEAN FAMILY FDN,2019,IL,44883304.0,2946429.0,2200000.0,irs_990pf
474052412,RADFORD L AND PATRICIA CROCKER,2019,TX,6295.0,152013.0,142031.0,irs_990pf
596952608,E R KEIG ALICE KEIG SCHOLARSHIP FUND,2019,IA,604961.0,37386.0,37000.0,irs_990pf
116033399,A R BROOKS FBO AMER FED OF ARTS,2019,RI,236382.0,13952.0,11107.0,irs_990pf
311538179,THE BRISBEN FAMILY FOUNDATION,2019,FL,1100.0,0.0,0.0,irs_990pf
066560382,THE WILLIAM H ROSANNA T ANDRULAT,2019,CT,1692333.0,218473.0,89000.0,irs_990pf
204790293,WILLIAM F PAMELA J SMITH FAMILY,2019,TX,8950.0,180000.0,188100.0,irs_990pf
367160372,MARIE C WOLF CHARITABLE TRUST,2019,IL,6745849.0,545799.0,342994.0,irs_990pf
363776545,JIM AND AUDREY BAILEY FOUNDATION,2019,WY,2359617.0,25005.0,40000.0,irs_990pf
223762346,THE R C GIANCRISTOFARO FAMILY,2019,NJ,315549.0,62289.0,78765.0,irs_990pf
391037432,F J ZIMMERMANN FOUNDATION,2019,IL,2105921.0,127857.0,147240.0,irs_990pf
352123626,BAJ FOUNDATION INC,2019,IN,1445175.0,71643.0,365081.0,irs_990pf
464443558,LOUIS S HENSLEY JR FAMILY,2019,IN,1626428.0,158856.0,122500.0,irs_990pf
356041739,ATLAS FOUNDRY FOUNDATION INC,2019,IN,686697.0,97677.0,64086.0,irs_990pf
426485815,WESLEY AND BARBARA SWILER MEMORIAL,2019,IA,240785.0,12376.0,12600.0,irs_990pf
311540241,LEORA PREWITT CHARITABLE REMAINDER,2019,KY,341707.0,29053.0,16865.0,irs_990pf
226285263,RUSSELL W MARSDEN EDUCATIONAL TRUST XXXXX6005,2019,IL,0.0,17427.0,68125.0,irs_990pf
061308676,THE PETERMAN DEMINICO FAMILY,2019,OH,371314.0,106139.0,20100.0,irs_990pf
273188121,LEACH FAMILY FOUNDATION INC-TR,2019,PA,16332.0,203.0,,irs_990pf
236225759,HUNSBERGER CHARLES A - UW,2019,PA,534401.0,29395.0,27250.0,irs_990pf
823801125,KATY AND KYLE MILLER FAMILY FOUNDATION,2019,TX,6000950.0,472111.0,239068.0,irs_990pf
166102231,STEVENSON FOUNDATION TRUST XXXXX3009,2019,IL,110991.0,28967.0,4676.0,irs_990pf
208698800,AGNEW FAMILY FOUNDATION,2019,WA,1086371.0,204792.0,74000.0,irs_990pf
256678476,THE BFF FRIENDSHIP FOUNDATION,2019,PA,934711.0,54010.0,50000.0,irs_990pf
166222234,CHAUNCEY H WINTERS TUW,2019,NY,8423860.0,2523541.0,416168.0,irs_990pf
411764133,NEUROSCIENCE RESEARCH FOUNDATION,2019,MN,28472.0,324.0,0.0,irs_990pf
232949160,THE MUKAIYAMA-RICE FOUNDATION,2019,PA,3944753.0,304684.0,183000.0,irs_990pf
800304018,JACOBS FAMILY FOUNDATION INC,2019,PA,1378543.0,125512.0,67970.0,irs_990pf
271491831,MORRIS DANTZKER FOUNDATION,2019,CA,218069.0,10828.0,27500.0,irs_990pf
367167862,TROUT CHARITABLE FOUNDATION,2019,IL,422518.0,13026.0,35000.0,irs_990pf
526527249,J WILLARD MARRIOTT JR FOUNDATION,2019,MD,708657.0,325466.0,323400.0,irs_990pf
366940417,WAVERING FAMILY CHARITABLE FOUNDATION,2019,IL,11261766.0,1088491.0,715650.0,irs_990pf
467192323,EMAGENE K WHEELER TRUST,2019,PA,1335778.0,53278.0,55056.0,irs_990pf
236908185,ROSE LUSTINA OLGA E LUSTINA AND BARBARA,2019,PA,628741.0,95183.0,30726.0,irs_990pf
226631203,UNIVERSITY OF VERMONT STATE AGR COLLE,2019,PA,3136551.0,134677.0,163258.0,irs_990pf
208004558,THE STRAUSS FAMILY FOUNDATION,2019,CO,657386.0,-36862.0,63010.0,irs_990pf
010837016,CAMILLE SNIDER CHARITABLE REMAINDER,2019,AL,671923.0,103589.0,56607.0,irs_990pf
856098694,ROY G DALPRA SCHOLARSHIP FUND,2019,NM,652865.0,41348.0,41615.0,irs_990pf
832802879,THE MO AND CHER WILLEMS FOUNDATION,2019,CA,156480.0,300981.0,302983.0,irs_990pf
256574308,KELLEY MARIAN J - MEM TR,2019,PA,1712668.0,91174.0,94804.0,irs_990pf
256770250,BRINKER EDWARD FOR CLAUDIA-TR,2019,PA,492491.0,26091.0,28369.0,irs_990pf
237866272,ELLIS M FOR HEIDELBERG UN CH-TR,2019,PA,118357.0,6257.0,5962.0,irs_990pf
471545339,HARRIS LEGACY FOUNDATION,2019,CT,650720.0,18230.0,14000.0,irs_990pf
016101113,EDITH M MCCOBB TRUST,2019,ME,1336307.0,94090.0,68450.0,irs_990pf
542061680,NEWBERGER FAMILY FOUNDATION INC,2019,VA,97198.0,55000.0,50670.0,irs_990pf
456533936,THE WAY AHEAD TRUST,2019,TX,2124261.0,302631.0,270200.0,irs_990pf
467164981,JERRY E WHYTE DEE ANN HOLLEMAN,2019,WA,1277901.0,66706.0,73320.0,irs_990pf
346571697,WILFORD E NICHOLS FBO GRELTON,2019,OH,2973311.0,162678.0,170125.0,irs_990pf
256021375,CLAUDE B LARTZ TW VERA LARTZ,2019,PA,4332366.0,234340.0,196733.0,irs_990pf
236468678,F BISHOP TRUSTW FOR METHODIST CHARITY,2019,PA,312138.0,112550.0,11874.0,irs_990pf
475517499,OHM SHREE FOUNDATION,2019,DE,129135.0,0.0,3100.0,irs_990pf
256800846,HELEN GALLAGHER CHARITABLE TRUST,2019,PA,468883.0,73201.0,22674.0,irs_990pf
136098475,DAVID B AND EDWARD C GOODSTEIN,2019,CA,66582.0,320372.0,172600.0,irs_990pf
742987244,W H MERCER MEMORIAL FUND,2019,TX,103295.0,2788.0,1000.0,irs_990pf
203454874,THE SURF CLUB OF QUOGUE SCHOLARSHIP,2019,NY,148559.0,72862.0,32000.0,irs_990pf
391738344,WILLIAM BEVERLY SIEG FAMILY FOUNDATION,2019,WI,204126.0,10588.0,9000.0,irs_990pf
716124528,FOX ETHEL ANGUS TRUST,2019,OK,1232427.0,87229.0,69163.0,irs_990pf
650685900,BROWN FOUNDATION INC,2019,FL,9846.0,13.0,3000.0,irs_990pf
136023212,BURDETTE E SNYDER FOUNDATION XXXXX8008,2019,IL,25616.0,11116.0,156455.0,irs_990pf
066086889,SAMUEL A MCINTOSH TRUST UW FBO THE CENTER,2019,CT,252055.0,10388.0,13536.0,irs_990pf
510177271,JB DAHM FOUNDATION,2019,IA,925220.0,44250.0,29185.0,irs_990pf
046195965,FRANK GERRITY CHARITABLE TRUST,2019,MA,3302534.0,676330.0,283700.0,irs_990pf
856098695,ROY G DALPRA SCHOLARSHIP FUND,2019,NM,526582.0,35833.0,33655.0,irs_990pf
616163014,UNIVERSITY OF LOUISVILLE ALTSHELER TRUST,2019,PA,594889.0,64460.0,27104.0,irs_990pf
240811508,MYER DAVIDOW FOUNDATION,2019,PA,2375580.0,202140.0,175754.0,irs_990pf
454154698,MULLIN FAMILY FOUNDATION,2019,NJ,2388602.0,2417193.0,105000.0,irs_990pf
311197125,WESTWOOD ENDOWMENT INC,2019,TN,3538601.0,863054.0,2352224.0,irs_990pf
136114110,THE GREEN FOUNDATION,2019,NY,324516.0,6208.0,14350.0,irs_990pf
581897340,NASH COUNTY FOUNDATION TO REDUCE,2019,NC,171331.0,12134.0,10500.0,irs_990pf
822244982,NORCAL GROUP FOUNDATION,2019,VA,0.0,250000.0,240312.0,irs_990pf
953958158,WILLARD E BARTEL FOUNDATION,2019,CA,404509.0,31254.0,28763.0,irs_990pf
815011883,THE RICK AND TINA MALNATI CHARITABLE,2019,IL,3004518.0,269055.0,384700.0,irs_990pf
256851586,BARBIERI FBO ITAL AMER COMM SERV-TR,2019,PA,1016228.0,51889.0,45276.0,irs_990pf
236227398,RHOADS T L UD L RHOADS FOUNDATION,2019,PA,1395962.0,74947.0,69000.0,irs_990pf
566046763,CHARLES IRENE NANNEY FOUNDATION,2019,NC,3174535.0,111123.0,138750.0,irs_990pf
943322790,SHAILESH KALPA MEHTA CHARITABLE,2019,CA,1050325.0,40817.0,250000.0,irs_990pf
516525774,THE WINDING WAY FNDTN 2002 CHAR TR XXXXX8004,2019,IL,0.0,41789.0,43080.0,irs_990pf
237884654,VAN DUSEN MARY WATT-TR,2019,PA,552377.0,8349.0,25896.0,irs_990pf
256031930,WHEELER MARY ALICE - UW,2019,PA,3320102.0,133433.0,184000.0,irs_990pf
236409220,REYNOLDS EDITH BENE TR U W,2019,PA,356151.0,18659.0,17400.0,irs_990pf
814219519,HORSE POWER HELPS FARM INCORPORATED,2019,VA,2313441.0,885939.0,0.0,irs_990pf
256031332,SMEDLEY LAURA M TUW,2019,PA,2651792.0,141486.0,146684.0,irs_990pf
133446831,THE EDOUARD FOUNDATION INC,2019,NY,10531668.0,617674.0,607500.0,irs_990pf
756296079,D R HEADSTREAM FARM CO-TRUSTEE UW XXXXX5000,2019,IL,0.0,48742.0,910377.0,irs_990pf
256764377,EDWARD GELB FLORENCE GELB CHAR TR,2019,PA,115594.0,6022.0,5634.0,irs_990pf
256134076,MCGILL EARL W JULIA T MEM FD-TR,2019,PA,98631.0,4279.0,4498.0,irs_990pf
236992853,CONWAY WING DICKSON GERTRUDE MEM TR,2019,PA,7385549.0,369259.0,418500.0,irs_990pf
363994192,LOGOS CHARITABLE FUND INC CO ENDURANCE ASSET MANAGEMENT LLC,2019,IL,5599142.0,634404.0,242302.0,irs_990pf
043498622,MISSION HILLFENWAY NEIGHBORHOOD TRUST,2019,MA,2380259.0,183198.0,83335.0,irs_990pf
256024153,JOHN C WILLIAMS CHARITABLE TR 8024,2019,PA,7432534.0,407005.0,368388.0,irs_990pf
346511162,WILLIAM DALL TW,2019,PA,351859.0,13676.0,8632.0,irs_990pf
710811364,TRUMAN ANITA ARNOLD FOUNDATION,2019,TX,4700852.0,1914014.0,450000.0,irs_990pf
020798403,ROBERT M AND MARTHA J SUPLEE FOUNDATION,2019,PA,2060235.0,11808.0,101000.0,irs_990pf
471631870,RICHARD AND MARY ANN SLEECE FOUNDATION,2019,VA,51573.0,45791.0,50275.0,irs_990pf
841392178,ELDA SHOEMAKER CHARITABLE TRUST,2019,WY,495711.0,20547.0,37224.0,irs_990pf
136063390,NOTEMAN MEMORIAL FUND TRUST,2019,PA,5289295.0,911168.0,620288.0,irs_990pf
236745014,CAIRNS ERNESTINE BACON TRUST UW,2019,PA,1977084.0,106095.0,105000.0,irs_990pf
236697937,HEUSNER FBO ST MATTHEWS CHURCH,2019,PA,125531.0,6487.0,6267.0,irs_990pf
472620307,THE AMERICAN HOME FOUNDATION,2019,OH,3145454.0,758634.0,910100.0,irs_990pf
016044199,GRACE WESTERFIELD TRUST,2019,ME,314377.0,10821.0,18339.0,irs_990pf
586441164,ROOZITALAB FAMILY FOUNDATION,2019,GA,0.0,0.0,0.0,irs_990pf
136745231,ROBERT H TAYLOR FOR PRINCETON UNIV XXXXX3005,2019,IL,0.0,12488.0,564190.0,irs_990pf
366646475,QUARRIE CHARITABLE FUND 02-46558,2019,IL,3799333.0,250985.0,218169.0,irs_990pf
246012330,ABRAM G NESBITT,2019,PA,2948946.0,267388.0,128584.0,irs_990pf
527005996,JESSE AND HELEN COGGINS MEMORIAL TRUST,2019,PA,489498.0,57616.0,26210.0,irs_990pf
061602235,LAUTENBACH FAMILY FOUNDATION,2019,IL,2722652.0,1559804.0,480000.0,irs_990pf
931296528,MACKWORTH-MENDOZA FOUNDATION,2019,OR,963175.0,503923.0,54500.0,irs_990pf
274269223,DKJL FAMILY FOUNDATION,2019,NE,5927.0,27511.0,52500.0,irs_990pf
911496816,MOSS ADAMS FOUNDATION,2019,WA,1278301.0,995104.0,796587.0,irs_990pf
616022098,MW BROWNNATL COL DAMES AMER-L TRUW,2019,PA,239741.0,42032.0,11708.0,irs_990pf
226580528,LOUISE WASHINGTON CHARITABLE TR,2019,PA,27078628.0,1957119.0,1502915.0,irs_990pf
366028439,MARGUERITE LISTEMAN FUND,2019,IL,4248415.0,235716.0,245000.0,irs_990pf
454968648,ARCHULETA FAMILY FOUNDATION,2019,CO,436797.0,442292.0,26700.0,irs_990pf
581574762,MILES J SMITH FAMILY FOUNDATION,2019,NC,820242.0,62115.0,39795.0,irs_990pf
346745005,RUSSELL LEROY W SCHOLARSHIP FUND,2019,PA,100194.0,23902.0,3720.0,irs_990pf
347218369,JOHN B COOLEY CHARITABLE TRUST 2,2019,PA,150523.0,19297.0,7119.0,irs_990pf
656146949,BEATRICE B TINSLEY PERPETUAL CHARITABLE TRUST,2019,IL,17038030.0,1139264.0,1069728.0,irs_990pf
816322864,MCCORVEY FAMILY FOUNDATION,2019,AL,292640.0,11072.0,18270.0,irs_990pf
916031350,ESTATE OF JOSEPH L STUBBLEFIELD,2019,WA,8256103.0,1090794.0,741931.0,irs_990pf
474925970,SEARCH FOR GOOD FOUNDATION,2019,TX,389.0,0.0,,irs_990pf
202077682,BOWLES RICE FOUNDATION,2019,WV,1497095.0,88062.0,76000.0,irs_990pf
621515107,ADAMS FAMILY FOUNDATION I,2019,TN,4964462.0,652674.0,600500.0,irs_990pf
473993256,FURTHER FORWARD FOUNDATION INC,2019,NY,6929254.0,140042.0,332000.0,irs_990pf
943347336,FITZPATRICK FAMILY FOUNDATION,2019,CA,5592969.0,250982.0,352350.0,irs_990pf
821382853,BRENDANS SMILE FOUNDATION INC,2019,IL,5054.0,17686.0,776.0,irs_990pf
455580558,SCARY LEG RUNNERS,2019,NY,1976.0,8571.0,4305.0,irs_990pf
256655172,BETTY LEO BALZEREIT FOUNDATION 1001-06-10,2019,PA,3595358.0,238185.0,480000.0,irs_990pf
636177549,JUDY GILBERT JOHNSON FAMILY FOUNDATION,2019,AL,375545.0,-14041.0,22000.0,irs_990pf
453999774,JAMES J HELEN M MCCAFFERY CHARITABLE,2019,CO,4162784.0,313510.0,260000.0,irs_990pf
161575913,THORN FAMILY FOUNDATION,2019,NY,1337625.0,95298.0,81085.0,irs_990pf
356755252,THE JUNE E ENOCH FOUNDATION XXX-XX-XXXX,2019,IN,4214616.0,403365.0,1075000.0,irs_990pf
472272136,THE SORIA FAMILY FOUNDATION INC,2019,FL,41182.0,1079.0,0.0,irs_990pf
366132949,WINONA CORPORATION,2019,IL,4057380.0,356248.0,222500.0,irs_990pf
376353965,BRENT TAYLOR PERPETUAL CHAR TRUST,2019,IL,0.0,232.0,,irs_990pf
396687483,LARSON JOHN BEVERLY FOUNDATION,2019,WI,345857.0,17074.0,34500.0,irs_990pf
236760427,MAYS RICHARD R II SCHOLARSHIP TRUST,2019,NC,13789.0,539.0,1500.0,irs_990pf
581951769,FLIPPEN TF ST JUDE,2019,FL,2570424.0,161922.0,134095.0,irs_990pf
391897340,BOUWER FAMILY FOUNDATION,2019,WI,145568.0,6459.0,8654.0,irs_990pf
616151610,ELENORE FRANCISCO EDUCATIONAL TRUST XXX-XX-XXXX,2019,IN,418017.0,37351.0,40000.0,irs_990pf
586026006,MARY V CONNALLY FOUNDATION FBO,2019,FL,601883.0,32322.0,31743.0,irs_990pf
206364334,A CARL MARY H HEINRICH CHAR TR,2019,FL,2301537.0,130336.0,99406.0,irs_990pf
263074723,ROSE FRANCIS FOUNDATION,2019,MN,2159677.0,60498.0,388860.0,irs_990pf
061516691,AVATAR MEHER BABA FOUNDATION INC,2019,CT,1548989.0,145056.0,83600.0,irs_990pf
273131024,THE SALMON CHILDRENS FOUNDATION INC,2019,NY,20574.0,15398.0,7354.0,irs_990pf
616553776,THE CREECH FAMILY FOUNDATION,2019,MT,500.0,1125.0,100.0,irs_990pf
043572545,FORGES FARM INC,2019,MA,2963313.0,-44660.0,15300.0,irs_990pf
356009799,BURT H WHITELEY RESIDUAL TRUST XXX-XX-XXXX,2019,IN,201206.0,14272.0,15635.0,irs_990pf
276095122,WAHL FAMILY CHARITABLE TRUST XXX-XX-XXXX,2019,IN,752910.0,33667.0,41200.0,irs_990pf
166185002,WALKER TUW FBO IRA DAVENPORT HOSP XXX7910,2019,NY,182228.0,7527.0,11231.0,irs_990pf
540555235,TAYLOR FOUNDATION,2019,FL,1105534.0,38383.0,90600.0,irs_990pf
201281379,FRANK AND RITA KELLY FOUNDATION,2019,PA,266544.0,13335.0,21080.0,irs_990pf
356306698,BALL BROTHERS TRUST FBO WABASH XXX-XX-XXXX,2019,IN,397255.0,23918.0,32182.0,irs_990pf
356713911,HAZEL TRAVIOLI CHARITABLE TRUST XXX-XX-XXXX,2019,IN,1530682.0,43751.0,60000.0,irs_990pf
586026067,TR VIRGIL P WARREN FDN UA,2019,FL,2476583.0,176367.0,101249.0,irs_990pf
596226056,MCCLELLAND RALPH E TESTAMENTARY TRUST,2019,FL,400418.0,16809.0,22588.0,irs_990pf
476425154,RICHARD BARBARA COLEMAN CHARITABLE TR,2019,NY,1321751.0,45510.0,74531.0,irs_990pf
326082250,LUCILLE COWELL CHARITABLE TRUST,2019,AL,621350.0,26937.0,31703.0,irs_990pf
597211714,ROBERT L CROWELL CHARITABLE TRUST,2019,VT,774823.0,162155.0,,irs_990pf
826106139,SIDNEY A LENGER CHARITABLE TRUST,2019,NJ,398208.0,15608.0,,irs_990pf
276204423,THE HILLTOP FOUNDATION,2019,VA,5837439.0,342843.0,542100.0,irs_990pf
134034456,M M SCHWARTZ FAMILY FOUNDATION,2019,NJ,2646610.0,669136.0,192750.0,irs_990pf
351583121,ROACHDALE VOLUNTEER FIRE DEPARTMENT,2019,IN,6786.0,9900.0,,irs_990pf
834414617,VICTORVILLE THANKSGIVING MISSION FOUNDATION,2019,CA,3768.0,16500.0,,irs_990pf
276386032,ANNA KNOWLES PITTMAN DENTAL FOUNDATION TR,2019,IN,535427.0,26078.0,12506.0,irs_990pf
472609668,MAK FOUNDATION,2019,AZ,151704.0,375018.0,391500.0,irs_990pf
810887416,SPRING FOUNTAIN INC,2019,NY,110025.0,0.0,6000.0,irs_990pf
597173207,MARIE A AND WILLIAM G WIENHUSEN,2019,FL,1398431.0,70630.0,81000.0,irs_990pf
364622550,WILLIAM WINIFRED FREEMAN,2019,IL,3728.0,50127.0,46250.0,irs_990pf
820644765,EARL AND ELIZABETH ASH FOUNDATION,2019,NV,3361239.0,389822.0,213450.0,irs_990pf
946642644,THE JAY DEFEO FOUNDATION,2019,CA,20456613.0,346326.0,60250.0,irs_990pf
260477432,SHUGAR MAGIC FOUNDATION,2019,CA,1887313.0,159826.0,216260.0,irs_990pf
825304638,PUEBLO ST PAUL MEMORIAL ENDOWMENT,2019,CO,395741.0,8869.0,15250.0,irs_990pf
202495316,LGSO FOUNDATION INC,2019,TX,5414.0,34712.0,31919.0,irs_990pf
043596344,THE MILES C HAUTER FOUNDATION,2019,IL,4057349.0,358217.0,241875.0,irs_990pf
311312771,HOME BUILDERS ASSOCIATION OF GREATER,2019,OH,56548.0,1140.0,10000.0,irs_990pf
311375646,MIROLO CHARITABLE FOUNDATION,2019,OH,2593258.0,291149.0,167500.0,irs_990pf
356015585,HERMAN AND PAULINE BERMAN FOUNDATION,2019,IN,250908.0,16438.0,13500.0,irs_990pf
526027328,JOHN T LOOMIS- TES TR,2019,FL,323083.0,14886.0,11666.0,irs_990pf
526082160,EDITH W CASEY-TES TR,2019,FL,233297.0,10845.0,7990.0,irs_990pf
300182198,BATH NEW YORK GIRLS MEMORIAL XXX7912,2019,NY,114675.0,7377.0,10000.0,irs_990pf
800951486,POWELLSWOOD GARDEN FOUNDATION,2019,WA,17464.0,255767.0,0.0,irs_990pf
386091190,MITCHELL FOUNDATION,2019,MI,28301.0,12.0,3000.0,irs_990pf
474793464,ERNEST AND META OPPENHEIMER,2019,MD,1009741.0,20604.0,66000.0,irs_990pf
546139989,ELOISE EVANS LOVE - TES TR,2019,FL,365687.0,17505.0,13987.0,irs_990pf
226851612,ESTELLE WILLIAM MURPHY,2019,NJ,1253515.0,36531.0,27971.0,irs_990pf
042660275,ROBERTA M CHILDS CHARITABLE FOUNDA,2019,MA,4913043.0,667961.0,395000.0,irs_990pf
356032182,SILVIO HEIN MEMORIAL TRUST XXX-XX-XXXX,2019,IN,8430.0,907.0,,irs_990pf
356020338,LOWRY BERTELSEN CHARITABLE TUW XXX-XX-XXXX,2019,IN,1447413.0,74350.0,59000.0,irs_990pf
597100646,ASHLEY HAROLD W FDN CO-TW,2019,FL,5643629.0,157261.0,289560.0,irs_990pf
586025988,TR UW MISS SALLIE MAUDE JONES,2019,FL,749851.0,25160.0,30549.0,irs_990pf
586026062,TR STRIBLING MEM TXTILE FD UA,2019,FL,697714.0,32047.0,29019.0,irs_990pf
823822970,LUCKY STAR FOUNDATION,2019,TX,535105.0,39278.0,25300.0,irs_990pf
546104609,CD LYONS TR UW CH OF EPIPHANY,2019,FL,142984.0,6296.0,6543.0,irs_990pf
356762600,BILLIE K FECKER TR FBO CENTRAL CHRISTIAN,2019,IN,130465.0,13555.0,10000.0,irs_990pf
326089771,NORRIS B RUNALLS IRREV TRUST XXX-XX-XXXX,2019,IN,1120234.0,72478.0,46548.0,irs_990pf
356057834,BALL MEMORIAL TR FBO CAMP CROSLEY AA,2019,IN,140183.0,14330.0,8451.0,irs_990pf
546028968,LAURA J HARRIS - TES TR,2019,FL,1857931.0,73371.0,96776.0,irs_990pf
626035057,TCH MAURICE L HUGHES,2019,FL,2788635.0,68399.0,298340.0,irs_990pf
326089772,FLORENCE CRAWFORD TRUST XXX-XX-XXXX,2019,IN,1384380.0,105723.0,88000.0,irs_990pf
356522821,HELEN M REITZ CHARITABLE TR FNDN XXX-XX-XXXX,2019,IN,351999.0,25036.0,21456.0,irs_990pf
546027780,WT BIGBIE FBO LGMLH-TES TR,2019,FL,1304558.0,53024.0,58753.0,irs_990pf
586267555,TR UA EVELYN KENNEDY CHAR,2019,FL,96017.0,3611.0,,irs_990pf
626092263,TCH ANDREW SCHNEIDER,2019,FL,510617.0,22720.0,21032.0,irs_990pf
586025990,TR ATL HOSP UW JAS S DOZIER,2019,FL,1348029.0,98863.0,60634.0,irs_990pf
200442197,SECORO FOUNDATION INC,2019,PA,164014.0,29230.0,28480.0,irs_990pf
546029999,H E COINER - TES TR,2019,FL,255534.0,9309.0,7551.0,irs_990pf
276089256,BURNELL J GRIFFITH SCHOLARSHIP FUND,2019,FL,176742.0,7708.0,,irs_990pf
466944358,LEONARD AND MARY NICHOLS MEMORIAL TR,2019,IN,898435.0,28141.0,36090.0,irs_990pf
356313412,SOL ARLENE BRONSTEIN FOUNDATION 1 XXX-XX-XXXX,2019,IN,2242144.0,140557.0,128000.0,irs_990pf
526060657,MABEL B TODD - IRR TR,2019,FL,138766.0,6428.0,3747.0,irs_990pf
526389385,KARL HANCOCK - TES TR,2019,FL,980353.0,40646.0,42866.0,irs_990pf
626032524,TCH JENNIE JONES ENDOWMENT FUND,2019,FL,260221.0,9813.0,8224.0,irs_990pf
586368035,TR UA THE HAHN FOUNDATION,2019,FL,1069316.0,67556.0,14000.0,irs_990pf
546182767,A F BAGBY FBO 7TH ST CHRS CH-TES,2019,FL,650777.0,13122.0,30675.0,irs_990pf
820435886,LAURA SHARPE FLOOD FOUNDATION,2019,ID,284323.0,23674.0,3669.0,irs_990pf
161485250,PERSONAL PONIES LTD,2019,GA,163210.0,128646.0,,irs_990pf
581491453,SOLON E ESPIE WATTS LITTLE,2019,NC,1687224.0,38117.0,,irs_990pf
137262884,RICHARD L RITA S PORTERFIELD CHARITABLE TRUST,2019,NC,152867.0,7292.0,8017.0,irs_990pf
276314125,CHARLES AND DORIS MCGLOTHLIN CHARITABLE TR,2019,IN,840731.0,64199.0,60000.0,irs_990pf
356762601,BILLIE K FECKER FBO CENTRAL CHRISTIAN CHURCH,2019,IN,130466.0,13555.0,10000.0,irs_990pf
236662419,UW DAVID S HUBER,2019,NC,403944.0,17561.0,21685.0,irs_990pf
274176744,O MALEY FAMILY FOUNDATION,2019,OH,4480511.0,747009.0,415830.0,irs_990pf
616304323,ALENE PAYTON SCHOLARSHIP TRUST XXX-XX-XXXX,2019,IN,336092.0,34090.0,18000.0,irs_990pf
356216893,LOUIS BERMAN FOUNDATION XXX-XX-XXXX,2019,IN,200147.0,17481.0,12700.0,irs_990pf
616233945,CHARLOTTE RICHARDT CHARITABLE TR XXX-XX-XXXX,2019,IN,394676.0,43901.0,23000.0,irs_990pf
260732908,ARCHANGEL ST RAPHAEL HOLY HEALING,2019,MA,35270.0,78113.0,0.0,irs_990pf
522271621,ALICE EUGENE FORD FOUNDATION INC,2019,MD,2071763.0,283247.0,129825.0,irs_990pf
566367404,EVANS TRUST FBO NC SYMPHONY,2019,FL,102474.0,4063.0,,irs_990pf
814402122,LANGHORNE PUTNEY FOUNDATION,2019,FL,1348571.0,51152.0,42742.0,irs_990pf
941692338,BLAVATSKY FOUNDATION,2019,CA,56904.0,309.0,,irs_990pf
263998256,TRINITY LIVING INC,2019,MO,12329.0,35.0,5000.0,irs_990pf
276651201,RICHARD AND ANN DU MOULIN FOUNDATION,2019,NJ,397495.0,22293.0,20593.0,irs_990pf
256861459,DT MARGARET K SHENK - CHARITABLE,2019,NC,854759.0,38438.0,45899.0,irs_990pf
364172057,SCHORR-LIEBERMAN FAMILY FOUNDATION,2019,IL,1389071.0,227463.0,220700.0,irs_990pf
811678267,PAUL RIZZOLI FAMILY FOUNDATION AKA,2019,MA,239548.0,8669.0,13875.0,irs_990pf
311471450,THE ROBERT J WOODWARD EDUCATION FOUNDATION,2019,OH,273496.0,39732.0,39750.0,irs_990pf
356527616,ARNOLD F HABIG LIVING CHARITABLE TR,2019,IN,87508.0,8076.0,4176.0,irs_990pf
990261414,RJW FOUNDATION,2019,HI,44065.0,2956.0,9095.0,irs_990pf
352290886,SAMUEL W TOWNSEND MEMORIAL TRUST FUND,2019,IN,37924.0,1647.0,2481.0,irs_990pf
146097931,RAYMOND E CLARK CHARITABLE TRUST,2019,RI,1385719.0,95621.0,54092.0,irs_990pf
800637548,THE BROOKS FAMILY FOUNDATION,2019,CA,1.0,102.0,,irs_990pf
411423551,MINNESOTA ASSOCIATION OF LIBRARY FRIENDS,2019,MN,528439.0,29096.0,2600.0,irs_990pf
546420665,MONTERO FOUNDATION,2019,VA,2811.0,600.0,1000.0,irs_990pf
626033791,VOEGELI TF MARY G HOME,2019,FL,128498.0,5089.0,,irs_990pf
825457620,RUSH AND KATHRYN ADAMS LIMBAUGH FAMILY,2019,FL,4392408.0,5392691.0,5410000.0,irs_990pf
166355023,DONALD GLADYS HEATH SCHLSP FD,2019,RI,486577.0,37424.0,18000.0,irs_990pf
236245783,JOSIAH W AND BESSIE H KLINE FOUNDATION,2019,PA,24325154.0,1075763.0,1127834.0,irs_990pf
396320561,ERNA MARIE NEHLS SCHOLARSHIP,2019,WI,163542.0,4069.0,10196.0,irs_990pf
834151724,THE DELINE CHARITABLE FOUNDATION,2019,FL,3219.0,5000.0,1000.0,irs_990pf
341817156,THE DOUG DIEKEN FOUNDATION,2019,OH,160635.0,7094.0,12600.0,irs_990pf
306595276,BUSTER BROWN DROOPINGTON FUND,2019,NY,1223768.0,35651.0,51602.0,irs_990pf
436765719,HELEN MARAVICH-SERBIAN ORTHOX,2019,IL,1249783.0,94113.0,44810.0,irs_990pf
416419645,BIRMINGHAM-DORSEY CHAR TR,2019,WI,1720802.0,143495.0,130000.0,irs_990pf
476057283,FIELDK GRANT IN AID TRUST,2019,WI,920260.0,63460.0,46236.0,irs_990pf
316545912,RHODAPEARL K BAYHA TR UW,2019,WI,261315.0,18054.0,20297.0,irs_990pf
161563802,OLIVER B MERLYN FOUNDATION,2019,NY,956674.0,66931.0,101533.0,irs_990pf
476092098,JACOB J ISAACSON TRUST UP V,2019,WI,802848.0,36451.0,41593.0,irs_990pf
416014967,LAURA BELLE HUDSON TR UA 2,2019,WI,396172.0,14393.0,24566.0,irs_990pf
810488861,JOHN MARILYN OLSON FAMILY,2019,MT,738464.0,98829.0,74005.0,irs_990pf
236750305,FOULKROD JOHN A SCHOLARSHIP TRUST,2019,NC,16171.0,619.0,1000.0,irs_990pf
237037270,WATCHORN FOUNDATION,2019,PA,113130.0,8506.0,4000.0,irs_990pf
833146813,BOYD MIDWEST FAMILY PRIVATE FOUNDATION,2019,IA,410063.0,411682.0,0.0,irs_990pf
452692985,WALTHER COMMUNITY FOUNDATION,2019,MI,9996.0,174600.0,0.0,irs_990pf
461607139,THE EDWARD W MARIAN C BROG FOUNDATIO,2019,OR,1348151.0,62052.0,,irs_990pf
911762315,HAGAN FOUNDATION,2019,WA,8258201.0,1597850.0,427659.0,irs_990pf
200492387,DOVENBERG FAMILY FOUNDATION,2019,MN,604581.0,19445.0,37300.0,irs_990pf
850312053,CHARLES ADELE ILFELD FOUNDATION INC,2019,NM,947799.0,145162.0,46500.0,irs_990pf
467353543,EVELYN M DAVIES CHARITABLE TRUST,2019,NY,4062200.0,-34071.0,207000.0,irs_990pf
134129627,THE MERYL CHARLES WITMER,2019,NY,3839102.0,1483684.0,300980.0,irs_990pf
831232994,THREE SISTERS WITH A PURPOSE INC,2019,GA,1731.0,1731.0,,irs_990pf
133981351,BEATRICE R JOSEPH ACOLEMAN FOUNDATION,2019,NY,1876590.0,76588.0,32738.0,irs_990pf
816709847,ARTHUR J AND ESTHER A OHLSSON CHARITABLE TRUST,2019,FL,7733722.0,309965.0,320000.0,irs_990pf
226049002,BULLOCK CHILDREN FEDERATION TW,2019,TX,14852.0,650.0,4703.0,irs_990pf
226729620,LEON HYZEN TRAVEL SCHL TRUST,2019,NY,1292876.0,101187.0,61531.0,irs_990pf
261289871,FOUNDATION 66 INC,2019,FL,155193.0,85924.0,36871.0,irs_990pf
271399843,THE KERMIT SCRAGG FOUNDATION INC,2019,MD,464327.0,16330.0,15000.0,irs_990pf
833995227,ROPE HOCKEY BOOSTER CLUB INC,2019,GA,1396.0,11011.0,,irs_990pf
736358682,LENA BIRNBAUM IRREVOCABLE TRUST,2019,AR,316032.0,10420.0,7439.0,irs_990pf
770441245,THE WILLIAM AND ROXANN HAPP FOUNDATION,2019,CA,109556.0,4615.0,10000.0,irs_990pf
311679716,THE RIG III FAMILY FOUNDATION,2019,OH,2657652.0,116893.0,188000.0,irs_990pf
834096282,THE CUTWATER FOUNDATION INC,2019,FL,62930.0,70430.0,,irs_990pf
473489896,J BRADLEY STAIR AND CHRISTINA K SCHOTT FAMILY FOUNDATION,2019,OH,101570.0,54200.0,5040.0,irs_990pf
208058752,THE PETERSON FAMILY FOUNDATION,2019,FL,1835067.0,83160.0,135000.0,irs_990pf
436924427,ERNEST THELMA YOUDE CHARITABLE,2019,FL,637869.0,28387.0,67809.0,irs_990pf
276699145,CAROLE C CHARLES A KEHRER CHARITABLE TRUST,2019,FL,2245572.0,120197.0,152313.0,irs_990pf
811848843,GEI ALUMNI FACULTY ASSOCIATION,2019,OH,5910.0,17143.0,,irs_990pf
811848985,SILICON VALLEY CANAAN EVERGREEN ACADEMY,2019,CA,54935.0,46836.0,0.0,irs_990pf
954197993,NORMAN AND LELA BEREN JACOBY,2019,CA,3395364.0,141207.0,195545.0,irs_990pf
593615446,GRACIA BELLE LIVINGSTON FOUNDATION INC,2019,FL,2497859.0,77731.0,141200.0,irs_990pf
207126704,H WINKELSPECHT TA FBO JESUS THE GOOD,2019,NJ,434040.0,14497.0,20000.0,irs_990pf
262569721,MILTON AND MARGIE RUBEN CHARITABLE,2019,GA,242840.0,53181.0,41398.0,irs_990pf
387173131,THE BOWLES FAMILY FOUNDATION,2019,PA,937878.0,31537.0,42250.0,irs_990pf
166552465,THE VARFLEX EDUCATIONAL FOUNDATION II,2019,NY,47407.0,4200.0,45000.0,irs_990pf
526022350,ELIZABETH C MEADE FOR ST JAMES CHURCH,2019,PA,207193.0,26406.0,10245.0,irs_990pf
461552986,THE MCCLARTY FAMILY FOUNDATION,2019,DE,702558.0,37810.0,121550.0,irs_990pf
813925731,DILLS FAMILY FOUNDATION,2019,DE,495937.0,56769.0,6250.0,irs_990pf
846692307,THE WESTERN TITAN FOUNDATION,2019,CO,0.0,0.0,0.0,irs_990pf
232901971,BITZ FOUNDATION,2019,PA,1945350.0,134252.0,123050.0,irs_990pf
266141408,TERRY D AND BARBARA JO GROWCOCK FOUNDATION,2019,NY,628876.0,44835.0,45000.0,irs_990pf
113706593,CHRISTOPHER SMALE FOUNDATION,2019,CO,892403.0,30880.0,116600.0,irs_990pf
636102496,TRUST OF ANNIE GRAHAM KING,2019,AL,6462290.0,357308.0,350000.0,irs_990pf
475546893,THOMAS W SEGER AND CYNTHIA J SEGER,2019,IN,332039.0,215573.0,16735.0,irs_990pf
251755617,SALVITTI FAMILY FOUNDATION,2019,PA,8123615.0,989726.0,2703300.0,irs_990pf
396779747,THE RICHARD MORTON ROOT AND RUTH BAILEY,2019,IA,3918925.0,193744.0,260000.0,irs_990pf
320258890,SU CLA FOUNDATION,2019,NV,512803.0,36132.0,26500.0,irs_990pf
036086723,DOBY PAUL GENE CHARITABLE TUW,2019,PA,1233949.0,87190.0,51141.0,irs_990pf
036079398,WILLIAM DEAN FAUSETT CHARITABLE TRUST,2019,VT,468638.0,39484.0,64000.0,irs_990pf
460474727,SIGAVIS SHERMANNA FOUNDATION,2019,MN,621361.0,1834.0,42500.0,irs_990pf
931326415,GARVIN MASONIC SCHOLARSHIP FUND,2019,OR,210828.0,34043.0,12000.0,irs_990pf
133947890,DEBRA AND LEON BLACK FAMILY FOUNDATION,2019,NY,98834.0,3816952.0,3810000.0,irs_990pf
474657590,SHARING LOVE THROUGH SPORTS INC,2019,NC,8738.0,1540.0,,irs_990pf
756036585,TERRELL FOUNDATION,2019,TX,315065.0,24994.0,17680.0,irs_990pf
816326657,ELIZ POWELSON TR FBO WITTENBERG,2019,WI,38233.0,418.0,51905.0,irs_990pf
456836360,RUTH D STROM TRUST XXX-XX-XXXX,2019,WA,893183.0,3030.0,47284.0,irs_990pf
821214792,BRAZILIAN WOMEN FOUNDATION,2019,TX,0.0,0.0,,irs_990pf
201999768,DAVIDSON FAMILY FOUNDATION,2019,AZ,2301418.0,127724.0,139225.0,irs_990pf
412010569,GLADYS ARNOLD LUECK SCHOLARSHIP FUND 005355,2019,MN,52969.0,6208.0,3500.0,irs_990pf
462748858,SHELTER OREGON,2019,OR,490702.0,115808.0,13300.0,irs_990pf
571214427,WILLIAM H LELAND III CHARITABLE,2019,MA,34766.0,6042.0,15000.0,irs_990pf
824011581,PRODUCTIVE PRODUCE INC,2019,FL,0.0,0.0,,irs_990pf
464736138,ARAB CENTER WASHINGTON DC INC,2019,DC,789930.0,2665146.0,50000.0,irs_990pf
202143917,POSILLICO FOUNDATION INC,2019,NY,925.0,213025.0,227177.0,irs_990pf
760648943,PNK INC,2019,CA,188512.0,6695.0,17500.0,irs_990pf
376321165,JULIA PIERSON TRUST,2019,IL,1488922.0,88954.0,80101.0,irs_990pf
586437963,THE HODGSON CHARITABLE TRUST,2019,GA,4085134.0,325912.0,200000.0,irs_990pf
367650691,CINTA TRUST,2019,IL,399108.0,170466.0,21112.0,irs_990pf
841569926,MANKWITZ FAMILY FOUNDATION,2019,CO,6002.0,0.0,10714.0,irs_990pf
116573892,MARY JANE DOWSE CHARITABLE TRUST,2019,OK,304140.0,15232.0,16947.0,irs_990pf
616087475,STUART P HEMPHILL TR B UW-U,2019,PA,712056.0,306930.0,30435.0,irs_990pf
223516245,EDWARD A JESSER FOUNDATION INC,2019,FL,783340.0,26536.0,37500.0,irs_990pf
237003468,KAVANEWSKY FAMILY FOUNDATION INC,2019,FL,385462.0,10696.0,6750.0,irs_990pf
592827461,THE HENRY FOUNDATION INC,2019,IL,8640586.0,1478039.0,664572.0,irs_990pf
576203728,MURBACH CHARITABLE ENDOWMENT TRUST XXX-XX-XXXX,2019,WA,554133.0,15890.0,25238.0,irs_990pf
203929525,SIMS FAMILY CHARITABLE FOUNDATION,2019,IL,606410.0,119125.0,120021.0,irs_990pf
813773465,LONE STAR FAMILY FOUNDATION,2019,UT,84491.0,5776.0,17840.0,irs_990pf
736297659,THE LEE M LOBECK-MARKS FOUNDATION,2019,OK,336927.0,27478.0,15814.0,irs_990pf
200184955,THE GENE AND MICKEY LONG FOUNDATION,2019,CA,1352664.0,111995.0,120000.0,irs_990pf
367191386,FRANCIS ROY HERINK MARGARET OTTO HERINK,2019,IL,23492.0,3973.0,1000.0,irs_990pf
141900671,THE IMPACT FOUNDATION,2019,CO,629.0,654.0,,irs_990pf
204568076,TAXMAN FAMILY FOUNDATION,2019,IL,8794198.0,398125.0,500400.0,irs_990pf
770442603,ROBERT H JANSSEN FOUNDATION INC,2019,CA,2669565.0,179194.0,105000.0,irs_990pf
382633409,SEYMOR PEARL GREENSTEIN FOUNDATION,2019,MI,1376705.0,60200.0,127598.0,irs_990pf
841695816,CLEMENTINA FOUNDATION,2019,WA,23050.0,550628.0,561000.0,irs_990pf
582022334,HARDY MERRYL MCCALMAN FOUNDATION INC,2019,GA,1176385.0,80182.0,77000.0,irs_990pf
656142821,NACHTIGALL ROSE SCHOLARSHIP FDNT,2019,FL,91456.0,7942.0,6800.0,irs_990pf
236201085,MARY E MACMANUS,2019,PA,588512.0,80201.0,28243.0,irs_990pf
421368892,KATHLEEN MCCARTAN SCHOLARSHIP FUND,2019,IA,12850.0,20.0,1500.0,irs_990pf
743033076,ZOLA DESMOND SCHOLARSHIP TRUST,2019,KS,1313829.0,61722.0,99990.0,irs_990pf
836029197,M E INEZ TATE TRUST WELLS FARGO BANK,2019,NV,874505.0,45055.0,49000.0,irs_990pf
956189833,ZAREM FOUNDATION,2019,CA,92251.0,39.0,13600.0,irs_990pf
376237660,MARY ELIZABETH ALLEN HINMAN CHAR TRUST,2019,PA,56053.0,1897.0,2084.0,irs_990pf
236236123,WEAVER-BITTINGER SCHOLARSHIP FD,2019,PA,267527.0,47897.0,12500.0,irs_990pf
311324808,ZANESVILLE GREEN COMMISSION INC,2019,OH,1941.0,0.0,,irs_990pf
161609981,CULL MARTIN FOUNDATION,2019,NY,2860.0,2175.0,0.0,irs_990pf
200995371,JEFFREY R LOVINS FOUNDATION,2019,IL,0.0,0.0,0.0,irs_990pf
516541714,EUGENE G FISCHER ENDOWMENT TRUST XXX-XX-XXXX,2019,WA,889445.0,49960.0,51687.0,irs_990pf
311531604,RONALD F WALKER CHARITABLE FOUNDATION,2019,OH,548850.0,25352.0,45000.0,irs_990pf
341910482,THE JAMES D SCHALMO FOUNDATION FNA,2019,OH,0.0,0.0,,irs_990pf
311685424,JOHN F BARRETT FOUNDATION INC,2019,OH,131361.0,113981.0,71350.0,irs_990pf
656222748,CONSOLIDATED ANTI-AGING FOUNDATION,2019,FL,6864642.0,334845.0,265500.0,irs_990pf
850378816,NEW MEXICO JUNIOR LIVESTOCK FOUNDATION INC,2019,NM,27387.0,81485.0,82286.0,irs_990pf
426068730,FISHER GOVERNOR FOUNDATION,2019,IA,1455031.0,399370.0,0.0,irs_990pf
841547584,FULCRUM FOUNDATION,2019,CO,1927789.0,114331.0,54013.0,irs_990pf
912169553,VIGLIETTI FAMILY FOUNDATION,2019,WI,140889.0,12529.0,13500.0,irs_990pf
742315684,WILLIE MOTIS CBMUSN FOUNDATION,2019,TX,261237.0,17151.0,17850.0,irs_990pf
222611148,MARTHA N BROOKS MEDICAL FUND,2019,PA,1262438.0,187602.0,62589.0,irs_990pf
526024271,DG DUNN FOR ST MARY S ALTAR GUILD,2019,PA,48135.0,5581.0,2589.0,irs_990pf
391948113,HAUPERT FAMILY FOUNDATION INC,2019,IA,474434.0,21276.0,29500.0,irs_990pf
680613490,RANDALL RHONDA TONEY CHARITABLE FOUNDATION,2019,TN,228917.0,29576.0,42500.0,irs_990pf
550869721,GOLDSTON FAMILY FOUNDATION,2019,NC,23265.0,40000.0,38510.0,irs_990pf
200593185,THE AINSLEY-HICKS FAMILY FOUNDATION,2019,CA,364957.0,57076.0,47000.0,irs_990pf
203750872,OLIVER OPAL HUMANITARIAN FOUNDATION,2019,CA,0.0,0.0,,irs_990pf
481061492,THE LOGAN FOUNDATION,2019,KS,1375615.0,75978.0,154600.0,irs_990pf
351968661,AUBURN PRESBYTERIAN CHURCH,2019,IN,539162.0,58942.0,25823.0,irs_990pf
611582454,FA PARK FAMILY FOUNDATION INC,2019,NJ,3421479.0,2803822.0,122700.0,irs_990pf
364335005,HAQUE FAMILY FOUNDATION,2019,IL,534373.0,44308.0,79123.0,irs_990pf
263095916,WASSON-ECE INSTRUMENTATION FOUNDATION,2019,CO,7418.0,140000.0,136979.0,irs_990pf
363976909,THE SHEBA FOUNDATION,2019,IL,27182848.0,2545696.0,2850500.0,irs_990pf
016068112,BEAN L CARL SCHOLARSHIP PFDN 10-0032660,2019,OH,230115.0,13777.0,10375.0,irs_990pf
451859070,THE JH WALKER LEGACY FOUNDATION,2019,VA,1794298.0,1668601.0,905000.0,irs_990pf
912088798,POLINI FAMILY FOUNDATION,2019,CA,456208.0,36552.0,25000.0,irs_990pf
473494074,GET HUMAN INC,2019,CA,7672.0,7134.0,6520.0,irs_990pf
954306196,RICHARD B SIEGEL FOUNDATION,2019,CA,13664445.0,1641450.0,598250.0,irs_990pf
996003543,BERNICE P IRWIN TRUST ESTATE,2019,HI,564455.0,62542.0,19000.0,irs_990pf
263910224,CLELLAND FAMILY FOUNDATION,2019,AZ,1729405.0,51552.0,51000.0,irs_990pf
823683719,THE PLACEHOLDER FOUNDATION,2019,NH,4833543.0,164016.0,250000.0,irs_990pf
916466551,SINEGAL FAMILY FOUNDATION,2019,WA,3679050.0,1738613.0,280600.0,irs_990pf
202638616,JAMES PUBLISHING S KIDS,2019,CA,18574.0,30000.0,19860.0,irs_990pf
232629692,RUTH AND EARL SCOTT CHARITABLE TRUST,2019,PA,555952.0,66350.0,60000.0,irs_990pf
411696272,SPICOLA FAMILY FOUNDATION,2019,MN,357363.0,26803.0,20700.0,irs_990pf
846315609,DURA MARY HOPKINS FAMILY TRUST,2019,WI,354706.0,34383.0,19285.0,irs_990pf
813573834,DYNAMIC INSTITUTE OF RESEARCH CORP,2019,CO,19000.0,11900.0,,irs_990pf
621838433,TRI-COUNTY ELECTRIC FOUNDATION,2019,NC,105220.0,173957.0,163321.0,irs_990pf
166468660,SWART-WILCOX HOUSE TRUST UNDER WILL OF,2019,NY,224712.0,8432.0,12199.0,irs_990pf
813170232,TRUE HERITAGE FOUNDATION,2019,NV,123129.0,110023.0,100.0,irs_990pf
270864365,SJ EDWARDS FOUNDATION,2019,NC,2626789.0,92867.0,158500.0,irs_990pf
810888408,GLOBAL GIVING FOR THE GREATER GOOD INC,2019,NY,347576.0,85172.0,50000.0,irs_990pf
366069067,ARTHUR K SYLVIA S LEE SCHOLARSHIP,2019,TN,681873.0,39472.0,68400.0,irs_990pf
810864949,GOELET FAMILY FOUNDATION,2019,NH,1096439.0,247596.0,60000.0,irs_990pf
830714502,SANGER WARRIORS FASTPITCH SOFTBALL,2019,CA,0.0,2247.0,,irs_990pf
141347714,POTTS MEMORIAL FOUNDATION,2019,NY,4924602.0,182860.0,260986.0,irs_990pf
336372849,EC MEILICKE FOUNDATION,2019,CA,881126.0,86706.0,60000.0,irs_990pf
384090479,H I S MINISTRY,2019,PA,0.0,0.0,0.0,irs_990pf
431421620,CHARLES WIDMER MEMORIAL CEMETERY PERPETUAL CARE ASSN,2019,MO,18945.0,132.0,500.0,irs_990pf
262600531,JORDAN FAMILY FOUNDATION,2019,PA,882636.0,47928.0,52623.0,irs_990pf
206714063,THE BARBARA HAROLD GOTTESMAN FAM,2019,NJ,1648485.0,80702.0,236316.0,irs_990pf
261242858,ANN BILL BRINE FAMILY FOUNDATION,2019,NH,342543.0,30497.0,28708.0,irs_990pf
810816870,THE JOHN LOGAN FOUNDATION,2019,CA,1000790.0,450000.0,340000.0,irs_990pf
056015366,MEEHAN FOUNDATION,2019,RI,1019146.0,145559.0,120000.0,irs_990pf
376053118,THE ADLAI E STEVENSON LECTURE,2019,IL,606991.0,28910.0,,irs_990pf
830793199,THE MICHAEL DOUGLAS SCICHILONE FOUNDATION INC,2019,PA,29084.0,14453.0,,irs_990pf
260513516,THE JO AND JOE FORD FAMILY FOUNDATION,2019,TX,4314217.0,268211.0,100000.0,irs_990pf
463657981,HOERTKORN FAMILY FOUNDATION,2019,CA,1355171.0,32939.0,76225.0,irs_990pf
467373580,SPIRIT OF HOPE,2019,IL,2258.0,0.0,0.0,irs_990pf
472402200,FRIENDS OF H-D BIRD BUSTERS INC,2019,IA,42027.0,37164.0,,irs_990pf
716050537,BROWN FOUNDATION,2019,AR,1047077.0,134066.0,106000.0,irs_990pf
396782796,CATHERINE BIRZLE EDUCATION TRUST,2019,IA,449649.0,28834.0,25296.0,irs_990pf
201875804,SAM AND GAIL MURDOUGH FAMILY,2019,FL,16578.0,30488.0,93500.0,irs_990pf
461540903,DEMUTH FAMILY FOUNDATION,2019,CO,496047.0,15280.0,20000.0,irs_990pf
823314797,NAMAHA FOUNDATION,2019,NY,476759.0,12295.0,10000.0,irs_990pf
266528097,THE ASH SCHOLARSHIP TRUST,2019,CT,1434566.0,117730.0,123000.0,irs_990pf
830645359,DAVID D DODGE FOUNDATION,2019,DE,84060.0,3926.0,82500.0,irs_990pf
822098966,THE BDM FAMILY FOUNDATION,2019,DE,3414600.0,62368.0,88500.0,irs_990pf
204795396,THE VELOO FOUNDATION,2019,UT,7940.0,30674.0,20000.0,irs_990pf
954016663,JOSE ITURBI FOUNDATION,2019,CA,5886861.0,126177.0,23000.0,irs_990pf
264654514,THE COLLEGE EDUCATION MILESTONE,2019,NY,429152.0,98781.0,41718.0,irs_990pf
396781273,RAYNOR FATHER JOHN P CHARITABLE TR,2019,WI,12729915.0,1028085.0,820221.0,irs_990pf
046052299,ORGANIC REACTIONS INC,2019,NY,1663290.0,266044.0,30750.0,irs_990pf
202056601,MODERA CHARITABLE FOUNDATION,2019,DE,137837.0,7863.0,4322.0,irs_990pf
263813802,DONALD AND AMY SMITH JR FAMILY,2019,PA,910097.0,328480.0,90000.0,irs_990pf
207105543,ELIZABETH J RILEY CHARITABLE TRUST,2019,WI,638317.0,21194.0,33824.0,irs_990pf
391857836,MAIHAUGEN FOUNDATION INC AGENCY 1045002262,2019,WI,3169372.0,173175.0,169565.0,irs_990pf
421168047,CARROLL HIGH SCHOOL MEMORIAL SCHOLARSHIP,2019,IA,89899.0,26733.0,15800.0,irs_990pf
205163544,CAHALIN FAMILY FOUNDATION INC,2019,CA,660.0,4200.0,500.0,irs_990pf
208494661,HUBBARD HIGH SCHOOL ALUMNI,2019,OH,174201.0,14799.0,6000.0,irs_990pf
273409621,THE MACBEA FOUNDATION,2019,OH,20620053.0,1381814.0,925000.0,irs_990pf
016157069,GLENBURN LIBRARY TRUST,2019,ME,6933.0,903.0,475.0,irs_990pf
205900654,COTTON FAMILY FOUNDATION INC,2019,SC,868416.0,58113.0,45000.0,irs_990pf
202031608,STEIN FAMILY CHARITABLE FOUNDATION,2019,NC,2421932.0,97200.0,116174.0,irs_990pf
263804618,THE ALVAN G CAROL J LAMPKE FAMILY,2019,MA,1605249.0,963532.0,40500.0,irs_990pf
593379072,HILDEGARD LASH FOUNDATION CO B PAUL KATZ,2019,FL,1732857.0,9326.0,152032.0,irs_990pf
223176150,THE KURR FOUNDATION,2019,NJ,7322356.0,376905.0,142000.0,irs_990pf
832166191,SINGISER FAMILY FOUNDATION INC,2019,CO,1093292.0,1124692.0,30000.0,irs_990pf
166233562,FIRST PRESBYTERIAN CHURCH TUW OF WALTER J,2019,NY,73763.0,2465.0,3860.0,irs_990pf
208718203,HARRY F CAROL H BARNES,2019,CT,4842457.0,832726.0,312000.0,irs_990pf
731645124,BILL AND GIGI CLEMENTS FOUNDATION,2019,TX,10466492.0,660887.0,754000.0,irs_990pf
396585967,WALTER AND MARION JENSEN FOUNDATION,2019,WI,230431.0,8045.0,20714.0,irs_990pf
476742385,VIRGINIA PETTENGILL SECOND CHARITABLE TR,2019,NE,2107072.0,51083.0,120167.0,irs_990pf
411987618,WEISER FAMILY FOUNDATION,2019,MN,7008648.0,337043.0,372700.0,irs_990pf
436247042,ROY CREASEY TRUST,2019,MO,512650.0,27552.0,22195.0,irs_990pf
066025699,GEORGE R S-VARIOUS CHARITIES,2019,IL,1017114.0,58730.0,34830.0,irs_990pf
626241984,SUSIE O JOHNSTON TRUST UW FOR,2019,VA,86257.0,795.0,,irs_990pf
464102497,MAX AND MARION VOLTERRA CHARITABLE,2019,MA,610005.0,97927.0,26500.0,irs_990pf
300893647,DUKE GOLDBERG FOUNDATION,2019,OH,490947.0,108334.0,12500.0,irs_990pf
206328917,THE BRIAN L GOLDBERG FOUNDATION,2019,RI,0.0,0.0,0.0,irs_990pf
276972136,FRAWLEY FAMILY FOUNDATION,2019,IL,493681.0,148718.0,94850.0,irs_990pf
475051745,BE YOUR DREAM,2019,SC,1174.0,4081.0,0.0,irs_990pf
166299352,S C LATTIN TRUST UW FRANKLIN CSD,2019,NY,218155.0,9354.0,13015.0,irs_990pf
043851851,GRANT ARNOLD SCHOLARSHIP FUND INC,2019,CA,17013.0,18013.0,14000.0,irs_990pf
203676926,KEEHFUS FAMILY FOUNDATION INC,2019,NY,1029212.0,124344.0,7750.0,irs_990pf
320157651,LONGEST FOUNDATION,2019,KY,3980238.0,246298.0,235000.0,irs_990pf
366910594,EDWARD H PINGEL AND CORA W PINGEL EDUCATIONAL,2019,IL,217057.0,5629.0,,irs_990pf
582313768,CRJ FOUNDATION INC,2019,GA,216160.0,77067.0,71250.0,irs_990pf
263903159,DR GEORGE AND SANDRA BAKOWSKI FOUNDATION,2019,LA,586694.0,115998.0,42900.0,irs_990pf
813864145,MIDDLEBURG CONCERT FOUNDATION,2019,VA,26962.0,50139.0,0.0,irs_990pf
581758256,J MACK ROBINSON FOUNDATION,2019,GA,2261397.0,236011.0,166000.0,irs_990pf
911978571,THE EVALYN O FLORY FOUNDATION,2019,WA,766105.0,46999.0,32350.0,irs_990pf
367166131,GRIMES FAMILY FOUNDATION,2019,IL,777318.0,180035.0,45000.0,irs_990pf
436506730,ROSS D FERRIS CHARITABLE TRUST,2019,MO,5269.0,146.0,0.0,irs_990pf
341644337,AR-HALE FAMILY FOUNDATION INC,2019,OH,3541561.0,1158211.0,469225.0,irs_990pf
113667898,HELENA TSE YEUNG FOUNDATION,2019,NV,807568.0,23365.0,52250.0,irs_990pf
273787008,PATRICK SUSAN KEEFE FAMILY FOUNDATION INC,2019,OH,3281591.0,245796.0,383500.0,irs_990pf
270958990,THE JAMES B AND REGINA A JENNINGS,2019,TX,152573.0,6837.0,7000.0,irs_990pf
224625841,THE CHATHAM FAMILY CHARITABLE TRUST,2019,VA,70714.0,3661.0,2826.0,irs_990pf
411672558,THE JOSEPH DURDA FOUNDATION,2019,MN,982646.0,48779.0,43500.0,irs_990pf
830707851,THE ROSENFIELD GLASSMAN,2019,FL,1365120.0,87288.0,92260.0,irs_990pf
481140363,KING FOUNDATION INC,2019,IL,536762.0,21898.0,27000.0,irs_990pf
311603432,SILBERT FAMILY CHARITABLE FOUNDATION,2019,NY,0.0,0.0,0.0,irs_990pf
316524093,THE SHAH FAMILY FOUNDATION,2019,OH,346456.0,6348.0,12207.0,irs_990pf
330782054,SL SCHOLARSHIP FOUNDATION,2019,CA,27872.0,32750.0,32700.0,irs_990pf
472731220,ROBSON LIZA JAMES FDN AGENCY 1045003092,2019,WI,216668.0,8869.0,,irs_990pf
266094914,BERT SANTORA CHARITABLE TRUST,2019,NY,1643753.0,92802.0,118338.0,irs_990pf
462233332,SMILES ARE FREE BY KORRI,2019,NY,12204.0,16845.0,,irs_990pf
263903882,JULIO AND ANA GOMEZ FOUNDATION,2019,TX,395982.0,5755.0,28500.0,irs_990pf
166202755,CHARITABLE TRUST UNDER WILL OF CHARLES,2019,NY,401737.0,23958.0,24729.0,irs_990pf
592986845,JAMES P CARUSO CHRISTINE S CARUSO CHARITABLE FUND INC,2019,FL,191936.0,15167.0,67133.0,irs_990pf
137488978,THE ONE GOOD HAND FOUNDATION,2019,NY,985664.0,124663.0,68160.0,irs_990pf
276333037,BACH EVELYN COMBINED FDN TR UMA 1045002057,2019,WI,2456187.0,139106.0,128000.0,irs_990pf
200117082,THE KATHY AND TOM MILLER FAMILY,2019,MN,502920.0,12469.0,57805.0,irs_990pf
274723253,NM MORRIS FAMILY FOUNDATION,2019,NY,6845232.0,394216.0,263913.0,irs_990pf
846021274,THE HUMPHREYS FOUNDATION,2019,CO,1474737.0,107785.0,95500.0,irs_990pf
066405495,ST MARY SCHOOL DEVELOPMENT FUND,2019,CT,208704.0,60476.0,70000.0,irs_990pf
756429939,SAN ANGELO SURGERY RESIDENTS TRUST,2019,TX,45990.0,24000.0,9000.0,irs_990pf
396702283,LIND ALMA HENRY FOUNDATION 1045001414,2019,WI,424079.0,18669.0,23000.0,irs_990pf
814778442,LOAVES AND FISHES FOUNDATION INC,2019,AZ,517343.0,11794.0,23382.0,irs_990pf
522199336,THE COPE FAMILY FOUNDATION INC,2019,FL,218853.0,11516.0,20000.0,irs_990pf
597083244,WARD ELIZABETH ROBBINS CHARITABLE TR,2019,FL,288734.0,12800.0,16750.0,irs_990pf
463210628,EDUCATE TO CAREER INCORPORATED,2019,MI,4368.0,10858.0,0.0,irs_990pf
586038932,SCHWOB FAMILY FOUNDATION INC,2019,GA,1755837.0,116155.0,105117.0,irs_990pf
770448078,LOPKER FAMILY FOUNDATION,2019,CA,22747918.0,861897.0,1034638.0,irs_990pf
273458082,DONNA L ELLIOTT FAMILY FOUNDATION INC,2019,WI,244843.0,50681.0,41000.0,irs_990pf
626149813,SOPHIE MULLER,2019,TN,755434.0,52286.0,43923.0,irs_990pf
826293131,MARY WARD RUTH BUEHLER EDUCATION,2019,IA,439309.0,15182.0,6024.0,irs_990pf
841836211,NORTH PHOENIX ANIMAL CLINIC NON PROFIT,2019,AZ,0.0,0.0,,irs_990pf
223514247,JACK FRANCES SALL FOUNDATION,2019,NJ,250410.0,19616.0,15103.0,irs_990pf
562130580,MEG FOUNDATION INC,2019,NC,1204317.0,179801.0,56000.0,irs_990pf
990354764,THE MURABAYASHI FOUNDATION,2019,HI,235711.0,4681.0,4211.0,irs_990pf
753160255,THE JOHN J AND MARYANNE T MAURIEL,2019,MN,1210188.0,49285.0,36500.0,irs_990pf
811617742,CLB FOUNDATION,2019,MN,7524977.0,3525932.0,192500.0,irs_990pf
586036759,CHARLES M WALKER FOUNDATION INC,2019,GA,1822468.0,149798.0,105000.0,irs_990pf
816941310,LEBOEUF FAMILY CHARITABLE TRUST,2019,KY,1769573.0,81263.0,242000.0,irs_990pf
833620599,PETERRY CHARITABLE FOUNDATION,2019,PA,43825.0,50000.0,6000.0,irs_990pf
364448466,MUSIKANTOW FOUNDATION,2019,IL,145155.0,51947.0,8450.0,irs_990pf
830947245,LEXYS LITTLE ANGELS DACHSUND HOSPICE AND HOTEL,2019,AZ,1812.0,3238.0,189.0,irs_990pf
261568779,THE LINN BEALKE CHARITABLE FOUNDATION IA,2019,MO,345532.0,30146.0,22388.0,irs_990pf
836584655,Z FOUNDATION TRUST 1045003387,2019,WI,2122405.0,684966.0,82000.0,irs_990pf
462447133,WAGS AND MENACE MAKE A DIFFERENCE FOUNDATION,2019,DE,893127.0,545004.0,308150.0,irs_990pf
946515834,WILLIAM A CHESSALL MEMORIAL,2019,CA,651989.0,276689.0,48000.0,irs_990pf
541556638,LAYMAN FAMILY FOUNDATION,2019,VA,286562.0,9048.0,12250.0,irs_990pf
474271434,GIBBS CHRISTIAN EDUCATION FOUNDATION INC,2019,OK,3374939.0,809160.0,1322319.0,irs_990pf
571056643,CHAMPIONS FOR CHRIST FOUNDATION INC,2019,SC,1872231.0,94762.0,79033.0,irs_990pf
010421792,LEWIS EVELYN ROSENTHAL CHARITABLE,2019,ME,39308.0,3081.0,1885.0,irs_990pf
474241732,ROBERT AND FAYE,2019,KY,1311846.0,291793.0,74318.0,irs_990pf
776183959,65,2019,CA,1993622.0,57376.0,127012.0,irs_990pf
203459268,THE ENERGY TRANSFERSUNOCO FOUNDATION,2019,DE,27700344.0,2920203.0,1670000.0,irs_990pf
261464326,THE 97 FUND,2019,DE,49381.0,100320.0,136600.0,irs_990pf
943460124,THE WEAVING THROUGH THE MAZE,2019,AZ,12461.0,2003.0,1343.0,irs_990pf
546280320,ANNIE M COOKSEY TRUST 845 CO UNION BANK,2019,VA,106238.0,5278.0,4914.0,irs_990pf
760571073,THOMAS F CM HASTINGS FOUNDATION,2019,KY,187228.0,128000.0,55100.0,irs_990pf
202007233,THE WHITMIRE FAMILY CHARITABLE FOUNDATION,2019,OK,820093.0,0.0,390000.0,irs_990pf
453548345,FRUMKIN FALCO FAMILY FOUNDATION,2019,NY,959572.0,39782.0,40500.0,irs_990pf
136160950,THE GREEN FUND INC,2019,NY,20353172.0,3289294.0,1701750.0,irs_990pf
133185333,KALKIN FAMILY FOUNDATION INC,2019,NJ,2973904.0,140275.0,172837.0,irs_990pf
470742114,PEED FOUNDATION,2019,NE,1975024.0,2127192.0,778423.0,irs_990pf
273293471,ROSENTHAL CHARITABLE TRUST B,2019,ME,18564.0,2056.0,4220.0,irs_990pf
263883248,MACUMBER FOUNDATION INC,2019,IN,123609.0,350.0,,irs_990pf
450839849,KNOW HOPE FOUNDATION INC,2019,KY,4477193.0,142982.0,,irs_990pf
311787455,THE NOMMONTU FOUNDATION INC,2019,FL,8389858.0,3696450.0,308550.0,irs_990pf
466882583,KENNETH COOKSEY-NORMA COOK,2019,IA,479807.0,35013.0,32500.0,irs_990pf
814723968,YUAN FAMILY FOUNDATION,2019,NJ,243646.0,126667.0,8796.0,irs_990pf
383377775,THE POWERS FAMILY FOUNDATION,2019,MI,440297.0,388749.0,80000.0,irs_990pf
113522310,JIA CHARITABLE FOUNDATION,2019,NY,13971.0,219386.0,227083.0,irs_990pf
133949034,THE PEACE FOUNDATION,2019,NJ,120023.0,102373.0,0.0,irs_990pf
576026390,DOWLING FOUNDATION,2019,SC,163583.0,48.0,12100.0,irs_990pf
823002673,DEFUNK DISCO INC,2019,FL,16833.0,14486.0,,irs_990pf
464485702,PRIME YOUTH PROGRAM,2019,MI,0.0,102510.0,,irs_990pf
841553719,CROGHAN FAMILY FOUNDATION,2019,NE,136715.0,827.0,0.0,irs_990pf
811060512,THE OUTLANDER PRIVATE FOUNDATION,2019,DE,1766811.0,37182.0,101000.0,irs_990pf
900700601,ROBIN THOMPSON SCHOLARSHIP FUND,2019,NJ,21979.0,5904.0,3500.0,irs_990pf
946077619,CHARIS FUND,2019,OR,3120675.0,429891.0,320138.0,irs_990pf
465302896,NEW YORK ALBANY TAMIL SANGAM,2019,NY,23859.0,34341.0,5700.0,irs_990pf
026308497,SLIM BAKER FOUNDATION FOR OUTDOOR EDUCATION INC,2019,NH,332673.0,114546.0,6789.0,irs_990pf
626039604,THE GOLDSMITH FAMILY FOUNDATION,2019,TN,7119885.0,480264.0,470450.0,irs_990pf
113575904,THE YABLANS FAMILY FOUNDATION,2019,NJ,609711.0,21893.0,67985.0,irs_990pf
366868922,MARY K ROBERTS SCHOLARSHIP FOUNDATION,2019,IL,405064.0,17254.0,22050.0,irs_990pf
237026492,KINGSLEY H MURPHY FAMILY FOUNDATION,2019,MN,873841.0,54950.0,80500.0,irs_990pf
812912594,THE ALFRED AND LUCILLE BRONSON,2019,NY,467342.0,173464.0,,irs_990pf
300875874,OMNI FOUNDATION,2019,CA,104593.0,54902.0,,irs_990pf
346536918,CWRU-HUTCHINS CARLETON C TW 20-0937100,2019,OH,3315799.0,350628.0,210472.0,irs_990pf
954619031,MINA HACOB SHIRVANIAN FAMILY FOUNDATION INC,2019,CA,883403.0,13439.0,71150.0,irs_990pf
450494205,MUNDELL FOUNDATION,2019,OK,0.0,0.0,0.0,irs_990pf
550589828,D ANNUNZIO FOUNDATION INC,2019,WV,271412.0,76969.0,90932.0,irs_990pf
473365360,ASAP ASSOCIATION FOR SEXUAL ABUSE,2019,NY,147989.0,824130.0,0.0,irs_990pf
911708510,HAROLD HELEN SHEPHERD FOUNDATION,2019,WA,2191232.0,515707.0,356522.0,irs_990pf
810802820,FIG TREE FUND,2019,FL,5133693.0,650213.0,205000.0,irs_990pf
546280321,ANNIE M COOKSEY TRUST 846 CO UNION BANK,2019,VA,219708.0,14200.0,10445.0,irs_990pf
816998182,THE BLASE FAMILY FOUNDATION,2019,OH,80500.0,163.0,4300.0,irs_990pf
363182563,THE ROSE F ALICE M KOFFEND FOUND,2019,IL,701453.0,224612.0,78800.0,irs_990pf
650708442,ROCKING HORSE FOUNDATION INC,2019,FL,430451.0,115021.0,15362.0,irs_990pf
383068965,DRAKE QUINN FAMILY CHARITABLE FOUNDATION,2019,MI,534785.0,32500.0,56050.0,irs_990pf
636019140,ALABAMA CHRISTIAN COLLEGE,2019,AL,71188.0,2659.0,2240.0,irs_990pf
721359762,LAMBERTH FOUNDATION OF MISSISSIPPI,2019,TN,859205.0,67313.0,39100.0,irs_990pf
226498278,CORDOVER FAMILY FOUNDATION,2019,NJ,407705.0,406972.0,405655.0,irs_990pf
383734351,LASHIER FAMILY FOUNDATION,2019,MI,541.0,0.0,975.0,irs_990pf
826462530,HUNT I GREATHOUSE PERPETUAL CHARITABLE TRUST,2019,KY,685037.0,62895.0,38907.0,irs_990pf
752716310,FIRST FEDERAL COMMUNITY FOUNDATION,2019,TX,2351554.0,191624.0,108000.0,irs_990pf
251611761,G WHITNEY SNYDER CHARITABLE FUND,2019,NJ,2779784.0,258691.0,276500.0,irs_990pf
825269224,301 FIGHTER WING CHIEFS GROUP,2019,TX,9697.0,30813.0,,irs_990pf
593413420,THE JERRY ORNSMIDAS FAMILY,2019,FL,158341.0,17054.0,11205.0,irs_990pf
814702037,THE ROUX FAMILY FOUNDATION,2019,MA,20354624.0,10275104.0,912500.0,irs_990pf
208902295,BRUCE AND DEB THOMAS FOUNDATION,2019,MN,1051013.0,98355.0,50000.0,irs_990pf
020538197,THE RAUL OCAZIONEZ FOUNDATION,2019,CA,239373.0,58.0,8914.0,irs_990pf
271862809,THE RAILE FAMILY CHARITABLE,2019,NE,619257.0,26061.0,15000.0,irs_990pf
516513733,LOGOS FOUNDATION,2019,PA,288117.0,75175.0,27556.0,irs_990pf
203979635,HAPPY TAILS ANIMAL SANCTUARY,2019,IL,1096011.0,798761.0,0.0,irs_990pf
822368197,SOCIETY OF FOOD ENGINEERING,2019,OH,44310.0,800.0,,irs_990pf
561953678,THE CARSON FAMILY FOUNDATION,2019,NC,858936.0,45885.0,48086.0,irs_990pf
812443983,THE BUNTROCK FOUNDATION FOR LEADERSHIP,2019,IL,20033777.0,3244775.0,1155834.0,irs_990pf
206620889,MARGARETE SIEGFRIED ECKHAUS CHARITABLE,2019,VA,550044.0,9463.0,25300.0,irs_990pf
954820107,LAWRENCE FAMILY FOUNDATION,2019,CA,1671322.0,73686.0,100000.0,irs_990pf
346748691,CWRU-BLUM RUTH GOODMAN TA 20-1034800,2019,OH,2965029.0,298575.0,183470.0,irs_990pf
352007510,ROY WHISTLER FOUNDATION INC,2019,IN,8301121.0,258294.0,382451.0,irs_990pf
204411791,LOUIS P CIMINELLI FAMILY FOUNDATION,2019,NY,10033615.0,532249.0,586667.0,irs_990pf
205861494,WASHOE PINES FOUNDATION,2019,NV,152947.0,55209.0,8500.0,irs_990pf
204943153,THE STEWART FAMILY CATHOLIC EDUCATION,2019,TX,701460.0,93661.0,355710.0,irs_990pf
271568628,WILLIAM A STEELE FOUNDATION INC,2019,FL,3002303.0,605806.0,182500.0,irs_990pf
364322943,RUSSELL KATHERINE HAWKEN FOUNDATION,2019,IL,0.0,621093.0,994368.0,irs_990pf
582274507,THE LLOYD-GODWIN FOUNDATION INC,2019,GA,334011.0,11560.0,20000.0,irs_990pf
556035296,WHEELING SYMPHONY ORCHESTRA,2019,WV,851868.0,42283.0,45245.0,irs_990pf
347015894,O GRADY LOURDES COLLEGE PFDN 20-0326080,2019,OH,831239.0,44570.0,62794.0,irs_990pf
931236631,WILSON-ATKINSON FAMILY FOUNDATION,2019,OR,30356.0,1776.0,3000.0,irs_990pf
383119249,JACK E AND ELEANOR CANNON HILL FOUNDATION,2019,MI,166270.0,101261.0,3000.0,irs_990pf
223846806,FUND FOR NEWARK ABBEY INC,2019,NJ,3608048.0,256397.0,127573.0,irs_990pf
141854391,PARK PRAISE PUBLICATION FOUNDATION INC,2019,KY,9105.0,33301.0,,irs_990pf
271537362,READ FAMILY CHARITABLE FUND,2019,MI,87218.0,90000.0,20685.0,irs_990pf
222141748,LOUIS J FANNIE RONCOLI FOUNDATION,2019,NJ,2006498.0,146519.0,143500.0,irs_990pf
824452306,MARGARET AND DAVID PERRY FOUNDATION,2019,FL,1135240.0,1317751.0,15000.0,irs_990pf
591056841,JOHN E ALIESE PRICE FOUNDATION,2019,FL,9212470.0,117615.0,160128.0,irs_990pf
760537055,MARIE ROPER FOUNDATION,2019,TX,108581.0,16895.0,53150.0,irs_990pf
943018661,JAMES J LUDWIG FOUNDATION,2019,CA,0.0,0.0,,irs_990pf
134147704,THE MENEZES FOUNDATION INC,2018,NY,7527205.0,320075.0,269500.0,irs_990pf
113457122,ELIZABETH T MCNAMEE MEMORIAL,2018,NY,781422.0,90016.0,19000.0,irs_990pf
656427167,TERRY FAMILY TALENT FOUNDATION,2018,NY,585705.0,60139.0,19000.0,irs_990pf
134196115,THE JOE HELLEN DARION FOUNDATION INC,2018,NY,9116614.0,4261313.0,156500.0,irs_990pf
396322949,ALLEN RUSSELL C TR MAIN,2018,IL,3130479.0,194525.0,196382.0,irs_990pf
956445301,COMFORT JESSIE FRANK TUW,2018,NV,1309162.0,87362.0,84416.0,irs_990pf
593638116,DAYTONA BEACH HOUSING DEVELOPMENT,2018,FL,2249059.0,9091.0,,irs_990pf
436018209,BLANCHE BORDLEY TRUST,2018,WI,4041578.0,229582.0,194794.0,irs_990pf
041104325,BOSTON FIREMEN S RELIEF FUND,2018,MA,404125.0,324291.0,13000.0,irs_990pf
411759643,TURSSO FOUNDATION,2018,MN,77590.0,838.0,0.0,irs_990pf
626268981,HUGH AND CHARLOTTE MACLELLAN,2018,TN,22705888.0,3451184.0,1998500.0,irs_990pf
356876641,WESLEY C JENSEN MAE K JENSEN,2018,IA,328502.0,23840.0,21000.0,irs_990pf
464111956,FRANKLIN SQUARE CAPITAL PARTNERS FOUNDATION,2018,PA,273162.0,700520.0,784210.0,irs_990pf
270863044,CAPRARO FAMILY FOUNDATION,2018,IL,3946256.0,1074825.0,102359.0,irs_990pf
472552798,ISENBERG FAMILY FOUNDATION,2018,PA,13414.0,10193.0,7950.0,irs_990pf
953979100,THE MAX H GLUCK FOUNDATION INC,2018,CA,114461556.0,6511081.0,4952800.0,irs_990pf
561402019,TARBORO ATHLETIC BOOSTER CLUB INC,2018,NC,28657.0,63660.0,,irs_990pf
222472914,PETER R CYNTHIA K KELLOGG FOUNDATION,2018,NY,76277732.0,5017718.0,15241552.0,irs_990pf
363553268,HERRENDORF FAMILY FOUNDATION INC,2018,IL,34125938.0,1607657.0,1839516.0,irs_990pf
261124541,THE KESSLER FOUNDATION INC,2018,FL,0.0,0.0,0.0,irs_990pf
421293625,THOMAS LINDA KOEHN FOUNDATION,2018,IA,20227907.0,6518847.0,1031249.0,irs_990pf
546052444,MACAMOR FOUNDATION,2018,SC,2351664.0,209629.0,89895.0,irs_990pf
363747664,RED BIRD HOLLOW FOUNDATION,2018,IL,5215829.0,5301056.0,3926820.0,irs_990pf
462154797,TRUMAN REGIONAL COMMUNITY,2018,MO,1909108.0,207797.0,,irs_990pf
237423033,HANUMAN FOUNDATION,2018,NM,674442.0,127506.0,28886.0,irs_990pf
208164731,PLATTE VALLEY LEGACY FOUNDATION INC,2018,WY,255768.0,56747.0,15798.0,irs_990pf
742224591,R T ROBERTSON FOUNDATION,2018,TX,235749.0,29577.0,13000.0,irs_990pf
208005948,DEA FAMILY FOUNDATION,2018,DE,4351300.0,255611.0,213112.0,irs_990pf
201444391,FAMILIES OUTREACH INC,2018,AR,6539.0,12005.0,64401.0,irs_990pf
270096960,DAVID L FRYDRYCH SCHOLARSHIP FUND,2018,PA,126619.0,5349.0,,irs_990pf
205282308,THE A SCOTT FOUNDATION,2018,MI,13448.0,26237.0,,irs_990pf
310503347,PRECISION RUBBER PRODUCTS FOUNDATION INC,2018,TN,66072.0,113172.0,104000.0,irs_990pf
822558047,DONNA K EVANS FOUNDATION,2018,AZ,12071.0,140213.0,,irs_990pf
271756775,JR WILSON FOUNDATION,2018,AL,0.0,0.0,,irs_990pf
942957386,THE WESTERN UROLOGICAL FOUNDATION,2018,CA,1384053.0,215639.0,40250.0,irs_990pf
936195656,NOBLE B GOETTEL CHARITABLE TRUST,2018,WI,496004.0,33583.0,31194.0,irs_990pf
824949430,GRIGSBY FAMILY FOUNDATION,2018,CA,100000.0,100000.0,,irs_990pf
261446294,PENINSULA PEAKS FOUNDATION,2018,CA,1951796.0,46235.0,11710.0,irs_990pf
936020203,DR LAURENCE SELLING FUND,2018,WI,1595942.0,98033.0,36838.0,irs_990pf
746450097,CLEON DETTMER CHARITABLE TRUST,2018,KS,1189668.0,96077.0,102330.0,irs_990pf
930710980,HASKELL FOUNDATION,2018,WI,1969709.0,126213.0,53105.0,irs_990pf
237332043,THE ROBERT H SMITH SCHOOL OF BUSINESS,2018,MD,9499123.0,3165143.0,186011.0,irs_990pf
756056417,MAYNARD FOUNDATION,2018,TX,420803.0,13551.0,33000.0,irs_990pf
261556795,INTERNATIONAL MEDICA FOUNDATION,2018,MN,72478.0,107006.0,0.0,irs_990pf
134144722,THE MAC AIDS FUND,2018,NY,10252301.0,5240398.0,16100722.0,irs_990pf
810893697,KUZNIK CHARITABLE FOUNDATION,2018,SC,3020020.0,1886795.0,88280.0,irs_990pf
330882782,TAJ FOUNDATION,2018,HI,22056.0,1248.0,5000.0,irs_990pf
137200887,DAVID HIMELBERG FOUNDATION,2018,NY,9340661.0,964736.0,557877.0,irs_990pf
822475429,RICHARD C AND KELLY HORNE JOHNSON CHARITABLE,2018,AR,190888.0,5461.0,8250.0,irs_990pf
232281586,MOSES TAYLOR FOUNDATION INC,2018,PA,76229266.0,3492090.0,3242676.0,irs_990pf
200926682,EDWARD CRAIG SMITH SCHOLARSHIP FOUN,2018,AR,265050.0,-6695.0,10100.0,irs_990pf
116035538,KEY FOOD STORES FOUNDATION INC,2018,NJ,776922.0,1491092.0,1205222.0,irs_990pf
943146675,THE JENIFER ALTMAN FOUNDATION,2018,CA,4806552.0,523155.0,259650.0,irs_990pf
161608754,HAMMONDSPORT BEAUT COMMITTEE INC,2018,NY,4755.0,15000.0,,irs_990pf
841443222,THE ROD N MCDONALD FAMILY FOUNDATION,2018,CO,725724.0,44451.0,28473.0,irs_990pf
133620909,THE AARON COPLAND FUND FOR MUSIC INC,2018,NY,17543412.0,2867334.0,1415600.0,irs_990pf
474771685,LIFE TRANSITION SKILLS INC,2018,FL,71251.0,278222.0,0.0,irs_990pf
208030810,ROCKEFELLER ARCHIVE CENTER,2018,NY,149389210.0,12742251.0,131057.0,irs_990pf
237084707,MEDINA COMMUNITY DESIGN COMMITTEE,2018,OH,93752.0,13277.0,1000.0,irs_990pf
954039929,LOS ANGELES COMMUNITY FOUNDATION,2018,CA,6676.0,157.0,0.0,irs_990pf
841179370,THE EDWARD F CALESA FOUNDATION,2018,CO,4058486.0,38493.0,135100.0,irs_990pf
320384487,GIANT EAGLE FOUNDATION,2018,PA,11244385.0,3907475.0,3011986.0,irs_990pf
261539981,KEMP FOUNDATION,2018,TX,58202.0,862.0,25000.0,irs_990pf
542016383,COMPTON FAMILY FOUNDATION,2018,VA,2282333.0,91745.0,130900.0,irs_990pf
880401555,SCHULMAN FAMILY FOUNDATION,2018,NV,9405.0,0.0,2421.0,irs_990pf
134147796,THE GDS FOUNDATION,2018,NY,798019.0,246219.0,303026.0,irs_990pf
954506950,OAK TREE CHARITABLE FOUNDATION,2018,CA,5719161.0,329930.0,270500.0,irs_990pf
300094894,THE W W REGINA O DONNELL,2018,TX,750295.0,3987.0,21500.0,irs_990pf
680069874,KOSHLAND FOUNDATION,2018,CA,16580355.0,1839138.0,5109016.0,irs_990pf
476147422,JOSEPH RUTH GOLDBERG MEMORIAL TRUST,2018,NE,44936.0,1693.0,1475.0,irs_990pf
822896599,ARK CHARITIES INC,2018,NC,10592.0,20050.0,1500.0,irs_990pf
273897345,PATTERSON CHARITABLE FOUNDATION,2018,WA,1427547.0,68962.0,89107.0,irs_990pf
656193280,ELISE M BESTHOFF CHARITABLE FOUNDATION,2018,FL,2822910.0,94299.0,174145.0,irs_990pf
261598669,THE JAMES CATHERINE HEITEL FOUNDATION,2018,AZ,34714.0,1448.0,2400.0,irs_990pf
237120763,THE FAMILY VISION-AKA ANTI-DRUG EDUCATION FUND INC,2018,MO,3169116.0,184669.0,,irs_990pf
911693752,JUBILEE FOUNDATION,2018,WA,143757533.0,103268161.0,120000.0,irs_990pf
216016470,ABRAMS FOUNDATION,2018,NJ,1264968.0,176468.0,175300.0,irs_990pf
363296422,JACKSON HEALTH CARE FOUNDATION INC,2018,MN,497748.0,76527.0,156849.0,irs_990pf
275433447,DUKE AND LORI VANDER ARK FOUNDATION,2018,FL,2130652.0,3121.0,99576.0,irs_990pf
352109635,CRIPE FAMILY FOUNDATION INC,2018,IN,1137800.0,58424.0,65469.0,irs_990pf
464006987,THE MANSFIELD FAMILY FOUNDATION,2018,MI,5408430.0,119019.0,243600.0,irs_990pf
943382118,ORACLE EDUCATION FOUNDATION,2018,CA,243742.0,378168.0,250000.0,irs_990pf
760454511,HEALTHCARE AND NURSING EDUCATION,2018,TX,11526114.0,521447.0,500000.0,irs_990pf
651156490,DIANE LYNN FAMILY FOUNDATION INC,2018,FL,4577329.0,372713.0,259000.0,irs_990pf
631263175,THE HUTCHINSON FAMILY FOUNDATION,2018,FL,177946.0,5125.0,40800.0,irs_990pf
850387488,THE ARTHUR HADDOCK FOUNDATION,2018,NM,784252.0,2502.0,0.0,irs_990pf
825006620,FLAIRS BOOSTER CLUB,2018,TX,6895.0,5653.0,0.0,irs_990pf
546046229,THE DALIS FOUNDATION,2018,VA,1987246.0,1107311.0,785000.0,irs_990pf
742244153,LLOYD M BENTSEN FOUNDATION,2018,TX,206308.0,11166.0,6750.0,irs_990pf
320217970,R R FAMILY FOUNDATION INC,2018,NJ,1907695.0,245420.0,389500.0,irs_990pf
273200226,FOSTER FOUNDATION,2018,CA,2926551.0,163320.0,196657.0,irs_990pf
466395023,MONTANA MENTAL HEALTH TRUST,2018,MT,2746582.0,73179.0,479920.0,irs_990pf
381579780,MACOMB COUNTY ROTARY FOUNDATION,2018,MI,475554.0,0.0,,irs_990pf
132997450,AUGUSTINE FOUNDATION,2018,NY,16390517.0,1370866.0,1461192.0,irs_990pf
274359180,DUKE FAMILY FOUNDATION,2018,SD,116308.0,11188.0,1986.0,irs_990pf
200527133,THE WASERSTEIN FOUNDATION,2018,FL,56701.0,60900.0,55000.0,irs_990pf
133682405,THE ROBERT CHESLEY-VICTOR BUMBALO,2018,CA,138437.0,1419.0,6150.0,irs_990pf
222520918,COLTON FAMILY FOUNDATION,2018,NJ,55377297.0,857311.0,3463595.0,irs_990pf
680533278,LOUIE PHILA TUCCINARDI FAMILY,2018,CA,48410.0,0.0,20000.0,irs_990pf
130434237,AMERICAN SOCIETY OF THE FRENCH,2018,NY,3481875.0,245957.0,204225.0,irs_990pf
272228270,JOHN XIKIS FOUNDATION INC,2018,NY,2857689.0,48593.0,55000.0,irs_990pf
550777077,POCAHONTAS COMMUNITY FOUNDATION INC,2018,WV,29452.0,1505.0,1000.0,irs_990pf
943270705,YIH FAMILY FOUNDATION,2018,CA,2879506.0,142304.0,38075.0,irs_990pf
222231640,MARTIN TONI SOSNOFF FOUNDATION,2018,FL,5018433.0,740575.0,3134942.0,irs_990pf
760282108,TOM PAT POWERS FOUNDATION,2018,TX,521040.0,344096.0,33600.0,irs_990pf
631133946,THE HALEY FOUNDATION,2018,AL,717548.0,146189.0,127000.0,irs_990pf
274432014,THE OWSLEY BROWN III,2018,KY,11948177.0,25058828.0,1054637.0,irs_990pf
431985100,GLACIER HILLS BOOSTER CLUB,2018,MN,55920.0,67425.0,51897.0,irs_990pf
830631804,TREES FOR KEEPS INC,2018,UT,0.0,844.0,,irs_990pf
834548030,ROTARY CLUB OF BURBANK SUNRISE - JACK FORSCH MEMORIAL FOUNDATION,2018,CA,0.0,0.0,,irs_990pf
236645757,KLINE J W MESSIAH SUR TR,2018,NV,2292624.0,157162.0,113000.0,irs_990pf
426051558,W SEYMOUR LACY TW,2018,NV,2618122.0,195203.0,120000.0,irs_990pf
562676795,DOUEK FAMILY FOUNDATION INC,2018,NY,1164825.0,436500.0,128146.0,irs_990pf
311772701,ER ROBERTS FAMILY FOUNDATION,2018,NY,424519.0,28365.0,15000.0,irs_990pf
510178918,MONTANA JAYCEES FOUNDATION,2018,MT,34723.0,-1425.0,1935.0,irs_990pf
205041869,ZICHRON TZIVIA FOUNDATION,2018,NY,91874.0,1671.0,2450.0,irs_990pf
461547494,BEULAH LAND FOUNDATION,2018,CA,405528.0,105537.0,29700.0,irs_990pf
274350767,W W CHARITABLE FOUNDATION,2018,CA,463348.0,56787.0,5741.0,irs_990pf
456036340,KENT KNUDSON MEMORIAL TRUST UA DTD 051774,2018,MN,25893.0,899.0,1300.0,irs_990pf
522388469,HELPING HANDS FUND,2018,PA,1368426.0,44899.0,19000.0,irs_990pf
046044779,THE HOPEDALE FOUNDATION,2018,MA,12022032.0,587614.0,507750.0,irs_990pf
270848573,KAIRALI-KATS INC,2018,OH,12171.0,25758.0,,irs_990pf
753070431,MARCUS PRIVATE FOUNDATION FOR,2018,CA,101023.0,-97760.0,,irs_990pf
562403637,THE WARREN FAMILY FOUNDATION,2018,PA,453392.0,250000.0,240574.0,irs_990pf
156024330,NEW YORK ALPHA PHI KAPPA PSI FOUNDATION,2018,NY,10920.0,6.0,0.0,irs_990pf
431817482,RONALD E AND ANNE S HENGES FAMILY,2018,MO,411763.0,21297.0,0.0,irs_990pf
571012469,THE PROVENCE FOUNDATION,2018,SC,66462.0,11191.0,7500.0,irs_990pf
311681353,CARDINAL FOUNDATION,2018,OH,632943.0,816143.0,303089.0,irs_990pf
521714353,THE GOLDSMITH FAMILY FOUNDATION INC,2018,MD,13848707.0,1108899.0,851776.0,irs_990pf
382638239,THE MURDOCK FOUNDATION,2018,MI,408753.0,28770.0,40000.0,irs_990pf
396277303,P HUNKEL FBO EMIL HUNKEL MEM TR,2018,IL,1008784.0,64838.0,49431.0,irs_990pf
582362169,THOMAS B AND PATRICIA R REYNOLDS,2018,GA,1600826.0,989014.0,240490.0,irs_990pf
133981562,THE MICA FOUNDATION,2018,NY,31381.0,81.0,1000.0,irs_990pf
814540830,WALDHART FAMILY FOUNDATION INC,2018,WI,50214.0,25454.0,13500.0,irs_990pf
270638859,DLW FOUNDATION DTD 7242009,2018,IL,2202983.0,354599.0,205000.0,irs_990pf
136374227,TR UW FOR R L ZUHLKE CHAR TR XXXXX4004,2018,IL,30772847.0,2188524.0,1720371.0,irs_990pf
454045675,THE MACDONALD FAMILY FOUNDATION,2018,VA,110982.0,3984.0,14926.0,irs_990pf
273144255,THE NAOMI PRAWER KADAR FOUNDATION INC,2018,NY,53150.0,1343195.0,1029941.0,irs_990pf
631183109,NALL-WHATLEY FOUNDATION,2018,AL,1632685.0,132522.0,153930.0,irs_990pf
137246627,SIAT FOUNDATION,2018,NY,86080.0,3248.0,15000.0,irs_990pf
363529826,RICE FAMILY FOUNDATION,2018,WA,7028360.0,258153.0,570000.0,irs_990pf
261581894,VIVIAN MARK TIEN FAMILY,2018,CA,433234.0,52083.0,8950.0,irs_990pf
376087674,SUSAN COOK HOUSE - PRESBYTERIAN HOM TRUST,2018,IL,25240.0,837.0,,irs_990pf
816122222,ALFRED LILLIE DUNLAVEY CHAR TRUST XXXXX2009,2018,IL,314228.0,25690.0,15867.0,irs_990pf
136761281,TRUST UW M ZALLES 7-8219 WELLS COLLEGE,2018,IL,1508326.0,51262.0,82131.0,irs_990pf
841465773,THE MAGGIEGEORGE FOUNDATION,2018,CO,9075770.0,12901312.0,695000.0,irs_990pf
812872882,ROBBEN FOUNDATION INC,2018,NY,57455.0,1100000.0,1686624.0,irs_990pf
841289731,HASAN FAMILY FOUNDATION,2018,CO,907391.0,10478.0,8800.0,irs_990pf
710937069,MARCIL FAMILY FOUNDATION,2018,CA,2005578.0,2213873.0,204698.0,irs_990pf
651057724,FLIGHT ATTENDANT MEDICAL RESEARCH,2018,FL,61076571.0,3339728.0,5194361.0,irs_990pf
208046545,RICE-CAMERON FAMILY FOUNDATION,2018,DC,1090671.0,295743.0,174397.0,irs_990pf
236217350,GEDDES CARRIES DECD T W,2018,NV,1041284.0,98163.0,40300.0,irs_990pf
237039760,ROCKY MOUNTAIN CORPORATION FOR,2018,NM,8804.0,335.0,0.0,irs_990pf
650877197,THE PENINSULA CHARITIES,2018,FL,1821625.0,23615.0,150800.0,irs_990pf
946052653,ARTHUR B LUTHER FOUNDATION,2018,NV,1096847.0,64904.0,58800.0,irs_990pf
592753315,THE HOFF FOUNDATION INC,2018,FL,1837843.0,71287.0,55500.0,irs_990pf
223500313,THE DAVID TEPPER CHARITABLE FOUNDATION,2018,NJ,634544017.0,44180489.0,12470375.0,irs_990pf
136121017,THE LICHTENSTEIN FOUNDATION INC,2018,NY,1906512.0,155074.0,119995.0,irs_990pf
133374516,THE FOUNDATION FOR THE PREVENTION AND,2018,NY,700560.0,16169.0,7400.0,irs_990pf
136277918,JULIUS EVELYN MELNICK FOUNDATION,2018,NY,439476.0,6271.0,26900.0,irs_990pf
860674421,HEALTHCARE INNOVATIONS FOUNDATION INC,2018,AZ,327176.0,7946.0,4700.0,irs_990pf
956029169,SENIEL DOROTHY OSTROW FOUNDATION,2018,CA,716413.0,218090.0,27500.0,irs_990pf
561853136,FOUNDATION FOR MUSIC BASED LEARNING,2018,NC,517735.0,7327.0,4170.0,irs_990pf
272063573,NATIONAL OBESITY FOUNDATION,2018,CA,49172.0,50.0,57000.0,irs_990pf
237315121,SAMUEL MOLLIE JEMAL FOUNDATION,2018,NY,144781.0,132000.0,137558.0,irs_990pf
461597529,PRUDENCE AND PAULINE FOUNDATION,2018,NY,870906.0,100000.0,85000.0,irs_990pf
133642159,CUMMINGS-GOLDMAN FOUNDATION,2018,NY,9774.0,1679.0,0.0,irs_990pf
133639542,SHELLEY DONALD RUBIN FOUNDATION,2018,NY,351687.0,1681108.0,900060.0,irs_990pf
366115620,HEALTH CAREERS FOUNDATION,2018,IL,353080.0,42787.0,23750.0,irs_990pf
586034851,LACY FOUNDATION INC,2018,GA,598808.0,86315.0,121000.0,irs_990pf
721373976,THE DALRYMPLE FAMILY FOUNDATION INC,2018,MS,1038544.0,43070.0,318483.0,irs_990pf
596152540,HOUSE OF HUSTON FOUNDATION INC,2018,FL,398795.0,19133.0,23825.0,irs_990pf
136099447,ANNA DAVID ZIMMERMAN FOUNDATION INC,2018,NY,283804.0,22236.0,15000.0,irs_990pf
770389098,HEALING ENVIRONMENTS,2018,CA,280.0,10540.0,,irs_990pf
236423822,SAUERMILCH MILT,2018,NV,101348.0,12402.0,4200.0,irs_990pf
330939302,NEW HOPE CHARITABLE FOUNDATION,2018,CA,6418603.0,4627837.0,301424.0,irs_990pf
472506761,SLATER VALLEY RANCH INC,2018,GA,2270990.0,3077.0,,irs_990pf
582275205,JASPER MARTHALENE DAVIS,2018,GA,2168475.0,691656.0,77000.0,irs_990pf
954862629,FELIX VENTURES FOUNDATION,2018,CA,60748.0,200564.0,,irs_990pf
066503521,THE HENRY GUSTAV FLOREN FOUNDATION,2018,CT,3576250.0,143580.0,255160.0,irs_990pf
223282730,WOO FAMILY CHARITABLE FOUNDATION INC,2018,NJ,1391316.0,34642.0,26100.0,irs_990pf
650162460,FREDERICK GRETA SMILEY,2018,NY,1409016.0,-130813.0,79172.0,irs_990pf
521907797,THE WALTER M MEINHARDT SR FAMILY,2018,MD,432186.0,6994.0,93050.0,irs_990pf
133593839,COLET FOUNDATION LTD,2018,NY,224738.0,13122.0,54779.0,irs_990pf
510442155,HOWARD STILLMAN BATES FOUNDATION INC,2018,MA,177810.0,125.0,200000.0,irs_990pf
821153502,WISCONSIN COMMAND COLLEGE ASSN INC,2018,WI,7106.0,8220.0,1000.0,irs_990pf
946715800,RUDD FAMILY FOUNDATION,2018,CA,7673246.0,304857.0,392538.0,irs_990pf
113477451,DAVIDS ANIMAL FOUNDATION INC,2018,NY,94557.0,6922.0,0.0,irs_990pf
366109359,MORAN FAMILY FOUNDATION,2018,GA,2867819.0,193354.0,179545.0,irs_990pf
396072993,GEORGE W EFFIE BORG SCHOLARSHIP FUND,2018,WI,131644.0,8881.0,7000.0,irs_990pf
940732210,FIVE BRIDGES FOUNDATION,2018,CA,11732209.0,417227.0,365000.0,irs_990pf
202042989,SPINE GROUP OF TEXAS RESEARCH FDN,2018,TX,88337.0,3036.0,,irs_990pf
356030029,LEVINE FAMILY OF LAPORTE FOUNDATION,2018,FL,49208.0,12866.0,8860.0,irs_990pf
593621667,NORMAN R WOLFORD SCHOOL OF NURSE,2018,FL,396014.0,387.0,0.0,irs_990pf
060653041,THE CARD HOME FOR THE AGED INC,2018,CT,1728903.0,657641.0,,irs_990pf
541183137,DIDLAKE FOUNDATION INC,2018,VA,256723.0,157.0,0.0,irs_990pf
277042232,DORIS W ULMER CONWAY A ULMER,2018,PA,169825.0,5486.0,11181.0,irs_990pf
237435466,ADDITON SCHOLARSHIP FUND,2018,RI,394578.0,13205.0,22292.0,irs_990pf
274659772,DORIS W ULMER CONWAY A ULMER,2018,PA,414617.0,13936.0,27427.0,irs_990pf
541854752,THE BACARDI FAMILY FOUNDATION INC,2018,VA,120770.0,346219.0,49825.0,irs_990pf
954523232,THE CALIFORNIA ENDOWMENT,2018,CA,3809575079.0,235234519.0,140882173.0,irs_990pf
261387262,FRIENDS OF THE RUSSIAN FOUNDATION,2018,GA,357360.0,350027.0,760000.0,irs_990pf
382902481,WILLIAM T ANN D MCCORMICK,2018,MI,33242.0,51224.0,68500.0,irs_990pf
953367511,ANN JACKSON FAMILY FOUNDATION,2018,CA,57768918.0,3399956.0,2702000.0,irs_990pf
134051213,INDIRA FOUNDATION,2018,CT,7657737.0,1710942.0,1373901.0,irs_990pf
203932120,ACR FOUNDATION,2018,NY,0.0,0.0,,irs_990pf
464012857,ASM FAMILY CHARITABLE FOUNDATION,2018,NY,601701.0,63241.0,375991.0,irs_990pf
766079186,ROBERT A VIRGINIA HEINLEIN,2018,TX,7848165.0,1013298.0,78976.0,irs_990pf
596515937,KARL A BICKEL CHARITABLE TRUST,2018,NV,2431396.0,149889.0,123000.0,irs_990pf
310909737,THE HUBERT A AND GLADYS C ESTABROOK,2018,OH,1684516.0,101680.0,171000.0,irs_990pf
046043957,PLYMOUTH FRAGMENT SOCIETY,2018,MA,590469.0,30597.0,27820.0,irs_990pf
236200741,T WISTAR BROWN TEACHER S FUND,2018,PA,2262085.0,97901.0,117255.0,irs_990pf
341602913,MIRAPAUL FOUNDATION,2018,IL,4723240.0,278690.0,340000.0,irs_990pf
232441688,BRUCE L ROTHROCK CHARITABLE FOUNDATION,2018,PA,30181.0,18.0,,irs_990pf
800597947,GEORGE V WOODLING JR FOUNDATION,2018,OH,1341.0,0.0,0.0,irs_990pf
236789195,GARRETT HARRY K RES TR W,2018,NV,1215443.0,92273.0,80000.0,irs_990pf
630288857,GREIL MEMORIAL FOUNDATION,2018,AL,0.0,1.0,456.0,irs_990pf
203622750,THE JOE MURRILL FAMILY FOUNDATION,2018,TX,2380096.0,128666.0,160850.0,irs_990pf
050487100,THE PICERNE FAMILY CHARITABLE FOUNDATION,2018,AZ,15167948.0,1797648.0,1060693.0,irs_990pf
203751030,THE CHRISTOPHER AND LUCILLE EWEN FAMILY,2018,CT,47277.0,2630.0,2030.0,irs_990pf
475025927,GELMAN STAINED GLASS MUSEUM,2018,TX,7568547.0,2018591.0,0.0,irs_990pf
236215328,EDWARD CHRISTMAN DECD T W,2018,NV,602564.0,54879.0,33000.0,irs_990pf
202476413,CHRISTIAN CANCER SUPPORT GROUP INC,2018,AL,168322.0,7463.0,0.0,irs_990pf
470854705,WHITTINGTON SEVEN OAK FOUNDATION,2018,DE,3491796.0,659842.0,181500.0,irs_990pf
237092739,HERBERT ANNIE CARLTON FOUNDATION,2018,VA,14418.0,16014.0,17775.0,irs_990pf
886006986,M D CLOSE FOUNDATION,2018,NV,341241.0,22746.0,22594.0,irs_990pf
760671332,THE DONALD RAY MCGILL JR AGAPE,2018,TX,6050.0,149861.0,178268.0,irs_990pf
042104681,FAITH HOME INC,2018,MA,353785.0,75391.0,17100.0,irs_990pf
236276229,HELB G C FBO SHRINERS HOSP TUW,2018,NV,357480.0,42120.0,17875.0,irs_990pf
231484204,YOUNG PEOPLE S CHURCH OF THE AIR INC,2018,PA,2152702.0,51832.0,135300.0,irs_990pf
261565422,IESE USA INC,2018,NY,12598678.0,7893603.0,,irs_990pf
541303250,ACORN ALCINDA FOUNDATION INC,2018,CT,4361979.0,188408.0,226930.0,irs_990pf
823270699,JOHN AND DORIS CLAYTON FOUNDATION,2017,TN,0.0,970.0,0.0,irs_990pf
264174961,RHODES COMMUNITY ART COLLABORATIVE,2017,LA,3300.0,3300.0,,irs_990pf
821833971,PALS PLACE FOUNDATION INC,2017,IL,0.0,0.0,,irs_990pf
251483674,WILLIAM STUCKI HANSEN FOUNDATION,2017,PA,19633502.0,718936.0,1444500.0,irs_990pf
870505864,HARRY S SLOANE FOUNDATION,2017,UT,2020247.0,4431.0,108000.0,irs_990pf
