name,city,state,ein,ntee_code,total_revenue,ntee_major,source
SEE ATTACHED SCHEDULE,NEW YORK,NY,,,,,irs_990pf
WEST ISLIP ASSN SCHOOL ADMIN,WEST ISLIP,NY,,,,,irs_990pf
ST PATRICKS SCHOLARSHIP FUND,BAY SHORE,NY,,,,,irs_990pf
WEST ISLIP BREAST CANCER,WEST ISLIP,NY,,,,,irs_990pf
ST JOHN THE BAPTIST HS,WEST ISLIP,NY,,,,,irs_990pf
MUSCULAR DYSTROPHY ASSN,LAKE SUCCESS,NY,,,,,irs_990pf
THYROID CANCER SURVIVORS ASSN,NEW YORK,NY,,,,,irs_990pf
AMERICAN HEART ASSOCIATION,PLAINVIEW,NY,,,,,irs_990pf
GREAT SOUTH BAY YMCA,BAY SHORE,NY,,,,,irs_990pf
HCMA,DENVILLE,NJ,,,,,irs_990pf
TUBEROUS SCLEROSIS ALLIANCE,SILVER SPRING,MD,,,,,irs_990pf
CHILDREN S HOSPITAL OF PHILADELPHIA,CINCINNATI,OH,,,,,irs_990pf
BABYLON BREAST CANCER COALITION,LINDENHURST,NY,,,,,irs_990pf
ARTISANWORKS,ROCHESTER,NY,,,,,irs_990pf
FIRST PRESBYTERIAN CHURH OF BROCKPORT,BROCKPORT,NY,,,,,irs_990pf
BROCKPORT CENTRAL SCHOOL,BROCKPORT,NY,,,,,irs_990pf
UNIVERSITY OF ROCHESTER,ROCHESTER,NY,,,,,irs_990pf
GARTH FAGAN DANCE,ROCHESTER,NY,,,,,irs_990pf
ALZHEIMER S ASSOCIATION,NEW YORK,NY,,,,,irs_990pf
AMERICAN CANCER SOCIETY,NEW YORK,NY,,,,,irs_990pf
AMERICAN CIVIL LIBERTIES UNION,NEW YORK,NY,,,,,irs_990pf
AMERICAN FRIENDS OF ISRAEL PHILHARMONIC ORCHESTRA,NEW YORK,NY,,,,,irs_990pf
AMERICAN HEART ASSOCIATION,DALLAS,TX,,,,,irs_990pf
AMERICAN MACULAR DEGENERATION FOUNDATION,NORTHAMPTON,MA,,,,,irs_990pf
BARRY FLORENCE FRIEDBURG JEWISH COMMUNITY CENTER,OCEANSIDE,NY,,,,,irs_990pf
BROADWAY CARES EQUITY FIGHTS AIDS,NEW YORK,NY,,,,,irs_990pf
CALVARY FUND OF CALVARY HOSPITAL,THE BRONX,NY,,,,,irs_990pf
CASA-NYC,NEW YORK,NY,,,,,irs_990pf
CITYMEALS ON WHEELS,NEW YORK,NY,,,,,irs_990pf
COMMUNITY ACTION SOUTHOLD TOWN INC,GREENPORT,NY,,,,,irs_990pf
DOROT,NEW YORK,NY,,,,,irs_990pf
ENROOT,CAMBRIDGE,MA,,,,,irs_990pf
FAMILIES AND FRIENDS SUPPORTING CYSTIC FIBROSIS CARE,NEW YORK,NY,,,,,irs_990pf
FOOD BANK FOR NYC,NEW YORK,NY,,,,,irs_990pf
HARVEY MILK HIGH SCHOOL,NEW YORK,NY,,,,,irs_990pf
HEBREW IMMIGRANT AID SOCIETY,SILVER SPRING,MD,,,,,irs_990pf
INSIDE BROADWAY,NEW YORK,NY,,,,,irs_990pf
JUVENILE DIABETES RESEARCH FOUNDATION JDRF,WEST PALM BEACH,FL,,,,,irs_990pf
MANHATTAN THEATRE CLUB,NEW YORK,NY,,,,,irs_990pf
MUSEUM SPECIAL OLYMPICS,WASHINGTON,DC,,,,,irs_990pf
NASSAU POPS SYMPHONY ORCHESTRA INC,FRANKLIN SQUARE,NY,,,,,irs_990pf
NATIONAL ALLIANCE FOR MENTAL ILLNESS MASSACHUSETTS,BOSTON,MA,,,,,irs_990pf
NATIONAL WWII MUSEUM,NEW ORLEANS,LA,,,,,irs_990pf
OCEANSIDE VOLUNTEER FIRE DEPARTMENT,OCEANSIDE,NY,,,,,irs_990pf
PECONIC LAND TRUST,SOUTHAMPTON,NY,,,,,irs_990pf
PEN AMERICA,NEW YORK,NY,,,,,irs_990pf
PLANNED PARENTHOOD OF NORTHERN NEW ENGLAND,COLCHESTER,VT,,,,,irs_990pf
ROSYGLO FOUNDATION INC,ENGELWOOD CLIFFS,NJ,,,,,irs_990pf
SHRINERS HOSPITALS FOR CHILDREN,TAMPA,FL,,,,,irs_990pf
SILVER SHIELD FOUNDATION,NEW YORK,NY,,,,,irs_990pf
SLOAN KETTERING MEMORIAL HOSPITAL,NEW YORK,NY,,,,,irs_990pf
SOUTH SHORE SYMPHONY ORCHESTRA,ROCKVILLE CENTRE,NY,,,,,irs_990pf
SOUTHERN POVERTY LAW CENTER,MONTGOMERY,AL,,,,,irs_990pf
ST JUDE CHILDREN S RESEARCH HOSPITAL,MEMPHIS,TN,,,,,irs_990pf
SUNRISE ASSOCIATION,OCEANSIDE,NY,,,,,irs_990pf
THE DOE FUND,NEW YORK,NY,,,,,irs_990pf
THE HATCH SPACE,BRATTLEBORO,VT,,,,,irs_990pf
THE MANILOW MUSIC PROJECT,INGLEWOOD,CA,,,,,irs_990pf
THE RONALD MCDONALD HOUSE NEW YORK,NEW YORK,NY,,,,,irs_990pf
THE SEEING EYE,MORRISTOWN,NJ,,,,,irs_990pf
THE SPACE ON MAIN,BRADFORD,VT,,,,,irs_990pf
THE STORM THEATRE INC,NEW YORK,NY,,,,,irs_990pf
TRIFORM CAMPHILL COMMUNITY,HUDSON,NY,,,,,irs_990pf
UPBEAT NYC,BRONX,NY,,,,,irs_990pf
VERMONT JAZZ CENTER,BRATTLEBORO,VT,,,,,irs_990pf
VISITING NURSE HOSPICE OF NEW HAMPSHIRE,WEST LEBANON,NH,,,,,irs_990pf
YIDDISH BOOK CENTER,AMHERST,MA,,,,,irs_990pf
YOUNG AUDIENCES NEW YORK,NEW YORK,NY,,,,,irs_990pf
MILWAUKEE PROTESTANT HOME,MILWAUKEE,WI,,,,,irs_990pf
VFW NATL HOME FOR CHILDREN,EATON RAPIDS,MI,,,,,irs_990pf
UNIVERSITY OF HOUSTON,HOUSTON,TX,,,,,irs_990pf
TEXAS A M UNIVERSITY,COLLEGE STATION,TX,,,,,irs_990pf
UNIVERSITY OF TEXAS,AUSTIN,TX,,,,,irs_990pf
ST EDWARDS UNIVERSITY,HOUSTON,TX,,,,,irs_990pf
REAGAN 4 GOLF SCHOLARSHIP,HOUSTON,TX,,,,,irs_990pf
CHILD ADVOCATES,HOUSTON,TX,,,,,irs_990pf
SAM HOUSTON STATE UNIVERSITY,HUNTSVILLE,TX,,,,,irs_990pf
ST MARKS METHODIST CHURCH,HOUSTON,TX,,,,,irs_990pf
SHRINERS HOSPITAL,HOUSTON,TX,,,,,irs_990pf
ST JUDES HOSPITAL,MEMPHIS,TN,,,,,irs_990pf
THE SALVATION ARMY,HOUSTON,TX,,,,,irs_990pf
HILL COUNTRY CHURCH,SAN MARCOS,TX,,,,,irs_990pf
ALLIANCE FOR THE ARTS,FORT MYERS,FL,,,,,irs_990pf
COLLIER COUNTY JUNIOR DEPUTIES LEAG,NAPLES,FL,,,,,irs_990pf
COMMUNITY COOPERATIVE MINISTRIES,FORT MYERS,FL,,,,,irs_990pf
CYPRESS LAKE UNITED METHODIST CHURC,FORT MYERS,FL,,,,,irs_990pf
FLORIDA ARTS INC,FORT MYERS,FL,,,,,irs_990pf
HOPE HEALTHCARE SERVICES,FORT MYERS,FL,,,,,irs_990pf
I WILL MENTORSHIP FOUNDATION,FORT MYERS,FL,,,,,irs_990pf
LEE HEALTH FOUNDATION,FORT MYERS,FL,,,,,irs_990pf
PRIDE PATRIOTISM OF LEE COUNTY IN,CAPE CORAL,FL,,,,,irs_990pf
UNITED WAY OF LEE COUNTY,FORT MYERS,FL,,,,,irs_990pf
TAMPA BAY WATCH,TIERRA VERDE,FL,,,,,irs_990pf
ACADEMY PREP CENTER OF ST PETERSBURG,ST PETERSBURG,FL,,,,,irs_990pf
ST HELEN S OUTREACH PROGRAM,WESTFIELD,NJ,,,,,irs_990pf
CATHOLIC CHARITIES OF THE,EAST ORANGE,NJ,,,,,irs_990pf
ROSEPETALS INC,BLOOMFIELD,NJ,,,,,irs_990pf
CASA OF NJ,TRENTON,NJ,,,,,irs_990pf
CONCORDIA LEARNING CENTER,JERSEY CITY,NJ,,,,,irs_990pf
EDDIE GRAY CAMP FUND,ELIZABETH,NJ,,,,,irs_990pf
ST JOSPEHS SOCIAL SERVICE CENTER,ELIZABETH,NJ,,,,,irs_990pf
SUMMIT SPEECH SCHOOL,NEW PROVIDENCE,NJ,,,,,irs_990pf
RESOLVE COMMUNITY COUNSELING CENTER,SCOTCH PLAINS,NJ,,,,,irs_990pf
ST MARY HIGH SCHOOL,ELIZABETH,NJ,,,,,irs_990pf
CHILDREN S FUN IN THE SUN FOUNDATIO,CRANFORD,NJ,,,,,irs_990pf
MOUNT SAINT MARY ACADEMY,WATCHUNG,NJ,,,,,irs_990pf
MOTHER SETON HIGH SCHOOL,CLARK,NJ,,,,,irs_990pf
FAMILY PROMISE,SUMMIT,NJ,,,,,irs_990pf
COVENANT HOUSE,NEWARK,NJ,,,,,irs_990pf
TEH CONNECTION FOR WOMEN FMAILIES,SUMMIT,NJ,,,,,irs_990pf
ALUMNI ASSOC OF UC DRUG COURT,ELIZABETH,NJ,,,,,irs_990pf
UNION CATHOLIC HIGH SCHOOL,SCOTCH PLAINS,NJ,,,,,irs_990pf
WESTFIELD AREA YMCA,WESTFIELD,NJ,,,,,irs_990pf
OCCUPATIONAL CENTER,ROSELLE,NJ,,,,,irs_990pf
COLLEGE WOMENS CLUB OF CRANFORD,CRANFORD,NJ,,,,,irs_990pf
ST LOUIS UNIVERSITY,ST LOUIS,MO,,,,,irs_990pf
VINCENT KANE,EAST WALPOLE,MA,,,,,irs_990pf
BRIAN NEE,DORCHESTER,MA,,,,,irs_990pf
MICHAEL O REILLY,BOSTON,MA,,,,,irs_990pf
FUNDADOR MORALES JR,WALTHAM,MA,,,,,irs_990pf
BRIAN DAVIS,HYDE PARK,MA,,,,,irs_990pf
GLEN MARTIN,WELLESLEY,MA,,,,,irs_990pf
SEAN KELLY,MARSHFIELD,MA,,,,,irs_990pf
ERIC EVANS,ROXBURY,MA,,,,,irs_990pf
JOSEPH GRAHAM,DUXBURY,MA,,,,,irs_990pf
RANDY GREELEY,SOUTH BOSTON,MA,,,,,irs_990pf
MIKHAYLA FOLEY,DORCHESTER,MA,,,,,irs_990pf
WESTSIDE CHRISTIAN ACADEMY,DETROIT,MI,,,,,irs_990pf
ALZHEIMERS ASSOCIATION,CHICAGO,IL,,,,,irs_990pf
BEYOND BASICS,BLOOMFIELD HILLS,MI,,,,,irs_990pf
BLANCHET HOUSE OF HOSPITALITY,PORTLAND,OR,,,,,irs_990pf
WOMEN OF TOMORROW MENTOR AND SCHOLA,DORAL,FL,,,,,irs_990pf
CHILD SAFE OF AMERICA,ROYAL OAK,MI,,,,,irs_990pf
AMERICAN CETACEAN SOCIETY - MONTERE,Pacific Grove,CA,,,,,irs_990pf
BIG SUR LAND TRUST,Carmel,CA,,,,,irs_990pf
CABRILLO COLLEGE FOUNDATION,Aptos,CA,,,,,irs_990pf
CARMEL BACH FESTIVAL,Carmel,CA,,,,,irs_990pf
MONTAGE HEALTH FOUNDATION,Monterey,CA,,,,,irs_990pf
COMMUNITY FOUNDATION MONTEREY COUNT,Monterey,CA,,,,,irs_990pf
FRIENDS OF HOPKINS MARINE LAB,Stanford,CA,,,,,irs_990pf
KAZU,Pacific Grove,CA,,,,,irs_990pf
KQEDKQET,San Francisco,CA,,,,,irs_990pf
LAND WATCH,Salinas,CA,,,,,irs_990pf
MBARI,Moss Landing,CA,,,,,irs_990pf
MONTEREY BAY AQUARIUM,Monterey,CA,,,,,irs_990pf
MONTEREY SYMPHONY,Carmel,CA,,,,,irs_990pf
NATIONAL RESOURCE DEFENSE COUNCIL,New York,NY,,,,,irs_990pf
OCEAN CONSERVANCY,Washington,DC,,,,,irs_990pf
PLANNED PARENTHOOD MAR MONTE,San Jose,CA,,,,,irs_990pf
SAVE OUR SHORES,Santa Cruz,CA,,,,,irs_990pf
SMUIN BALLET,San Francisco,CA,,,,,irs_990pf
SPCA OF MONTEREY COUNTY,Monterey,CA,,,,,irs_990pf
STANFORD PACKARD CHILDREN S HOSPITA,Palo Alto,CA,,,,,irs_990pf
SALVATION ARMY,Seaside,CA,,,,,irs_990pf
YOUTH MUSIC MONTEREY,Monterey,CA,,,,,irs_990pf
MONTEREY HIGH SCHOOL MUSIC DEPT,Monterey,CA,,,,,irs_990pf
PACIFIC GROVE POP ORCHESTRA,Pacific Grove,CA,,,,,irs_990pf
FRIENDS OF MONTEREY PUBLIC LIBRARY,Monterey,CA,,,,,irs_990pf
MIDBAR KODESH TEMPLE,HENDERSON,NV,,,,,irs_990pf
TOURO UNIVERSITY-NEVADA,HENDERSON,NV,,,,,irs_990pf
LAS VEGAS CLARK COUNTY LIBRARY DIST,LAS VEGAS,NV,,,,,irs_990pf
IMPROVE CARE NOW,BURLINGTON,VT,,,,,irs_990pf
ADELSON EDUCATIONAL CAMPUS,LAS VEGAS,NV,,,,,irs_990pf
CAMP ALONIM,BRANDEIS,CA,,,,,irs_990pf
CHILDREN WITH HAIR LOSS,ROCKWOOD,MI,,,,,irs_990pf
CLARK COUNTRY SCHOOL DISTRICT,LAS VEGAS,NV,,,,,irs_990pf
NEVADA YOUTH NETWORK,LAS VEGAS,NV,,,,,irs_990pf
JDRF JUVENILE DIABETES,Las Vegas,NV,,,,,irs_990pf
LDS - LAKEVIEW 7TH WARD,Orem,UT,,,,,irs_990pf
HANDS TOGETHER,Springfield,MA,,,,,irs_990pf
LDS - SUN VALLEY WARD,Las Vegas,NV,,,,,irs_990pf
GRAMEEN FOUNDATION,Washington,DC,,,,,irs_990pf
NV PUBLIC RADIO,Las Vegas,NV,,,,,irs_990pf
LDS - SUMMERLIN WARD,Las Vegas,NV,,,,,irs_990pf
BREAD FOR THE WORLD,Washington,DC,,,,,irs_990pf
RESULTS EDUCATION FUND,Washington,DC,,,,,irs_990pf
VEGAS PBS,Las Vegas,NV,,,,,irs_990pf
NAMI SOUTHERN NEVADA,Arlington,VA,,,,,irs_990pf
BE A SHERO FOUNDATION,Las Vegas,NV,,,,,irs_990pf
LIVING GRACE HOME,Henderson,NV,,,,,irs_990pf
AMERICAN HEART ASSOCIATION,Las Vegas,NV,,,,,irs_990pf
THREE SQUARE,Las Vegas,NV,,,,,irs_990pf
ST JUDE CHILDREN S RESEARCH HOSPITA,Las Vegas,NV,,,,,irs_990pf
ALZHEIMERS ASSOCIATION,Las Vegas,NV,,,,,irs_990pf
ALEXIS TRIPPON,HOUSTON,TX,,,,,irs_990pf
JAZZMYNE HERRINGTON,KATY,TX,,,,,irs_990pf
JORDAN HALEY,HOUSTON,TX,,,,,irs_990pf
SARA ROBERTS,RIDGELAND,MS,,,,,irs_990pf
MALLORY MORGAN,KATY,TX,,,,,irs_990pf
ANDREA DAPELO,CROWLEY,TX,,,,,irs_990pf
DAVID EGGLETON,HOUSTON,TX,,,,,irs_990pf
ANDREW BOUTTE,HOUSTON,TX,,,,,irs_990pf
GIRLS INC,Lowell,MA,,,,,irs_990pf
GREATER LOWELL FAMILY YMCA,Lowell,MA,,,,,irs_990pf
LOWELL COMMUNITY HEALTH,Lowell,MA,,,,,irs_990pf
CATHOLIC CHARITIES FOR GAP,Lowell,MA,,,,,irs_990pf
IT S ALL ABOUT THE KIDS FOUNDATION,Lowell,MA,,,,,irs_990pf
LIFE SAVER MINISTRIES-MY FATHER S H,N Chelmsford,MA,,,,,irs_990pf
MISCELLANEOUS REQUESTS,Lowell,MA,,,,,irs_990pf
GROTONWOODOCEANWOOD CAMPERSHIPS,Groton,MA,,,,,irs_990pf
CALVARY BAPTIST CHURCH-TEENS ALIVE,Lowell,MA,,,,,irs_990pf
ANGELS ABOVE,Lowell,MA,,,,,irs_990pf
THE WISH PROJECT,Lowell,MA,,,,,irs_990pf
ANN SULLIVAN CENTER,Lowell,MA,,,,,irs_990pf
CAITLIN HEMPHILL,WINNFIELD,LA,,,,,irs_990pf
KRISTY ROYALL,WINNFIELD,LA,,,,,irs_990pf
ALLIANCE DEFENDING FREEDOM,SCOTTSDALE,AZ,,,,,irs_990pf
BILLY GRAHAM EVANGELISTIC ASSOCIATION,CHARLOTTE,NC,,,,,irs_990pf
CENTRAL DETROIT CHRISTIAN COMMUNITY DEVELOPMENT CORPORATION,DETROIT,MI,,,,,irs_990pf
CHILDCARE WORLDWIDE,BELLINGHAM,WA,,,,,irs_990pf
CHOSEN PEOPLE MINISTRIES,NEW YORK,NY,,,,,irs_990pf
COMPASSCARE BUFFALO,BUFFALO,NY,,,,,irs_990pf
CROSSWORLD,KANSAS CITY,MO,,,,,irs_990pf
FAMILY TALK ACTION CORP,COLORADO SPRINGS,CO,,,,,irs_990pf
HOPE FOR TODAY MINISTRIES,TUSTIN,CA,,,,,irs_990pf
LEADING THE WAY,BERKELEY,IL,,,,,irs_990pf
LIBERTY MINISTRIES,SCHWENKSVILLE,PA,,,,,irs_990pf
LIVING GOD MINISTRIES,MONTGOMERY,AL,,,,,irs_990pf
LOVE WORTH FINDING MINISTRIES,GERMANTOWN,TN,,,,,irs_990pf
NARROW PATH MINISTRIES,NEW CASTLE,VA,,,,,irs_990pf
NATIONAL RELIGIOUS BROADCASTERS,WASHINGTON,DC,,,,,irs_990pf
REAL PRESENCE RADIO,FARGO,ND,,,,,irs_990pf
SONRAYS MINISTRIES INC,TONAWANDA,NY,,,,,irs_990pf
SOUTH NIAGARA LIFE MINISTRIES,,,,,,,irs_990pf
TELLLING THE TRUTH,BROOKFIELD,WI,,,,,irs_990pf
THE CITY SCHOOL,PHILADELPHIA,PA,,,,,irs_990pf
THE JERUSALEM CONNECTION INTERNATIONAL,HERNDON,VA,,,,,irs_990pf
THE URBAN ALTERNATIVE,DALLAS,TX,,,,,irs_990pf
TORONTO PREGNANCY CENTRE,,,,,,,irs_990pf
TRUTH FOR LIFE,CLEVELAND,OH,,,,,irs_990pf
CONGREGATION YETEV LEV DSATMAR OF,MONROE,NY,,,,,irs_990pf
CONGREGATION YESODAH KOL YEHUDA,BROOKLYN,NY,,,,,irs_990pf
CONGREGATION YESHIVA TZROR HACHAIM,BROOKLYN,NY,,,,,irs_990pf
THE OJC FUND,BROOKLYN,NY,,,,,irs_990pf
MISCELLANEOUS CHARITIES UNDER 1000,BROOKLYN,NY,,,,,irs_990pf
SHERI TORAH INC,MONROE,NY,,,,,irs_990pf
CONG AFSEI FRETZ OF NANASH,BROOKLYN,NY,,,,,irs_990pf
MOSDOS BEER YITZCHOK,BROOKLYN,NY,,,,,irs_990pf
CONGREGATION ADAS YEREIM,BROOKLYN,NY,,,,,irs_990pf
UNITED TALMUDICAL ACADEMY TORAH,BROOKLYN,NY,,,,,irs_990pf
CENTRAL UTA OF MONSEY,AIRMONT,NY,,,,,irs_990pf
CHAIM V CHESED,BROOKLYN,NY,,,,,irs_990pf
REFUAH HELPLINE,MONROE,NY,,,,,irs_990pf
MACHNEH RAV TOV,BROOKLYN,NY,,,,,irs_990pf
CHESED LAVRAHAM,BROOKLYN,NY,,,,,irs_990pf
KIRYAS JOEL VOLUNTEER EMS INC,MONROE,NY,,,,,irs_990pf
KOLLEL CHATZOS,MONSEY,NY,,,,,irs_990pf
RENEWAL OF LIFE INC,BROOKLYN,NY,,,,,irs_990pf
YETEV-LEV D JERUSALEM INC,BROOKLYN,NY,,,,,irs_990pf
KOLLEL AVREICHIM DRABEINU YOEL,BROOKLYN,NY,,,,,irs_990pf
MALBISH ZVI DKRULA,MONSEY,NY,,,,,irs_990pf
CONGREGATION MEOR EIYNAYIM INC,BROOKLYN,NY,,,,,irs_990pf
CIO OF ARGENTINA,MONROE,NY,,,,,irs_990pf
KOLLEL VYOEL MOSHE DSATMAR,BROOKLYN,NY,,,,,irs_990pf
ROFEH CHOLIM CANCER SOCIETY INC,BROOKLYN,NY,,,,,irs_990pf
CONGREGATION YETEV LEV SHUL INC,MONROE,NY,,,,,irs_990pf
AMERICAN FRIENDS OF YESHIVA DMIR IN,BROOKLYN,NY,,,,,irs_990pf
BAIS HAMEDRASH YESHIAS ISRAEL INC,BROOKLYN,NY,,,,,irs_990pf
MOSDOS RAMOU,BROOKLYN,NY,,,,,irs_990pf
CHAIM MEDICAL RESOURCE ORGANIZATION,MONROE,NY,,,,,irs_990pf
CONGREGATION TOLDOS REFUEL KASHO,SWAN LAKE,NY,,,,,irs_990pf
GEMACH HATZOLAH CORP,MONROE,NY,,,,,irs_990pf
MIKVAH TAHARAH OF CONG YETEV LEV,BROOKLYN,NY,,,,,irs_990pf
CONGREGATION BAIS YECHIEL,BROOKLYN,NY,,,,,irs_990pf
KOLEL SHARY LIMUD,BROOKLYN,NY,,,,,irs_990pf
MOSDOS BETH YOSEF ZVI,BROOKLYN,NY,,,,,irs_990pf
BAYIS LEPLEITOS ATERES BONOS INC,BROOKLYN,NY,,,,,irs_990pf
TORAS MOSHE YAVOSHNA OF MONSEY,MONSEY,NY,,,,,irs_990pf
YESHIVA OF NITRA,BROOKLYN,NY,,,,,irs_990pf
BAIS KRULA,BROOKLYN,NY,,,,,irs_990pf
BAIS SHMIEL,BROOKLYN,NY,,,,,irs_990pf
CHEVRA TOMCHEI EVYONIM SUPPORT,MONROE,NY,,,,,irs_990pf
CONGREGATION KEREN VYOEL MOISHE,MONROE,NY,,,,,irs_990pf
CONGREGATION MOSAD KEREN HATZOLE,BROOKLYN,NY,,,,,irs_990pf
CONGREGATION TORAS MOSHE,BROOKLYN,NY,,,,,irs_990pf
RAV CHESED,BROOKLYN,NY,,,,,irs_990pf
UNITED TALMUDICAL SEMINARY,BROOKLYN,NY,,,,,irs_990pf
NATIONAL SPACE SOCIETY,WASHINGTON,DC,,,,,irs_990pf
WORLD SPACE WEEK ASSOCIATION,HOUSTON,TX,,,,,irs_990pf
COMMERCIAL SPACEFLIGHT FEDERATION,WASHINGTON,DC,,,,,irs_990pf
NEW WORLDS INSTITUTE,AUSTIN,TX,,,,,irs_990pf
THE CENTER FOR SPACE COMMERCE FINANCE,CHICAGO,IL,,,,,irs_990pf
BAKER INSTITUTE,HOUSTON,TX,,,,,irs_990pf
DONALD THOMAS,TOWNSEND,MD,,,,,irs_990pf
GEO RULE,RAMSEY,MN,,,,,irs_990pf
IAN PERRY,HOUSTON,TX,,,,,irs_990pf
UNIVERISTY OF HOUSTON,Houston,TX,,,,,irs_990pf
SEE ATTACHED DETAIL,VARIOUS,VA,,,,,irs_990pf
4H CAMP HOLIDAY LAKE 4-H EDUCATIONAL CENTER INC,APPOMATTOX,VA,,,,,irs_990pf
ALLIANCE DEFENSE FUND,SCOTTSDALE,AZ,,,,,irs_990pf
AMERICAN CANCER SOCIETY,BALTIMORE,MD,,,,,irs_990pf
AMERICAN FIELD SERVICES,NEW YORK,NY,,,,,irs_990pf
AMERICAN RED CROSS,HARTFORD,CT,,,,,irs_990pf
ANIMAL RESCUE FOSTER PRO,GREENSBORO,NC,,,,,irs_990pf
ANNAPOLIS LODGE 89 FDN,ANNAPOLIS,MD,,,,,irs_990pf
AVERY HEIGHTS,HARTFORD,CT,,,,,irs_990pf
CENTRAL ASIA INSTITUTE,BOZEMAN,MT,,,,,irs_990pf
COMMUNITY INVESTMENT COLLABORATIVE,CHARLOTTESVILLE,VA,,,,,irs_990pf
CONNECTICUT CHILDREN S MEDICAL CENTER FOUNDATION,HARTFORD,CT,,,,,irs_990pf
CONNECTICUT SCIENCE CENTER,HARTFORD,CT,,,,,irs_990pf
CONSTRUCTIVE WORKSHOPS INC,NEW BRITAIN,CT,,,,,irs_990pf
COOPERATIVE MIDDLE SCHOOL PTO,STRATHAM,NH,,,,,irs_990pf
CPTV,HARTFORD,CT,,,,,irs_990pf
DANIEL WEBSTER COUNSEL BSA,MANCHESTER,NH,,,,,irs_990pf
DELAWARE STRONG FAMILIES,SEAFORD,DE,,,,,irs_990pf
DELLWYN VOLUNTEER FIRE DEPARTMENT,DILLWYN,VA,,,,,irs_990pf
END 68 HOURS OF HUNGER,SOMERSWORTH,NH,,,,,irs_990pf
EXETER CONGREGATIONAL CHURCH,EXETER,NH,,,,,irs_990pf
EXETER ELEMENTARY PTO,EXETER,NH,,,,,irs_990pf
FALLSTON ANIMAL RESCUE MOVEMENT,FALLSTON,MD,,,,,irs_990pf
FAMILY RESEARCH COUNCIL,WASHINGTON,DC,,,,,irs_990pf
FIDELCO GUIDE DOG,BLOOMFIELD,CT,,,,,irs_990pf
FOCUS ON THE FAMILY,COLORADO SPRINGS,CO,,,,,irs_990pf
FRIENDS OF SOUTH WINDSOR PUBLIC LIBRARY,SOUTH WINDSOR,CT,,,,,irs_990pf
GETTYSBURG COLLEGE,GETTSBURG,PA,,,,,irs_990pf
GLASTONBURY ABC INC,GLASTONBURY,CT,,,,,irs_990pf
GOODSPEED OPERA HOUSE,EAST HADDAM,CT,,,,,irs_990pf
GREENSBORO URBAN MINISTRY,GREENSBORO,NC,,,,,irs_990pf
HABITAT FOR HUMANITY,HARTFORD,CT,,,,,irs_990pf
HARTFORD STATE,HARTFORD,CT,,,,,irs_990pf
HARTFORD SYMPHONY ORCHESTRA,HARTFORD,CT,,,,,irs_990pf
JANE M JOHNSTON FOUNDATIONCAMP SUNRISE,BALTIMORE,MD,,,,,irs_990pf
JONI FRIENDS,AQOURA HILLS,CA,,,,,irs_990pf
KERNVILLE MIDDLE SCHOOL,GREENSBORO,NC,,,,,irs_990pf
LITTLE THEATER OF MANCHESTER,MANCHESTER,CT,,,,,irs_990pf
MACC MANCHESTER,MANCHESTER,CT,,,,,irs_990pf
MT WORDINGTON PEDIATRIC HOSPITAL,BALTIMORE,MD,,,,,irs_990pf
NATIONAL PARKS FOUNDATION,WASHINGTON,DC,,,,,irs_990pf
NATIONAL RIGHT TO LIFE,WASHINGTON,DC,,,,,irs_990pf
NEW COVENANT PRESBYTERIAN CHURCH,LEWES,DE,,,,,irs_990pf
NORTHWEST GUILFORD HIGH SCHOOL PTSC,GREENSBORO,NC,,,,,irs_990pf
OUT OF THE GARDEN PROJECT,GREENSBORO,NC,,,,,irs_990pf
PHI BETA KAPPA,WASHINGTON,DC,,,,,irs_990pf
PRINCETON UNIVERSITY CLASS OF 1963,NEW YORK,NY,,,,,irs_990pf
READY KIDS,CHARLOTTESVILLE,VA,,,,,irs_990pf
ROADS SCHOLAR,BOSTON,MA,,,,,irs_990pf
RYAN P HEALEY FOUNDATION,BALTIMORE,MD,,,,,irs_990pf
SALVATION ARMY,HARTFORD,CT,,,,,irs_990pf
SHELBURNE FARMS,SHELBURNE,VT,,,,,irs_990pf
SHELBURNE MUSEUM,SHELBURNE,VT,,,,,irs_990pf
SHRINERS HOSPITAL,TAMPA,FL,,,,,irs_990pf
SOC OF NORTH CAROLINA,RALEIGH,NC,,,,,irs_990pf
SOUTH WINDSOR COMMUNITY FOUNDATION INC,SOUTH WINDSOR,CT,,,,,irs_990pf
SOUTH WINDSOR FIRE DEPARTMENT,SOUTH WINDSOR,CT,,,,,irs_990pf
SOUTH WINDSOR FUEL FOOD BANK,SOUTH WINDSOR,CT,,,,,irs_990pf
SOUTH WINDSOR HISTORICAL SOCIETY,SOUTH WINDSOR,CT,,,,,irs_990pf
ST PAUL THE APOSTLE CATHOLIC CHURCH,GREENSBORO,NC,,,,,irs_990pf
SUSSEX PREGNANCY CARE CENTER,GEORGETOWN,DE,,,,,irs_990pf
THE COLLEGE OF NEW JERSEY,EWING,NJ,,,,,irs_990pf
THE PINGRY SCHOOL,BASKING RIDGE,NJ,,,,,irs_990pf
THE WOMANS INITIATIVE,CHARLOTTESVILLE,VA,,,,,irs_990pf
THEATER WORKS,HARTFORD,CT,,,,,irs_990pf
THERESA CATHOLIC CHURCH,FARMVILLE,VA,,,,,irs_990pf
UNIVERSITY OF NEW HAMPSHIRE FOUNDATION,DURHAM,NH,,,,,irs_990pf
VIRGINIA EDUCATION FOUNDATION,RICHMOND,VA,,,,,irs_990pf
VIRGINIA TECH - GPS STUDY,BLACKSBURG,VA,,,,,irs_990pf
WAPPING COMMUNITY CHURCH,SOUTH WINDSOR,CT,,,,,irs_990pf
WOMEN OF GREATER SQUAMSCOTT,STRATHAM,NH,,,,,irs_990pf
WOOD MEMORIAL LIBRARY,SOUTH WINDSOR,CT,,,,,irs_990pf
SALK INSTITUTE,LA JOLLA,CA,,,,,irs_990pf
UNIVERSITY OF DELAWARE,NEWARK,DE,,,,,irs_990pf
UNIVERSITY OF PITTSBURG,PITTSBURGH,PA,,,,,irs_990pf
INSPIRITEC,PHILADELPHIA,PA,,,,,irs_990pf
UPLAND COUNTRY DAY SCHOOL,KENNETT SQUARE,PA,,,,,irs_990pf
SAUNDERS HOUSE,WYNNEWOOD,PA,,,,,irs_990pf
BALA PRESBYTERIAN HOME FDN,FAFAYETTE HILL,PA,,,,,irs_990pf
CHILDREN S CENTER OF MONTGOMERY,MONTGOMERY,AL,,,,,irs_990pf
GRACE CHURCH,HOUSTON,TX,,,,,irs_990pf
THE VAIL CHURCH,AVON,CO,,,,,irs_990pf
ALPHA HOUSTON,HOUSTON,TX,,,,,irs_990pf
SERVANTS OF CHRIST INTERNATIONAL IN,MILLIKEN,CO,,,,,irs_990pf
MAKARIOS,AUSTIN,TX,,,,,irs_990pf
LINKS PLAYERS INTERNATIONAL,CLOVIS,CA,,,,,irs_990pf
UPWORDS,SAN ANTONIO,TX,,,,,irs_990pf
FISHER HOUSE FOUNDATION INC,ROCKVILLE,MD,,,,,irs_990pf
HOPE INTERNATIONAL,LANCASTER,PA,,,,,irs_990pf
SCHULENBURG ISD - MURRILL SCHOLARSH,SCHULENBURG,TX,,,,,irs_990pf
LADONNA GUILBEAUX,Houston,TX,,,,,irs_990pf
ALZHEIMERS ASSOCIATION,WASHINGTON,DC,,,,,irs_990pf
AMERICAN EXPRESS,LAS VEGAS,NV,,,,,irs_990pf
ANIMAL RESCUE LEAGUE OF RHODE ISLAND,WAKEFIELD,RI,,,,,irs_990pf
BOSTON COLLEGE,BOSTON,MA,,,,,irs_990pf
BREAKTHROUGH PROVIDENCE,PROVIDENCE,RI,,,,,irs_990pf
BRISTOL COMMUNITY COLLEGE,FALL RIVER,MA,,,,,irs_990pf
BROWN SPORTS FOUNDATION,PROVIDENCE,RI,,,,,irs_990pf
BUTTON HOLE,PROVIDENCE,RI,,,,,irs_990pf
CHILD MIND INSTITUTE,NEW YORK,NY,,,,,irs_990pf
COLLEGE OF COASTAL GEORGIA OFFICE OF FINANCIAL AID,BRUNSWICK,GA,,,,,irs_990pf
COLONIAL HIGH SCHOOL,ORLANDO,FL,,,,,irs_990pf
COMMUNITY PREPARATORY SCHOOL,PROVIDENCE,RI,,,,,irs_990pf
CRANSTON HIGH SCHOOL EAST,CRANSTON,RI,,,,,irs_990pf
CRANSTON HIGH SCHOOL WEST,CRANSTON,RI,,,,,irs_990pf
CROSSROADS RHODE ISLAND,PROVIDENCE,RI,,,,,irs_990pf
DAVID R PICERNE CHARITABLE FOUNDATION,PHOENIX,AZ,,,,,irs_990pf
EAST PROVIDENCE HIGH SCHOOL,EAST PROVIDENCE,RI,,,,,irs_990pf
FLORIDA INTERNATIONAL UNIVERSITY FINANCIAL AID OFFICE,MIAMI,FL,,,,,irs_990pf
FLORIDA STATE UNIVERSITY,TALLAHASSEE,FL,,,,,irs_990pf
FORT MYERS HIGH SCHOOL,FORT MYERS,FL,,,,,irs_990pf
FREEDOM HIGH SCHOOL,TAMPA,FL,,,,,irs_990pf
FRIARS FOREVER FUND,PROVIDENCE,RI,,,,,irs_990pf
HARVARD UNIVERSITY BUSINESS SCHOOL,BOSTON,MA,,,,,irs_990pf
HIS MANSION MINISTRIES,HILLSBORO,NH,,,,,irs_990pf
JOHNSTON SENIOR HIGH SCHOOL,JOHNSTON,RI,,,,,irs_990pf
KING PHILIP REGIONAL HIGH SCHOOL,WRENTHEM,MA,,,,,irs_990pf
LAKE NONA HIGH SCHOOL,ORLANDO,FL,,,,,irs_990pf
MARQUETTE UNIVERSITY OFFICE OF STUDENT FINANCIAL AID,MILWAUKEE,WI,,,,,irs_990pf
MASSACHUSETTS EYE AND EAR,BOSTON,MA,,,,,irs_990pf
MASSACHUSETTS GENERAL HOSPITAL,BOSTON,MA,,,,,irs_990pf
MICHAEL JFOX FOUNDATION,HAAERSTOWN,MD,,,,,irs_990pf
MIDDLETOWN HIGH SCHOOL,MIDDLETOWN,RI,,,,,irs_990pf
NARRAGANSETT COUNCIL BSA,EAST PROVIDENCE,RI,,,,,irs_990pf
NAZARETH ACADEMY,LA GRANGE PARK,IL,,,,,irs_990pf
NEAR CHILDREN S FUND,WARWICK,RI,,,,,irs_990pf
OCOEE HIGH SCHOOL,OCOEE,FL,,,,,irs_990pf
PILGRIM HIGH SCHOOL,WARWICK,RI,,,,,irs_990pf
PRICE RITE MARKET PLACE,WARWICK,RI,,,,,irs_990pf
PROVIDENCE COLLEGE,PROVIDENCE,RI,,,,,irs_990pf
RESIDENT ACTIVITIES FUND CO ST ELIZABETH HOME,EAST GREENWICH,RI,,,,,irs_990pf
RHODE SLAND COLLEGE FOUNDATION,PROVIDENCE,RI,,,,,irs_990pf
SAINT IGNATIUS,CHICAGO,IL,,,,,irs_990pf
SHAKE A LEG MIAMI,MIAMI,FL,,,,,irs_990pf
SOPHIA ACADEMY,PROVIDENCE,RI,,,,,irs_990pf
SOUTH COUNTY HOSPITAL,WAKEFIELD,RI,,,,,irs_990pf
SPOTO HIGH SCHOOL,RIVERVIEW,FL,,,,,irs_990pf
SPRINGFIELD COLLEGE,SPRINGFIELD,MA,,,,,irs_990pf
ST PATRICK ACADEMY,PROVIDENCE,RI,,,,,irs_990pf
THE CHRISTIAN BROTHERS CENTER,NARRAGANSETT,RI,,,,,irs_990pf
THE PRESERVATION SOCIETY NEWPORT COUNTY,NEWPORT,RI,,,,,irs_990pf
THE PUBLIC EDUCATION FOUNDATION,LAS VEGAS,NV,,,,,irs_990pf
THE SAN MIGUEL SCHOOL,PROVIDENCE,RI,,,,,irs_990pf
THE UNIVERSITY OF RHODE ISLAND,KINGSTON,RI,,,,,irs_990pf
TOLL GATE HIGH SCHOOL,WARWICK,RI,,,,,irs_990pf
UNIVERSITY OF CENTRAL FLORIDA OF STUDENT FINANCIAL ASSISTANCE,ORLANDO,FL,,,,,irs_990pf
UNIVERSITY OF EVANSVILLE,EVANSVILLE,IN,,,,,irs_990pf
UNIVERSITY OF FLORIDA OFFICE FOR STUDENT FINANCIAL AFFAIRS,GAINESVILLE,FL,,,,,irs_990pf
UNIVERSITY OF RHODE ISLAND,KINGSTON,RI,,,,,irs_990pf
UNIVERSITY OF VERMONT,BURLINGTON,VT,,,,,irs_990pf
USA NORDIC,PARK CITY,UT,,,,,irs_990pf
UVM STUDENT FINANCIAL SERVICES,BURLINGTON,VT,,,,,irs_990pf
VALENCIA COLLEGE,ORLANDO,FL,,,,,irs_990pf
WALKINGIN LOVE INC,CASSELBERRY,FL,,,,,irs_990pf
WHEATON COLLEGE STUDENT FINANCIAL AID,NORTON,MA,,,,,irs_990pf
YOUNG LIFE EASTERN DUPAGE,HINSDALE,IL,,,,,irs_990pf
DARTMOUTH COLLEGE,HANOVER,NH,,,,,irs_990pf
GLOBAL BRIGADES,STORRS,CT,,,,,irs_990pf
JWU,PROVIDENCE,RI,,,,,irs_990pf
THE TRSTEES OF THE SMITH COLLEGE,NORTHAMPTON,MA,,,,,irs_990pf
VASSAR COLLEGE,POUGHKEEPSIE,NY,,,,,irs_990pf
BRYN MAWR COLLEGE,BRYN MAWR,PA,,,,,irs_990pf
AMERICAN TRACT SOCIETY,WHEATON,IL,,,,,irs_990pf
AMERICAN BIBLE SOCIETY,PHILADELPHIA,PA,,,,,irs_990pf
AMERICAN LEPROSY MISSIONS,GREENVILLE,SC,,,,,irs_990pf
POCKET TESTAMENT LEAGUE INC,LITITZ,PA,,,,,irs_990pf
SUNDAY BREAKFAST ASSOCIATION,PHILADELPHIA,PA,,,,,irs_990pf
THE MOODY BIBLE INSTITUTE OF CHICAGO,CHICAGO,IL,,,,,irs_990pf
WHEATON COLLEGE,WHEATON,IL,,,,,irs_990pf
BIBLE IMPACT MINISTRIES,SAINT JAMES,MO,,,,,irs_990pf
RADIO BIBLE CLASS RBC MINISTRIES,GRAND RAPIDS,MI,,,,,irs_990pf
BILLY GRAHAM EVANGELISTIC ASSOC,CHARLOTTE,NC,,,,,irs_990pf
WORLD VISION,FEDERAL WAY,WA,,,,,irs_990pf
CECSEABEE HISTORICAL FOUNDATION,GULFPORT,MS,,,,,irs_990pf
NORTH COUNTY PHILANTHROPY COUNCIL,CARLSBAD,CA,,,,,irs_990pf
CASA DE AMPARO,SAN MARCOS,CA,,,,,irs_990pf
SEGERSTROM CENTER FOR THE ARTS,COSTA MESA,CA,,,,,irs_990pf
PACIFIC RESEARCH INSTITUTE,SAN FRANCISCO,CA,,,,,irs_990pf
ST JUDE S CHILDRENS RESEARCH HOSP,MEMPHIS,TN,,,,,irs_990pf
TEEN PARENT PROG ALTA VISTA HS,VISTA,CA,,,,,irs_990pf
TEEN PARENTCHILD DEV FOOTHILL HS,SAN MARCOS,CA,,,,,irs_990pf
FLORIDA SOUTHERN COLLEGE,Lakeland,FL,,,,,irs_990pf
UNIVERSITY OF FLORIDA FOUNDATION,GAINESVILLE,FL,,,,,irs_990pf
LELAND STANFORD JR UNIVERSITY,PALA ALTO,CA,,,,,irs_990pf
GRACE EPISCOPAL CHURCH,THE PLAINS,VA,,,,,irs_990pf
A LITTLE HEART,THE PLAINS,VA,,,,,irs_990pf
DUNCAN TAVERN,PARIS,KY,,,,,irs_990pf
FIRST PRESBYTERIAN CHURCH,LEXINGTON,KY,,,,,irs_990pf
JOSEPHINE SCULPTURE PARK INC,FRANKFORT,KY,,,,,irs_990pf
KENTUCKY SOCIETY CHILDREN OF AMERICAN REVOLUTION,PARIS,KY,,,,,irs_990pf
RIVER FIELDS INC,LOUISVILLE,KY,,,,,irs_990pf
UNIVERSITY OF KENTUCKY,LEXINGTON,KY,,,,,irs_990pf
WARD HALL FOUNDATION,GEORGETOWN,KY,,,,,irs_990pf
KENTUCKY TRUST FOR HISTORIC PRESERVATION,FRANKFORT,KY,,,,,irs_990pf
LIVING ARTS AND SCIENCE CENTER,LEXINGTON,KY,,,,,irs_990pf
CARNEGIE CENTER FOR LITERACY,LEXINGTON,KY,,,,,irs_990pf
TRANSYLVANIA UNIVERSITY,LEXINGTON,KY,,,,,irs_990pf
WALNUT HILL CHURCH,LEXINGTON,KY,,,,,irs_990pf
BEYOND ORDINARY WOMEN MINISTRIES,PLANO,TX,,,,,irs_990pf
CHRISTIAN MISSIONARY FELLOWSHIP,INDIANAPOLIS,IN,,,,,irs_990pf
CHURCH AT THE SPRINGS,OCALA,FL,,,,,irs_990pf
DALLAS BIBLE CHURCH,DALLAS,TX,,,,,irs_990pf
EQUIP INDIA,TEQUESTA,FL,,,,,irs_990pf
EVANTELL INC,DALLAS,TX,,,,,irs_990pf
FLORIDA BAPTIST CHILDREN S HOME,LAKELAND,FL,,,,,irs_990pf
FLORIDA UNITED METHODIST CHILDREN S HOME,DELAND,FL,,,,,irs_990pf
GREATER NEW ZION PRIMITIVE BAPTIST CHURCH,DAYTONA BEACH,FL,,,,,irs_990pf
HARBORSIDE CHRISTIAN CHURCH,SAFETY HARBOR,FL,,,,,irs_990pf
LIVING HOPE HAITI CHRISTIAN MISSION,MIAMI,FL,,,,,irs_990pf
LOVE DOES,SAN DIEGO,CA,,,,,irs_990pf
MIAMI YOUTH FOR CHRIST,MIAMI,FL,,,,,irs_990pf
SAMARITAN S PURSE,BOONE,NC,,,,,irs_990pf
THE SALVATION ARMY CLEARWATER FL,CLEARWATER,FL,,,,,irs_990pf
THE SALVATION ARMY DALLAS TX,DALLAS,TX,,,,,irs_990pf
THE SALVATION ARMY VERO BEACH FL,VERO BEACH,FL,,,,,irs_990pf
WISEHEART FOUNDATION,MEMPHIS,TN,,,,,irs_990pf
WYCLIFFE BIBLE TRANSLATORS,ORLANDO,FL,,,,,irs_990pf
YOUNG LIFE COLUMBIA,COLUMBIA,SC,,,,,irs_990pf
VARIOUS RECIPIENTS - SEE ATTACHED L,SIDNEY,NY,,,,,irs_990pf
BRYN MAWR SCHOOL,BALTIMORE,MD,,,,,irs_990pf
THE ASSOCIATED JEWISH COM FEDERATION OF BALTIMORE,BALTIMORE,MD,,,,,irs_990pf
JOHNS HOPKINS UNIVERSITY DR CHRISTINE HANN,BALTIMORE,MD,,,,,irs_990pf
LUNG CANCER RESEARCH FOUNDATION,NEW YORK,NY,,,,,irs_990pf
LIFEBRIDGE HEALTH,BALTIMORE,MD,,,,,irs_990pf
FISHER HOUSE FOUNDATION,ROCKVILLE,MD,,,,,irs_990pf
BOYS LATIN SCHOOL OF MARYLAND,BALTIMORE,MD,,,,,irs_990pf
HOUSE OF RUTH BALTIMORE,BALTIMORE,MD,,,,,irs_990pf
HOPEWELL CANCER SUPPORT,LUTHERVILLE,MD,,,,,irs_990pf
LUNGEVITY FOUNDATION,BETHESDA,MD,,,,,irs_990pf
HOLOCAUST MUSEUM,WASHINGTON,DC,,,,,irs_990pf
SOUL CENTER,BALTIMORE,MD,,,,,irs_990pf
JOHNS HOPKINS CHILDREN S CENTER,BALTIMORE,MD,,,,,irs_990pf
RONALD MCDONALD HOUSE DC,WASHINGTON,DC,,,,,irs_990pf
SHOAH FOUNDATION,LOS ANGELES,CA,,,,,irs_990pf
LUNG CANCER FOUNDATION OF AMERICA,NEW ULM,MN,,,,,irs_990pf
CHILDREN S CANCER FOUNDATION,COLUMBIA,MD,,,,,irs_990pf
JOHNS HOPKINS MEDICINE,BALTIMORE,MD,,,,,irs_990pf
YESHIVAT HAMEKUBALIM NAHALAT,,,,,,,irs_990pf
THREE BRIDGES REFORMED CHURCH,THREE BRIDGES,NJ,,,,,irs_990pf
HOPE FORCE INTERNATIONAL,BRENTWOOD,TN,,,,,irs_990pf
AMERICAN CANCER SOCIETY,ATLANTA,GA,,,,,irs_990pf
AMERICAN RED CROSS,WASHINGTON,DC,,,,,irs_990pf
BOYS TOWN,BOYS TOWN,NE,,,,,irs_990pf
COLONIAL WILLIAMSBURG FOUNDATION,WILLIAMSBURG,VA,,,,,irs_990pf
COMPASSION INTERNATIONAL,COLORADO SPRINGS,CO,,,,,irs_990pf
EASTER SEALS,EAST BRUNSWICK,NJ,,,,,irs_990pf
FIRST UNITED METHODIST CHURCH,FLEMINGTON,NJ,,,,,irs_990pf
FLEMINTON RARITAN RESCUE SQUAD,FLEMINGTON,NJ,,,,,irs_990pf
FLEMINGTON AREA FOOD PANTRY,FLEMINGTON,NJ,,,,,irs_990pf
HUNTERDON MEDICAL CENTER FOUNDATION,FLEMINGTON,NJ,,,,,irs_990pf
MARCH OF DIMES,ARLINGTON,VA,,,,,irs_990pf
NATIONAL PARK FOUNDATION,WASHINGTON,DC,,,,,irs_990pf
PILOT KNOB FIRE COMPANY,PILOT MOUNTAIN,NC,,,,,irs_990pf
REFORMED CHURCH MINISTRIES,OLD BRIDGE,NJ,,,,,irs_990pf
ST JUDES CHILDRENS HOSPITAL,MEMPHIS,TN,,,,,irs_990pf
THE LAKE GEORGE LAND CONSERVANCY,BOLTON LANDING,NY,,,,,irs_990pf
THE MAGIC FOUNDATION,NEW HOPE,PA,,,,,irs_990pf
USO,ARLINGTON,VA,,,,,irs_990pf
THE SALVATION ARMY,WEST NYACK,NY,,,,,irs_990pf
MESSIAH COLLEGE,MECHANICSBURG,PA,,,,,irs_990pf
YMCA OF BRIGDGEPORT CT,BRIDGEPORT,CT,,,,,irs_990pf
NATIONAL COUNCIL OF YMCA,CHICAGO,IL,,,,,irs_990pf
THE SALVATION ARMY,HOFFMAN ESTATES,IL,,,,,irs_990pf
GIRL SCOUTS OF GREATER IOWA,DES MOINES,IA,,,,,irs_990pf
WILLIAM PENN UNIVERSITY,OSKALOOSA,IA,,,,,irs_990pf
YMCA MAHASKA COUNTY,OSKALOOSA,IA,,,,,irs_990pf
MID IOWA COUNCIL BSA,DES MOINES,IA,,,,,irs_990pf
OSKALOSSA PUBLIC LIBRARY FOUNDATION INC,OSKALOOSA,IA,,,,,irs_990pf
UNIVERSITY OF DAYTON SCHOOL OF LAW,DAYTON,OH,,,,,irs_990pf
UNIVERSITY OF CINCINNATI COLLEGE OF LAW,CINCINNATI,OH,,,,,irs_990pf
THE OHIO STATE UNIVERSITY COLLEGE OF LAW,COLUMBUS,OH,,,,,irs_990pf
THE LEGAL AID SOCIETY OF CLEVELAND,CLEVELAND,OH,,,,,irs_990pf
SINCLAIR COMMUNITY COLLEGE,DAYTON,OH,,,,,irs_990pf
OHIO CENTER FOR LAW- RELATED EDUCATION,COLUMBUS,OH,,,,,irs_990pf
LAW AND LEADERSHIP INSTITUTE LLC,COLUMBUS,OH,,,,,irs_990pf
FRIENDS TO THE INDIGENT,CINCINNATI,OH,,,,,irs_990pf
DAYTON BAR ASSOCIATION FOUNDATION,DAYTON,OH,,,,,irs_990pf
CLEVELAND METROPOLITAN BAR FOUNDATION,CLEVELAND,OH,,,,,irs_990pf
CAPITAL UNIVERSITY SCHOOL OF LAW,COLUMBUS,OH,,,,,irs_990pf
JACQUILYN GRAPPI,PLYMOUTH,MA,,,,,irs_990pf
MARSHA ROUGEAU,PLYMOUTH,MA,,,,,irs_990pf
DIANE HERNENDEZ,PLYMOUTH,MA,,,,,irs_990pf
JENNIFER CORT,PLYMOUTH,MA,,,,,irs_990pf
SHEILA REGAN,PLYOUTH,MA,,,,,irs_990pf
MELANIE WISEMAN,PLYMOUTH,MA,,,,,irs_990pf
ROBIN KINGSLEY,PLYMOUTH,MA,,,,,irs_990pf
KRISTIAN FANNING,PLYMOUTH,MA,,,,,irs_990pf
BRIANNE DEPINN,PLYMOUTH,MA,,,,,irs_990pf
THERESA CHIASSON,PLYMOUTH,MA,,,,,irs_990pf
DANIELLE REIN,PLYMOUTH,MA,,,,,irs_990pf
MARY RUSSELL,PLYMOUTH,MA,,,,,irs_990pf
BETH LATHAM,PLYMOUTH,MA,,,,,irs_990pf
CATHERINE SHEA,PLYMOUTH,MA,,,,,irs_990pf
ELIZABETH PECKHAM,PLYMOUTH,MA,,,,,irs_990pf
LISA MACDONALD,PLYMOUTH,MA,,,,,irs_990pf
NEAL GERRALT,PLYMOUTH,MA,,,,,irs_990pf
JAMES SULLIVAN,PLYMOUTH,MA,,,,,irs_990pf
KATHERINE YESHULSKY,PLYMOUTH,MA,,,,,irs_990pf
JEAN VENTO,PLYMOUTH,MA,,,,,irs_990pf
BRITANY DECOSTER,PLYMOUTH,MA,,,,,irs_990pf
DENISE ROCHE,PLYMOUTH,MA,,,,,irs_990pf
JOELLA WEBB,PLYMOUTH,MA,,,,,irs_990pf
PAMELA SMALL,PLYMOUTH,MA,,,,,irs_990pf
GAIL LIMA,PLYMOUTH,MA,,,,,irs_990pf
PLYMOUTH PUBLIC SCHOOLS,PLYMOUTH,MA,,,,,irs_990pf
JESSICA MACLATHLIN,PLYMOUTH,MA,,,,,irs_990pf
DENISE ALONGE,PLYMOUTH,MA,,,,,irs_990pf
ANDRAYA FERRAC,PLYMOUTH,MA,,,,,irs_990pf
ABINGTON FRIENDS SCHOOL,JENKINTOWN,PA,,,,,irs_990pf
AUDREY HENNINGER CO LA SALLE UNIVER,PHILADELPHIA,PA,,,,,irs_990pf
BUCKINGHAM FRIENDS SCHOOL,LAHASKA,PA,,,,,irs_990pf
DELAWARE VALLEY FRIENDS SCHOOL,PAOLI,PA,,,,,irs_990pf
FRANKFORD FRIENDS SCHOOL,PHILADELPHIA,PA,,,,,irs_990pf
FRIENDS COUNCIL ON EDUCATION,PHILADELPHIA,PA,,,,,irs_990pf
FRIENDS SCHOOL HAVERFORD,HAVERFORD,PA,,,,,irs_990pf
FRIENDS SCHOOL MULLICA HILL,MULLICA HILL,NJ,,,,,irs_990pf
FRIENDS SELECT SCHOOL,PHILADELPHIA,PA,,,,,irs_990pf
FRIENDS CENTRAL SCHOOL,WYNNEWOOD,PA,,,,,irs_990pf
GEORGE SCHOOL,NEWTOWN,PA,,,,,irs_990pf
GERMANTOWN FRIENDS SCHOOL,PHILADELPHIA,PA,,,,,irs_990pf
GREENE STREET FRIENDS SCHOOL,PHILADELPHIA,PA,,,,,irs_990pf
GREENWOOD FRIENDS SCHOOL,MILLVILLE,PA,,,,,irs_990pf
HADDONFIELD FRIENDS SCHOOL,HADDONFIELD,NJ,,,,,irs_990pf
JANA LLEWELLYN CO NEW YORK UNIVERSI,NEW YORK,NY,,,,,irs_990pf
LANSDOWNE FRIENDS SCHOOL,LANSDOWNE,PA,,,,,irs_990pf
LILIANE G SHARPLESS CO UNIVERSITY F,PHILADELPHIA,PA,,,,,irs_990pf
MEDIA-PROVIDENCE FRIENDS SCHOOL,MEDIA,PA,,,,,irs_990pf
MOORESTOWN FRIENDS SCHOOL,MOORESTOWN,NJ,,,,,irs_990pf
NANCY BENSON-TARQUINI CO ROWAN UNIV,GLASSBORO,NJ,,,,,irs_990pf
NEWTOWN FRIENDS SCHOOL,NEWTOWN,PA,,,,,irs_990pf
NICOLINA HANSEN-NEFF CO LEWIS AND C,PORTLAND,OR,,,,,irs_990pf
ORCHARD FRIENDS SCHOOL,RIVERTON,NJ,,,,,irs_990pf
PLYMOUTH MEETING FRIENDS SCHOOL,PLYMOUTH MEETING,PA,,,,,irs_990pf
PRINCETON FRIENDS SCHOOL,PRINCETON,NJ,,,,,irs_990pf
RENEE SEITZ BURGOS CO UNIVERSITY OF,BALTIMORE,MD,,,,,irs_990pf
STATE COLLEGE FRIENDS SCHOOL,STATE COLLEGE,PA,,,,,irs_990pf
STRATFORD FRIENDS SCHOOL,NEWTOWN SQUARE,PA,,,,,irs_990pf
THE QUAKER SCHOOL AT HORSHAM,HORSHAM,PA,,,,,irs_990pf
UNITED FRIENDS SCHOOL,QUAKERTOWN,PA,,,,,irs_990pf
WEST CHESTER FRIENDS SCHOOL,WEST CHESTER,PA,,,,,irs_990pf
WESTFIELD FRIENDS SCHOOL,CINNAMINSON,NJ,,,,,irs_990pf
WESTTOWN SCHOOL,WEST CHESTER,PA,,,,,irs_990pf
WILLIAM PENN CHARTER SCHOOL,PHILADELPHIA,PA,,,,,irs_990pf
WILMINGTON FRIENDS SCHOOL,WILMINGTON,DE,,,,,irs_990pf
412 FOOD RESCUE,PITTSBURGH,PA,,,,,irs_990pf
ACLU OF OHIO FOUNDATION,CLEVELAND,OH,,,,,irs_990pf
AKRON ART MUSEUM,AKRON,OH,,,,,irs_990pf
AMERICAN THEATER WING,NEW YORK,NY,,,,,irs_990pf
AUDOBON SOCIETY OF CHICAGO,CHICAGO,IL,,,,,irs_990pf
BIKE PGH,PITTSBURGH,PA,,,,,irs_990pf
CARNEGIE MUSEUM,PITTSBURGH,PA,,,,,irs_990pf
CHICAGO INDUSTRIAL ARTS DESIGN CENTER,CHICAGO,IL,,,,,irs_990pf
CITY HARVEST,NEW YORK,NY,,,,,irs_990pf
CITY OF ASYLUM PITTSBURGH,PITTSBURGH,PA,,,,,irs_990pf
DIRECT RELIEF INTERNATIONAL,SANTA BARBARA,CA,,,,,irs_990pf
DOWNTOWN WOMEN S CENTER,LOS ANGELES,CA,,,,,irs_990pf
ESPERANZA,CLEVELAND,OH,,,,,irs_990pf
FRACTURED ATLAS,NEW YORK,NY,,,,,irs_990pf
GREAT LAKES AUDOBON,CHICAGO,IL,,,,,irs_990pf
GREATER PITTSBURGH COMMUNITY FOOD BANK,DUQUESNE,PA,,,,,irs_990pf
INTERNATIONAL PRINT CENTER OF NEW YORK,NEW YORK,NY,,,,,irs_990pf
MATTRESS FACTORY ART MUSEUM,PITTSBURGH,PA,,,,,irs_990pf
MOFAD,BROOKLYN,NY,,,,,irs_990pf
MUSICAMBIA,BROOKLYN,NY,,,,,irs_990pf
NEW DIRECTIONS,STOCKTON,CA,,,,,irs_990pf
OLD TOWN SCHOOL OF FOLK MUSIC,CHICAGO,IL,,,,,irs_990pf
PLANNED PARENTHOOD OF ILLINOIS,CHICAGO,IL,,,,,irs_990pf
PLANNED PARENTHOOD OF WESTERN PENNSYLVANIA,PITTSBURGH,PA,,,,,irs_990pf
RAILS-TO-TRAILS CONSERVANCY,WASHINGTON,DC,,,,,irs_990pf
REMOTE AREA MEDICAL,KNOXVILLE,TN,,,,,irs_990pf
SILVER EYE CENTER FOR PHOTOGRAPHY,PITTSBURGH,PA,,,,,irs_990pf
TED FUND,EVANSTON,IL,,,,,irs_990pf
UNITED STATES ARTISTS,CHICAGO,IL,,,,,irs_990pf
WORLD CENTRAL KITCHEN,WASHINGTON,DC,,,,,irs_990pf
WRITERS THEATRE,GLENCOE,IL,,,,,irs_990pf
PINE GROVE HIGH AREA FOUNDATION,PINE GROVE,PA,,,,,irs_990pf
NEW HAMPSHIRE CHARITABLE FOUNDATION,CONCORD,NH,,,,,irs_990pf
UPSTATE HOME FOR CHILDREN FOUNDATION INC,ONEONTA,NY,,,,,irs_990pf
HUMAIN SOCIETYSPCA OF NELSON COUNTY,LOVINGSTON,VA,,,,,irs_990pf
AMERICAN COUNCIL OF TRUSTEES AND AL,WASHINGTON,DC,,,,,irs_990pf
BLUE RIEGE AREA FOOD BANK,VERONA,VA,,,,,irs_990pf
BOYS HOME,COVINGTON,VA,,,,,irs_990pf
CAMP HOLIDAY TRAILS,CHARLOTTESVILLE,VA,,,,,irs_990pf
CHARLOTTESVILLE COMMUNITY SCHOLARSH,CHARLOTTESVILLE,VA,,,,,irs_990pf
CHRIST EPISCOPAL CHURCH,CHARLOTTESVILLE,VA,,,,,irs_990pf
COMMUNITY DENTAL CENTER,CHARLOTTESVILLE,VA,,,,,irs_990pf
CHARLOTTESVILLE-ALBEMARLE RESCUE SQ,CHARLOTTESVILLE,VA,,,,,irs_990pf
EDITY T ROOSEVELPT PINE KNOT FDN,KEENE,VA,,,,,irs_990pf
EMERGENCY FOOD BANK,CHARLOTTESVILLE,VA,,,,,irs_990pf
GLIOBLASTOMA FOUNDATION,DURHAM,NC,,,,,irs_990pf
INTL ESSENTIAL TREMOR FOUNDATION,LENEXA,KS,,,,,irs_990pf
LAKE VIEW CEMETERY FOUNDATION,CLEVELAND,OH,,,,,irs_990pf
LEWIS AND CLARK EXPLORATORY CENTER,CHARLOTTESVILLE,VA,,,,,irs_990pf
LITERACY VOLUNTEERS,CHARLOTTESVILLE,VA,,,,,irs_990pf
LOAVES FISHES FOOD PANTRY,CHARLOTTESVILLE,VA,,,,,irs_990pf
MADISON HOUSE,CHARLOTTESVILLE,VA,,,,,irs_990pf
MILLER CENTER FOUNDATION,CHARLOTTESVILLE,VA,,,,,irs_990pf
PACEM,CHARLOTTESVILLE,VA,,,,,irs_990pf
THE BRIDGE MINISTRY,BUCKINGHAM,VA,,,,,irs_990pf
THE HAVEN AT FIRST AND MARKET,CHARLOTTESVILLE,VA,,,,,irs_990pf
THE SENIOR CENTER,CHARLOTTESVILLE,VA,,,,,irs_990pf
GLOBAL GIVING,WASHINGTON,DC,,,,,irs_990pf
HABITAT FOR HUMANITY,CHARLOTTESVILLE,VA,,,,,irs_990pf
HOSPICE OF THE PIEDMONT,CHARLOTTESVILLE,VA,,,,,irs_990pf
INSTITUTE FOR HUMAIN STUDIES,ARLINGTON,VA,,,,,irs_990pf
JOE ARDEN OVERSEAS MARYLANDERS ASSN,ADELPHI,MD,,,,,irs_990pf
UVA CANCER CENTER,CHARLOTTESVILLE,VA,,,,,irs_990pf
SHENANDOAH VALLEY SLI,HARRISONBURG,VA,,,,,irs_990pf
PVCC,CHARLOTTESVILLE,VA,,,,,irs_990pf
PIEDMONT CASA,CHARLOTTESVILLE,VA,,,,,irs_990pf
PEACEFUL PASSINGS,BREMO BLUFF,VA,,,,,irs_990pf
MASONIC CHARITIES,POTTSVILLE,PA,,,,,irs_990pf
SCHUYLKILL UNITED WAY,POTTSVILLE,PA,,,,,irs_990pf
UNITED PRESBYTERIAN CHURCH,POTTSVILLE,PA,,,,,irs_990pf
FUNDACION FABRE,,,,,,,irs_990pf
FUNDACION PARA LA DEMOCRACIA,CORAL GABLES,FL,,,,,irs_990pf
14 Y MEDIO,MIAMI BEACH,FL,,,,,irs_990pf
CENTER FOR A FREE CUBA,FALLS CHURCH,VA,,,,,irs_990pf
DIRECTORIO DEMOCRATICO CUBANO,MIAMI,FL,,,,,irs_990pf
PEOPLE IN NEED,,,,,,,irs_990pf
FIU FOUNDATION,MIAMI,FL,,,,,irs_990pf
INTERNATIONAL CHILDRENS HEART FNDTN,CORDOVA,TN,,,,,irs_990pf
3 COR INC,CHICO,CA,,,,,irs_990pf
3 POINT 0,SACRAMENTO,CA,,,,,irs_990pf
916 INK,SACRAMENTO,CA,,,,,irs_990pf
A CHURCH FOR US,SACRAMENTO,CA,,,,,irs_990pf
A NEW WAY OF LIFE REENTRY PROJECT,LOS ANGELES,CA,,,,,irs_990pf
ABODE SERVICES,FREMONT,CA,,,,,irs_990pf
ACCE INSTITUTE,LOS ANGELES,CA,,,,,irs_990pf
ACCESS YOUTH ACADEMY,SAN DIEGO,CA,,,,,irs_990pf
ACCESS INC,SAN DIEGO,CA,,,,,irs_990pf
ACLU FOUNDATION OF SAN DIEGO AND IMPERIAL COUNTIES,SAN DIEGO,CA,,,,,irs_990pf
ACLU FOUNDATION OF SOUTHERN CALIFORNIA,LOS ANGELES,CA,,,,,irs_990pf
ACT FOR WOMEN AND GIRLS,VISALIA,CA,,,,,irs_990pf
ACTION COUNCIL OF MONTEREY COUNTY INC,SALINAS,CA,,,,,irs_990pf
ADVANCEMENT PROJECT,LOS ANGELES,CA,,,,,irs_990pf
ADVENTIST HEALTH CLEARLAKE HOSPITAL INC,CLEARLAKE,CA,,,,,irs_990pf
ADVENTURE RISK CHALLENGE,OAKHURST,CA,,,,,irs_990pf
AFRICAN-AMERICAN AIDS POLICY AND TRAINING INSTITUT,LOS ANGELES,CA,,,,,irs_990pf
AFTER-SCHOOL ALL-STARS,LOS ANGELES,CA,,,,,irs_990pf
ALAMEDA HEALTH CONSORTIUM,SAN LEANDRO,CA,,,,,irs_990pf
ALISAL DREAM ACADEMY,SALINAS,CA,,,,,irs_990pf
ALIVE FREE,SAN FRANCISCO,CA,,,,,irs_990pf
ALLEN TEMPLE HEALTH AND SOCIAL SERVICES MINISTRIES,OAKLAND,CA,,,,,irs_990pf
ALLEN TEMPLE LEADERSHIP INSTITUTE,OAKLAND,CA,,,,,irs_990pf
ALLIANCE FOR CALIFORNIA TRADITIONAL ARTS,FRESNO,CA,,,,,irs_990pf
ALLIANCE FOR JUSTICE,WASHINGTON,DC,,,,,irs_990pf
ALLIED MEDIA PROJECTS INC,DETROIT,MI,,,,,irs_990pf
ALWAYS KNOCKING,SACRAMENTO,CA,,,,,irs_990pf
AMBULATORY SURGERY ACCESS COALITION,SAN FRANCISCO,CA,,,,,irs_990pf
AMERICAN FEDERATION OF LABOR AND CONGRESS OF INDUS,SALINAS,CA,,,,,irs_990pf
AMERICAN FRIENDS SERVICE COMMITTEE,PHILADELPHIA,PA,,,,,irs_990pf
AMERICAN HEART ASSOCIATION INC,DALLAS,TX,,,,,irs_990pf
AMERICAN INDIAN CHILD RESOURCE CENTER,OAKLAND,CA,,,,,irs_990pf
AMERICAN LEADERSHIP FORUM,SACRAMENTO,CA,,,,,irs_990pf
AMERICAN MEDICAL ASSOCIATION FOUNDATION,CHICAGO,IL,,,,,irs_990pf
AMERICAN PUBLIC HEALTH ASSOCIATION INC,WASHINGTON,DC,,,,,irs_990pf
ANIMO THEATRE COMPANY,CAMARILLO,CA,,,,,irs_990pf
ANTI-RECIDIVISM COALITION,LOS ANGELES,CA,,,,,irs_990pf
ARC CALIFORNIA,SACRAMENTO,CA,,,,,irs_990pf
ARTS FOR A BETTER TOMORROW INC,LOS ANGELES,CA,,,,,irs_990pf
ARTS FOR INCARCERATED YOUTH NETWORK,LOS ANGELES,CA,,,,,irs_990pf
ASIAN AMERICAN-PACIFIC ISLANDERS IN PHILANTHROPY,OAKLAND,CA,,,,,irs_990pf
ASIAN AMERICANS ADVANCING JUSTICE - LOS ANGELES,LOS ANGELES,CA,,,,,irs_990pf
ASIAN AND PACIFIC ISLANDER AMERICAN HEALTH FORUM,OAKLAND,CA,,,,,irs_990pf
ASIAN HEALTH SERVICES,OAKLAND,CA,,,,,irs_990pf
ASIAN PACIFIC AMERICAN LEADERSHIP FOUNDATION,SAN MARINO,CA,,,,,irs_990pf
ASIAN PACIFIC ENVIRONMENTAL NETWORK,OAKLAND,CA,,,,,irs_990pf
ASIAN PACIFIC ISLANDER COMMUNITY ACTIONS APICA,SAN DIEGO,CA,,,,,irs_990pf
ASIAN PACIFIC ISLANDER QUEER SACRAMENTO COALITION,WEST SACRAMENTO,CA,,,,,irs_990pf
ASIAN PACIFIC POLICY AND PLANNING COUNCIL,LOS ANGELES,CA,,,,,irs_990pf
ASIAN PACIFIC SELF-DEVELOPMENT AND RESIDENTIAL ASS,STOCKTON,CA,,,,,irs_990pf
ASIAN PACIFIC YOUTH LEADERSHIP PROJECT,SACRAMENTO,CA,,,,,irs_990pf
ASSOCIATION OF ASIAN PACIFIC COMMUNITY HEALTH ORGA,SAN LEANDRO,CA,,,,,irs_990pf
ASSOCIATION OF BLACK FOUNDATION EXECUTIVES INC,NEW YORK,NY,,,,,irs_990pf
ASSOCIATION OF BLACK PSYCHOLOGISTS,FORT WASHINGTON,MD,,,,,irs_990pf
ASSOCIATION OF FUNDRAISING PROFESSIONALS,OAK HILLS,CA,,,,,irs_990pf
ASTRAEA FOUNDATION INC,NEW YORK,NY,,,,,irs_990pf
AUTISM CENTER OF NORTHERN CALIFORNIA,SAN FRANCISCO,CA,,,,,irs_990pf
BAKERSFIELD ART FOUNDATION INC,BAKERSFIELD,CA,,,,,irs_990pf
BAKERSFIELD COLLEGE FOUNDATION,BAKERSFIELD,CA,,,,,irs_990pf
BAKERSFIELD LGBTQ,BAKERSFIELD,CA,,,,,irs_990pf
BARON JAY FOUNDATION,TOLUCA LAKE,CA,,,,,irs_990pf
BAY AREA CHAPTER OF THE ASSOCIATION OF BLACK PSYCH,OAKLAND,CA,,,,,irs_990pf
BAY AREA COUNCIL FOUNDATION,SAN FRANCISCO,CA,,,,,irs_990pf
BAY AREA PARENT LEADERSHIP ACTION NETWORK,OAKLAND,CA,,,,,irs_990pf
BEND THE ARC - A JEWISH PARTNERSHIP FOR JUSTICE,NEW YORK,NY,,,,,irs_990pf
BERKELEY YOUTH ALTERNATIVES,BERKELEY,CA,,,,,irs_990pf
BEYOND DIFFERENCES,SAN RAFAEL,CA,,,,,irs_990pf
BIENESTAR HUMAN SERVICES INC,LOS ANGELES,CA,,,,,irs_990pf
BIG BROTHERS BIG SISTERS OF ORANGE COUNTY,SANTA ANA,CA,,,,,irs_990pf
BIKES FOR KIDS FOUNDATION,SAN DIEGO,CA,,,,,irs_990pf
BIKING FOR FUN INC,BAKERSFIELD,CA,,,,,irs_990pf
BLACK ALLIANCE FOR JUST IMMIGRATION,BROOKLYN,NY,,,,,irs_990pf
BLACK AMERICAN POLITICAL ASSOCIATION OF CALIFORNIA,SACRAMENTO,CA,,,,,irs_990pf
BLACK GROUP,SACRAMENTO,CA,,,,,irs_990pf
BLACK ORGANIZING PROJECT INC,OAKLAND,CA,,,,,irs_990pf
BLACK WOMEN FOR WELLNESS,LOS ANGELES,CA,,,,,irs_990pf
BLACK WOMEN UNITED,SACRAMENTO,CA,,,,,irs_990pf
BLACK YOUTH LEADERSHIP PROJECT,SACRAMENTO,CA,,,,,irs_990pf
BLU EDUCATIONAL FOUNDATION,SAN BERNARDINO,CA,,,,,irs_990pf
BORDER ANGELS,SAN DIEGO,CA,,,,,irs_990pf
BOYS AND GIRLS CLUBS OF GREATER REDLANDS-RIVERSIDE,REDLANDS,CA,,,,,irs_990pf
BOYS AND GIRLS CLUBS OF GREATER SACRAMENTO,SACRAMENTO,CA,,,,,irs_990pf
BOYS CLUBS OF BAKERSFIELD,BAKERSFIELD,CA,,,,,irs_990pf
BRAVE NEW FILMS 501C3,CULVER CITY,CA,,,,,irs_990pf
BRIGHT PROSPECT,POMONA,CA,,,,,irs_990pf
BROTHERHOOD OF ELDERS NETWORK,OAKLAND,CA,,,,,irs_990pf
BUCKELEW PROGRAMS,SAN RAFAEL,CA,,,,,irs_990pf
C R L A FOUNDATION,SACRAMENTO,CA,,,,,irs_990pf
CAHU CHARITABLE COMMUNITY FOUNDATION,SACRAMENTO,CA,,,,,irs_990pf
CALIFORNIA ALLIANCE OF AFRICAN AMERICAN EDUCATORS,SAN JOSE,CA,,,,,irs_990pf
CALIFORNIA ASSOCIATION FOR BILINGUAL EDUCATION,WALNUT,CA,,,,,irs_990pf
CALIFORNIA ASSOCIATION OF AFRICAN AMERICAN SUPERIN,GRANADA HILLS,CA,,,,,irs_990pf
CALIFORNIA ASSOCIATION OF FOOD BANKS,OAKLAND,CA,,,,,irs_990pf
CALIFORNIA ASSOCIATION OF PUBLIC HOSPITALS AND HEA,OAKLAND,CA,,,,,irs_990pf
CALIFORNIA BICYCLE COALITION EDUCATION FUND,SACRAMENTO,CA,,,,,irs_990pf
CALIFORNIA BLACK HEALTH NETWORK,SACRAMENTO,CA,,,,,irs_990pf
CALIFORNIA BLACK MEDIA,SACRAMENTO,CA,,,,,irs_990pf
CALIFORNIA BLACK WOMEN S HEALTH PROJECT,INGLEWOOD,CA,,,,,irs_990pf
CALIFORNIA BUDGET AND POLICY CENTER,SACRAMENTO,CA,,,,,irs_990pf
CALIFORNIA CALLS EDUCATION FUND,LOS ANGELES,CA,,,,,irs_990pf
CALIFORNIA CENTER,SACRAMENTO,CA,,,,,irs_990pf
CALIFORNIA CHILDREN AND FAMILIES FOUNDATION INC,ALAMEDA,CA,,,,,irs_990pf
CALIFORNIA COALITION FOR YOUTH,SACRAMENTO,CA,,,,,irs_990pf
CALIFORNIA COMMUNITY BUILDERS INC,BERKELEY,CA,,,,,irs_990pf
CALIFORNIA COMMUNITY FOUNDATION,LOS ANGELES,CA,,,,,irs_990pf
CALIFORNIA CONSORTIUM FOR URBAN INDIAN HEALTH INC,SAN FRANCISCO,CA,,,,,irs_990pf
CALIFORNIA COVERAGE AND HEALTH INITIATIVES,SACRAMENTO,CA,,,,,irs_990pf
CALIFORNIA DEPARTMENT OF HEALTH CARE SERVICES,SACRAMENTO,CA,,,,,irs_990pf
CALIFORNIA EXPOSITION AND STATE FAIR,SACRAMENTO,CA,,,,,irs_990pf
CALIFORNIA FOOD POLICY ADVOCATES INC,OAKLAND,CA,,,,,irs_990pf
CALIFORNIA GREENWORKS INC,LOS ANGELES,CA,,,,,irs_990pf
CALIFORNIA HEALTH COLLABORATIVE,FRESNO,CA,,,,,irs_990pf
CALIFORNIA HEALTH FOUNDATION AND TRUST,SACRAMENTO,CA,,,,,irs_990pf
CALIFORNIA IMMIGRANT POLICY CENTER,LOS ANGELES,CA,,,,,irs_990pf
CALIFORNIA INDIAN ENVIRONMENTAL ALLIANCE,BERKELEY,CA,,,,,irs_990pf
CALIFORNIA INSTITUTE FOR RURAL STUDIES,DAVIS,CA,,,,,irs_990pf
CALIFORNIA LATINAS FOR REPRODUCTIVE JUSTICE,LOS ANGELES,CA,,,,,irs_990pf
CALIFORNIA MEDICAL ASSOCIATION FOUNDATION,SACRAMENTO,CA,,,,,irs_990pf
CALIFORNIA PAN-ETHNIC HEALTH NETWORK,OAKLAND,CA,,,,,irs_990pf
CALIFORNIA PLANNED PARENTHOOD EDUCATION FUND INCO,SACRAMENTO,CA,,,,,irs_990pf
CALIFORNIA PRESS FOUNDATION,SACRAMENTO,CA,,,,,irs_990pf
CALIFORNIA PRIMARY CARE ASSOCIATION,SACRAMENTO,CA,,,,,irs_990pf
CALIFORNIA REINVESTMENT COALITION,SAN FRANCISCO,CA,,,,,irs_990pf
CALIFORNIA RURAL INDIAN HEALTH BOARD INC,SACRAMENTO,CA,,,,,irs_990pf
CALIFORNIA RURAL LEGAL ASSISTANCE INC,OAKLAND,CA,,,,,irs_990pf
CALIFORNIA SCHOOL BASED HEALTH ALLIANCE,OAKLAND,CA,,,,,irs_990pf
CALIFORNIA STATE DEPARTMENT OF REHABILITATION,SACRAMENTO,CA,,,,,irs_990pf
CALIFORNIA STATE UNIVERSITY FRESNO FOUNDATION,FRESNO,CA,,,,,irs_990pf
CALIFORNIA STATE UNIVERSITY SACRAMENTO,SACRAMENTO,CA,,,,,irs_990pf
CALIFORNIA URBAN PARTNERSHIP,SACRAMENTO,CA,,,,,irs_990pf
CALIFORNIA WALKS,OAKLAND,CA,,,,,irs_990pf
CALIFORNIA WOMEN S LAW CENTER,EL SEGUNDO,CA,,,,,irs_990pf
CALIFORNIANS FOR JUSTICE EDUCATION FUND INC,SAN JOSE,CA,,,,,irs_990pf
CALIFORNIANS TOGETHER,LONG BEACH,CA,,,,,irs_990pf
CAMBODIAN FAMILY,SANTA ANA,CA,,,,,irs_990pf
CAMP OLD OAK RANCH,SONORA,CA,,,,,irs_990pf
CAMPAIGN FOR BLACK MALE ACHIEVEMENT INC,NEW YORK,NY,,,,,irs_990pf
CAMPAIGN FOR COLLEGE OPPORTUNITY,LOS ANGELES,CA,,,,,irs_990pf
CANGRESS,LOS ANGELES,CA,,,,,irs_990pf
CAPITAL PUBLIC RADIO INC,SACRAMENTO,CA,,,,,irs_990pf
CARA EDUCATION FUND,OAKLAND,CA,,,,,irs_990pf
CARE FRESNO INC,FRESNO,CA,,,,,irs_990pf
CASA 0101 INC,LOS ANGELES,CA,,,,,irs_990pf
CASA OF LOS ANGELES,MONTEREY PARK,CA,,,,,irs_990pf
CATHOLIC CHARITIES OF STOCKTON,STOCKTON,CA,,,,,irs_990pf
CATHOLIC CHARITIES OF THE DIOCESE OF OAKLAND,OAKLAND,CA,,,,,irs_990pf
CATHOLIC COUNCIL FOR THE SPANISH SPEAKING OF THE D,STOCKTON,CA,,,,,irs_990pf
CAUSA JUSTA JUST CAUSE,OAKLAND,CA,,,,,irs_990pf
CAUSE COMMUNICATIONS,LOS ANGELES,CA,,,,,irs_990pf
CBCC FOUNDATION FOR COMMUNITY WELLNESS INC,BAKERSFIELD,CA,,,,,irs_990pf
CBE-PRIDE,WASHINGTON,DC,,,,,irs_990pf
CCF COMMUNITY INITIATIVES FUND,LOS ANGELES,CA,,,,,irs_990pf
CEDARS-SINAI MEDICAL CENTER,LOS ANGELES,CA,,,,,irs_990pf
CENTER FOR ACADEMIC AND SOCIAL ADVANCEMENT,SAN DIEGO,CA,,,,,irs_990pf
CENTER FOR ASIAN AMERICANS UNITED FOR SELF-EMPOWER,LOS ANGELES,CA,,,,,irs_990pf
CENTER FOR COLLABORATIVE SOLUTIONS,SACRAMENTO,CA,,,,,irs_990pf
CENTER FOR COMMUNITY ACTION AND ENVIRONMENTAL JUST,JURUPA VALLEY,CA,,,,,irs_990pf
CENTER FOR COMMUNITY ADVOCACY,SALINAS,CA,,,,,irs_990pf
CENTER FOR COMMUNITY HEALTH AND WELL-BEING INC,SACRAMENTO,CA,,,,,irs_990pf
CENTER FOR COMMUNITY SELF-HELP,DURHAM,NC,,,,,irs_990pf
CENTER FOR DOMESTIC PEACE,SAN RAFAEL,CA,,,,,irs_990pf
CENTER FOR ELDERS INDEPENDENCE,OAKLAND,CA,,,,,irs_990pf
CENTER FOR INVESTIGATIVE REPORTING INC,EMERYVILLE,CA,,,,,irs_990pf
CENTER FOR YOUTH WELLNESS,SAN FRANCISCO,CA,,,,,irs_990pf
CENTER ON JUVENILE AND CRIMINAL JUSTICE,SAN FRANCISCO,CA,,,,,irs_990pf
CENTER ON POLICY INITIATIVES,SAN DIEGO,CA,,,,,irs_990pf
CENTER ON RACE POVERTY ENVIRONMENT,OAKLAND,CA,,,,,irs_990pf
CENTRAL AMERICAN RESOURCE CENTER - CARECEN - OF CA,LOS ANGELES,CA,,,,,irs_990pf
CENTRAL CALIFORNIA ASTHMA COLLABORATIVE,FRESNO,CA,,,,,irs_990pf
CENTRAL CALIFORNIA LEGAL SERVICES INC,FRESNO,CA,,,,,irs_990pf
CENTRAL COAST ALLIANCE UNITED FOR A SUSTAINABLE EC,VENTURA,CA,,,,,irs_990pf
CENTRAL COAST INNERFAITH SPONSORS INC,WATSONVILLE,CA,,,,,irs_990pf
CENTRAL VALLEY COMMUNITY FOUNDATION,FRESNO,CA,,,,,irs_990pf
CENTRAL VALLEY HEALTH NETWORK INC,SACRAMENTO,CA,,,,,irs_990pf
CENTRO BINACIONAL PARA EL DESARROLLO INDIGENA OAXA,FRESNO,CA,,,,,irs_990pf
CENTRO CULTURAL DE MEXICO EN EL CONDADO DE ORANGE,SANTA ANA,CA,,,,,irs_990pf
CENTRO LA FAMILIA ADVOCACY SERVICES INC,FRESNO,CA,,,,,irs_990pf
CENTURY VILLAGES AT CABRILLO INC,LONG BEACH,CA,,,,,irs_990pf
CESAR CHAVEZ FOUNDATION,KEENE,CA,,,,,irs_990pf
CESAR CHAVEZ SERVICE CLUBS,SAN DIEGO,CA,,,,,irs_990pf
CHAFFEY JOINT UNION HIGH SCHOOL DISTRICT,ONTARIO,CA,,,,,irs_990pf
CHANGELAB SOLUTIONS,OAKLAND,CA,,,,,irs_990pf
CHARITABLE VENTURES OF ORANGE COUNTY INC,NEWPORT BEACH,CA,,,,,irs_990pf
CHARLES DREW UNIVERSITY OF MEDICINE AND SCIENCE,LOS ANGELES,CA,,,,,irs_990pf
CHICANA FOUNDATION OF NORTHERN CALIFORNIA,BURLINGAME,CA,,,,,irs_990pf
CHICANO AND LATINO YOUTH LEADERSHIP PROJECT,SACRAMENTO,CA,,,,,irs_990pf
CHILDREN NOW,OAKLAND,CA,,,,,irs_990pf
CHILDREN S LAW CENTER OF CALIFORNIA,MONTEREY PARK,CA,,,,,irs_990pf
CHILDREN S DEFENSE FUND,WASHINGTON,DC,,,,,irs_990pf
CHILDREN S DEFENSE FUND,LOS ANGELES,CA,,,,,irs_990pf
CHILDREN S INITIATIVE,SAN DIEGO,CA,,,,,irs_990pf
CHILDREN S NETWORK OF SOLANO COUNTY,FAIRFIELD,CA,,,,,irs_990pf
CHILL CENTER INC,SACRAMENTO,CA,,,,,irs_990pf
CHINATOWN SERVICE CENTER,LOS ANGELES,CA,,,,,irs_990pf
CHINESE FOR AFFIRMATIVE ACTION,SAN FRANCISCO,CA,,,,,irs_990pf
CHINESE HISTORICAL SOCIETY OF SOUTHERN CALIFORNIA,LOS ANGELES,CA,,,,,irs_990pf
CHINESE PROGRESSIVE ASSOCIATION INC,SAN FRANCISCO,CA,,,,,irs_990pf
CICLAVIA INC,LOS ANGELES,CA,,,,,irs_990pf
CIELO - COMMUNITY FOR INNOVATION ENTREPRENEURSHIP,HUNTINGTON BEACH,CA,,,,,irs_990pf
CITY CHARTER SCHOOL,LOS ANGELES,CA,,,,,irs_990pf
CITY FABRICK,LONG BEACH,CA,,,,,irs_990pf
CITY HEIGHTS COMMUNITY DEVELOPMENT CORPORATION,SAN DIEGO,CA,,,,,irs_990pf
CITY HEIGHTS FOUNDATION,SAN DIEGO,CA,,,,,irs_990pf
CITY HEIGHTS TOWN COUNCIL INC,SAN DIEGO,CA,,,,,irs_990pf
CITY OF CRESCENT CITY,CRESCENT CITY,CA,,,,,irs_990pf
CITY OF LONG BEACH,LONG BEACH,CA,,,,,irs_990pf
CITY OF RICHMOND,RICHMOND,CA,,,,,irs_990pf
CIVIC NATION,WASHINGTON,DC,,,,,irs_990pf
CLERGY AND LAITY UNITED FOR ECONOMIC JUSTICE,LOS ANGELES,CA,,,,,irs_990pf
CLIMATE RESOLVE,LOS ANGELES,CA,,,,,irs_990pf
CLINICA MSR OSCAR A ROMERO,LOS ANGELES,CA,,,,,irs_990pf
COALITION FOR HUMANE IMMIGRANT RIGHTS OF LOS ANGEL,LOS ANGELES,CA,,,,,irs_990pf
COALITION OF MENTAL HEALTH PROFESSIONALS INC,LOS ANGELES,CA,,,,,irs_990pf
COALITION OF ORANGE COUNTY COMMUNITY CLINICS,SANTA ANA,CA,,,,,irs_990pf
COCOKIDS INC,CONCORD,CA,,,,,irs_990pf
COLEMAN CHILDREN AND YOUTH SERVICES,SAN FRANCISCO,CA,,,,,irs_990pf
COLLEGE TRACK,OAKLAND,CA,,,,,irs_990pf
COLOROFCHANGEORG EDUCATION FUND INC,OAKLAND,CA,,,,,irs_990pf
COMITE CIVICO DEL VALLE INC,BRAWLEY,CA,,,,,irs_990pf
COMMITTEE FOR A BETTER ARVIN,ARVIN,CA,,,,,irs_990pf
COMMON COUNSEL FOUNDATION,OAKLAND,CA,,,,,irs_990pf
COMMON SPACE,FRESNO,CA,,,,,irs_990pf
COMMONWEAL,BOLINAS,CA,,,,,irs_990pf
COMMONWEALTH FOUNDATION INC,BERKELEY,CA,,,,,irs_990pf
COMMUNITIES FOR A BETTER ENVIRONMENT,HUNTINGTON PARK,CA,,,,,irs_990pf
COMMUNITIES FOR A NEW CALIFORNIA EDUCATION FUND,GRANITE BAY,CA,,,,,irs_990pf
COMMUNITIES IN SCHOOLS OF LOS ANGELES INC,LOS ANGELES,CA,,,,,irs_990pf
COMMUNITIES UNITED FOR RESTORATIVE YOUTH JUSTICE,OAKLAND,CA,,,,,irs_990pf
COMMUNITY ACTION PARTNERSHIP OF KERN,BAKERSFIELD,CA,,,,,irs_990pf
COMMUNITY ASSET DEVELOPMENT RE-DEFINING EDUCATION,LOS ANGELES,CA,,,,,irs_990pf
COMMUNITY CENTER FOR ARTS AND TECHNOLOGY,FRESNO,CA,,,,,irs_990pf
COMMUNITY CLINIC ASSOCIATION OF LOS ANGELES COUNTY,LOS ANGELES,CA,,,,,irs_990pf
COMMUNITY CLINIC CONSORTIUM,RICHMOND,CA,,,,,irs_990pf
COMMUNITY COALITION FOR SUBSTANCE ABUSE PREVENTION,LOS ANGELES,CA,,,,,irs_990pf
COMMUNITY DEVELOPMENT TECHNOLOGIES CENTER,LOS ANGELES,CA,,,,,irs_990pf
COMMUNITY FOUNDATION,RIVERSIDE,CA,,,,,irs_990pf
COMMUNITY HEALTH ASSOCIATION INLAND SOUTHERN REGIO,SAN BERNARDINO,CA,,,,,irs_990pf
COMMUNITY HEALTH COUNCILS INC,LOS ANGELES,CA,,,,,irs_990pf
COMMUNITY HEALTH INITIATIVE NAPA COUNTY INC,NAPA,CA,,,,,irs_990pf
COMMUNITY HEALTH INITIATIVE OF ORANGE COUNTY,SANTA ANA,CA,,,,,irs_990pf
COMMUNITY HEALTH PARTNERSHIP OF SANTA CLARA COUNTY,SAN JOSE,CA,,,,,irs_990pf
COMMUNITY HOUSING IMPROVEMENT SYSTEMS AND PLANNING,SALINAS,CA,,,,,irs_990pf
COMMUNITY INITIATIVES,OAKLAND,CA,,,,,irs_990pf
COMMUNITY LAWYERS INC,COMPTON,CA,,,,,irs_990pf
COMMUNITY MEDIA ACCESS COLLABORATIVE,FRESNO,CA,,,,,irs_990pf
COMMUNITY PARTNERS,LOS ANGELES,CA,,,,,irs_990pf
COMMUNITY UMMAH PREPARATORY SCHOOL,SAN DIEGO,CA,,,,,irs_990pf
COMMUNITY WATER CENTER,VISALIA,CA,,,,,irs_990pf
COMPANY OF ANGELS INC,LOS ANGELES,CA,,,,,irs_990pf
CONGA KIDS,LOS ANGELES,CA,,,,,irs_990pf
CONGREGATIONS ORGANIZED FOR PROPHETIC ENGAGEMENT,SAN BERNARDINO,CA,,,,,irs_990pf
CONGRESSIONAL HISPANIC CAUCUS INSTITUTE INC,WASHINGTON,DC,,,,,irs_990pf
CONSOLIDATED TRIBAL HEALTH PROJECT INC,REDWOOD VALLEY,CA,,,,,irs_990pf
CONTRA COSTA COUNTY - HEALTH SERVICES DEPARTMENT W,MARTINEZ,CA,,,,,irs_990pf
CORE EDUCATIONAL SERVICES,SANTA MONICA,CA,,,,,irs_990pf
COUNCIL FOR A STRONG AMERICA,WASHINGTON,DC,,,,,irs_990pf
COUNCIL OF COMMUNITY CLINICS,SAN DIEGO,CA,,,,,irs_990pf
COUNCIL ON AMERICAN-ISLAMIC RELATIONS - CALIFORNIA,ANAHEIM,CA,,,,,irs_990pf
COUNCIL ON FOUNDATIONS INC,ARLINGTON,VA,,,,,irs_990pf
COUNTY OF CONTRA COSTA - OFFICE OF THE PUBLIC DEFE,MARTINEZ,CA,,,,,irs_990pf
COUNTY OF DEL NORTE,CRESCENT CITY,CA,,,,,irs_990pf
COUNTY OF FRESNO,FRESNO,CA,,,,,irs_990pf
COUNTY OF MARIN,SAN RAFAEL,CA,,,,,irs_990pf
COUNTY OF RIVERSIDE DEPARTMENT OF PUBLIC HEALTH,RIVERSIDE,CA,,,,,irs_990pf
COURT APPOINTED SPECIAL ADVOCATE OF DEL NORTE COUN,CRESCENT CITY,CA,,,,,irs_990pf
COVENANT HOUSE CALIFORNIA,LOS ANGELES,CA,,,,,irs_990pf
CSU BAKERSFIELD AUXILIARY FOR SPONSORED PROGRAMS A,BAKERSFIELD,CA,,,,,irs_990pf
CSULA AUXILIARY SERVICES INC,LOS ANGELES,CA,,,,,irs_990pf
DEFINE AMERICAN,LOUISVILLE,KY,,,,,irs_990pf
DEL NORTE ASSOCIATION FOR CULTURAL,CRESCENT CITY,CA,,,,,irs_990pf
DEL NORTE CHILD CARE COUNCIL,CRESCENT CITY,CA,,,,,irs_990pf
DEL NORTE CHILDREN AND FAMILIES COMMISSION,CRESCENT CITY,CA,,,,,irs_990pf
DEL NORTE COUNTY UNIFIED SCHOOL DISTRICT,CRESCENT CITY,CA,,,,,irs_990pf
DESARROLLO FAMILIAR,RICHMOND,CA,,,,,irs_990pf
DESERT AIDS PROJECT,PALM SPRINGS,CA,,,,,irs_990pf
DIDI HIRSCH PSYCHIATRIC SERVICE,CULVER CITY,CA,,,,,irs_990pf
DIGICOM LEARNING,PALM SPRINGS,CA,,,,,irs_990pf
DIGNITY AND POWER NOW,LOS ANGELES,CA,,,,,irs_990pf
DISABILITY RIGHTS ADVOCATES A NATL AND INTL CTR F,BERKELEY,CA,,,,,irs_990pf
DISABILITY RIGHTS EDUCATION AND DEFENSE FUND INC,BERKELEY,CA,,,,,irs_990pf
DISCOVERY SCIENCE CENTER OF LOS ANGELES,LOS ANGELES,CA,,,,,irs_990pf
DOCTORS WITHOUT BORDERS USA INC,NEW YORK,NY,,,,,irs_990pf
DOLORES C HUERTA FOUNDATION,BAKERSFIELD,CA,,,,,irs_990pf
DONOR NETWORK WEST,SAN RAMON,CA,,,,,irs_990pf
DO-RIGHT CHRISTIAN CENTER,LOS ANGELES,CA,,,,,irs_990pf
DRESS FOR SUCCESS SACRAMENTO,SACRAMENTO,CA,,,,,irs_990pf
DREW CHILD DEVELOPMENT CORPORATION INC,LOS ANGELES,CA,,,,,irs_990pf
EAST BAY ALLIANCE FOR A SUSTAINABLE ECONOMY,OAKLAND,CA,,,,,irs_990pf
EAST BAY ASIAN YOUTH CENTER,OAKLAND,CA,,,,,irs_990pf
EAST BAY BICYCLE COALITION,OAKLAND,CA,,,,,irs_990pf
EAST BAY CENTER FOR THE PERFORMING ARTS,RICHMOND,CA,,,,,irs_990pf
EAST BAY COMMUNITY FOUNDATION,OAKLAND,CA,,,,,irs_990pf
EAST BAY COMMUNITY LAW CENTER,BERKELEY,CA,,,,,irs_990pf
EAST BAY HOUSING ORGANIZATIONS,OAKLAND,CA,,,,,irs_990pf
EAST L A COMMUNITY CORPORATION,LOS ANGELES,CA,,,,,irs_990pf
EAST LOS ANGELES WOMEN S CENTER,LOS ANGELES,CA,,,,,irs_990pf
EAST YARD COMMUNITIES FOR ENVIRONMENTAL JUSTICE,COMMERCE,CA,,,,,irs_990pf
EASTSIDE ARTS ALLIANCE,OAKLAND,CA,,,,,irs_990pf
EDSOURCE INC,OAKLAND,CA,,,,,irs_990pf
EDUCATION TRUST INC,WASHINGTON,DC,,,,,irs_990pf
EDUCATORS FOR EXCELLENCE,NEW YORK,NY,,,,,irs_990pf
EDWARD CHARLES FOUNDATION,BEVERLY HILLS,CA,,,,,irs_990pf
EL SOL ACADEMY FOUNDATION,SANTA ANA,CA,,,,,irs_990pf
EL SOL NEIGHBORHOOD EDUCATIONAL CENTER,SAN BERNARDINO,CA,,,,,irs_990pf
EL TEATRO DE LA TIERRA,FRESNO,CA,,,,,irs_990pf
ELLA BAKER CENTER FOR HUMAN RIGHTS IN CALIFORNIA,OAKLAND,CA,,,,,irs_990pf
EMERALD CITIES COLLABORATIVE INC,WASHINGTON,DC,,,,,irs_990pf
ENCOURAGING LIFE ORGANIZATION,ELK GROVE,CA,,,,,irs_990pf
ENTERPRISE COMMUNITY PARTNERS INC,COLUMBIA,MD,,,,,irs_990pf
ENVIRONMENTAL COUNCIL OF SACRAMENTO INC,SACRAMENTO,CA,,,,,irs_990pf
ENVIRONMENTAL HEALTH COALITION,NATIONAL CITY,CA,,,,,irs_990pf
ENVIRONMENTAL JUSTICE COALITION FOR WATER,SACRAMENTO,CA,,,,,irs_990pf
EPHESIANS COMMUNITY DEVELOPMENT CENTER,RICHMOND,CA,,,,,irs_990pf
EQUAL JUSTICE SOCIETY,OAKLAND,CA,,,,,irs_990pf
EQUAL MEASURE,PHILADELPHIA,PA,,,,,irs_990pf
EQUAL RIGHTS ADVOCATES INC,SAN FRANCISCO,CA,,,,,irs_990pf
EQUALITY ALLIANCE OF SAN DIEGO COUNTY,SAN DIEGO,CA,,,,,irs_990pf
EQUALITY CALIFORNIA INSTITUTE,LOS ANGELES,CA,,,,,irs_990pf
ESPERANZA COMMUNITY HOUSING CORPORATION,LOS ANGELES,CA,,,,,irs_990pf
ESSENTIAL ACCESS HEALTH,LOS ANGELES,CA,,,,,irs_990pf
EVERY NEIGHBORHOOD PARTNERSHIP,FRESNO,CA,,,,,irs_990pf
F I G L E A F EDUCATIONAL FESTIVALS,FRESNO,CA,,,,,irs_990pf
FAITH IN ACTION NETWORK,OAKLAND,CA,,,,,irs_990pf
FAITH IN THE VALLEY,STOCKTON,CA,,,,,irs_990pf
FAMILIES IN SCHOOLS,LOS ANGELES,CA,,,,,irs_990pf
FAMILY DYNAMICS RESOURCE CENTER,REDDING,CA,,,,,irs_990pf
FAMILY PROMISE OF SACRAMENTO,SACRAMENTO,CA,,,,,irs_990pf
FAMILY RESOURCE REFERRAL CENTER OF SAN JOAQUIN,STOCKTON,CA,,,,,irs_990pf
FAMILY RESOURCE CENTER OF THE REDWOODS,CRESCENT CITY,CA,,,,,irs_990pf
FARMWORKER JUSTICE FUND INC,WASHINGTON,DC,,,,,irs_990pf
FATHERS AND FAMILIES COALITION OF AMERICA,RANCHO CUCAMONGA,CA,,,,,irs_990pf
FATHERS AND FAMILIES OF SAN JOAQUIN,STOCKTON,CA,,,,,irs_990pf
FEMINIST MAJORITY FOUNDATION,BEVERLY HILLS,CA,,,,,irs_990pf
FERN STREET COMMUNITY ARTS INC,SAN DIEGO,CA,,,,,irs_990pf
FIGHT FOR LIGHT INCORPORATED,ATLANTA,GA,,,,,irs_990pf
FILIPINO MIGRANT CENTER,LONG BEACH,CA,,,,,irs_990pf
FIRST 5 MERCED COUNTY,MERCED,CA,,,,,irs_990pf
FIRST AND ALWAYS MELANIN,BAKERSFIELD,CA,,,,,irs_990pf
FIRST NATIONS DEVELOPMENT INSTITUTE,LONGMONT,CO,,,,,irs_990pf
FOCUS FORWARD,FRESNO,CA,,,,,irs_990pf
FOOD AND ENVIRONMENT REPORTING NETWORK,NEW YORK,NY,,,,,irs_990pf
FOOD FORWARD INC,NORTH HOLLYWOOD,CA,,,,,irs_990pf
FOOD LITERACY CENTER,SACRAMENTO,CA,,,,,irs_990pf
FORWARD CHANGE,SAN FRANCISCO,CA,,,,,irs_990pf
FOSTER YOUTH EDUCATION FUND,SACRAMENTO,CA,,,,,irs_990pf
FOSTERING MEDIA CONNECTIONS,LOS ANGELES,CA,,,,,irs_990pf
FOUR WINDS OF INDIAN EDUCATION,CHICO,CA,,,,,irs_990pf
FRANKLIN NEIGHBORHOOD DEVELOPMENT CORPORATION,SACRAMENTO,CA,,,,,irs_990pf
FREEDOM 4 YOUTH,SANTA BARBARA,CA,,,,,irs_990pf
FREEDOM FOR IMMIGRANTS,OAKLAND,CA,,,,,irs_990pf
FRESNO ARTS COUNCIL INC,FRESNO,CA,,,,,irs_990pf
FRESNO BARRIOS UNIDOS,FRESNO,CA,,,,,irs_990pf
FRESNO BUILDING HEALTHY COMMUNITIES,FRESNO,CA,,,,,irs_990pf
FRESNO FILMWORKS INC,FRESNO,CA,,,,,irs_990pf
FRESNO INTERDENOMINATIONAL REFUGEE MINISTRIES,FRESNO,CA,,,,,irs_990pf
FRESNO METROPOLITAN MINISTRY,FRESNO,CA,,,,,irs_990pf
FRESNO PACIFIC UNIVERSITY,FRESNO,CA,,,,,irs_990pf
FRESNO POLICE AND NEIGHBORHOOD WATCH ASSOCIATION,FRESNO,CA,,,,,irs_990pf
FRESNO UNIFIED SCHOOL DISTRICT,FRESNO,CA,,,,,irs_990pf
FRIENDS OF CALIFORNIANS WITH DISABILITIES,BAKERSFIELD,CA,,,,,irs_990pf
FRIENDS OF CALWA INC,FRESNO,CA,,,,,irs_990pf
FRIENDS OF THE ARTS COMMISSION,SACRAMENTO,CA,,,,,irs_990pf
FUND FOR SANTA BARBARA INC,SANTA BARBARA,CA,,,,,irs_990pf
FUNDERS FOR LESBIAN AND GAY ISSUES INC,NEW YORK,NY,,,,,irs_990pf
FUNDERS NETWORK FOR SMART GROWTH AND LIVABLE COMM,CORAL GABLES,FL,,,,,irs_990pf
FUTURES WITHOUT VIOLENCE,SAN FRANCISCO,CA,,,,,irs_990pf
FUTURO MEDIA GROUP,NEW YORK,NY,,,,,irs_990pf
GAMALIEL OF CALIFORNIA,GRATON,CA,,,,,irs_990pf
GATEWAY EDUCATION OF THE WILD RIVERS COAST,CRESCENT CITY,CA,,,,,irs_990pf
GATHERING FOR JUSTICE INC,NEW YORK,NY,,,,,irs_990pf
GAY LESBIAN CENTER OF BAKERSFIELD,BAKERSFIELD,CA,,,,,irs_990pf
GAY AND LESBIAN COMMUNITY SERVICES CENTER OF ORANG,SANTA ANA,CA,,,,,irs_990pf
GENDER HEALTH CENTER,SACRAMENTO,CA,,,,,irs_990pf
GENDERS AND SEXUALITIES ALLIANCE NETWORK,OAKLAND,CA,,,,,irs_990pf
GENERACIONES EN ACCION,LOS ANGELES,CA,,,,,irs_990pf
GENERATIVE SOMATICS,OAKLAND,CA,,,,,irs_990pf
GENESIS LA ECONOMIC GROWTH CORPORATION,LOS ANGELES,CA,,,,,irs_990pf
GEORGE WASHINGTON UNIVERSITY,WASHINGTON,DC,,,,,irs_990pf
GET LIT WORDS IGNITE INC,LOS ANGELES,CA,,,,,irs_990pf
GIRLS ON THE RUN OF GREATER SACRAMENTO,SACRAMENTO,CA,,,,,irs_990pf
GLOBAL ACTION RESEARCH CENTER,SAN DIEGO,CA,,,,,irs_990pf
GLOBAL IMPACT INVESTING NETWORK INC,NEW YORK,NY,,,,,irs_990pf
GLOBAL TRANSGENDER SAFETY TASKS FORCE USA INC,SACRAMENTO,CA,,,,,irs_990pf
GO PUBLIC SCHOOLS,OAKLAND,CA,,,,,irs_990pf
GRANTLAND L JOHNSON INSTITUTE OF LEADERSHIP DEVEL,SACRAMENTO,CA,,,,,irs_990pf
GRANTMAKERS CONCERNED WITH IMMIGRANTS AND REFUGEES,SEBASTOPOL,CA,,,,,irs_990pf
GRANTMAKERS FOR EDUCATION,PORTLAND,OR,,,,,irs_990pf
GRANTMAKERS IN HEALTH,WASHINGTON,DC,,,,,irs_990pf
GRASSROOTS GRANTMAKERS,INDIANAPOLIS,IN,,,,,irs_990pf
GRASSROOTS POLICY PROJECT,BERKELEY,CA,,,,,irs_990pf
GREAT LEAP INCORPORATED,LOS ANGELES,CA,,,,,irs_990pf
GREATER BAKERSFIELD LEGAL ASSISTANCE INC,BAKERSFIELD,CA,,,,,irs_990pf
GREATER BALTIMORE HEALTH IMPROVEMENT INITIATIVE I,BALTIMORE,MD,,,,,irs_990pf
GREATER LONG BEACH INTERFAITH COMMUNITY ORGANIZATI,LONG BEACH,CA,,,,,irs_990pf
GREATER SACRAMENTO URBAN LEAGUE,SACRAMENTO,CA,,,,,irs_990pf
GREEN EDUCATION INC,LONG BEACH,CA,,,,,irs_990pf
GREEN TECHNICAL EDUCATION AND EMPLOYMENT,SACRAMENTO,CA,,,,,irs_990pf
GREENFIELD WALKING GROUP,BAKERSFIELD,CA,,,,,irs_990pf
GREENLINING INSTITUTE,OAKLAND,CA,,,,,irs_990pf
GUTTMACHER INSTITUTE INC,NEW YORK,NY,,,,,irs_990pf
HARRIET BUHAI CENTER FOR FAMILY LAW,LOS ANGELES,CA,,,,,irs_990pf
HEALTH ACCESS FOUNDATION,SACRAMENTO,CA,,,,,irs_990pf
HEALTH ALLIANCE OF NORTHERN CALIFORNIA,REDDING,CA,,,,,irs_990pf
HEALTH CAREER CONNECTION INC,OAKLAND,CA,,,,,irs_990pf
HEALTH EDUCATION COUNCIL SERVING POPULATIONS AT RI,WEST SACRAMENTO,CA,,,,,irs_990pf
HEALTH RESEARCH AND EDUCATIONAL TRUST,CHICAGO,IL,,,,,irs_990pf
HEALTHCORPS INC,NEW YORK,NY,,,,,irs_990pf
HEALTHY COMMUNITY FORUM FOR THE GREATER SACRAMENTO,SACRAMENTO,CA,,,,,irs_990pf
HEART OF LOS ANGELES YOUTH INC,LOS ANGELES,CA,,,,,irs_990pf
HELP FOR STROKE INC,PASADENA,CA,,,,,irs_990pf
HELPING OTHERS PURSUE EXCELLENCE,FRESNO,CA,,,,,irs_990pf
HELPLINE YOUTH COUNSELING,WHITTIER,CA,,,,,irs_990pf
HEMOPHILIA COUNCIL OF CALIFORNIA,SACRAMENTO,CA,,,,,irs_990pf
HILL COUNTRY COMMUNITY CLINIC,ROUND MOUNTAIN,CA,,,,,irs_990pf
HISPANAS ORGANIZED FOR POLITICAL EQUALITY - CALIFO,LOS ANGELES,CA,,,,,irs_990pf
HISPANIC SCHOLARSHIP FUND,GARDENA,CA,,,,,irs_990pf
HISPANICS IN PHILANTHROPY,OAKLAND,CA,,,,,irs_990pf
HOLLENBECK POLICE ACTIVITIES LEAGUE,LOS ANGELES,CA,,,,,irs_990pf
HOLLISTER YOUTH ALLIANCE,HOLLISTER,CA,,,,,irs_990pf
HOLY REDEEMER VIETNAMESE COMMUNITY A CALIFORNIA CO,LONG BEACH,CA,,,,,irs_990pf
HOMEBOY INDUSTRIES,LOS ANGELES,CA,,,,,irs_990pf
HOMIES ORGANIZING THE MISSION TO EMPOWER YOUTH HOM,SAN FRANCISCO,CA,,,,,irs_990pf
HOUSING LB INC,LONG BEACH,CA,,,,,irs_990pf
HUB FOR URBAN INITIATIVES,PASADENA,CA,,,,,irs_990pf
HUMAN IMPACT PARTNERS,OAKLAND,CA,,,,,irs_990pf
HUMAN RIGHTS CAMPAIGN FOUNDATION,WASHINGTON,DC,,,,,irs_990pf
HUMBOLDT AREA FOUNDATION,BAYSIDE,CA,,,,,irs_990pf
HUMBOLDT COUNTY OFFICE OF EDUCATION,EUREKA,CA,,,,,irs_990pf
HUMBOLDT STATE UNIVERSITY SPONSORED PROGRAMS FOUND,ARCATA,CA,,,,,irs_990pf
IGNATIAN SOLIDARITY NETWORK INC,UNIVERSITY HEIGHTS,OH,,,,,irs_990pf
IGNITE,OAKLAND,CA,,,,,irs_990pf
IMMIGRANT LEGAL RESOURCE CENTER,SAN FRANCISCO,CA,,,,,irs_990pf
IMPERIAL VALLEY LGBT RESOURCE CENTER,EL CENTRO,CA,,,,,irs_990pf
IN SPIRIT,WOODACRE,CA,,,,,irs_990pf
INDEPENDENT SECTOR,WASHINGTON,DC,,,,,irs_990pf
INLAND CONGREGATION UNITED FOR CHANGE SPONSORING C,SAN BERNARDINO,CA,,,,,irs_990pf
INLAND COUNTIES REGIONAL CENTER INC,SAN BERNARDINO,CA,,,,,irs_990pf
INLAND EMPIRE UNITED WAY,RANCHO CUCAMONGA,CA,,,,,irs_990pf
INNERCITY STRUGGLE,LOS ANGELES,CA,,,,,irs_990pf
INNOVATION NETWORK INC,WASHINGTON,DC,,,,,irs_990pf
INSTITUTE FOR STRATEGIC AND EQUITABLE DEVELOPMENT,BENNETTSVILLE,SC,,,,,irs_990pf
INSTITUTE FOR SUSTAINABLE ECONOMIC EDUCATIONAL AN,OAKLAND,CA,,,,,irs_990pf
INSURE THE UNINSURED PROJECT,SACRAMENTO,CA,,,,,irs_990pf
INTERNATIONAL COMMUNITY FOUNDATION,NATIONAL CITY,CA,,,,,irs_990pf
INTERNATIONAL RESCUE COMMITTEE INC,NEW YORK,NY,,,,,irs_990pf
INTERSECTION FOR THE ARTS,SAN FRANCISCO,CA,,,,,irs_990pf
INTERTRIBAL FRIENDSHIP HOUSE,OAKLAND,CA,,,,,irs_990pf
JAKARA MOVEMENT,FRESNO,CA,,,,,irs_990pf
JAPANESE COMMUNITY YOUTH COUNCIL,SAN FRANCISCO,CA,,,,,irs_990pf
JEWISH FAMILY SERVICE OF SAN DIEGO,SAN DIEGO,CA,,,,,irs_990pf
JOBS FOR THE FUTURE INC,BOSTON,MA,,,,,irs_990pf
JOHNS HOPKINS UNIVERSITY,BALTIMORE,MD,,,,,irs_990pf
JOVENES INC,LOS ANGELES,CA,,,,,irs_990pf
JUMA VENTURES,SAN FRANCISCO,CA,,,,,irs_990pf
KAREN ORGANIZATION OF SAN DIEGO,SAN DIEGO,CA,,,,,irs_990pf
KCETLINK,BURBANK,CA,,,,,irs_990pf
KEE CHA-E-NAR CORPORATION,KLAMATH,CA,,,,,irs_990pf
KENNEDY COMMISSION,IRVINE,CA,,,,,irs_990pf
KFUG COMMUNITY RADIO INC A NON-PROFIT PUBLIC BE,CRESCENT CITY,CA,,,,,irs_990pf
KHMER GIRLS IN ACTION,LONG BEACH,CA,,,,,irs_990pf
KHMER PARENT ASSOCIATION,LONG BEACH,CA,,,,,irs_990pf
KIDS HELPING KIDS SACRAMENTO,FAIR OAKS,CA,,,,,irs_990pf
KIDWORKS COMMUNITY DEVELOPMENT CORPORATION,SANTA ANA,CA,,,,,irs_990pf
KINGS REGIONAL TRADITIONAL FOLK ARTS INC,HANFORD,CA,,,,,irs_990pf
KIWANIS CLUB OF GREATER MERCED FOUNDATION,MERCED,CA,,,,,irs_990pf
KOREAN IMMIGRANT WORKERS ADVOCATES OF SOUTHERN CAL,LOS ANGELES,CA,,,,,irs_990pf
KOREAN RESOURCE CENTER INC,LOS ANGELES,CA,,,,,irs_990pf
KOUNKUEY DESIGN INITIATIVE INC,LOS ANGELES,CA,,,,,irs_990pf
LA VOICE,LOS ANGELES,CA,,,,,irs_990pf
LA CLINICA DE LA RAZA INC,OAKLAND,CA,,,,,irs_990pf
LA FAMILIA COUNSELING CENTER INC,SACRAMENTO,CA,,,,,irs_990pf
LABOR COMMUNITY STRATEGY CENTER,LOS ANGELES,CA,,,,,irs_990pf
LABORS TRAINING AND COMMUNITY DEVELOPMENT ALLIANCE,SAN DIEGO,CA,,,,,irs_990pf
LAKE COUNTY TRIBAL HEALTH CONSORTIUM INC,LAKEPORT,CA,,,,,irs_990pf
LAMBDA LEGAL DEFENSE AND EDUCATION FUND INC,NEW YORK,NY,,,,,irs_990pf
LATINO CANCER INSTITUTE,SAN JOSE,CA,,,,,irs_990pf
LATINO CENTER FOR PREVENTION AND ACTION IN HEALTH,SANTA ANA,CA,,,,,irs_990pf
LATINO CENTER OF ART AND CULTURE,SACRAMENTO,CA,,,,,irs_990pf
LATINO COMMISSION ON ALCOHOL DRUG ABUSE SERVICES,SOUTH SAN FRANCISCO,CA,,,,,irs_990pf
LATINO COMMUNITY FOUNDATION,SAN FRANCISCO,CA,,,,,irs_990pf
LATINO FILM INSTITUTE YOUTH CINEMA PROJECT,ENCINO,CA,,,,,irs_990pf
LATINO HEALTH FORUM,SANTA ROSA,CA,,,,,irs_990pf
LAWYERS COMMITTEE FOR CIVIL RIGHTS OF THE SAN FRAN,SAN FRANCISCO,CA,,,,,irs_990pf
LEADERSHIP COUNSEL FOR JUSTICE AND ACCOUNTABILITY,FRESNO,CA,,,,,irs_990pf
LEADERSHIP FOR URBAN RENEWAL NETWORK INC,LOS ANGELES,CA,,,,,irs_990pf
LEADERSUP,LOS ANGELES,CA,,,,,irs_990pf
LEAGUE OF WOMEN VOTERS OF LOS ANGELES EDUCATION FU,LOS ANGELES,CA,,,,,irs_990pf
LEGACY LA YOUTH DEVELOPMENT CORPORATION,LOS ANGELES,CA,,,,,irs_990pf
LEGAL AID FOUNDATION OF LOS ANGELES,LOS ANGELES,CA,,,,,irs_990pf
LEGAL AID SOCIETY OF SAN DIEGO,SAN DIEGO,CA,,,,,irs_990pf
LEGAL SERVICES FOR CHILDREN INC,SAN FRANCISCO,CA,,,,,irs_990pf
LEGAL SERVICES OF NORTHERN CALIFORNIA,SACRAMENTO,CA,,,,,irs_990pf
LGBTQ VICTORY INSTITUTE INC,WASHINGTON,DC,,,,,irs_990pf
LIBERTY HILL FOUNDATION,LOS ANGELES,CA,,,,,irs_990pf
LIFELONG MEDICAL CARE,BERKELEY,CA,,,,,irs_990pf
LINCOLN INSTITUTE OF LAND POLICY,WASHINGTON,DC,,,,,irs_990pf
LITTLE MANILA FOUNDATION,STOCKTON,CA,,,,,irs_990pf
LOCAL GOVERNMENT COMMISSION,SACRAMENTO,CA,,,,,irs_990pf
LOCAL INITIATIVES SUPPORT CORPORATION,NEW YORK,NY,,,,,irs_990pf
LOMA LINDA UNIVERSITY,LOMA LINDA,CA,,,,,irs_990pf
LOS ANGELES ALLIANCE FOR A NEW ECONOMY,LOS ANGELES,CA,,,,,irs_990pf
LOS ANGELES BROTHERHOOD CRUSADE - BLACK UNITED FUN,LOS ANGELES,CA,,,,,irs_990pf
LOS ANGELES C A C A COMMUNITY ACTION,LOS ANGELES,CA,,,,,irs_990pf
LOS ANGELES COUNTY - UNIVERSITY OF SOUTHERN CALIFO,LOS ANGELES,CA,,,,,irs_990pf
LOS ANGELES COUNTY COMMISSION FOR WOMEN,LOS ANGELES,CA,,,,,irs_990pf
LOS ANGELES MISSION INC,LOS ANGELES,CA,,,,,irs_990pf
LOS ANGELES NEIGHBORHOOD LAND TRUST,LOS ANGELES,CA,,,,,irs_990pf
LOS ANGELES PARKS FOUNDATION,LOS ANGELES,CA,,,,,irs_990pf
LOS ANGELES POLICE FOUNDATION,LOS ANGELES,CA,,,,,irs_990pf
LOS ANGELES TRADE TECHNICAL COLLEGE FOUNDATION,LOS ANGELES,CA,,,,,irs_990pf
LOS ANGELES URBAN LEAGUE,LOS ANGELES,CA,,,,,irs_990pf
LOS CIEN SONOMA COUNTY INC,GUERNEVILLE,CA,,,,,irs_990pf
LOVE FAITH AND HOPE INC,MERCED,CA,,,,,irs_990pf
LOW INCOME INVESTMENT FUND,SAN FRANCISCO,CA,,,,,irs_990pf
LOYOLA MARYMOUNT UNIVERSITY,LOS ANGELES,CA,,,,,irs_990pf
LTSC COMMUNITY DEVELOPMENT CORPORATION,LOS ANGELES,CA,,,,,irs_990pf
MADISON PARK NEIGHBORHOOD ASSOCIATION,SANTA ANA,CA,,,,,irs_990pf
MAKING CHOICES MENTORING PROGRAM,COMPTON,CA,,,,,irs_990pf
MANDELA MARKETPLACE INCORPORATED,OAKLAND,CA,,,,,irs_990pf
MARCH OF DIMES INC,WHITE PLAINS,NY,,,,,irs_990pf
MARIN SENIOR COORDINATING COUNCIL INCORPORATED,SAN RAFAEL,CA,,,,,irs_990pf
MARSHALL B KETCHUM UNIVERSITY,FULLERTON,CA,,,,,irs_990pf
MARSHALL PROJECT INC,NEW YORK,NY,,,,,irs_990pf
MARTIN LUTHER KING JR COMMUNITY HEALTH FOUNDATIO,LOS ANGELES,CA,,,,,irs_990pf
MARTIN PARK INC,FRESNO,CA,,,,,irs_990pf
MATERNAL AND CHILD HEALTH ACCESS,LOS ANGELES,CA,,,,,irs_990pf
MCCLATCHY NEWSPAPERS INC,SACRAMENTO,CA,,,,,irs_990pf
MEDIA ARTS CENTER SAN DIEGO,SAN DIEGO,CA,,,,,irs_990pf
MEDIA WORKING GROUP,CINCINNATI,OH,,,,,irs_990pf
MELANOMA RESEARCH FOUNDATION,WASHINGTON,DC,,,,,irs_990pf
MEMORIAL MEDICAL CENTER FOUNDATION,LONG BEACH,CA,,,,,irs_990pf
MEND - MEET EACH NEED WITH DIGNITY,PACOIMA,CA,,,,,irs_990pf
MERCED COUNTY,MERCED,CA,,,,,irs_990pf
MERCED COUNTY ARTS COUNCIL INC,MERCED,CA,,,,,irs_990pf
MERCED COUNTY DEPARTMENT OF PUBLIC HEALTH,MERCED,CA,,,,,irs_990pf
MERCED COUNTY OFFICE OF EDUCATION,MERCED,CA,,,,,irs_990pf
MERCED LAO FAMILY COMMUNITY INC,MERCED,CA,,,,,irs_990pf
MERCY FOUNDATION NORTH,REDDING,CA,,,,,irs_990pf
MERCY FOUNDATION-BAKERSFIELD,BAKERSFIELD,CA,,,,,irs_990pf
MEXICAN AMERICAN BAR FOUNDATION,LOS ANGELES,CA,,,,,irs_990pf
MEXICAN AMERICAN LEGAL DEFENSE AND EDUCATIONAL FUN,LOS ANGELES,CA,,,,,irs_990pf
MEXICAN CULTURAL CENTER OF NORTHERN CALIFORNIA,SACRAMENTO,CA,,,,,irs_990pf
MICHELLE S PLACE BREAST CANCER RESOURCE CENTER,TEMECULA,CA,,,,,irs_990pf
MIGUEL CONTRERAS FOUNDATION,LOS ANGELES,CA,,,,,irs_990pf
MISSION EDGE SAN DIEGO,SAN DIEGO,CA,,,,,irs_990pf
MISSION INVESTORS EXCHANGE INC,MOUNTAIN VIEW,CA,,,,,irs_990pf
MIXTECO INDIGENA COMMUNITY ORGANIZING PROJECT,OXNARD,CA,,,,,irs_990pf
MOMS ORANGE COUNTY,SANTA ANA,CA,,,,,irs_990pf
MONSOON UNITED ASIAN WOMEN OF IOWA,DES MOINES,IA,,,,,irs_990pf
MONTEBELLO HOUSING DEVELOPMENT CORPORATION,MONTEBELLO,CA,,,,,irs_990pf
MONTEREY COUNTY OFFICE OF EDUCATION,SALINAS,CA,,,,,irs_990pf
MONTEREY COUNTY COUNTY ADMINISTRATIVE OFFICE,SALINAS,CA,,,,,irs_990pf
MOPRIDE INC,MODESTO,CA,,,,,irs_990pf
MOTHER OF MANY,LOS ANGELES,CA,,,,,irs_990pf
MOVEMBER FOUNDATION,CULVER CITY,CA,,,,,irs_990pf
MOVEMENT STRATEGY CENTER,OAKLAND,CA,,,,,irs_990pf
MUSIC CHANGING LIVES,MORENO VALLEY,CA,,,,,irs_990pf
MUTUAL ASSISTANCE NETWORK OF DEL PASO HEIGHTS,SACRAMENTO,CA,,,,,irs_990pf
NATIONAL ACADEMIC YOUTH CORPS INC,SACRAMENTO,CA,,,,,irs_990pf
NATIONAL ACADEMY OF SCIENCES,WASHINGTON,DC,,,,,irs_990pf
NATIONAL ALLIANCE ON MENTAL ILLNESS LOS ANGELES CO,LOS ANGELES,CA,,,,,irs_990pf
NATIONAL ASSN OF LATINO ELECTED OFFICIALS NALEO E,LOS ANGELES,CA,,,,,irs_990pf
NATIONAL ASSOCIATION OF COUNCILS ON DEVELOPMENTAL,WASHINGTON,DC,,,,,irs_990pf
NATIONAL BLACK JUSTICE COALITION INC,WASHINGTON,DC,,,,,irs_990pf
NATIONAL BLACK WOMEN S JUSTICE INSTITUTE,BERKELEY,CA,,,,,irs_990pf
NATIONAL CENTER FOR YOUTH LAW,OAKLAND,CA,,,,,irs_990pf
NATIONAL COMMITTEE FOR RESPONSIVE PHILANTHROPY,WASHINGTON,DC,,,,,irs_990pf
NATIONAL COMPADRES NETWORK INC,SAN JOSE,CA,,,,,irs_990pf
NATIONAL CONFLICT RESOLUTION CENTER,SAN DIEGO,CA,,,,,irs_990pf
NATIONAL COUNCIL OF ASIAN PACIFIC ISLANDER PHYSICI,SAN FRANCISCO,CA,,,,,irs_990pf
NATIONAL DAY LABORER ORGANIZING NETWORK,LOS ANGELES,CA,,,,,irs_990pf
NATIONAL FOSTER YOUTH INSTITUTE,LOS ANGELES,CA,,,,,irs_990pf
NATIONAL HEALTH LAW PROGRAM INC,LOS ANGELES,CA,,,,,irs_990pf
NATIONAL HISPANIC COUNCIL ON AGING,WASHINGTON,DC,,,,,irs_990pf
NATIONAL HISPANIC HEALTH FOUNDATION,WASHINGTON,DC,,,,,irs_990pf
NATIONAL IMMIGRATION LAW CENTER,LOS ANGELES,CA,,,,,irs_990pf
NATIONAL KOREAN AMERICAN SERVICE AND EDUCATION CON,LOS ANGELES,CA,,,,,irs_990pf
NATIONAL LATINA INSTITUTE FOR REPRODUCTIVE HEALTH,NEW YORK,NY,,,,,irs_990pf
NATIONAL LAWYERS GUILD - CA CENTRAL VALLEY CHAPTER,FRESNO,CA,,,,,irs_990pf
NATIONAL LGBTQ TASK FORCE,WASHINGTON,DC,,,,,irs_990pf
NATIONAL MEDICAL FELLOWSHIPS INC,NEW YORK,NY,,,,,irs_990pf
NATIONAL ORGANIZATION OF BLACK LAW ENFORCEMENT EXE,CULVER CITY,CA,,,,,irs_990pf
NATIONAL QUEER ASIAN PACIFIC ISLANDER ALLIANCE IN,NEW YORK,NY,,,,,irs_990pf
NATIONAL URBAN FELLOWS INC,NEW YORK,NY,,,,,irs_990pf
NATURAL RESOURCES DEFENSE COUNCIL INC,NEW YORK,NY,,,,,irs_990pf
NEIGHBORHOOD FUNDERS GROUP,OAKLAND,CA,,,,,irs_990pf
NEIGHBORHOOD INDUSTRIES,FRESNO,CA,,,,,irs_990pf
NEIGHBORHOOD LEGAL SERVICES OF LOS ANGELES COUNTY,GLENDALE,CA,,,,,irs_990pf
NEO PHILANTHROPY INC,NEW YORK,NY,,,,,irs_990pf
NETWORK ON WOMEN IN PRISON,SAN FRANCISCO,CA,,,,,irs_990pf
NEW BREATH FOUNDATION,OAKLAND,CA,,,,,irs_990pf
NEW VENTURE FUND,WASHINGTON,DC,,,,,irs_990pf
NEW VILLAGE CHARTER SCHOOL INC,LOS ANGELES,CA,,,,,irs_990pf
NEW WORLD FOUNDATION,NEW YORK,NY,,,,,irs_990pf
NIKKEI FOR CIVIL RIGHTS AND REDRESS,LOS ANGELES,CA,,,,,irs_990pf
NONPROFIT FINANCE FUND,NEW YORK,NY,,,,,irs_990pf
NORRIS DORSEY ACADEMY OF ENTREPRENEURS,GRANADA HILLS,CA,,,,,irs_990pf
NORTH COAST CLINICS NETWORK,EUREKA,CA,,,,,irs_990pf
NORTH COAST OPPORTUNITIES INC,UKIAH,CA,,,,,irs_990pf
NORTH VALLEY COMMUNITY FOUNDATION,CHICO,CA,,,,,irs_990pf
NORTHEAST VALLEY HEALTH CORPORATION,SAN FERNANDO,CA,,,,,irs_990pf
NORTHERN CALIFORNIA ASSOCIATION FOR WOMEN TAKE BAC,SACRAMENTO,CA,,,,,irs_990pf
NORTHERN CALIFORNIA COMMUNITY LOAN FUND,SAN FRANCISCO,CA,,,,,irs_990pf
NORTHERN CALIFORNIA GRANTMAKERS,SAN FRANCISCO,CA,,,,,irs_990pf
NORTHERN VALLEY CATHOLIC SOCIAL SERVICE INC,REDDING,CA,,,,,irs_990pf
NORTHERN VALLEY INDIAN HEALTH INC,WILLOWS,CA,,,,,irs_990pf
OAK PARK SOL COMMUNITY GARDENS,SACRAMENTO,CA,,,,,irs_990pf
OAKLAND COMMUNITY ORGANIZATION,OAKLAND,CA,,,,,irs_990pf
OAKLAND KIDS FIRST,OAKLAND,CA,,,,,irs_990pf
OAKLAND PARKS AND RECREATION FOUNDATION,OAKLAND,CA,,,,,irs_990pf
OAKLAND PRIDE INC,CASTRO VALLEY,CA,,,,,irs_990pf
OCCIDENTAL COLLEGE,LOS ANGELES,CA,,,,,irs_990pf
OLD SKOOL CAFE,SAN FRANCISCO,CA,,,,,irs_990pf
OLVERA STREET MERCHANTS ASSOCIATION FOUNDATION,LOS ANGELES,CA,,,,,irs_990pf
OMEGA EDUCATIONAL FOUNDATION,LOS ANGELES,CA,,,,,irs_990pf
OMNIRA INSTITUTE,OAKLAND,CA,,,,,irs_990pf
ONEGOAL,CHICAGO,IL,,,,,irs_990pf
ONEOC,SANTA ANA,CA,,,,,irs_990pf
OPEN CALIFORNIA,SACRAMENTO,CA,,,,,irs_990pf
OPEN DOOR COMMUNITY HEALTH CENTERS,ARCATA,CA,,,,,irs_990pf
OPPORTUNITY FUND COMMUNITY DEVELOPMENT,SAN JOSE,CA,,,,,irs_990pf
ORANGE COUNTY ASIAN AND PACIFIC ISLANDER COMMUNITY,GARDEN GROVE,CA,,,,,irs_990pf
ORANGE COUNTY COMMUNITIES ORGANIZED FOR RESPONSIBL,GARDEN GROVE,CA,,,,,irs_990pf
ORANGE COUNTY COMMUNITY FOUNDATION,NEWPORT BEACH,CA,,,,,irs_990pf
ORANGE COUNTY COMMUNITY HOUSING CORP,SANTA ANA,CA,,,,,irs_990pf
ORANGE COUNTY CONGREGATION COMMUNITY ORGANIZATION,ANAHEIM,CA,,,,,irs_990pf
ORANGE COUNTY HUMAN RELATIONS COUNCIL,SANTA ANA,CA,,,,,irs_990pf
ORANGE COUNTY S UNITED WAY,IRVINE,CA,,,,,irs_990pf
ORGANIZACION EN CALIFORNIA DE LIDERES CAMPESINAS,OXNARD,CA,,,,,irs_990pf
ORGANIZATION OF CHINESE AMERICANS INC,SACRAMENTO,CA,,,,,irs_990pf
ORGANIZE SACRAMENTO,SACRAMENTO,CA,,,,,irs_990pf
OUR FAMILY COALITION,SAN FRANCISCO,CA,,,,,irs_990pf
PACOIMA BEAUTIFUL,PACOIMA,CA,,,,,irs_990pf
PAN PACIFIC LAW ENFORCEMENT ASSOCIATION,SAN DIEGO,CA,,,,,irs_990pf
PANETTA INSTITUTE FOR PUBLIC POLICY,SEASIDE,CA,,,,,irs_990pf
PARENT INSTITUTE FOR QUALITY EDUCATION INC,NATIONAL CITY,CA,,,,,irs_990pf
PARENT TEACHER HOME VISIT PROJECT INC,SACRAMENTO,CA,,,,,irs_990pf
PARTICIPATORY BUDGETING PROJECT INC,BROOKLYN,NY,,,,,irs_990pf
PARTNERS IN CARE FOUNDATION INC,SAN FERNANDO,CA,,,,,irs_990pf
PARTNERSHIP FOR LOS ANGELES SCHOOLS,LOS ANGELES,CA,,,,,irs_990pf
PARTNERSHIP FOR THE ADVANCEMENT OF NEW AMERICANS,SAN DIEGO,CA,,,,,irs_990pf
PASADENA ALTADENA COALITION OF TRANSFORMATIVE LEAD,PASADENA,CA,,,,,irs_990pf
PASADENA-FOOTHILL VALLEY YWCA,PASADENA,CA,,,,,irs_990pf
PAVING GREAT FUTURES,SAN DIEGO,CA,,,,,irs_990pf
PEACE DEVELOPMENT FUND INC,SAN FRANCISCO,CA,,,,,irs_990pf
PEACE OFFICERS CHAPLAINCY OF FRESNO COUNTY INC,FRESNO,CA,,,,,irs_990pf
PEACE OVER VIOLENCE,LOS ANGELES,CA,,,,,irs_990pf
PEAK GRANTMAKING INC,WASHINGTON,DC,,,,,irs_990pf
PEER HEALTH EXCHANGE INC,SAN FRANCISCO,CA,,,,,irs_990pf
PEPPERMINT RIDGE,CORONA,CA,,,,,irs_990pf
PESTICIDE ACTION NETWORK NORTH AMERICA REGIONAL CE,BERKELEY,CA,,,,,irs_990pf
PHILANTHROPY NORTHWEST,SEATTLE,WA,,,,,irs_990pf
PHILANTHROPY ROUNDTABLE,WASHINGTON,DC,,,,,irs_990pf
PHYSICIANS FOR SOCIAL RESPONSIBILITY INC,LOS ANGELES,CA,,,,,irs_990pf
PILLARS OF THE COMMUNITY,SAN DIEGO,CA,,,,,irs_990pf
PIVOT LEARNING PARTNERS,OAKLAND,CA,,,,,irs_990pf
PLANADA ELEMENTARY SCHOOL DISTRICT,PLANADA,CA,,,,,irs_990pf
PLANTING JUSTICE,OAKLAND,CA,,,,,irs_990pf
PLAZA COMMUNITY CENTER,LOS ANGELES,CA,,,,,irs_990pf
POGO PARK,RICHMOND,CA,,,,,irs_990pf
POINT FOUNDATION,LOS ANGELES,CA,,,,,irs_990pf
POINT SOURCE YOUTH INC,NEW YORK,NY,,,,,irs_990pf
POLICY IMPACT,SACRAMENTO,CA,,,,,irs_990pf
POLICYLINK,OAKLAND,CA,,,,,irs_990pf
POLLINATION PROJECT FOUNDATION,BERKELEY,CA,,,,,irs_990pf
POMONA ECONOMIC OPPORTUNITY CENTER,POMONA,CA,,,,,irs_990pf
POPSTHECLUBCOM INC A CALIFORNIA PUBLIC BENEFIT,LOS ANGELES,CA,,,,,irs_990pf
POSITIVE RESULTS CORPORATION,LOS ANGELES,CA,,,,,irs_990pf
POVERELLO HOUSE,FRESNO,CA,,,,,irs_990pf
POWER CALIFORNIA,OAKLAND,CA,,,,,irs_990pf
PRESIDENT AND FELLOWS OF HARVARD COLLEGE,CAMBRIDGE,MA,,,,,irs_990pf
PREVENT CHILD ABUSE CALIFORNIA,NORTH HIGHLANDS,CA,,,,,irs_990pf
PREVENTION INSTITUTE,OAKLAND,CA,,,,,irs_990pf
PRISON UNIVERSITY PROJECT INC,SAN QUENTIN,CA,,,,,irs_990pf
PRO YOUTH AND FAMILIES INC,SACRAMENTO,CA,,,,,irs_990pf
PROJECT INFORM INC AIDS TREATMENT AND RESEARCH I,SAN FRANCISCO,CA,,,,,irs_990pf
PROJECT OPTIMISM,SACRAMENTO,CA,,,,,irs_990pf
PROJECT RESTORE,LOS ANGELES,CA,,,,,irs_990pf
PTA CALIFORNIA CONGRESS OF PARENTS TEACHERS AND S,SAN DIMAS,CA,,,,,irs_990pf
PUBLIC ADVOCATES INC,SAN FRANCISCO,CA,,,,,irs_990pf
PUBLIC COUNSEL,LOS ANGELES,CA,,,,,irs_990pf
PUBLIC HEALTH ADVOCATES,DAVIS,CA,,,,,irs_990pf
PUBLIC HEALTH INSTITUTE,OAKLAND,CA,,,,,irs_990pf
PUBLIC LAW CENTER,SANTA ANA,CA,,,,,irs_990pf
PUBLIC POLICY INSTITUTE OF CALIFORNIA,SAN FRANCISCO,CA,,,,,irs_990pf
PUEBLO UNIDO CDC,LA QUINTA,CA,,,,,irs_990pf
RACE FORWARD,OAKLAND,CA,,,,,irs_990pf
RADIO BILINGUE INC,FRESNO,CA,,,,,irs_990pf
RADY CHILDREN S HOSPITAL - SAN DIEGO,SAN DIEGO,CA,,,,,irs_990pf
RANCHO CIELO INC,SALINAS,CA,,,,,irs_990pf
REACHING BACK TO OUR YOUTH,SACRAMENTO,CA,,,,,irs_990pf
REAL AUTHENTIC WOMEN WELLNESS,FRESNO,CA,,,,,irs_990pf
REDLANDS COMMUNITY MUSIC ASSOCIATION INC,REDLANDS,CA,,,,,irs_990pf
REDWOOD COMMUNITY HEALTH COALITION,PETALUMA,CA,,,,,irs_990pf
REFUGEE ASSISTANCE CENTER INC,SAN DIEGO,CA,,,,,irs_990pf
REGENTS OF THE UNIVERSITY OF CALIFORNIA,OAKLAND,CA,,,,,irs_990pf
REGENTS OF THE UNIVERSITY OF CALIFORNIA UNIVERSIT,SANTA CRUZ,CA,,,,,irs_990pf
RENAISSANCE ENTREPRENEURSHIP CENTER,SAN FRANCISCO,CA,,,,,irs_990pf
REPRESENTATION PROJECT,ROSS,CA,,,,,irs_990pf
RESIGHINI RANCHERIA CALIFORNIA,KLAMATH,CA,,,,,irs_990pf
RESOURCE MEDIA A NONPROFIT CORPORATION,SAN FRANCISCO,CA,,,,,irs_990pf
RESOURCES FOR INDEPENDENCE CENTRAL VALLEY,FRESNO,CA,,,,,irs_990pf
RESOURCES LEGACY FUND,SACRAMENTO,CA,,,,,irs_990pf
RESPECTABILITY,ROCKVILLE,MD,,,,,irs_990pf
RESTORATIVE SCHOOLS VISION PROJECT,SACRAMENTO,CA,,,,,irs_990pf
RICHMOND COMMUNITY FOUNDATION,RICHMOND,CA,,,,,irs_990pf
RICHMOND MAIN STREET INITIATIVE INC,RICHMOND,CA,,,,,irs_990pf
RIGHT TO THE CITY ALLIANCE INC,NEW YORK,NY,,,,,irs_990pf
RISE FINANCIAL PATHWAYS A NON-PROFIT PUBLIC BENEFI,LOS ANGELES,CA,,,,,irs_990pf
RISE URBAN LEADERSHIP INSTITUTE OF SAN DIEGO,SAN DIEGO,CA,,,,,irs_990pf
RIVERSIDE MEALS ON WHEELS INC,RIVERSIDE,CA,,,,,irs_990pf
ROBERT C MAYNARD INSTITUTE FOR JOURNALISM EDUCATI,OAKLAND,CA,,,,,irs_990pf
ROCKEFELLER PHILANTHROPY ADVISORS INC,NEW YORK,NY,,,,,irs_990pf
ROCKWOOD LEADERSHIP INSTITUTE,OAKLAND,CA,,,,,irs_990pf
ROOTS COMMUNITY HEALTH CENTER,OAKLAND,CA,,,,,irs_990pf
ROSE FOUNDATION FOR COMMUNITIES AND THE ENVIRONMEN,OAKLAND,CA,,,,,irs_990pf
RUBICON PROGRAMS INC,RICHMOND,CA,,,,,irs_990pf
RYSE INC,RICHMOND,CA,,,,,irs_990pf
SAC CULTURAL HUB MEDIA FOUNDATION,SACRAMENTO,CA,,,,,irs_990pf
SACRAMENTO AREA CONGREGATIONS TOGETHER,SACRAMENTO,CA,,,,,irs_990pf
SACRAMENTO BUSINESS SERVICES CENTER,SACRAMENTO,CA,,,,,irs_990pf
SACRAMENTO CHINESE COMMUNITY SERVICE CENTER INC,SACRAMENTO,CA,,,,,irs_990pf
SACRAMENTO CITY UNIFIED SCHOOL DISTRICT,SACRAMENTO,CA,,,,,irs_990pf
SACRAMENTO COMMUNITY CABLE FOUNDATION,SACRAMENTO,CA,,,,,irs_990pf
SACRAMENTO HOUSING ALLIANCE,SACRAMENTO,CA,,,,,irs_990pf
SACRAMENTO INDEPENDENT LEARNING CENTER CORPORATION,SACRAMENTO,CA,,,,,irs_990pf
SACRAMENTO LGBT COMMUNITY CENTER,SACRAMENTO,CA,,,,,irs_990pf
SACRAMENTO LOAVES AND FISHES,SACRAMENTO,CA,,,,,irs_990pf
SACRAMENTO NEIGHBORHOOD HOUSING SERVICES INC,SACRAMENTO,CA,,,,,irs_990pf
SACRAMENTO URBAN DEBATE LEAGUE,ELK GROVE,CA,,,,,irs_990pf
SAFE PASSAGES,OAKLAND,CA,,,,,irs_990pf
SAFE ROUTES TO SCHOOL NATIONAL PARTNERSHIP,FORT WASHINGTON,MD,,,,,irs_990pf
SAINTS REST COMMUNITY ECONOMIC DEVELOPMENT CORPORA,FRESNO,CA,,,,,irs_990pf
SAJE,LOS ANGELES,CA,,,,,irs_990pf
SAN BERNARDINO COMMUNITY SERVICE CENTER INC,SAN BERNARDINO,CA,,,,,irs_990pf
SAN BERNARDINO COUNTY DEPARTMENT OF PUBLIC HEALTH,SAN BERNARDINO,CA,,,,,irs_990pf
SAN DIEGO GRANTMAKERS,SAN DIEGO,CA,,,,,irs_990pf
SAN DIEGO HUNGER COALITION,SAN DIEGO,CA,,,,,irs_990pf
SAN DIEGO LEADERSHIP ALLIANCE INC,SAN DIEGO,CA,,,,,irs_990pf
SAN DIEGO LESBIAN GAY BISEXUAL AND TRANSGENDER C,SAN DIEGO,CA,,,,,irs_990pf
SAN DIEGO ORGANIZING PROJECT,SAN DIEGO,CA,,,,,irs_990pf
SAN DIEGO REGION SMALL BUSINESS DEVELOPMENT CORPOR,SAN DIEGO,CA,,,,,irs_990pf
SAN DIEGO WORKFORCE PARTNERSHIP INC,SAN DIEGO,CA,,,,,irs_990pf
SAN FRANCISCO AIDS FOUNDATION,SAN FRANCISCO,CA,,,,,irs_990pf
SAN FRANCISCO COMMUNITY CLINIC CONSORTIUM,SAN FRANCISCO,CA,,,,,irs_990pf
SAN FRANCISCO FILM SOCIETY,SAN FRANCISCO,CA,,,,,irs_990pf
SAN FRANCISCO FOUNDATION,SAN FRANCISCO,CA,,,,,irs_990pf
SAN FRANCISCO GENERAL HOSPITAL FOUNDATION,SAN FRANCISCO,CA,,,,,irs_990pf
SAN FRANCISCO PUBLIC PRESS,SAN FRANCISCO,CA,,,,,irs_990pf
SAN FRANCISCO STATE UNIVERSITY,SAN FRANCISCO,CA,,,,,irs_990pf
SAN FRANCISCO STUDY CENTER INC,SAN FRANCISCO,CA,,,,,irs_990pf
SAN GERONIMO VALLEY COMMUNITY CENTER,SAN GERONIMO,CA,,,,,irs_990pf
SAN JOAQUIN PRIDE CENTER INC,STOCKTON,CA,,,,,irs_990pf
SANTA ANA UNIDOS BOXING CLUB,SANTA ANA,CA,,,,,irs_990pf
SANTA CRUZ BARRIOS UNIDOS INC,SANTA CRUZ,CA,,,,,irs_990pf
SANTA CRUZ LESBIAN AND GAY COMMUNITY CENTER,SANTA CRUZ,CA,,,,,irs_990pf
SCIENCE AND TECHNOLOGY EDUCATION PARTNERSHIP,RIVERSIDE,CA,,,,,irs_990pf
SECOND HARVEST FOOD BANK SANTA CRUZ COUNTY,WATSONVILLE,CA,,,,,irs_990pf
SELF AWARENESS AND RECOVERY,SACRAMENTO,CA,,,,,irs_990pf
SELF-HELP GRAPHICS AND ARTS INC,LOS ANGELES,CA,,,,,irs_990pf
SHANTI PROJECT INC,SAN FRANCISCO,CA,,,,,irs_990pf
SHASTA COMMUNITY HEALTH CENTER,REDDING,CA,,,,,irs_990pf
SHASTA COUNTY CHILD ABUSE PREVENTION COORDINATING,REDDING,CA,,,,,irs_990pf
SHASTA COUNTY YOUNG MEN S CHRISTIAN ASSOCIATION,REDDING,CA,,,,,irs_990pf
SHASTA REGIONAL COMMUNITY FOUNDATION,REDDING,CA,,,,,irs_990pf
SHIFT DESIGN INC,NEW ORLEANS,LA,,,,,irs_990pf
SIERRA CLUB FOUNDATION,OAKLAND,CA,,,,,irs_990pf
SIERRA HEALTH FOUNDATION CENTER FOR HEALTH PROGRAM,SACRAMENTO,CA,,,,,irs_990pf
SIERRA NEVADA JOURNEYS,RENO,NV,,,,,irs_990pf
SISKIYOU TRAINING AND EMPLOYMENT PROGRAM INC,WEED,CA,,,,,irs_990pf
SMALL BUSINESS MAJORITY FOUNDATION INC,SAUSALITO,CA,,,,,irs_990pf
SOCIAL ADVOCATES FOR YOUTH SAN DIEGO INC,SAN DIEGO,CA,,,,,irs_990pf
SOCIAL AND ENVIRONMENTAL ENTREPRENEURS INC,CALABASAS,CA,,,,,irs_990pf
SOCIAL GOOD FUND,RICHMOND,CA,,,,,irs_990pf
SOCIAL IMPACT FUND,LOS ANGELES,CA,,,,,irs_990pf
SOCIAL JUSTICE LEARNING INSTITUTE INC,INGLEWOOD,CA,,,,,irs_990pf
SOIL BORN FARM URBAN AGRICULTURE PROJECT,SACRAMENTO,CA,,,,,irs_990pf
SOMALI YOUTH UNITED INC,SAN DIEGO,CA,,,,,irs_990pf
SOMOS FAMILIA VALLE,MISSION HILLS,CA,,,,,irs_990pf
SOMOS MAYFAIR INC,SAN JOSE,CA,,,,,irs_990pf
SONOMA COUNTY INDIAN HEALTH PROJECT INC,SANTA ROSA,CA,,,,,irs_990pf
SOURCE LGBT CENTER INC,VISALIA,CA,,,,,irs_990pf
SOUTHEAST ASIA RESOURCE ACTION CENTER SEARAC,WASHINGTON,DC,,,,,irs_990pf
SOUTHEAST FRESNO COMMUNITY ECONOMIC DEVELOPMENT AS,FRESNO,CA,,,,,irs_990pf
SOUTHERN CALIFORNIA CENTER FOR NONPROFIT MANAGEMEN,LOS ANGELES,CA,,,,,irs_990pf
SOUTHERN CALIFORNIA EDUCATION FUND,LOS ANGELES,CA,,,,,irs_990pf
SOUTHERN CALIFORNIA GRANTMAKERS,LOS ANGELES,CA,,,,,irs_990pf
SOUTHERN CALIFORNIA LEADERSHIP NETWORK,LOS ANGELES,CA,,,,,irs_990pf
SOUTHERN CALIFORNIA STREETS INITIATIVE,LOS ANGELES,CA,,,,,irs_990pf
SOUTHSIDE COALITION OF COMMUNITY HEALTH CENTERS,LOS ANGELES,CA,,,,,irs_990pf
SPANISH-SPEAKING UNITY COUNCIL OF ALAMEDA COUNTY,OAKLAND,CA,,,,,irs_990pf
SPECIAL NEEDS NETWORK INC,LOS ANGELES,CA,,,,,irs_990pf
SPECIAL SERVICE FOR GROUPS INC,LOS ANGELES,CA,,,,,irs_990pf
ST BARNABAS SENIOR CENTER OF LOS ANGELES,LOS ANGELES,CA,,,,,irs_990pf
ST FRANCIS CENTER,LOS ANGELES,CA,,,,,irs_990pf
ST JOHN S WELL CHILD AND FAMILY CENTER INC,LOS ANGELES,CA,,,,,irs_990pf
ST MARY MEDICAL CENTER FOUNDATION,LONG BEACH,CA,,,,,irs_990pf
STANISLAUS MULTI CULTURAL HEALTH COALITION WEST MO,MODESTO,CA,,,,,irs_990pf
STATE CENTER COMMUNITY COLLEGE FOUNDATION,CLOVIS,CA,,,,,irs_990pf
STEPHEN C ROSE LEGACY FOUNDATION,PROVIDENCE,RI,,,,,irs_990pf
STERLINGTON CONSULTING INC,SAN DIEGO,CA,,,,,irs_990pf
STONEWALL ALLIANCE OF CHICO,CHICO,CA,,,,,irs_990pf
STRATEGIC CONCEPTS IN ORGANIZING AND POLICY EDUCAT,LOS ANGELES,CA,,,,,irs_990pf
STREET LEVEL HEALTH PROJECT,OAKLAND,CA,,,,,irs_990pf
STRONG FOOD L A KITCHEN,LOS ANGELES,CA,,,,,irs_990pf
STUDENT HEALTH SERVICES SUPPORT FUND,LOS ANGELES,CA,,,,,irs_990pf
SURVIVORS OF TORTURE INTERNATIONAL,SAN DIEGO,CA,,,,,irs_990pf
TELACU EDUCATION FOUNDATION,LOS ANGELES,CA,,,,,irs_990pf
TENEMOS QUE RECLAMAR Y UNIDOS SALVAR LA TIERRA - S,LOS ANGELES,CA,,,,,irs_990pf
THE BARACK OBAMA FOUNDATION,CHICAGO,CA,,,,,irs_990pf
THE CALIFORNIA CONFERENCE FOR EQUALITY AND JUSTICE,LONG BEACH,CA,,,,,irs_990pf
THE CALIFORNIA MUSEUM OF HISTORY WOMEN AND THE AR,SACRAMENTO,CA,,,,,irs_990pf
THE CENTER FOR PUBLIC INTEGRITY,WASHINGTON,DC,,,,,irs_990pf
THE CHILDRENS CLINIC SERVING CHILDREN AND THEIR FA,LONG BEACH,CA,,,,,irs_990pf
THE CHILDREN S PARTNERSHIP,LOS ANGELES,CA,,,,,irs_990pf
THE CSU CHICO RESEARCH FOUNDATION,CHICO,CA,,,,,irs_990pf
THE FREEDOM BOUND CENTER,SACRAMENTO,CA,,,,,irs_990pf
THE FRESNO CENTER,FRESNO,CA,,,,,irs_990pf
THE FULLERTON ACADEMY OF THE ARTS FOUNDATION,FULLERTON,CA,,,,,irs_990pf
THE HARMONY PROJECT,LOS ANGELES,CA,,,,,irs_990pf
THE LATINA CENTER,RICHMOND,CA,,,,,irs_990pf
THE LGBT COMMUNITY CENTER OF THE DESERT,PALM SPRINGS,CA,,,,,irs_990pf
THE MENTORING CENTER,OAKLAND,CA,,,,,irs_990pf
THE NATIONAL ALLIANCE FOR HISPANIC HEALTH,WASHINGTON,DC,,,,,irs_990pf
THE OAKLAND PUBLIC EDUCATION FUND,OAKLAND,CA,,,,,irs_990pf
THE PARTNERSHIP FOR WORKING FAMILIES,OAKLAND,CA,,,,,irs_990pf
THE PEW CHARITABLE TRUSTS,PHILADELPHIA,PA,,,,,irs_990pf
THE PLACE4GRACE,MENIFEE,CA,,,,,irs_990pf
THE PRAXIS PROJECT INC,WASHINGTON,DC,,,,,irs_990pf
THE REGENTS OF THE UNIVERSITY OF CALIFORNIA UNIVE,LOS ANGELES,CA,,,,,irs_990pf
THE SEATTLE FOUNDATION,SEATTLE,WA,,,,,irs_990pf
THE SEVENTH GENERATION FUND FOR INDIGENOUS PEOPLES,ARCATA,CA,,,,,irs_990pf
THE TRANSLATIN COALITION,LOS ANGELES,CA,,,,,irs_990pf
THE UCLA FOUNDATION,LOS ANGELES,CA,,,,,irs_990pf
THE VILLAGE PROJECT,SEASIDE,CA,,,,,irs_990pf
THE WORKING GROUP,OAKLAND,CA,,,,,irs_990pf
THIRD SECTOR NEW ENGLAND INC,BOSTON,MA,,,,,irs_990pf
THRIVE SANTA ANA,IRVINE,CA,,,,,irs_990pf
TIDES CENTER,SAN FRANCISCO,CA,,,,,irs_990pf
TIDES FOUNDATION,SAN FRANCISCO,CA,,,,,irs_990pf
TIGRA - TRANSNATIONAL INSTITUTE FOR GRASSROOTS RES,OAKLAND,CA,,,,,irs_990pf
TIME FOR CHANGE FOUNDATION,SAN BERNARDINO,CA,,,,,irs_990pf
TODEC LEGAL CENTER PERRIS,PERRIS,CA,,,,,irs_990pf
TOLA ORGANIZING ACADEMY,OAKLAND,CA,,,,,irs_990pf
TRANSFORMCA,OAKLAND,CA,,,,,irs_990pf
TRANSGENDER LAW CENTER,OAKLAND,CA,,,,,irs_990pf
TRANSITIONAL YOUTH MOBILIZING FOR CHANGE,BAKERSFIELD,CA,,,,,irs_990pf
TRUE NORTH ORGANIZING NETWORK,BAYSIDE,CA,,,,,irs_990pf
TRUST FOR AMERICAS HEALTH,WASHINGTON,DC,,,,,irs_990pf
UNITED CAMBODIAN COMMUNITY,LONG BEACH,CA,,,,,irs_990pf
UNITED ROOTS,OAKLAND,CA,,,,,irs_990pf
UNITED STATES SOCCER FEDERATION FOUNDATION INC,WASHINGTON DC,DC,,,,,irs_990pf
UNITED WAY OF MERCED COUNTY INC,MERCED,CA,,,,,irs_990pf
UNITED WAY OF NORTHERN CALIFORNIA,REDDING,CA,,,,,irs_990pf
UNITED WAY INC,LOS ANGELES,CA,,,,,irs_990pf
UNITED WAYS OF CALIFORNIA,SOUTH PASADENA,CA,,,,,irs_990pf
UNITED WE DREAM NETWORK INC,WASHINGTON,DC,,,,,irs_990pf
UNITED WOMEN OF EAST AFRICA,SAN DIEGO,CA,,,,,irs_990pf
UNIVERSITY FOUNDATION AT SACRAMENTO STATE,SACRAMENTO,CA,,,,,irs_990pf
UNIVERSITY MUSLIM MEDICAL ASSOCIATION INC,LOS ANGELES,CA,,,,,irs_990pf
UNIVERSITY OF CALIFORNIA BERKELEY FOUNDATION,BERKELEY,CA,,,,,irs_990pf
UNIVERSITY OF SAN FRANCISCO,SAN FRANCISCO,CA,,,,,irs_990pf
UNIVERSITY OF SOUTHERN CALIFORNIA,LOS ANGELES,CA,,,,,irs_990pf
URBAN AGE INSTITUTE,PETALUMA,CA,,,,,irs_990pf
URBAN HABITAT PROGRAM,OAKLAND,CA,,,,,irs_990pf
URBAN STRATEGIES COUNCIL,OAKLAND,CA,,,,,irs_990pf
URBAN STRATEGIES INC,SAINT LOUIS,MO,,,,,irs_990pf
URBAN TILTH,RICHMOND,CA,,,,,irs_990pf
URBANISTS COLLECTIVE,EXETER,CA,,,,,irs_990pf
URU THE RIGHT TO BE INC,WEST HAVEN,CT,,,,,irs_990pf
UTILITY REFORM NETWORK,SAN FRANCISCO,CA,,,,,irs_990pf
VALLEY CENTER FOR THE BLIND,FRESNO,CA,,,,,irs_990pf
VALLEY VISION INC,SACRAMENTO,CA,,,,,irs_990pf
VEGGIELUTION,SAN JOSE,CA,,,,,irs_990pf
VENTURA COUNTY CIVIC ALLIANCE,VENTURA,CA,,,,,irs_990pf
VENTURA COUNTY COMMUNITY FOUNDATION,CAMARILLO,CA,,,,,irs_990pf
VIP COMMUNITY MENTAL HEALTH CENTER INC,LOS ANGELES,CA,,,,,irs_990pf
VIRGINIA ORGANIZING INC,CHARLOTTESVILLE,VA,,,,,irs_990pf
VISALIA ARTS CONSORTIUM INC,VISALIA,CA,,,,,irs_990pf
VISION 2000 EDUCATIONAL FOUNDATION,ELK GROVE,CA,,,,,irs_990pf
VISION Y COMPROMISO,EL CERRITO,CA,,,,,irs_990pf
VOICEOFORANGECOUNTYORG,SANTA ANA,CA,,,,,irs_990pf
VOLUNTEERS OF AMERICA INC,LOS ANGELES,CA,,,,,irs_990pf
VOTO LATINO INC,WASHINGTON,DC,,,,,irs_990pf
WALKSACRAMENTO,SACRAMENTO,CA,,,,,irs_990pf
WALL-LAS MEMORIAS PROJECT,LOS ANGELES,CA,,,,,irs_990pf
WAREHOUSE WORKER RESOURCE CENTER,ONTARIO,CA,,,,,irs_990pf
WEST ANGELES COMMUNITY DEVELOPMENT CORPORATION,LOS ANGELES,CA,,,,,irs_990pf
WEST FRESNO HEALTH CARE COALITION,FRESNO,CA,,,,,irs_990pf
WEST HILLS COMMUNITY COLLEGE FOUNDATION,COALINGA,CA,,,,,irs_990pf
WEST MARIN SENIOR SERVICES,POINT REYES STATION,CA,,,,,irs_990pf
WESTCARE CALIFORNIA INC,FRESNO,CA,,,,,irs_990pf
WESTED,SAN FRANCISCO,CA,,,,,irs_990pf
WESTERN CENTER ON LAW AND POVERTY,LOS ANGELES,CA,,,,,irs_990pf
WHITE ASH BROADCASTING INC,CLOVIS,CA,,,,,irs_990pf
WHITE MEMORIAL MEDICAL CENTER CHARITABLE FOUNDATIO,LOS ANGELES,CA,,,,,irs_990pf
WIDE OPEN WALLS,SACRAMENTO,CA,,,,,irs_990pf
WILD HORSE NATIVE AMERICAN ASSOCIATION,SAN PEDRO,CA,,,,,irs_990pf
WINDWARD FUND,WASHINGTON,DC,,,,,irs_990pf
WOMEN MAKE MOVIES INC,NEW YORK,NY,,,,,irs_990pf
WOMEN S FOUNDATION OF CALIFORNIA,OAKLAND,CA,,,,,irs_990pf
WORKER EDUCATION RESOURCE CENTER INC,LOS ANGELES,CA,,,,,irs_990pf
WORLD INTERDEPENDENCE FUND,CARMICHAEL,CA,,,,,irs_990pf
WORLD RELIEF CORP OF NATIONAL ASSOCIATION OF EVANG,BALTIMORE,MD,,,,,irs_990pf
WORLD TRUST EDUCATIONAL SERVICES INC,OAKLAND,CA,,,,,irs_990pf
WOSE COMMUNITY CHURCH OF OAKLAND,OAKLAND,CA,,,,,irs_990pf
YES 2 KOLLEGE EDUCATIONAL RESOURCES INC,SACRAMENTO,CA,,,,,irs_990pf
YES NATURE TO NEIGHBORHOODS,RICHMOND,CA,,,,,irs_990pf
YMCA OF SAN DIEGO COUNTY,SAN DIEGO,CA,,,,,irs_990pf
YOLO COUNTY SUPERINTENDENT OF SCHOOLS,WOODLAND,CA,,,,,irs_990pf
YOUNG INVINCIBLES,WASHINGTON,DC,,,,,irs_990pf
YOUNG MEN S CHRISTIAN ASSOCIATION OF METROPOLITAN,LOS ANGELES,CA,,,,,irs_990pf
YOUNG SCHOLARS FOR ACADEMIC EMPOWERMENT,RIVERSDE,CA,,,,,irs_990pf
YOUNG VETERANS INC,REDWOOD SHORES,CA,,,,,irs_990pf
YOUNG WOMEN S CHRISTIAN ASSOCIATION OF GREATER LOS,LOS ANGELES,CA,,,,,irs_990pf
YOUTH ACTION PROJECT,SAN BERNARDINO,CA,,,,,irs_990pf
YOUTH ALIVE,OAKLAND,CA,,,,,irs_990pf
YOUTH FORWARD,SACRAMENTO,CA,,,,,irs_990pf
YOUTH JUSTICE COALITION,LOS ANGELES,CA,,,,,irs_990pf
YOUTH LEADERSHIP INSTITUTE,SAN FRANCISCO,CA,,,,,irs_990pf
YOUTH OUTSIDE,OAKLAND,CA,,,,,irs_990pf
YOUTH RADIO,OAKLAND,CA,,,,,irs_990pf
YUROK TRIBE OF THE YUROK RESERVATION CALIFORNIA,KLAMATH,CA,,,,,irs_990pf
YVETTE A FLUNDER FOUNDATION INC,SAN LEANDRO,CA,,,,,irs_990pf
BENICASA HOSPICE,MENDON,NY,,,,,irs_990pf
BEST BUDDIES OF WNY,ROCHESTER,NY,,,,,irs_990pf
CANANDAIGUA POLICE DEPARTMENT,CANANDAIGUA,NY,,,,,irs_990pf
HENRIETTA FIRE COMPANY NO 1,HENRIETTA,NY,,,,,irs_990pf
HOLY APOSTLES CHURCH,ROCHESTER,NY,,,,,irs_990pf
HUTHER DOYLE,ROCHESTER,NY,,,,,irs_990pf
MCQUAID JESUIT HIGH SCHOOL,ROCHESTER,NY,,,,,irs_990pf
MONROE COMMUNITY HOSPITAL,ROCHESTER,NY,,,,,irs_990pf
NYS SHERIFF S ASSOCIATION,ALBANY,NY,,,,,irs_990pf
OPEN DOOR MISSION,ROCHESTER,NY,,,,,irs_990pf
PENFIELD ECUMENICAL FOOD SHELF,PENFIELD,NY,,,,,irs_990pf
PENFIELD VOLUNTEER AMBULANCE,PENFIELD,NY,,,,,irs_990pf
ROCHESTER POLICE LOCUST CLUB,ROCHESTER,NY,,,,,irs_990pf
SCHOOL OF THE HOLY CHILDHOOD,ROCHESTER,NY,,,,,irs_990pf
SERENITY HOUSE COMFORT CARE,VICTOR,NY,,,,,irs_990pf
ST JOSEPH S NEIGHBORHOOD CENTER,ROCHESTER,NY,,,,,irs_990pf
ST MARIANNE COPE PARISH,HENRIETTA,NY,,,,,irs_990pf
VETERAN S OUTREACH,ROCHESTER,NY,,,,,irs_990pf
VICTOR FARMINGTON VOLUNTEER AMBULANCE,VICTOR,NY,,,,,irs_990pf
MPOWER NOW,ATLANTA,GA,,,,,irs_990pf
JUBILEE PARK COMMUNITY CENTER,DALLAS,TX,,,,,irs_990pf
NATIONAL GEOGRAPHIC SOCIETY,WASHINGTON,DC,,,,,irs_990pf
ST MARK S SCHOOL OF TEXAS,DALLAS,TX,,,,,irs_990pf
THE UNIVERSITY OF TEXAS SAN ANTONIO,SAN ANTONIO,TX,,,,,irs_990pf
O CONNOR FAMILY CEMETERY ASSOC,VICTORIA,TX,,,,,irs_990pf
KERA,DALLAS,TX,,,,,irs_990pf
SMU DEDMAN SCHOOL OF LAW,DALLAS,TX,,,,,irs_990pf
URSULINE ACAD OF DALLAS FOUNDATION,DALLAS,TX,,,,,irs_990pf
VAN CLIBURN FOUNDATION INC,FORT WORTH,TX,,,,,irs_990pf
ANDER WESER VOLUNTEER FIRE DEPT,GOLIAD,TX,,,,,irs_990pf
BARROW NEUROLOGICAL FOUNDATION,PHOENIX,AZ,,,,,irs_990pf
CHRIST S KITCHEN,VICTORIA,TX,,,,,irs_990pf
COMMUNITY ACTION COMMITTE,VICTORIA,TX,,,,,irs_990pf
FOOD BANK OF THE GOLDEN CRESCENT,VICTORIA,TX,,,,,irs_990pf
GOLDEN CRESCENT CASA,VICTORIA,TX,,,,,irs_990pf
GOLIAD VOLUNTEER FIRE DEPARTMENT,GOLIAD,TX,,,,,irs_990pf
MID-COAST FAMILY SERVICES,VICTORIA,TX,,,,,irs_990pf
PERPETUAL HELP HOME,VICTORIA,TX,,,,,irs_990pf
REFUGIO COUNTY ELDERLY SERVICES,REFUGIO,TX,,,,,irs_990pf
TEXAS SCOTTISH RITE HOSPITAL,DALLAS,TX,,,,,irs_990pf
RIDING THERAPY CENTER OF VICTORIA,NURSERY,TX,,,,,irs_990pf
VICTORIA CHRISTIAN ASSISTANCE MIN,VICTORIA,TX,,,,,irs_990pf
VICTORIA COUNTY SENIOR CITIZENS,VICTORIA,TX,,,,,irs_990pf
HOCKADAY SCHOOL,DALLAS,TX,,,,,irs_990pf
YAMPA VALLEY MEDICAL CTR FOUNDATION,STEAMBOAT SPRINGS,CO,,,,,irs_990pf
UNIVERSITY OF HOUSTON-VICTORIA,VICTORIA,TX,,,,,irs_990pf
SOUTHWESTERN MEDICAL FOUNDATION,DALLAS,TX,,,,,irs_990pf
RUSSIAN FND FOR HUMAN REPRODUCTIVE,,,,,,,irs_990pf
BAY HARBOR FOUNDATION,PETOSKEY,MI,,,,,irs_990pf
CATHOLIC FAITH APPEAL-DIOCESE OF VENICE,VENICE,FL,,,,,irs_990pf
CHRIST CHILD SOCIETY,CLAWSON,MI,,,,,irs_990pf
CROOKED TREE ARTS CENTER,PETOSKEY,MI,,,,,irs_990pf
CROSS CATHOLIC OUTREACH,BOCA RATON,FL,,,,,irs_990pf
GREAT LAKES CENTER FOR THE ARTS,BAY HARBOR,MI,,,,,irs_990pf
LITTLE TRAVERSE CONSERVANCY,HARBOR SPRINGS,MI,,,,,irs_990pf
ST FRANCIS XAVIER CATHOLIC PARISH,PETOSKEY,MI,,,,,irs_990pf
MASSACHUSETTS INSTITUTE OF TECHNOLOGY,CAMBRIDGE,MA,,,,,irs_990pf
NORTH CENTRAL MICHIGAN COLLEGE,PETOSKEY,MI,,,,,irs_990pf
DOLLARS FOR SCHOLARS,DETROIT,MI,,,,,irs_990pf
UNITED SERVICE ORGANIZATIONS INC,WASHINGTON,DC,,,,,irs_990pf
ST FRANCIS XAVIER CATHOLIC SCHOOL,PETOSKEY,MI,,,,,irs_990pf
CORNELL UNIVERSITY,ITHACA,NY,,,,,irs_990pf
GUADALUPE SOCIAL SERVICES-DIOCESE OF VENICE,VENICE,FL,,,,,irs_990pf
CAPUCHIN SOUP KITCHEN,DETROIT,MI,,,,,irs_990pf
UNITED WAY OF COLLIER COUNTY,NAPLES,FL,,,,,irs_990pf
SPARKING LITERACY INC,BAY HARBOR,MI,,,,,irs_990pf
FOUNDERS FUND INC DBA THE FOUNDERS SCHOLARSHIP FUND,NAPLES,FL,,,,,irs_990pf
NAPLES BOTANICAL GARDEN,NAPLES,FL,,,,,irs_990pf
CASA JACINTA Y FRANCISCO ORPHANAGE,NAPLES,FL,,,,,irs_990pf
ST WILLIAM CATHOLIC CHURCH,NAPLES,FL,,,,,irs_990pf
MNM FOUNDATION,BEDFORD,MA,,,,,irs_990pf
ALEX S LEMONADE STAND,Bala Cynwyd,PA,,,,,irs_990pf
RONALD MCDONALD HOUSE CHARITIES,Long Branch,NJ,,,,,irs_990pf
ARMENIA TREE PROJECT,WOBURN,MA,,,,,irs_990pf
ARMENIAN AMERICAN MUSEUM,GLENDALE,CA,,,,,irs_990pf
ALLIANCE FOR THE GREAT LAKES,CHICAGO,IL,,,,,irs_990pf
AMERICAN RED CROSS - SOUTHEASTERN MICHIGAN REGIONAL CHAPTER,DETROIT,MI,,,,,irs_990pf
ANIMALS AND SOCIETY INSTITUTE INC FOR THE ANICARE PROGRAM,ANN ARBOR,MI,,,,,irs_990pf
ANN ARBOR AREA COMMUNITY FOUNDATION,ANN ARBOR,MI,,,,,irs_990pf
ANN ARBOR CENTER FOR INDEPENDENT LIVING,ANN ARBOR,MI,,,,,irs_990pf
ANN ARBOR COMMUNITY CENTER,ANN ARBOR,MI,,,,,irs_990pf
ANN ARBOR HANDS-ON MUSEUM,ANN ARBOR,MI,,,,,irs_990pf
ANN ARBOR SUMMER FESTIVAL,ANN ARBOR,MI,,,,,irs_990pf
ANN ARBOR SYMPHONY ORCHESTRA,ANN ARBOR,MI,,,,,irs_990pf
ANN ARBOR YMCA - GENERAL OPERATIONS,ANN ARBOR,MI,,,,,irs_990pf
BURT LAKE PRESERVATION ASSOCIATION,INDIAN RIVER,MI,,,,,irs_990pf
CATHOLIC SOCIAL SERVICES OF WASHTENAW COUNTYINTENTIONAL COMMUNITIES,ANN ARBOR,MI,,,,,irs_990pf
CHILDREN S LITERACY NETWORK,ANN ARBOR,MI,,,,,irs_990pf
CORNER HEALTH CENTER,YPSILANTI,MI,,,,,irs_990pf
DAWN INC,ANN ARBOR,MI,,,,,irs_990pf
DETROIT CATHOLIC CENTRAL HIGH SCHOOL,NOVI,MI,,,,,irs_990pf
DETROIT CRISTO REY HIGH SCHOOL INC,DETROIT,MI,,,,,irs_990pf
DETROIT ZOOLOGICAL SOCIETY - OPERATING PURPOSES,ROYAL OAK,MI,,,,,irs_990pf
DOMESTIC VIOLENCE PROJECT INC,ANN ARBOR,MI,,,,,irs_990pf
EARLY LEARNING CENTER,ANN ARBOR,MI,,,,,irs_990pf
ELE S PLACE,ANN ARBOR,MI,,,,,irs_990pf
FISHER HOUSE MICHIGANBUILD IT FOR THE BRAVE INC,ANN ARBOR,MI,,,,,irs_990pf
FOOD GATHERERS,ANN ARBOR,MI,,,,,irs_990pf
GREAT LAKES RABBIT SANCTUARY,PLYMOUTH,MI,,,,,irs_990pf
HABITAT FOR HUMANITY OF HURON VALLEY,ANN ARBOR,MI,,,,,irs_990pf
HOPE MEDICAL CLINIC INC,YPSILANTI,MI,,,,,irs_990pf
HORSES HAVEN,HOWELL,MI,,,,,irs_990pf
HUMANE SOCIETY OF HURON VALLEY,ANN ARBOR,MI,,,,,irs_990pf
HURON WATERLOO PATHWAYS INITIATIVE,CHELSEA,MI,,,,,irs_990pf
LEADER DOGS FOR THE BLIND,ROCHESTER,MI,,,,,irs_990pf
LEGACY LAND CONSERVANCY,ANN ARBOR,MI,,,,,irs_990pf
LIFELINE INC DBA LIFELINE PILOTS,PEORIA,IL,,,,,irs_990pf
LIONS VISUALLY IMPAIRED YOUTH CAMP INC,LAPEER,MI,,,,,irs_990pf
LIVINGSTON AREA COUNCIL AGAINST SPOUSE ABUSE INC,HOWELL,MI,,,,,irs_990pf
MCLAREN-NORTHERN MICHIGAN FDN,PETOSKEY,MI,,,,,irs_990pf
MICHIGAN ABILITY PARTNERS,ANN ARBOR,MI,,,,,irs_990pf
MICHIGAN ANTI-CRUELTY SOCIETY,DETROIT,MI,,,,,irs_990pf
MICHIGAN HUMANE SOCIETY,BINGHAM FARMS,MI,,,,,irs_990pf
MICHIGAN THEATER FOUNDATION INC,ANN ARBOR,MI,,,,,irs_990pf
MOST HOLY TRINITY SCHOOL,DETROIT,MI,,,,,irs_990pf
NEUTRAL ZONE DBA ANN ARBOR TEEN CENTER INC,ANN ARBOR,MI,,,,,irs_990pf
OZONE HOUSE INC,ANN ARBOR,MI,,,,,irs_990pf
PAWS WITH A CAUSE,WAYLAND,MI,,,,,irs_990pf
PEACE NEIGHBORHOOD CENTER,ANN ARBOR,MI,,,,,irs_990pf
PURPLE ROSE THEATRE COMPANY,CHELSEA,MI,,,,,irs_990pf
REGENTS OF THE UNIVERSITY OF MICHIGAN - ANN ARBOR MEALS ON WHEELS,ANN ARBOR,MI,,,,,irs_990pf
REGENTS OF THE UNIVERSITY OF MICHIGAN - EXHIBIT MUSEUM OF NATURAL HISTORY,ANN ARBOR,MI,,,,,irs_990pf
RONALD MCDONALD HOUSE CHARITIES OF HURON VALLEY,ANN ARBOR,MI,,,,,irs_990pf
SHELTER ASSOCIATION OF WASHTENAW COUNTY,ANN ARBOR,MI,,,,,irs_990pf
SOS COMMUNITY SERVICES,YPSILANTI,MI,,,,,irs_990pf
SOUTHEAST MICHIGAN LAND CONSERVANCY,YPSILANTI,MI,,,,,irs_990pf
ST LOUIS CENTER FOR EXCEPTIONAL CHILDREN - GENERAL OPERATING,CHELSEA,MI,,,,,irs_990pf
ST JOSEPH MERCY HOME CARE AND HOSPICE,LIVONIA,MI,,,,,irs_990pf
THERAPEUTIC RIDING INC,ANN ARBOR,MI,,,,,irs_990pf
TIP OF THE MITT WATERSHED COUNCIL,PETOSKEY,MI,,,,,irs_990pf
TRAIL S END WILDLIFE REFUGE INC,MARTINSVILLE,IN,,,,,irs_990pf
UMRC FOUNDATION,CHELSEA,MI,,,,,irs_990pf
UNIVERSITY MUSICAL SOCIETY,ANN ARBOR,MI,,,,,irs_990pf
WASHTENAW COUNTY HISTORICAL SOCIETY,ANN ARBOR,MI,,,,,irs_990pf
WASHTENAW HOUSING ALLIANCE,ANN ARBOR,MI,,,,,irs_990pf
WASHTENAW LITERACY,YPSILANTI,MI,,,,,irs_990pf
YPSILANTI MEALS ON WHEELS,YPSILANTI,MI,,,,,irs_990pf
ANN ARBOR ART CENTER,ANN ARBOR,MI,,,,,irs_990pf
FOUNDATION FIGHTING BLINDNESS,COLUMBIA,MD,,,,,irs_990pf
ARAPAHOE COUNTY FOUNDATION,LITTLETON,CO,,,,,irs_990pf
PROJECT CURE,CENTENNIAL,CO,,,,,irs_990pf
CENTRAL MISSOURI DREAM FACTORY,COLUMBIA,MO,,,,,irs_990pf
FREEDOM SERVICE DOGS,ENGLEWOOD,CO,,,,,irs_990pf
BIG DOGS HUGE PAWS RESCUE,DENVER,CO,,,,,irs_990pf
JUNIOR ACHIEVEMENT,DENVER,CO,,,,,irs_990pf
MENTOR COLORADO,DENVER,CO,,,,,irs_990pf
FACE TO FACE COLORADO,DENVER,CO,,,,,irs_990pf
NATIONAL MULTIPLE SCLEROSIS SOCIETY COLORADO-WYOMING,DENVER,CO,,,,,irs_990pf
PANCREATIC CANCER ACTION NETWORK,MANHATTAN BEACH,CA,,,,,irs_990pf
MATTHEWS HELP CENTER,MATTHEWS,NC,,,,,irs_990pf
COLORADO MORTGAGE LENDERS ASSOCIATION,GREENWOOD VILLAGE,CO,,,,,irs_990pf
WYLDER NATION FOUNDATION,SCOTTSDALE,AZ,,,,,irs_990pf
BROTHERS REDEVELOPMENT,DENVER,CO,,,,,irs_990pf
CHARLOTTE RESCUE MISSION,CHARLOTTE,NC,,,,,irs_990pf
METROLINA INTERGROUP ASSOCIATION,CHARLOTTE,NC,,,,,irs_990pf
HUMANE SOCIETY,CHARLOTTE,NC,,,,,irs_990pf
MAKE-A-WISH FOUNDATION,CHARLOTTE,NC,,,,,irs_990pf
SIGN FRACTURE CARE INTRN L,RICHLAND,WA,,,,,irs_990pf
ARMENIAN INTERNATIONAL WOMEN S ASSO,WATERTOWN,MA,,,,,irs_990pf
CHILDREN OF ARMENIA FUND,NEW YORK,NY,,,,,irs_990pf
HOMENETMEN ARARAT CHAPTER 1394,LOS ANGELES,CA,,,,,irs_990pf
PAROS FOUNDATION,BERKELEY,CA,,,,,irs_990pf
COMMUNITY FOUNDATION OF THE VERDUGO,GLENDALE,CA,,,,,irs_990pf
ARMENIAN PATRIARIARCHATE OF JERUSAL,BURBANK,CA,,,,,irs_990pf
ST LEON CATHEDRAL PARISH,BERKELEY,CA,,,,,irs_990pf
TUFENKIAN FOUNDATION,MOONACHIE,NJ,,,,,irs_990pf
ARMENIAN PATRIARCHATE,,,,,,,irs_990pf
GAY MEN S CHORUS OF LOS ANGELES,WEST HOLLYWOOD,CA,,,,,irs_990pf
ARMENIAN INTERNATIONAL MEDICAL FUND,GLENDALE,CA,,,,,irs_990pf
SUMMIT VIEW SCHOOL,VALLEY GLEN,CA,,,,,irs_990pf
OAKWOOD SCHOOL,NORTH HOLLYWOOD,CA,,,,,irs_990pf
CAMERON UNIVERSITY FOUNDATION,LAWTON,OK,,,,,irs_990pf
ROADBACK INC,LAWTON,OK,,,,,irs_990pf
ANDREW COLLEGE,CUTHBERT,GA,,,,,irs_990pf
ATLANTA FIRE RESCUE FOUNDATION,ATLANTA,GA,,,,,irs_990pf
CARE AND COUNSELING CENTER,DECATUR,GA,,,,,irs_990pf
GEORGIA APARTMENT ASSOCIATION FOUNDATION,ATLANTA,GA,,,,,irs_990pf
HISTORIC OAKLAND FOUNDATION,ATLANTA,GA,,,,,irs_990pf
LEAD INSTITUTE,ATLANTA,GA,,,,,irs_990pf
MARTIN-LIPSCOMB PERFORMING ARTS CENTER,HIGHLANDS,NC,,,,,irs_990pf
NEIGHBORHOOD BRIDGES,WESTERVILLE,OH,,,,,irs_990pf
SHEPHERD CENTER FOUNDATION,ATLANTA,GA,,,,,irs_990pf
ALL HANDS HEARTS,MATTAPOISETT,MA,,,,,irs_990pf
AMERICAN INDIAN COLLEGE FUND,DENVER,CO,,,,,irs_990pf
AMERICAN RED CROSS,BOONE,IA,,,,,irs_990pf
ANTI-DEFAMATION LEAGUE,NEW YORK,NY,,,,,irs_990pf
CENTER FOR ARTS BONITA SPRINGS,BONITA SPRINGS,FL,,,,,irs_990pf
CONGREGATION B NE ZION,MICHIGAN CITY,IN,,,,,irs_990pf
DOCTORS WITHOUT BORDERS,NEW YORK,NY,,,,,irs_990pf
FRIENDS OF XIOS REFUGEES,SARASOTA,FL,,,,,irs_990pf
HABITAT FOR HUMANITY,AMERICUS,GA,,,,,irs_990pf
HILLEL INTERNATIONAL,WASHINGTON,DC,,,,,irs_990pf
MOORINGS PARK FOUNDATION,NAPLES,FL,,,,,irs_990pf
NATIONAL AUDUBON SOCIETY,NEW YORK,NY,,,,,irs_990pf
NATIONAL PARKS CONSERVATION ASSOC,WASHINGTON,DC,,,,,irs_990pf
NCWA MODEL UN,NAPLES,FL,,,,,irs_990pf
PLANNED PARENTHOOD FEDERATION,NEW YORK,NY,,,,,irs_990pf
RED CLOUD INDIAN SCHOOL,PINE RIDGE,SD,,,,,irs_990pf
SALVATION ARMY,LAPORTE,IN,,,,,irs_990pf
SALVATION ARMY,NAPLES,FL,,,,,irs_990pf
SIMON WEISENTHAL CENTER,LOS ANGELES,CA,,,,,irs_990pf
ST ANTHONY CATHOLIC MISSION,ZION,NM,,,,,irs_990pf
ST LABRE INDIAN SCHOOL,ASHLAND,MT,,,,,irs_990pf
ST MATTHEWS HOUSE,NAPLES,FL,,,,,irs_990pf
THE AMERICAN LEGION,INDIANAPOLIS,IN,,,,,irs_990pf
THE NATURE CONSERVANCY,ARLINGTON,VA,,,,,irs_990pf
UNITED STATES HOLOCAUST MUSEUM,WASHINGTON,DC,,,,,irs_990pf
WGCU PBS NPR,FORT MYERS,FL,,,,,irs_990pf
WORLD WILDLIFE FUND,WASHINGTON,DC,,,,,irs_990pf
WOUNDED WARRIOR PROJECT,JACKSONVILLE,FL,,,,,irs_990pf
AMERICAN BATTLEFIELD TRUST,WASHINGTON,DC,,,,,irs_990pf
DEKE FOUNDATION,ANN ARBOR,MI,,,,,irs_990pf
FRIENDS OF BEAUREGARD-KEYES HOUSE,NEW ORLEANS,LA,,,,,irs_990pf
LOUISIANA MUSEUM FOUNDATION,NEW ORLEANS,LA,,,,,irs_990pf
MEMORIAL HALL FOUNDATION INC,NEW ORLEANS,LA,,,,,irs_990pf
NEW ORLEANS MUSEUM OF ART,NEW ORLEANS,LA,,,,,irs_990pf
PRO BONO PUBLICO FOUNDATION,NEW ORLEANS,LA,,,,,irs_990pf
THE GARDEN CLUB OF AMERICA,NEW YORK,NY,,,,,irs_990pf
TRINITY EPISCOPAL SCHOOL,NEW ORLEANS,LA,,,,,irs_990pf
TULANE UNIVERSITY,NEW ORLEANS,LA,,,,,irs_990pf
MERCY HIGH SCHOOL,OMAHA,NE,,,,,irs_990pf
JUVENILE DIABETES RESEARCH FOUNDATION,OMAHA,NE,,,,,irs_990pf
THE NEW CASSEL FOUNDATION,OMAHA,NE,,,,,irs_990pf
MARIAN HIGH SCHOOL,OMAHA,NE,,,,,irs_990pf
CREIGHTON PREP,OMAHA,NE,,,,,irs_990pf
OMAHA TENNIS ASSN DEVELOPMENT FUND,OMAHA,NE,,,,,irs_990pf
MADONNA SCHOOL,OMAHA,NE,,,,,irs_990pf
LATINO PEACE OFFICERS ASSOCIATION,OMAHA,NE,,,,,irs_990pf
BOYS GIRLS CLUBS OF THE MIDLANDS,OMAHA,NE,,,,,irs_990pf
ST MARGARET MARY,OMAHA,NE,,,,,irs_990pf
CASA DE ANGELES FOUNDATION,San Rafael,CA,,,,,irs_990pf
FRIENDS OF THE UNIV OF SUSSEX,Wilmington,DE,,,,,irs_990pf
ORINDA WOMAN S CLUB,Orinda,CA,,,,,irs_990pf
AMERICAN HIMALAYAN FOUNDATION,San Francisco,CA,,,,,irs_990pf
ALLENTOWN ART MUSEUM,ALLENTOWN,PA,,,,,irs_990pf
ALLENTOWN BAND THE,ALLENTOWN,PA,,,,,irs_990pf
ALLENTOWN PUBLIC LIBRARY,ALLENTOWN,PA,,,,,irs_990pf
ALLENTOWN SYMPHONY ASSOCIATION,ALLENTOWN,PA,,,,,irs_990pf
ARTS QUEST CENTER AT STEELSTACKS,BETHLEHEM,PA,,,,,irs_990pf
ASTRAL ARTISTS,PHILADELPHIA,PA,,,,,irs_990pf
BACH CHOIR OF BETHLEHEM THE,BETHLEHEM,PA,,,,,irs_990pf
BAUM SCHOOL OF ART,ALLENTOWN,PA,,,,,irs_990pf
BREAD FOR THE WORLD INSTITUTE,WASHINGTON,DC,,,,,irs_990pf
CEDAR CREST COLLEGE,ALLENTOWN,PA,,,,,irs_990pf
CITY ARTS INC,ALLENTOWN,PA,,,,,irs_990pf
CIVIC THEATRE OF ALLENTOWN,ALLENTOWN,PA,,,,,irs_990pf
COMMUNITY ACTION COMMITTEE OF THE LEHIGH VALLEY,ALLENTOWN,PA,,,,,irs_990pf
COMMUNITY MUSIC SCHOOL,ALLENTOWN,PA,,,,,irs_990pf
CURTIS INSTITUTE OF MUSIC,PHILADELPHIA,PA,,,,,irs_990pf
DA VINCI SCIENCE CENTER,ALLENTOWN,PA,,,,,irs_990pf
ENVIRONMENTAL DEFENSE FUND,NEW YORK,NY,,,,,irs_990pf
GREENPEACE FUND,WASHINGTON,DC,,,,,irs_990pf
GRESS MOUNTAIN RANCH,OREFIELD,PA,,,,,irs_990pf
HAWK MOUNTAIN SANCTUARY,KEMPTON,PA,,,,,irs_990pf
HEALING THROUGH THE ARTS,ALLENTOWN,PA,,,,,irs_990pf
KIDSPEACE,SCHNECKSVILLE,PA,,,,,irs_990pf
LANCASTER THEOLOGICAL SEMINARY,LANCASTER,PA,,,,,irs_990pf
LEHIGH COUNTY HISTORICAL SOCIETY,ALLENTOWN,PA,,,,,irs_990pf
LIBERTY BELL MUSEUM THE,ALLENTOWN,PA,,,,,irs_990pf
METROPOLITAN OPERA THE,NEW YORK,NY,,,,,irs_990pf
MOUNT HOLYOKE COLLEGE,SOUTH HADLEY,MA,,,,,irs_990pf
NATURAL RESOURCES DEFENSE COUNCIL,NEW YORK,NY,,,,,irs_990pf
ORANGUTAN FOUNDATION INTERNATIONAL,LOS ANGELES,CA,,,,,irs_990pf
PENNSYLVANIA ACADEMY OF FINE ARTS,PHILADELPHIA,PA,,,,,irs_990pf
PENNSYLVANIA SHAKESPEARE FESTIVAL,CENTER VALLEY,PA,,,,,irs_990pf
PENNSYLVANIA SINFONIA ORCHESTRA,ALLENTOWN,PA,,,,,irs_990pf
PHILADELPHIA MUSEUM OF ART,PHILADELPHIA,PA,,,,,irs_990pf
PHILADELPHIA ORCHESTRA,PHILADELPHIA,PA,,,,,irs_990pf
PHOEBE MINISTRIES,ALLENTOWN,PA,,,,,irs_990pf
ROYAL OAK FOUNDATION THE,NEW YORK,NY,,,,,irs_990pf
ST JOHN S UNITED CHURCH OF CHRIST,ALLENTOWN,PA,,,,,irs_990pf
TOUCHSTONE THEATER,BETHLEHEM,PA,,,,,irs_990pf
UNITED WAY OF LEHIGH VALLEY,ALLENTOWN,PA,,,,,irs_990pf
WESTERN SALISBURY VOLUNTEER FIRE COMPANY,ALLENTOWN,PA,,,,,irs_990pf
WILDLANDS CONSERVANCY,EMMAUS,PA,,,,,irs_990pf
WILDLIFE LEADERSHIP ACADEMY,LEWISBURG,PA,,,,,irs_990pf
NATIONAL AUDOBON SOCIETY,NEW YORK,NY,,,,,irs_990pf
BEL CANTO YOUTH CHOIR,BETHLEHEM,PA,,,,,irs_990pf
CEDILLE RECORDS,CHICAGO,IL,,,,,irs_990pf
DREAMCHASER HORSE RESCUE,FALCON,MO,,,,,irs_990pf
FINCA INTERNATIONAL,WASHINGTON,DC,,,,,irs_990pf
FOUR CORNERS EQUINE RESCUE,SAN JUAN COUNTY,NM,,,,,irs_990pf
FRIENDS OF ALLENTOWN PARKS,ALLENTOWN,PA,,,,,irs_990pf
MORAVIAN COLLEGE,BETHLEHEM,PA,,,,,irs_990pf
MOUNTAINVIEW HORSE RESCUE,NEW TRIPOLI,PA,,,,,irs_990pf
PHYSICIAN S FOR RESPONSIBLE MEDICINE,WASHINGTON,DC,,,,,irs_990pf
SOUTHERN WINDS EQUINE RESCUE,UDALL,KS,,,,,irs_990pf
ST JOSEPH S INDIAN SCHOOL,CHAMBERLAIN,SD,,,,,irs_990pf
LEPOCO PEACE CENTER,BETHLEHEM,PA,,,,,irs_990pf
UNIVERSITY OF UTAH SCHOLARSHIP,Salt Lake City,UT,,,,,irs_990pf
BOY SCOUTS,Salt Lake City,UT,,,,,irs_990pf
UTAH FOOD BANK,West Valley City,UT,,,,,irs_990pf
AMERCAN HEART ASSOCIATION,Salt Lake City,UT,,,,,irs_990pf
RESCUE MISSION,Salt Lake City,UT,,,,,irs_990pf
SALT LAKE CITY MISSION,Salt Lake City,UT,,,,,irs_990pf
AMERICAN CANCER SOCIETY,Salt Lake City,UT,,,,,irs_990pf
DAV,Salt Lake City,UT,,,,,irs_990pf
SALTVATION ARMY,Salt Lake City,UT,,,,,irs_990pf
MAKE A WISH,Salt Lake City,UT,,,,,irs_990pf
ANGEL TREE,Salt Lake City,UT,,,,,irs_990pf
SEE ATTACHED SCHEDULE,SEE ATTACHED,IL,,,,,irs_990pf
ALZHEIMER S ASSOCIATION,DAYTON,OH,,,,,irs_990pf
CHOICES,DAYTON,OH,,,,,irs_990pf
CRAYONS TO CLASSROOMS,KETTERING,OH,,,,,irs_990pf
DAYBREAK,DAYTON,OH,,,,,irs_990pf
HOSPICE OF DAYTON FOUNDATION,DAYTON,OH,,,,,irs_990pf
PINK RIBBON GIRLS,TIPP CITY,OH,,,,,irs_990pf
SECRET SMILES,DAYTON,OH,,,,,irs_990pf
SEEDLING FOUNDATION,DAYTON,OH,,,,,irs_990pf
ST MARY S DEVELOPMENT,DAYTON,OH,,,,,irs_990pf
RTD,DAYTON,OH,,,,,irs_990pf
HEALTHY HABITS COOK CLUB,OAKWOOD,OH,,,,,irs_990pf
DELAVAN DARIEN HIGH SCHOOL,DELAVAN,WI,,,,,irs_990pf
ACCION,Cambridge,MA,,,,,irs_990pf
AZ-ONE,Albert Lea,MN,,,,,irs_990pf
BLESSMAN MINISTRIES,Urbandale,IA,,,,,irs_990pf
CHARITY WATER,New York,NY,,,,,irs_990pf
CHILD FUND INTERNATIONAL,Richmond,VA,,,,,irs_990pf
EMPOWER TANZANIA,Ames,IA,,,,,irs_990pf
ENGINEERS WITHOUT BORDERS,Denver,CO,,,,,irs_990pf
HEARTLAND PREGNANCY CENTER,Ottumwa,IA,,,,,irs_990pf
JEREMIAH PROGRAM,Minneapolis,MN,,,,,irs_990pf
KICKSTART INTERNATIONAL,San Francisco,CA,,,,,irs_990pf
ONE ACRE FUND,Brooklyn,NY,,,,,irs_990pf
SALVATION ARMY,Albert Lea,MN,,,,,irs_990pf
SALVATION ARMY,Peoria,IL,,,,,irs_990pf
SMILE TRAIN,New York,NY,,,,,irs_990pf
YOUTH FOR CHRIST,Albert Lea,MN,,,,,irs_990pf
AMVETS,LANHAM,MD,,,,,irs_990pf
ABILIS INC,STAMFORD,CT,,,,,irs_990pf
AMERICAN LUNG ASSOCIATION,PROVIDENCE,RI,,,,,irs_990pf
ARTREACH INC,NORWICH,CT,,,,,irs_990pf
BARC,BRISTOL,CT,,,,,irs_990pf
BENTLEY UNIVERSITY,WALTHAM,MA,,,,,irs_990pf
BIG BROTHERS AND BIG SISTERS OF SOUTHWESTERN CT,BRIDGEPORT,CT,,,,,irs_990pf
BOSTON YOUTH SYMPHONY,BOSTON,MA,,,,,irs_990pf
BREAST CANCER RESEARCH FOUNDATION,NEW YORK,NY,,,,,irs_990pf
BRIDGE FAMILY CENTERS,WEST HARTFORD,CT,,,,,irs_990pf
BRYANT UNIVERSITY,SMITHFIELD,RI,,,,,irs_990pf
CCSU SCHOOL OF BUSINESS,NEW BRITIAN,CT,,,,,irs_990pf
CARDINAL SHEHAN CENTER,BRIDGEPORT,CT,,,,,irs_990pf
CEDAR HILL CEMETERY FOUNDATION,HARTFORD,CT,,,,,irs_990pf
CHRYSALIS CENTER,HARTFORD,CT,,,,,irs_990pf
DOMUS KIDS INC,STAMFORD,CT,,,,,irs_990pf
EASTER SEALS,WINDSOR,CT,,,,,irs_990pf
EASTERN CT STATE UNIVERSITY,WILLIMANTIC,CT,,,,,irs_990pf
FAIRFIELD UNIVERSITY,FAIRFIELD,CT,,,,,irs_990pf
FRIENDSHIP HOME INC,NORWELL,MA,,,,,irs_990pf
GFOA - CT,GUILFORD,CT,,,,,irs_990pf
GREATER HARTFORD ARTS COUNCIL,HARTFORD,CT,,,,,irs_990pf
HARTFORD STAGE,HARTFORD,CT,,,,,irs_990pf
HOUSING FAMILIES,MALDEN,MA,,,,,irs_990pf
ISENBERG SCHOOL OF MANAGEMENT,AMHERST,MA,,,,,irs_990pf
JUNIOR ACHIEVEMENT OF WESTERN CT INC,BRIDGEPORT,CT,,,,,irs_990pf
KIDS IN CRISIS,COS COB,CT,,,,,irs_990pf
KLINGBERG FAMILY CENTERS,NEW BRITIAN,CT,,,,,irs_990pf
LUSGARTEN FOUNDATION,BETHPAGE,NY,,,,,irs_990pf
MSCPA EDUCATIONAL FOUNDATION,BOSTON,MA,,,,,irs_990pf
MISHKAN ISRAEL DAY CAMP,TRUMBULL,CT,,,,,irs_990pf
MUSCULAR DYSTROPHY ASSOCIATION,NORTH HAVEN,CT,,,,,irs_990pf
NASHUA SOUP KITCHEN,NASHUA,NH,,,,,irs_990pf
NATIONAL ASSOC OF BLACK ACCOUNTANTS INC - GREATER HARTFORD CHAPTER,HARTFORD,CT,,,,,irs_990pf
NEW BRITAIN ROOTS,NEW BRITIAN,CT,,,,,irs_990pf
OLD COLONY Y,BROCKTON,MA,,,,,irs_990pf
QUINNIPIAC UNIVERSITY,HAMDEN,CT,,,,,irs_990pf
READ TO GROW,BRANFORD,CT,,,,,irs_990pf
RIVERFRONT RECAPTURE,HARTFORD,CT,,,,,irs_990pf
ROSIE S PLACE INC,BOSTON,MA,,,,,irs_990pf
SACRED HEART UNIVERSITY,FAIRFIELD,CT,,,,,irs_990pf
SARAH INC,WESTBROOK,CT,,,,,irs_990pf
SMITH CLINIC,PAWLEYS ISLAND,SC,,,,,irs_990pf
SOUTH PARK INC,HARTFORD,CT,,,,,irs_990pf
SPURWINK RI,CRANSTON,RI,,,,,irs_990pf
THE ARC OF SOUTH SHORE,WEYMOUTH,MA,,,,,irs_990pf
THE BUSHNELL,HARTFORD,CT,,,,,irs_990pf
THE MA CHILD,QUINCY,MA,,,,,irs_990pf
THE UNIVERSITY OF CT FOUNDATION,STORRS,CT,,,,,irs_990pf
WHOLESOME WAVE INC,BRIDGEPORT,CT,,,,,irs_990pf
SEE ATTACHMENT C,SEE ATTACHMENT C,CA,,,,,irs_990pf
CHRYSLER MUSEUM OF ART,NORFOLK,VA,,,,,irs_990pf
FREEMASON STREET BAPTIST CHURCH,NORFOLK,VA,,,,,irs_990pf
HARBOR S EDGE FOUNDATION,NORFOLK,VA,,,,,irs_990pf
KNIGHTS OF COLUMBUS - CHRISTIAN REFUGEE RELIEF FUND,NEW HAVEN,CT,,,,,irs_990pf
NORFOLK LAW LIBRARY,NORFOLK,VA,,,,,irs_990pf
SACRED HEART CHURCH,NORFOLK,VA,,,,,irs_990pf
ST MARGARETS SCHOOL,TAPPAHANNOCK,VA,,,,,irs_990pf
ST PIUS X CHURCH,NORFOLK,VA,,,,,irs_990pf
THE SALVATION ARMY,NORFOLK,VA,,,,,irs_990pf
THE VIRGINIA BAR ASSOCIATION FOUNDATION,RICHMOND,VA,,,,,irs_990pf
UVA LAW SCHOOL FOUNDATION,CHARLOTTESVILLE,VA,,,,,irs_990pf
VIRGINIA OPERA,NORFOLK,VA,,,,,irs_990pf
WHRO,NORFOLK,VA,,,,,irs_990pf
CHILDREN S HOSPITAL OF THE KING S DAUGHTERS,NORFOLK,VA,,,,,irs_990pf
VIRGINIA BEACH VOLUNTEER RESCUE SQUAD,VIRGINIA BEACH,VA,,,,,irs_990pf
NORFOLK SPCA,NORFOLK,VA,,,,,irs_990pf
OLD DOMINION UNIVERSITY FOUNDATION,NORFOLK,VA,,,,,irs_990pf
CITY OF NORFOLK DEPARTMENT OF NEIGHBORHOOD DEVELOPMENT,NORFOLK,VA,,,,,irs_990pf
FOODBANK OF SOUTHEASTERN VIRGINIA,NORFOLK,VA,,,,,irs_990pf
CLEVELAND CLINIC FOUNDATION,CLEVELAND,OH,,,,,irs_990pf
GREAT BRIDGE PRESBYTERIAN CHURCH,CHESAPEAKE,VA,,,,,irs_990pf
VIRGINIA LAW FOUNDATION,CHARLOTTESVILLE,VA,,,,,irs_990pf
PHOENIX BIKES,ARLINGTON,VA,,,,,irs_990pf
A PLACE CALLED HOPE,KILLINGWORTH,CT,,,,,irs_990pf
AFRICAN WILDLIFE FOUNDATION,ALBERT LEA,MN,,,,,irs_990pf
ANIMAL LEGAL DEFENSE FUND,COTATI,CA,,,,,irs_990pf
ANIMAL WELFARE LEAGUE,CHICAGO RIDGE,IL,,,,,irs_990pf
ANOTHER CHANCE FOR ENGLISH SETTERS,SACO,ME,,,,,irs_990pf
BAT CONSERVATION INTERNATIONAL,ARLINGTON,VA,,,,,irs_990pf
BIG CAT RESCUE,TAMPA,FL,,,,,irs_990pf
BELINDA SHOCKLEY TREASURER,DELMAR,DE,,,,,irs_990pf
BORN FREE USA,WASHINGTON,DC,,,,,irs_990pf
CAVALIER KING CHARLES SPANIEL RESCU,SANIBEL,FL,,,,,irs_990pf
CENTER FOR GREAT APES,WAUCHULA,FL,,,,,irs_990pf
SHAWNA ENGLISH,LONGMONT,CO,,,,,irs_990pf
COMPANION ANIMAL ALLIANCE,BATON ROUGE,LA,,,,,irs_990pf
CT ANIMAL HOUSE,WATERFORD,CT,,,,,irs_990pf
DR STACEY GOLUB,EAST HAMPTOM,CT,,,,,irs_990pf
KATHY SCHWARTZ HOWE,LISBON,MD,,,,,irs_990pf
DEFENDERS OF WILDLIFE,MERRIFIELD,VA,,,,,irs_990pf
DREAMCATCHER WILD HORSE BURRO SAN,PUEBLO,CO,,,,,irs_990pf
DREAMCHASER HORSE RESCUE CENTER R,FALCON,MO,,,,,irs_990pf
EXOTIC FELINE RESCUE CENTER,CENTER POINT,IN,,,,,irs_990pf
FOUR PAWS INTERNATIONAL,BOSTON,MA,,,,,irs_990pf
FRIENDS OF THE ANIMALS BATON ROUGE,BATON ROUGE,LA,,,,,irs_990pf
FUR FREE SOCIETY,TOWSON,MD,,,,,irs_990pf
GENTLE GIANT DRAFT HORSE RESCUE,HAGERSTOWN,MD,,,,,irs_990pf
GUARDIANS OF RESCUE,SMITHTOWN,NY,,,,,irs_990pf
HORSE RESCUE UNITED INC,NEWPORT,NJ,,,,,irs_990pf
HUDSON RIVER SLOOP CLEARWATER,BEACON,NY,,,,,irs_990pf
INTERNATIONAL EXOTIC ANIMAL SANCTUR,BOYD,TX,,,,,irs_990pf
LITTLE LONGEARS MINIATURE DONKEY,WESTMINSTER,MD,,,,,irs_990pf
LOUISIANA HORSE RESCUE ASSOCIATION,RIVER RIDGE,LA,,,,,irs_990pf
NOAH S LOST ARK SANCTUARY,MERRIFIELD,VA,,,,,irs_990pf
NORTHEAST ANIMAL SHELTER,SALEM,MA,,,,,irs_990pf
NOWZAD DOGS NFP,FRISCO,TX,,,,,irs_990pf
OCEANA CHARITABLE GRANT,WASHINGTON,DC,,,,,irs_990pf
OUR HEN HOUSE,GERMANTOWN,NY,,,,,irs_990pf
PEACEFUL VALLEY DONKEY RESCUE,SAN ANGELO,TX,,,,,irs_990pf
PERFORMING ANIMAL WELFARE SOCIETY,GALT,CA,,,,,irs_990pf
PHYSICIANS COMMITTEE,WASHINGTON,DC,,,,,irs_990pf
POLLINATOR PARTNERSHIP,SAN FRANCISCO,CA,,,,,irs_990pf
PRIDEROCK WILDLIFE REFUGE,TERRELL,TX,,,,,irs_990pf
RAINFOREST ALLIANCE,NEW YORK,NY,,,,,irs_990pf
RAY OF LIGHT FARM,EAST HADDAM,CT,,,,,irs_990pf
SAVING AMERICA S MUSTANGS,DEL MAR,CA,,,,,irs_990pf
SEA SHEPARD CONSERVATION SOCIETY,WASHINGTON,DC,,,,,irs_990pf
SHUG SIGHTHOUND UNDERGROUND,MCLEAN,VA,,,,,irs_990pf
SVM WILDLIFE HOSPITAL OF LOUISIANA,BATON ROUGE,LA,,,,,irs_990pf
THE DAVID SHELDRICK WILDLIFE TRUST,LAGUNA HILLS,CA,,,,,irs_990pf
THE ELEPHANT SANCTUARY IN TN,HOHENWALD,TN,,,,,irs_990pf
TIGER HAVEN,KINGSTON,TN,,,,,irs_990pf
WILD,BOULDER,CO,,,,,irs_990pf
WILD BIRD FUND,NEW YORK,NY,,,,,irs_990pf
WILDLIFE IN CRISIS,WESTON,CT,,,,,irs_990pf
WILDLIFE REHABILITATORS ASSOCIATION,SAUNDERSTOWN,RI,,,,,irs_990pf
WOLF CONSERVATION CENTER,SOUTH SALEM,NY,,,,,irs_990pf
WOODSTOCK FARM ANIMAL SANCTUARY,HIGH FALLS,NY,,,,,irs_990pf
MOUNTAIN HUMANE,HAILEY,ID,,,,,irs_990pf
ST MARTIN S ANIMAL FOUNDATION,NORTHRIDGE,CA,,,,,irs_990pf
BLOCK ISLAND FERAL CATS INITIATIVE,BLOCK ISLAND,RI,,,,,irs_990pf
IRONWOOD PIG SANCTUARY,TUCSON,AZ,,,,,irs_990pf
LITTLE BROOK FARM,OLD CHATHAM,NY,,,,,irs_990pf
ADIRONDACK WILDLIFE REFUGE,WILMINGTON,NY,,,,,irs_990pf
THE GENTLE BARN,SANTA CLARITA,CA,,,,,irs_990pf
60 PLUS FOUNDATION INC,ALEXANDRA,VA,,,,,irs_990pf
AARP FOUNDATION,WASHINGTON,DC,,,,,irs_990pf
ABCCM DOCTORS MEDICAL CLINIC INC,ASHEVILLE,NC,,,,,irs_990pf
ADMIRAL NIMITZ FOUNDATION,FREDERICKSBURG,TX,,,,,irs_990pf
ADVENTURE KIDS WNC,ASHEVILLE,NC,,,,,irs_990pf
AIR FORCE MUSEUM FOUNDATION INC,WRIGHTPATTERSON AFB,OH,,,,,irs_990pf
ALICE LLOYD COLLEGE,PIPPA PASSES,KY,,,,,irs_990pf
ALL VETERANS CENTER,LAKELAND,FL,,,,,irs_990pf
ALZHEIMER AND PARKINSON ASSOCIATION OF IR,VERO BEACH,FL,,,,,irs_990pf
AMERICAN AIR MUSEUM IN BRITAIN,WASHINGTON,DC,,,,,irs_990pf
AMERICAN BATTLEFIELD TRUST,HAGERSTOWN,MD,,,,,irs_990pf
AMERICAN BIBLE SOCIETY,NEW YORK,NY,,,,,irs_990pf
AMERICAN CENTER FOR LAW JUSTICE INC,WASHINGTON,DC,,,,,irs_990pf
AMERICAN CIVIL RIGHTS UNION,ALEXANDRA,VA,,,,,irs_990pf
AMERICAN LEGION,VERO BEACH,FL,,,,,irs_990pf
AMERICAN LEGISLATIVE EXCHANGE COUNCIL,ARLINGTON,VA,,,,,irs_990pf
AMERICAN MAJORITY,PURCELLVILLE,VA,,,,,irs_990pf
AMERICAN RED CROSS OF IR,VERO BEACH,FL,,,,,irs_990pf
AMERICAN SPECTATOR FOUNDATION INC,ARLINGTON,VA,,,,,irs_990pf
AMERICAN WHITEWATER,SYLVA,NC,,,,,irs_990pf
AMERICANS FOR PROSPERITY FOUNDATION,ARLINGTON,VA,,,,,irs_990pf
APPALACHIAN TRAIL CONSERVANCY,HARPERS FERRY,WV,,,,,irs_990pf
ARTHRITIS FOUNDATION INC,ATLANTA,GA,,,,,irs_990pf
ASHEVILLE GREENWORKS,ASHEVILLE,NC,,,,,irs_990pf
ASHEVILLE ON BIKES,ASHEVILLE,NC,,,,,irs_990pf
ASHLAND UNIVERSITY,ASHLAND,OH,,,,,irs_990pf
ASSOCIATION OF MATURE AMERICAN CITIZENS,ST PETERSBURG,FL,,,,,irs_990pf
ATLAS NETWORK,WASHINGTON,DC,,,,,irs_990pf
BALLOTPEDIA,MIDDLETON,WI,,,,,irs_990pf
BOYS GIRLS CLUB OF BREVARD,BREVARD,NC,,,,,irs_990pf
BOYS GIRLS CLUB OF INDIAN RIVER,VERO BEACH,FL,,,,,irs_990pf
BOYS TOWN-CENTRAL FLORIDA,OVIEDO,FL,,,,,irs_990pf
BREATH OF HEAVEN MINISTRIES OF THE TC,VERO BEACH,FL,,,,,irs_990pf
BREVARD COLLEGE CORPORATION,BREVARD,NC,,,,,irs_990pf
BUILDING FOR AMERICA S BRAVEST,STATEN ISLAND,NY,,,,,irs_990pf
CALVARY CHAPEL REACH ORLANDO,WINTER PARK,FL,,,,,irs_990pf
CAMELBACK BIBLE CHURCH,PARADISE VALLEY,AZ,,,,,irs_990pf
CAPITAL RESEARCH CENTER,WASHINGTON,DC,,,,,irs_990pf
CAROLINA DAY SCHOOL INC,ASHEVILLE,NC,,,,,irs_990pf
CATO INSTITUTE,WASHINGTON,DC,,,,,irs_990pf
CHILDCARE RESOURCES OF INDIAN RIVER,VERO BEACH,FL,,,,,irs_990pf
CHRISTIAN APPALACHIAN PROJECT INC,LEXINGTON,KY,,,,,irs_990pf
CHRISTIAN BUSINESS MENS CONNECTION,BLUE SPRINGS,MO,,,,,irs_990pf
CITIZENS AGAINST GOVERNMENT WASTE,WASHINGTON,DC,,,,,irs_990pf
CIVIL WAR PRESERVATION TRUST,HAGERSTOWN,MD,,,,,irs_990pf
COLLINGS FOUNDATION,STOW,MA,,,,,irs_990pf
COMMITTEE FOR A CONSTRUCTIVE TOMORROW,WASHINGTON,DC,,,,,irs_990pf
COMMUNITY CHURCH OF VERO BEACH,VERO BEACH,FL,,,,,irs_990pf
COMPETITIVE ENTERPRISE INSTITUTE,WASHINTON,DC,,,,,irs_990pf
COPS 4 KIDS RIDE,BREVARD,NC,,,,,irs_990pf
COVENANT HOUSE FLORIDA INC,FT LAUDERDALE,FL,,,,,irs_990pf
CRFC,ORLANDO,FL,,,,,irs_990pf
CROSSNORE SCHOOL CHILDREN S HOME,CROSSNORE,NC,,,,,irs_990pf
CROSSOVER MISSION,VERO BEACH,FL,,,,,irs_990pf
CROWN FINANCIAL MINISTRIES INC,GAINESVILLE,GA,,,,,irs_990pf
CRW,BEDFORD,MA,,,,,irs_990pf
DASIE BRIDGEWATER HOPE CTR,VERO BEACH,FL,,,,,irs_990pf
DAVID HOROWITZ FREEDOM CENTER,SHERMAN OAKS,CA,,,,,irs_990pf
DELTA GAMMA FOUNDATION,COLUMBUS,OH,,,,,irs_990pf
DISABLED VETERANS NATIONAL FOUNDATION,LANHAM,MD,,,,,irs_990pf
DUCKS UNLIMITED,MEMPHIS,TN,,,,,irs_990pf
DUNKLIN MEMORIAL CHURCH INC,OKEECHOBEE,FL,,,,,irs_990pf
EAGLE FORUM EDUCATION AND LEGAL DEFENSE F,ALTON,IL,,,,,irs_990pf
EBLEN FOUNDATION,ASHEVILLE,NC,,,,,irs_990pf
EPIC MISSIONS INC,VERO BEACH,FL,,,,,irs_990pf
FELLOWSHIP OF CHRISTIAN ATHLETES,KANSAS CITY,MO,,,,,irs_990pf
FIRST DESCENTS,GREENWOOD VLG,CO,,,,,irs_990pf
FIRST LIBERTY INSTITUTE,PLANO,TX,,,,,irs_990pf
FIRST UNITED METHODIST CHURCH OF BREVARD,BREVARD,NC,,,,,irs_990pf
FIRST UNITED PRESBYTERIAN CHURCH,COLLINSVILLE,IL,,,,,irs_990pf
FLORIDA SHERIFFS ASSOCIATION,TALLAHASSEE,FL,,,,,irs_990pf
FLORIDA STATE UNIVERSITY VARSITY CLUB,TALLAHASSEE,FL,,,,,irs_990pf
FOOD FOR FAIRVIEW,FAIRVIEW,NC,,,,,irs_990pf
FOUNDATION FOR ECONOMIC EDUCATION,ATLANTA,GA,,,,,irs_990pf
FOUNDATION FOR GOV T ACCOUNTABILITY,NAPLES,FL,,,,,irs_990pf
FRANKLIN CENTER FOR GLOBAL POLICY EXCH,WASHINGTON,DC,,,,,irs_990pf
FRANKLIN NEWS FOUNDATION,CHICAGO,IL,,,,,irs_990pf
FREEDOM ALLIANCE,DULLES,VA,,,,,irs_990pf
FREEDOM WATCH,WASHINGTON,DC,,,,,irs_990pf
FREEDOMWORKS INC,WASHINGTON,DC,,,,,irs_990pf
FRENCH BROAD RIVER ACADEMY,ASHEVILLE,NC,,,,,irs_990pf
FRIENDS OF TRANSYLVANIA COUNTY LIBRARY,BREVARD,NC,,,,,irs_990pf
FRIENDS OF WNC NATURE CENTER,ASHEVILLE,NC,,,,,irs_990pf
FUND FOR AMERICAN STUDIES,WASHINGTON,DC,,,,,irs_990pf
GIDEONS INTERNATIONAL,NASHVILLE,TN,,,,,irs_990pf
GODS WORD TO THE NATIONS MISSION SOCIETY,ORANGE PARK,FL,,,,,irs_990pf
GOOD NEWS PUBLISHERS,WHEATON,IL,,,,,irs_990pf
GRACE MEDICAL HOME,ORLANDO,FL,,,,,irs_990pf
GROVE CITY COLLEGE,GROVE CITY,PA,,,,,irs_990pf
HAITI PARTNERS INC,VERO BEACH,FL,,,,,irs_990pf
HAVEN OF TRANSYLVANIA COUNTY,BREVARD,NC,,,,,irs_990pf
HAYWOOD STREET CONGREGATION,ASHEVILLE,NC,,,,,irs_990pf
HEALTH NETWORK FOUNDATION INC,CHAGRIN FALLS,OH,,,,,irs_990pf
HERITAGE FOUNDATION,WASHINGTON,DC,,,,,irs_990pf
HILLSDALE COLLEGE,HILLSDALE,MI,,,,,irs_990pf
HONORABLE ORDER OF KENTUCKY COLONELS INC,LOUISVILLE,KY,,,,,irs_990pf
HOPE FOR FAMILIES CENTER,VERO BEACH,FL,,,,,irs_990pf
HOPE RURAL SCHOOL INC,INDIANTOWN,FL,,,,,irs_990pf
IMBA,BOULDER,CO,,,,,irs_990pf
INDIAN RIVER COUNTY HISTORICAL SOCIETY INC,VERO BEACH,FL,,,,,irs_990pf
INDIAN RIVER HOSPITAL FOUNDATION,VERO BEACH,FL,,,,,irs_990pf
INDIAN RIVER LAND TR INC,VERO BEACH,FL,,,,,irs_990pf
INSTITUTE FOR JUSTICE,ARLINGTON,VA,,,,,irs_990pf
JAMES MADISON INSTITUTE FOR PUBLIC POLICY STUDIES INC,TALLAHASSEE,FL,,,,,irs_990pf
JAMESTOWN SOCIETY,RICHMOND,VA,,,,,irs_990pf
JUDICIAL WATCH INC,WASHINGTON,DC,,,,,irs_990pf
KAPPA KAPPA GAMMA,COLUMBUS,OH,,,,,irs_990pf
LAKE HIGHLAND PREPARATORY SCHOOL INC,ORLANDO,FL,,,,,irs_990pf
LEADERSHIP INSTITUTE,ARLINGTON,VA,,,,,irs_990pf
LEUKEMIA AND LYMPHOMA SOCIETY,WHITE PLAINS,NY,,,,,irs_990pf
LIBERTY JUSTICE CENTER,CHICAGO,IL,,,,,irs_990pf
MANHATTAN INSTITUTE FOR POLICY RESEARCH,NEW YORK,NY,,,,,irs_990pf
MANNA FOOD BANK INC,ASHEVILLE,NC,,,,,irs_990pf
MASTERS ACADEMY OF VERO BEACH INC,VERO BEACH,FL,,,,,irs_990pf
MCKEE BOTANICAL GARDEN INC,VERO BEACH,FL,,,,,irs_990pf
MEDIA RESEARCH CENTER,ALEXANDRIA,VA,,,,,irs_990pf
MENTAL HEALTH ASSOCIATION IN IRC INC,VERO BEACH,FL,,,,,irs_990pf
MIGHTY EIGTH AIR FORCE HERITAGE CENTER INC,POOLER,GA,,,,,irs_990pf
MOODY BIBLE INSTITUTE OF CHICAGO,CHICAGO,IL,,,,,irs_990pf
MORGAN ADAMS FOUNDATION,DENVER,CO,,,,,irs_990pf
MOUNT DORA CHRISTIAN ACADEMY,MOUNT DORA,FL,,,,,irs_990pf
MOUNT DORA HOME BIBLE SCHOOL,MOUNT DORA,FL,,,,,irs_990pf
MOUNTAINTRUE,ASHEVILLE,NC,,,,,irs_990pf
MUSEUM OF AVIATION FLIGHT,WARNER ROBINS,GA,,,,,irs_990pf
MUSEUM OF THE BIBLE,OKLAHOMA CITY,OK,,,,,irs_990pf
NATIONAL CTR FOR PUBLIC POLICY RESEARCH,WASHINGTON,DC,,,,,irs_990pf
NATIONAL LEGAL POLICY CENTER,FALLS CHURCH,VA,,,,,irs_990pf
NATIONAL MS SOCIETY,NEW YORK,NY,,,,,irs_990pf
NATIONAL REVIEW INSTITUTE,NEW YORK,NY,,,,,irs_990pf
NATIONAL RIFLE ASSOCIATION OF AMERICA,FAIRFAX,VA,,,,,irs_990pf
NATIONAL RIGHT TO WORK LEGAL DEFENSE EDUCATION FDN INC,SPRINGFIELD,VA,,,,,irs_990pf
NATIONAL SOCIETY COLONIAL DAMES XVII CENTURY,WASHINGTON,DC,,,,,irs_990pf
NATIONAL TAX LIMITATION COMMITTEE,WASHINGTON,DC,,,,,irs_990pf
NATIONAL WORLD WAR II MUSEUM INC,NEW ORLEANS,LA,,,,,irs_990pf
NEIGHBORS IN MINISTRY,BREVARD,NC,,,,,irs_990pf
NSDAR,WASHINGTON,DC,,,,,irs_990pf
NUTRITION ACTION HEALTH,WASHINGTON,DC,,,,,irs_990pf
OPERATION 300,PORT SALERNO,FL,,,,,irs_990pf
OPERATION HOMEFRONT INC,SAN ANTONIO,TX,,,,,irs_990pf
ORBIE FOR ORPHANS,SKYLAND,NC,,,,,irs_990pf
OUR DAILY BREAD MINISTRIES,SAVANNAH,TN,,,,,irs_990pf
OUR FATHERS TABLE II INC,VERO BEACH,FL,,,,,irs_990pf
PACIFIC AVIATION MUSEUM PEARL HARBOR,HONOLULU,HI,,,,,irs_990pf
PALM BEACH ATLANTIC UNIVERSITY INC,WEST PALM BEACH,FL,,,,,irs_990pf
PARENTS TELEVISION COUNCIL INC,LOS ANGELES,CA,,,,,irs_990pf
PEARL HARBOR AVIATION MUSEUM,HONOLULU,HI,,,,,irs_990pf
PHI DELTA THETA FOUNDATION,OXFORD,OH,,,,,irs_990pf
PRAY IN JESUS NAME MINISTRIES,COLORADO SPRINGS,CO,,,,,irs_990pf
PRISON FELLOWSHIP INTERNATIONAL,WASHINGTON,DC,,,,,irs_990pf
PROJECT VERITAS,MAMARONECK,NY,,,,,irs_990pf
PUBLIC BROADCASTING NETWORK,ARLINGTON,VA,,,,,irs_990pf
QUAIL VALLEY CHARITIES INC,VERO BEACH,FL,,,,,irs_990pf
REACH ORLANDO CHAPEL,WINTER PARK,FL,,,,,irs_990pf
REFORMED THEOLOGICAL SEMINARY,JACKSON,MS,,,,,irs_990pf
RISK TAKERS FOR CHRIST INC,VERO BEACH,FL,,,,,irs_990pf
RIVERLINK INC,ASHEVILLE,NC,,,,,irs_990pf
RIVERSIDE THEATRE,VERO BEACH,FL,,,,,irs_990pf
ROCKLAND HOMES FOR HEROES,PEARL RIVER,NY,,,,,irs_990pf
RUTHERFORD INSTITUTE,CHARLOTTESVILLE,VA,,,,,irs_990pf
SAFE ATTIC,BREVARD,NC,,,,,irs_990pf
SAINT EDWARD S SCHOOL,VERO BEACH,FL,,,,,irs_990pf
SALVATION ARMY OF TRANSYLVANIA,BREVARD,NC,,,,,irs_990pf
SAMARITANS PURSE,BOONE,NC,,,,,irs_990pf
SCHOLARSHIP FOUNDATION OF INDIAN RIVER,VERO BEACH,FL,,,,,irs_990pf
SEMINOLE BOOSTERS INC,TALLAHASSEE,FL,,,,,irs_990pf
SENIOR RESOURCE ASSOCIATION INC,VERO BEACH,FL,,,,,irs_990pf
SHILOH YOUTH RANCH INC,SEBASTIAN,FL,,,,,irs_990pf
SMITHSONIAN,WASHINGTON,DC,,,,,irs_990pf
STATE POLICY NETWORK,ARLINGTON,VA,,,,,irs_990pf
SUNUP ARC INC,VERO BEACH,FL,,,,,irs_990pf
TAMASSEE DAR SCHOOL,TAMASSEE,SC,,,,,irs_990pf
TAX FOUNDATION,WASHINGTON,DC,,,,,irs_990pf
THE COMMUNITY FDN OF WNC,ASHEVILLE,NC,,,,,irs_990pf
THE LORD S ACRE INC,FAIRVIEW,NC,,,,,irs_990pf
THE NAVIGATORS,COLORADO SPRINGS,CO,,,,,irs_990pf
THE PISGAH CONSERVANCY,PISGAH FOREST,NC,,,,,irs_990pf
THE SOURCE,VERO BEACH,FL,,,,,irs_990pf
THOMAS ROAD BAPTIST CHURCH,LYNCHBURG,VA,,,,,irs_990pf
THORNWELL HOME FOR CHILDREN,CLINTON,SC,,,,,irs_990pf
TRANS WORLD RADIO,CARY,NC,,,,,irs_990pf
TRANSYLVANIA CHRISTIAN MINISTRY INC,BREVARD,NC,,,,,irs_990pf
TRANSYLVANIA COUNTY SHERIFF,RALEIGH,NC,,,,,irs_990pf
TRANSYLVANIA HERITAGE MUSEUM,BREVARD,NC,,,,,irs_990pf
TUNNEL TO TOWERS FOUNDATION,STATEN ISLAND,NY,,,,,irs_990pf
TURNING POINT USA,LEMONT,IL,,,,,irs_990pf
UDT-SEAL MUSEUM ASSOCIATION INC,FORT PIERCE,FL,,,,,irs_990pf
UNITED AGAINST POVERTY INC,VERO BEACH,FL,,,,,irs_990pf
UNITED WAY OF INDIAN RIVER COUNTY,VERO BEACH,FL,,,,,irs_990pf
UNITED WAY OF TRANSYLVANIA COUNTY,BREVARD,NC,,,,,irs_990pf
UNIVERSITY OF RICHMOND,UNIVERSITY OF RICHMOND,VA,,,,,irs_990pf
US JUSTICE FOUNDATION,RAMONA,CA,,,,,irs_990pf
VERO BEACH MUSEUM OF ART INC,VERO BEACH,FL,,,,,irs_990pf
VETERANS COUNCIL OF IRC,VERO BEACH,FL,,,,,irs_990pf
VETERANS HISTORY MUSEUM OF THE CAROLINAS,BREVARD,NC,,,,,irs_990pf
VNA HOSPICE OF INDIAN RIVER COUNTY INC,VERO BEACH,FL,,,,,irs_990pf
WILDERNESS TRAIL INC,WAYNESVILLE,NC,,,,,irs_990pf
WNC MILITARY HISTORY MUSEUM,BREVARD,NC,,,,,irs_990pf
WOMEN S REFUGE OF VERO BEACH,VERO BEACH,FL,,,,,irs_990pf
WORLD WAR II VETS COMM,WASHINGTON,DC,,,,,irs_990pf
YOUNG AMERICA S FOUNDATION,HERNDON,VA,,,,,irs_990pf
YOUNG LIFE,COLORADO SPRINGS,CO,,,,,irs_990pf
YOUTH SAILING FOUNDATION OF IRC,VERO BEACH,FL,,,,,irs_990pf
SEE ATTACHED,JACKSONVILLE BEACH,FL,,,,,irs_990pf
KASEY HINKEBEIN,SILEX,MO,,,,,irs_990pf
KENDALL TARANTINO,HAWK POINT,MO,,,,,irs_990pf
MICHELE NORTON,TROY,MO,,,,,irs_990pf
AKRON-CANTON REGIONAL FOODBANK,AKRON,OH,,,,,irs_990pf
AMERICAN LEGION AUXILIARY UNIT,ADENA,OH,,,,,irs_990pf
AMERICAN RESCUE WORKERS INC,WILLIAMSPORT,PA,,,,,irs_990pf
ANIMAL FRIENDS,PITTSBURGH,PA,,,,,irs_990pf
JARED BOX PROJECT,PORT MATILDA,PA,,,,,irs_990pf
LIFE CHOICE INC,CLARKSBURG,WV,,,,,irs_990pf
MARINE TOYS FOR TOTS FOUNDATION,TRIANGLE,VA,,,,,irs_990pf
NORTH MUSEUM CORPORATION,LANCASTER,PA,,,,,irs_990pf
VALLEY YOUTH HOUSE COMMITTEE INC,BETHLEHEM,PA,,,,,irs_990pf
WISH FOR WHEELS,GREENWOOD VLG,CO,,,,,irs_990pf
ALBANY FIREFIGHTERS MUSEUM,ALBANY,NY,,,,,irs_990pf
ALL SAINTS CATHOLIC ACADEMY,ALBANY,NY,,,,,irs_990pf
AMERICAN LEGION AUXILIARY UNIT 267,ORMOND BEACH,FL,,,,,irs_990pf
ATHELAS THERAPEUTIC RIDING,OTEGO,NY,,,,,irs_990pf
BUTLER FAMILY FOUNDATION,BOSTON,MA,,,,,irs_990pf
CANINE PARTNERS FOR LIFE,COCHRANVILLE,PA,,,,,irs_990pf
COMPANIONS FOR HEROES,SAINT SIMONS ISLAND,GA,,,,,irs_990pf
HORSES HELPING HORSES,SMITHFIELD,VA,,,,,irs_990pf
JACK JILL LAST STAGE CANCER FOUNDATION,ATLANTA,GA,,,,,irs_990pf
JORDAN THOMAS FOUNDATION,ANTIOCH,TN,,,,,irs_990pf
KAI FOUNDATION INC,HOBOKEN,NJ,,,,,irs_990pf
LIVING RESOURCES FOUNDATION,ALBANY,NY,,,,,irs_990pf
MADDIE S MARK FOUNDATION INC,GUILDERLAND,NY,,,,,irs_990pf
OKIZU CAMP,NOVATO,CA,,,,,irs_990pf
PEACEFUL ACRES,PATTERSONVILLE,NY,,,,,irs_990pf
PEGASUS THERAPEUTIC RIDING,BREWSTER,NY,,,,,irs_990pf
REMOTE AREA MEDICAL FOUNDATION,ROCKFORD,TN,,,,,irs_990pf
RENSSELAER COUNTY SEARCH RESCUE INC,EAST GREENBUSH,NY,,,,,irs_990pf
RONALD MCDONALD HOUSE,ALBANY,NY,,,,,irs_990pf
RPM FOUNDATION,TACOMA,WA,,,,,irs_990pf
THE NANCY CLEMENTE BEAT CANCER FOUNDATION - NORTHEAST HEALTH FOUNDATION I,ALBANY,NY,,,,,irs_990pf
USEQUESTRIAN TEAM FOUNDATION INC,GLADSTONE,NJ,,,,,irs_990pf
WOODLAND CEMETARY ASSOCIATION,DELHI,NY,,,,,irs_990pf
WREATHS ACROSS AMERICA,COLUMBIA FALLS,ME,,,,,irs_990pf
CHILDREN FAMILIES OF IA,DES MOINES,IA,,,,,irs_990pf
GRAND TRAVERSE CONSERVATION DISTRICT,TRAVERSE CITY,MI,,,,,irs_990pf
INLAND SEAS EDUC ASSOCIATON,SUTTONS BAY,MI,,,,,irs_990pf
LEELANAU CONSERVANCY,LELAND,MI,,,,,irs_990pf
NORTH IOWA AREA COMMUNITY COLLEGE FOUNDATION,MASON CITY,IA,,,,,irs_990pf
PENINSULA COMMUNITY LIBRARY,TRAVERSE CITY,MI,,,,,irs_990pf
SALVATION ARMY,TRAVERSE CITY,MI,,,,,irs_990pf
THE WATERSHED CENTER,TRAVERSE CITY,MI,,,,,irs_990pf
TRAVERSE SYMPHONY ORCHESTRA,TRAVERSE CITY,MI,,,,,irs_990pf
UNIVERSITY OF IOWA - STEAD FOUNDATION,IOWA CITY,IA,,,,,irs_990pf
WOUNDED WARRIOR PROJECT,TOPEKA,KS,,,,,irs_990pf
CLOVIS UNIFIED SCHOOL DISTRICT,Clovis,CA,,,,,irs_990pf
MARINERS CHURCH,IRVINE,CA,,,,,irs_990pf
PROSPECT GIVING LIGHT,NEWPORT BEACH,CA,,,,,irs_990pf
FAITH CHAPEL MINISTRIES,BILLINGS,MT,,,,,irs_990pf
OAKDALE SCHOOL FOUNDATION,EDMOND,OK,,,,,irs_990pf
ST LUKES METHODIST CHURCH,OKLAHOMA CITY,OK,,,,,irs_990pf
FRIENDS OF THE MANSION,OKLAHOMA CITY,OK,,,,,irs_990pf
BRIDGET EDDLEM,TAUNTON,MA,,,,,irs_990pf
ALORA LOVELY,TAUNTON,MA,,,,,irs_990pf
HOUSOTN SPCA,HOUSTON,TX,,,,,irs_990pf
THE HOUSTON METHODIST HOSPITAL,HOUSTON,TX,,,,,irs_990pf
SEARCH HOMELESS SERVICES,HOUSTON,TX,,,,,irs_990pf
HEADKNOWLES FOUNDATION,HOUSTON,TX,,,,,irs_990pf
THE LYFORD CAY CLUB CHARITABLE TRUST INC,COCONUT CREEK,FL,,,,,irs_990pf
HOLLY HALL RETIREMENT COMMUNITY,HOUSTON,TX,,,,,irs_990pf
NEXT OP,HOUSTON,TX,,,,,irs_990pf
FRIENDS OF LAKE MCQUEENEY,MCQUEENEY,TX,,,,,irs_990pf
WOMEN FOR THE ARTS,TEXARKANA,TX,,,,,irs_990pf
MISCELLANEOUS DONATIONS,HOUSTON,TX,,,,,irs_990pf
BAYOU BEND COLLECTION AND GARDENS,HOUSTON,TX,,,,,irs_990pf
CYSTIC FIBROSIS FOUNDATION,HOUSTON,TX,,,,,irs_990pf
NICK FINNEGAN COUNSELING CENTERS,HOUSTON,TX,,,,,irs_990pf
ST MICHAEL S CHURCH,HOUSTON,TX,,,,,irs_990pf
THE KINKAID SCHOOL,HOUSTON,TX,,,,,irs_990pf
THE MUSEUM OF FINE ARTS,HOUSTON,TX,,,,,irs_990pf
THE RIENZI SOCIETY,HOUSTON,TX,,,,,irs_990pf
THE UNIVERSITY OF TEXAS DEVELOPMENT OFFICE,AUSTIN,TX,,,,,irs_990pf
BBB WISE GIVING ALLIANCE,ARLINGTON,VA,,,,,irs_990pf
CHARITY WATCH,CHICAGO,IL,,,,,irs_990pf
ENVIRONMENTAL DEFENSE FUND,WASHINGTON,DC,,,,,irs_990pf
INTERNATIONAL PLANNED PARENTHOOD,NEW YORK,NY,,,,,irs_990pf
INVESTIGATIVE REPORTING WORKSHOP,WASHINGTON,DC,,,,,irs_990pf
NATURE CONSERVANCY,ARLINGTON,VA,,,,,irs_990pf
OXFAM,BOSTON,MA,,,,,irs_990pf
PAN-MASS CHALLENGE JIMMY FUND,NEEDHAM,MA,,,,,irs_990pf
RESPONSIVE LAW,WASHINGTON,DC,,,,,irs_990pf
CARY MEMORIAL LIBRARY,LEXINGTON,MA,,,,,irs_990pf
KERA,BOULDER,CO,,,,,irs_990pf
DAVID DONNELLY,PRINCETON,NJ,,,,,irs_990pf
TYLER CREIGHTON,BOSTON,MA,,,,,irs_990pf
WARFIGHTER OUTFITTERS,SISTERS,OR,,,,,irs_990pf
TUCKER MAXON SCHOOL,PORTLAND,OR,,,,,irs_990pf
ALZHEIMER S ASSOCIATION,PORTLAND,OR,,,,,irs_990pf
BOYS AND GIRLS AID SOCIETY,PORTLAND,OR,,,,,irs_990pf
BROADWAY ROSE THEATRE CO,TIGARD,OR,,,,,irs_990pf
CAMPUS CRUSADE FOR CHRIST,ORLANDO,FL,,,,,irs_990pf
FRIENDLY HOUSE,PORTLAND,OR,,,,,irs_990pf
GOODWILL INDUSTRIES,PORTLAND,OR,,,,,irs_990pf
GRESHAM BARLOW EDUCATION FOUNDATION,GRESHAM,OR,,,,,irs_990pf
HAVEN UNIVERSE,ROCKVILLE,MD,,,,,irs_990pf
MEALS ON WHEELS,PORTLAND,OR,,,,,irs_990pf
MERIDIAN PARK MEDICAL FOUNDATION,PORTLAND,OR,,,,,irs_990pf
PORTLAND ROSE FESTIVAL ASSOCIATION,PORTLAND,OR,,,,,irs_990pf
PORTLAND YOUTHBUILDERS,PORTLAND,OR,,,,,irs_990pf
SALVATION ARMY,HAPPY VALLEY,OR,,,,,irs_990pf
ST ANDREW S EPISCOPAL SCHOOL,SARATOGA,CA,,,,,irs_990pf
CANDLELIGHTERS,PORTLAND,OR,,,,,irs_990pf
TRANSITIONAL YOUTH,BEAVERTON,OR,,,,,irs_990pf
CAMP ST ANDREWS,SARATOGA,CA,,,,,irs_990pf
HOPE A DEMENTIA SUPPORT GROUP,VANCOUVER,WA,,,,,irs_990pf
ST MARY S SCHOOL AT THE NATIVITY OF THE BLESSED VIRGIN MARY PARISH,MARATHON,WI,,,,,irs_990pf
SPIRIT GOLF ASSOCIATION,The Woodlands,TX,,,,,irs_990pf
SOUTH CAROLINA CHARITIES INC,Greenville,SC,,,,,irs_990pf
PEAK SWIM TEAM,Pearland,TX,,,,,irs_990pf
MONTERREY PENNISULA FOUNDATION,Monterey,CA,,,,,irs_990pf
RICE UNIVERSITY,Houston,TX,,,,,irs_990pf
CHILD ADVOCATES OF FORT BEND COUNTY,Rosenberg,TX,,,,,irs_990pf
THE EXCHANGE CLUB OF SUGAR LAND,Stafford,TX,,,,,irs_990pf
LICPOA,NORTHPORT,NY,,,,,irs_990pf
NORTHWELL HEALTH,NEW HYDE PARK,NY,,,,,irs_990pf
NORTHPORT HISTORICAL SOCIETY,NORTHPORT,NY,,,,,irs_990pf
HUNTINGTON LIGHHOUSE PRESERVATION SOCIETY,KEW GARDENS,NY,,,,,irs_990pf
DOCTORS WITHOUT BOARDERS,HAGERSTOWN,MD,,,,,irs_990pf
SHRINERS HOSPITAL FOR CHILDREN,TAMPA,FL,,,,,irs_990pf
AMERICARES,STAMFORD,CT,,,,,irs_990pf
AMERICAN SOCIETY FOR YAD VASHEN,NEW YORK,NY,,,,,irs_990pf
LOYOLA HIGH SCHOOL BLAKEFIELD,TOWSON,MD,,,,,irs_990pf
NICKLAUS CHILDREN S HEALTH CARE FOUNDATION,NORTH PALM BEACH,FL,,,,,irs_990pf
QUOGUE LIBRARY,QUOGUE,NY,,,,,irs_990pf
REAL LIFE CHILDREN S RANCH,OKEECHOBEE,FL,,,,,irs_990pf
SOCIETY OF THE FOUR ARTS,PALM BEACH,FL,,,,,irs_990pf
SOUTH FLORIDA PBS INC,MIAMI,FL,,,,,irs_990pf
THE BOYS CLUB NY,NEW YORK,NY,,,,,irs_990pf
THE MICHELLE MCGANN FUND INC,NORTH PALM BEACH,FL,,,,,irs_990pf
THE CHURCH OF JESUS CHRIST,Salt Lake City,UT,,,,,irs_990pf
JOHN HOPKINS CHILDREN S CENTER,Baltimore,MD,,,,,irs_990pf
AMERICAN DIABETES ASSOCIATION,Alexandria,VA,,,,,irs_990pf
CHARLES E SMITH LIFE COMMUNITIES,Rockville,MD,,,,,irs_990pf
SPECIAL OLYMPICS MARYLAND,Baltimore,MD,,,,,irs_990pf
RON BROWN SCOLAR FUND,Charlottesville,VA,,,,,irs_990pf
GREY STONE CHURCH,Durham,NC,,,,,irs_990pf
SIXTH I SYNAGOGUE,Washington,DC,,,,,irs_990pf
THE TREVOR PROJECT,West Hollywood,CA,,,,,irs_990pf
OTHER GRANTS 1000 EACH,Bethesda,MD,,,,,irs_990pf
A WAY OUT,ASPEN,CO,,,,,irs_990pf
ASHBY HOUSE LTD,SALINA,KS,,,,,irs_990pf
CHILD ADVOCACY PARENTING SERVICES INC,SALINA,KS,,,,,irs_990pf
CHRIST CATHEDRAL EPISCOPAL CHURCH,SALINA,KS,,,,,irs_990pf
FRIENDS OF THE SMOKY HILL MUSEUM,SALINA,KS,,,,,irs_990pf
GREATER SALINA COMMUNITY FOUNDATION,SALINA,KS,,,,,irs_990pf
KANSAS STATE UNIVERSITY FOUNDATION,MANHATTAN,KS,,,,,irs_990pf
KANSAS UNIVERSITY ENDOWMENT,LAWRENCE,KS,,,,,irs_990pf
KANSAS WESLEYAN UNIVERSITY,SALINA,KS,,,,,irs_990pf
LEGACY OF THE LAKES MUSEUM MINNESOTA LAKES MARITIME MUSEUM,ALEXANDRIA,MN,,,,,irs_990pf
ROLLING HILLS ZOO,SALINA,KS,,,,,irs_990pf
RUNESTONE MUSEUM FOUNDATION,ALEXANDRIA,MN,,,,,irs_990pf
SALINA AREA UNITED WAY,SALINA,KS,,,,,irs_990pf
SALINA ART CENTER,SALINA,KS,,,,,irs_990pf
SALINA COMMUNITY THEATRE,SALINA,KS,,,,,irs_990pf
SALINA EDUCATION FOUNDATION,SALINA,KS,,,,,irs_990pf
SALINA HABITAT FOR HUMANITY INC,SALINA,KS,,,,,irs_990pf
SALINA REGIONAL HEALTH FOUNDATION,SALINA,KS,,,,,irs_990pf
SALINA SYMPHONY,SALINA,KS,,,,,irs_990pf
SALINE COUNTY DEPARTMENT OF SENIOR SERVICES,SALINA,KS,,,,,irs_990pf
STIEFEL THEATER FOR PERFORMING ARTS,SALINA,KS,,,,,irs_990pf
SUNFLOWER ADULT DAY SERVICES,SALINA,KS,,,,,irs_990pf
THE SAINT FRANCIS FOUNDATION,SALINA,KS,,,,,irs_990pf
UNITED WAY OF DOUGLAS POPE COUNTIES,ALEXANDRIA,MN,,,,,irs_990pf
A ASLAM,Milton,GA,,,,,irs_990pf
COMPASSION INTERNATIONAL INCORPORATED,COLORADO SPRINGS,CO,,,,,irs_990pf
D OVERSTREET,Oxford,GA,,,,,irs_990pf
D TULLOH,Ronceverte,WV,,,,,irs_990pf
M SNYDER,ELGIN,IL,,,,,irs_990pf
G MCLEOD,Arab,AL,,,,,irs_990pf
GROVEPORT APOSTOLIC CHURCH,GROVEPORT,OH,,,,,irs_990pf
J COX,Los Angeles,CA,,,,,irs_990pf
M WHITE,KENNESAW,GA,,,,,irs_990pf
M CAMPBELL,Auburn,GA,,,,,irs_990pf
M MONROE,New Castle,DE,,,,,irs_990pf
S MOSS,ROCHESTER,MN,,,,,irs_990pf
MINISTRY NOW CONCEPTS INC,KENNESAW,GA,,,,,irs_990pf
M LAKS,GLASSBORO,NJ,,,,,irs_990pf
X ROWLAND,GLASSBORO,NJ,,,,,irs_990pf
S DENIZARD,Atlanta,GA,,,,,irs_990pf
S LAMAR,Phoenix,AZ,,,,,irs_990pf
S PELLETIER,Goldendale,WA,,,,,irs_990pf
G CHARLES,TOCCOA FALLS,GA,,,,,irs_990pf
S DANNENBRINK,TUCSON,AZ,,,,,irs_990pf
M SNYDER,DAYTON,OH,,,,,irs_990pf
P SNYDER,KNOXVILLE,TN,,,,,irs_990pf
J FLORES,ARLINGTON,TX,,,,,irs_990pf
K EATON,CARROLLTON,GA,,,,,irs_990pf
W SHARP,Ballground,CA,,,,,irs_990pf
BETHEL BAPTIST CHURCH,STATESBORO,GA,,,,,irs_990pf
BOYS AND GIRLS CLUB,STATESBORO,GA,,,,,irs_990pf
BULLOCH ACADEMY,STATESBORO,GA,,,,,irs_990pf
BULLOCH COUNTY SHERIFF S FOUNDATION,STATESBORO,GA,,,,,irs_990pf
CAMP TWIN LAKES,RUTLEDGE,GA,,,,,irs_990pf
CHILDREN S HEALTHCARE OF ATLANTA,ATLANTA,GA,,,,,irs_990pf
CHOICES OF THE HEART,STATESBORO,GA,,,,,irs_990pf
CONNECTIONS CHURCH,STATESBORO,GA,,,,,irs_990pf
EMORY - WINSHIP CANCER INSTITUTE,ATLANTA,GA,,,,,irs_990pf
FELLOWSHIP OF CHRISTIAN ATHLETES,STATESBORO,GA,,,,,irs_990pf
FOSTERING BULLOCH,STATESBORO,GA,,,,,irs_990pf
GSU BOTANICAL GARDENS,STATESBORO,GA,,,,,irs_990pf
GSU WESLEY FOUNDATION,STATESBORO,GA,,,,,irs_990pf
HEARTS AND HANDS,STATESBORO,GA,,,,,irs_990pf
JACOBS LADDER,SEGOLA,TX,,,,,irs_990pf
K9S FOR HEROS,ORANGE PARK,FL,,,,,irs_990pf
KT TEAM,STATESBORO,GA,,,,,irs_990pf
LBW FOUNDATION,STATESBORO,GA,,,,,irs_990pf
LUKE PROJECT 11,STATESBORO,GA,,,,,irs_990pf
MAKE A WISH,PHOENIX,AZ,,,,,irs_990pf
NAVY SEAL FOUNDATION,VIRGINIA BEACH,VA,,,,,irs_990pf
NEW BEGINNINGS IN CHRIST,STATESBORO,GA,,,,,irs_990pf
OGEECHEE AREA HOSPICE,STATESBORO,GA,,,,,irs_990pf
OGEECHEE TECHNICAL COLLEGE,STATESBORO,GA,,,,,irs_990pf
OPEN HEARTS COMMUNITY MISSION,STATESBORO,GA,,,,,irs_990pf
RMHC OF THE COASTAL EMPIRE,SAVANNAH,GA,,,,,irs_990pf
SHEPARD CENTER,ATLANTA,GA,,,,,irs_990pf
STATESBORO FUMC,STATESBORO,GA,,,,,irs_990pf
THE CTR FOR WILDLIFE EDUCATION,STATESBORO,GA,,,,,irs_990pf
THE MICHAEL J FOX FOUNDATION,HAGERSTOWN,MD,,,,,irs_990pf
THE RALLY FOUNDATION,SANDY SPRINGS,GA,,,,,irs_990pf
THE SCHENCK SCHOOL,ATLANTA,GA,,,,,irs_990pf
THE TEAL HOUSE SEXUAL ASSAULT CTR,STATESBORO,GA,,,,,irs_990pf
THRIVE CHURCH,STATESBORO,GA,,,,,irs_990pf
TRAVIS MILES FOUNDATION,HALLOWELL,ME,,,,,irs_990pf
UNITED METHODIST COR,NASHVILLE,TN,,,,,irs_990pf
WOODWARD ACADEMY,COLLEGE PARK,GA,,,,,irs_990pf
YOUNG LIFE,STATESBORO,GA,,,,,irs_990pf
BALL STATE,Muncie,IN,,,,,irs_990pf
EDGEWOOD INTERMEDIATE,Ellettsville,IN,,,,,irs_990pf
EDGEWOOD WRESTLING,Ellettsville,IN,,,,,irs_990pf
INDIANA STATE UNIVERSITY,Terre Haute,IN,,,,,irs_990pf
BOYS GIRLS CLUB OF ELLETTSVILLE,Ellettsville,IN,,,,,irs_990pf
BELL INTERMEDIATE,Martinsville,IN,,,,,irs_990pf
LIL ARTIES,Martinsville,IN,,,,,irs_990pf
CHARLESTON JAZZ,CHARLESTOWN,SC,,,,,irs_990pf
PALMETTO PROJECT,N CHARLESTON,SC,,,,,irs_990pf
SC ENVIRONMENTAL LAW PROJECT SCELP,GEORGETOWN,SC,,,,,irs_990pf
THE JED FOUNDATION,NEW YORK,NY,,,,,irs_990pf
TAC,CHARLESTON,SC,,,,,irs_990pf
KIAWAH CONERVANCY,KIAWAH ISLAND,SC,,,,,irs_990pf
KIAWAH WOMEN S FOUNDATION,KIAWAH ISLAND,SC,,,,,irs_990pf
COLLEGE OF CHARLESTON FOUNDATION HALSEY INSTITUTE,CHARLESTON,SC,,,,,irs_990pf
SOUTH CAROLINA AQUARIUM,CHARLESTON,SC,,,,,irs_990pf
SALVATION ARMY,WEST NYACK,NY,,,,,irs_990pf
UNIVERSITY OF MICHIGAN,ANN ARBOR,MI,,,,,irs_990pf
FOUNDATION DELTA DELTA DELTA,DALLAS,TX,,,,,irs_990pf
ELEVEN SCHOLARSHIP RECIPIENTS,PITTSBURGH,PA,,,,,irs_990pf
721 MINISTRIES,GREENVILLE,SC,,,,,irs_990pf
CANCER SUPPORT COMMUNITY ATLANTA,ATLANTA,GA,,,,,irs_990pf
CHILDREN OF PROMISE,PRINSBURG,MN,,,,,irs_990pf
DEE NORTON CHILD ADVOCACY CENTER,CHARLESTON,SC,,,,,irs_990pf
EAST COOPER COMMUNITY OUTREACH,MT PLEASANT,SC,,,,,irs_990pf
FAITH MEMORIAL CHAPEL,CEDAR MTN,NC,,,,,irs_990pf
GATEWAY HOUSE,GREENVILLE,SC,,,,,irs_990pf
GHS - KELLETT SCHOLARSHIP ENDOWMENT,GREENVILLE,SC,,,,,irs_990pf
HALOS,N CHARLESTON,SC,,,,,irs_990pf
HANDS ON ATLANTA,ATLANTA,GA,,,,,irs_990pf
HUGHES ACADEMY,GREENVILLE,SC,,,,,irs_990pf
PLEASANT VALLEY CONNECTION,GREENVILLE,SC,,,,,irs_990pf
SAFE HARABOR,GREENVILLE,SC,,,,,irs_990pf
SAFE HAVEN FAMILY SHELTER,NASHVILLE,TN,,,,,irs_990pf
SALAMA URBAN MINISTRIES,NASHVILLE,TN,,,,,irs_990pf
SHARE,GREENVILLE,SC,,,,,irs_990pf
TRANSYLVANIA HABITAT FOR HUMANITY,BREVARD,NC,,,,,irs_990pf
WATER MISSIONS INTERNATIONAL,N CHARLESTON,SC,,,,,irs_990pf
USC UPSTATE SCHOLARSHIP,SPARTANBURG,SC,,,,,irs_990pf
CLEMSON UNIVERSITY SCHOLARSHIP,CLEMSON,SC,,,,,irs_990pf
FIRST PRESBYTERIAN CHURCH,GREENVILLE,SC,,,,,irs_990pf
SARA COLLINS ELEMENTARY,GREENVILLE,SC,,,,,irs_990pf
CRU,ORLANDO,FL,,,,,irs_990pf
FOUNDATION FOR REFORMED THEOLOGY,RICHMOND,VA,,,,,irs_990pf
LANDRUM UNITED METHODIST CHURCH,LANDRUM,SC,,,,,irs_990pf
TRIUNE MERCY CENTER,GREENVILLE,SC,,,,,irs_990pf
GRACE CHURCH,GREENVILLE,SC,,,,,irs_990pf
CLEMENT S KINDNESS,GREENVILLE,SC,,,,,irs_990pf
CARE AND SHARE,COLORADO SPRINGS,CO,,,,,irs_990pf
CROSSFIRE MINISTRIES INC,COLORADO SPRINGS,CO,,,,,irs_990pf
LOS POBRES INC,AVONDALE,CO,,,,,irs_990pf
PIKES PEAK HOSPICE PALL,COLORADO SPRINGS,CO,,,,,irs_990pf
SOUTHERN COLORADO YOUTH F,COLORADO SPRINGS,CO,,,,,irs_990pf
THE EMPTY STOCKING FUND,COLORADO SPRINGS,CO,,,,,irs_990pf
CHILDREN S CHARITIES FOUNDATION,WASHINGTON,DC,,,,,irs_990pf
GEORGE HW BUSH LIBRARY FDN,COLLEGE STATEION,TX,,,,,irs_990pf
COVENANT HOUSE,WASHINGTON,DC,,,,,irs_990pf
SALVATION ARMY,WASHINGTON,DC,,,,,irs_990pf
CIVITAN,BIRMINGHAM,AL,,,,,irs_990pf
URSULA LANDSRATH ANIMAL RESCUE,LEESBURG,VA,,,,,irs_990pf
AUXILIARY OF THE WOMAN S BOARD OF RUMC,CHICAGO,IL,,,,,irs_990pf
CFA EDUCATION FOUNDATION INC,NEW YORK,NY,,,,,irs_990pf
CHICAGO CREATIVE REUSE EXCHANGE,CHICAGO,IL,,,,,irs_990pf
CHICAGO VETERANS,CHICAGO,IL,,,,,irs_990pf
DUCKS UNLIMITED INC,MEMPHIS,TN,,,,,irs_990pf
ILLINOIS LEGAL AID ONLINE,CHICAGO,IL,,,,,irs_990pf
ISRAEL CANCER RESEARCH FUND,NORTHFIELD,IL,,,,,irs_990pf
JDRF,CHICAGO,IL,,,,,irs_990pf
LEBANON BAPTIST CHURCH,CHICAGO,IL,,,,,irs_990pf
METROPOLITAN FAMILY SERVICES,CHICAGO,IL,,,,,irs_990pf
SHRIVER CENTER,CHICAGO,IL,,,,,irs_990pf
SSM HEALTH CARDINAL GLENNON CHILDREN S FOUNDATION,CHICAGO,IL,,,,,irs_990pf
THE CHICAGO BAR FOUNDATION,CHICAGO,IL,,,,,irs_990pf
THE INNER VOICE,CHICAGO,IL,,,,,irs_990pf
THE LUCILE PACKARD FOUNDATION FOR CHILDREN S HEALTH,PALO ALTO,CA,,,,,irs_990pf
WORLD BUSINESS CHICAGO,CHICAGO,IL,,,,,irs_990pf
SOAR FOUNDATION,Union City,CA,,,,,irs_990pf
VENTANA WILDLIFE SOCIETY,Monterey,CA,,,,,irs_990pf
MD ANDERSON CANCER CENTER,Houston,TX,,,,,irs_990pf
SHELTER MINISTRIES OF DALLAS,Dallas,TX,,,,,irs_990pf
CAMP MAK- A-DREAM,MISSOULA,MT,,,,,irs_990pf
MY POSSIBILITIES,PLANO,TX,,,,,irs_990pf
RICK ALTIZER MINISTRIES,KANEOHE,HI,,,,,irs_990pf
INSPIRE INTERNATIONAL MINISTRIES,TULSA,OK,,,,,irs_990pf
AGAPE SERVICE FOUNDATION,RUSSELLVILLE,KY,,,,,irs_990pf
CONCERNED CITIZENS OF LOGAN COUNTY,RUSSELLVILLE,KY,,,,,irs_990pf
AGLOW INTERNATIONAL,EDMPNDS,WA,,,,,irs_990pf
CAPSTONE MINISTRIES INTERNALTIONAL,TULSA,OK,,,,,irs_990pf
COVENANT LIFE CHURCH,SUWANEE,GA,,,,,irs_990pf
FEED A CHILD,RED OAK,TX,,,,,irs_990pf
GALILEAN CHILDRENS HOPE,LIBERTY,KY,,,,,irs_990pf
GOOD SAMARITIAN OUTREACH,RUSSELLVILLE,KY,,,,,irs_990pf
IOM CHARLES SIMPSON MINISTRIES,MOBILE,AL,,,,,irs_990pf
JESUS COMMUNITY CENTER,RUSSELLVILLE,KY,,,,,irs_990pf
LOGAN COUNTY GOOD SAMARITAN,RUSSELLVILLE,KY,,,,,irs_990pf
NASHVILLE RESCUE MISSION,NASHVILLE,TN,,,,,irs_990pf
LIVING WORD MISSIONS,WILMINGTON,MA,,,,,irs_990pf
MISSION GENERATION,NORMAN,OK,,,,,irs_990pf
NEUROHOPE REHABILITATION REDEFINED,INDIANAPOLIS,IN,,,,,irs_990pf
RISING SON CHURCH,PRESTONSBURG,KY,,,,,irs_990pf
WORLD CHALLENGE INC,LINDALE,TX,,,,,irs_990pf
YOUTHVISION INTERNATIONAL INC,CATOOSA,OK,,,,,irs_990pf
CITY LORE,New York,NY,,,,,irs_990pf
POTAWATOMI ZOOLOIGAL SOCIETY,SOUTH BEND,IN,,,,,irs_990pf
FEED THE HUNGRY,SOUTH BEND,IN,,,,,irs_990pf
GULL LAKE MINISTRIES,HICKORY CORNERS,MI,,,,,irs_990pf
CHILDHELP,Phoenix,AZ,,,,,irs_990pf
DON AND SANDY PYLE CHARITY FOUNDATI,Stevensville,MD,,,,,irs_990pf
ABRAMSON SENIOR CARE,NORTH WALES,PA,,,,,irs_990pf
ALLIANCE FOR DECISION EDUCATION,BALA CYNWYD,PA,,,,,irs_990pf
AMERICAN FRIENDS OF KUPAT HA IR,BROOKLYN,NY,,,,,irs_990pf
AMERICAN JEWISH COMMITTEE,NEW YORK,NY,,,,,irs_990pf
BIRTHRIGHT ISRAEL FOUNDATION,NEW YORK,NY,,,,,irs_990pf
CHILDREN S CRISIS TREATMENT CENTER,PHILADELPHIA,PA,,,,,irs_990pf
CHILDREN S HOSPITAL OF PHILADELPHIA FOUNDATION,PHILADELPHIA,PA,,,,,irs_990pf
CONGREGATION BETH SOLOMON,PHILADELPHIA,PA,,,,,irs_990pf
EMILY S ENTOURAGE,MERION STATION,PA,,,,,irs_990pf
ENVISION EDUCATION,OAKLAND,CA,,,,,irs_990pf
FREE LIBRARY OF PHILADELPHIA,PHILADELPHIA,PA,,,,,irs_990pf
FRIENDS OF THE CYNWYD HERITAGE TRAIL,BALA CYNWYD,PA,,,,,irs_990pf
INSTITUTE FOR ADVANCED STUDY,PRINCETON,NJ,,,,,irs_990pf
INTERFAITH PHILADELPHIA,PHILADELPHIA,PA,,,,,irs_990pf
JAPAN AMERICA SOCIETY OF GREATER PHILADELPHIA,PHILADELPHIA,PA,,,,,irs_990pf
JEWISH FEDERATION OF GREATER PHILADELPHIA,PHILADELPHIA,PA,,,,,irs_990pf
JEWISH NATIONAL FUND,NEW YORK,NY,,,,,irs_990pf
JUDITH CREED HORIZONS FOR ACHIEVING INDEPENDENCE,BRYN MAWR,PA,,,,,irs_990pf
MURAL ARTS PHILADELPHIA,PHILADELPHIA,PA,,,,,irs_990pf
PHILADELPHIA SCHOOL PARTNERSHIP,PHILADELPHIA,PA,,,,,irs_990pf
PHILADELPHIA THEATRE COMPANY,PHILADELPHIA,PA,,,,,irs_990pf
PLANNED PARENTHOOD,NEW YORK,NY,,,,,irs_990pf
PROJECT HOME,PHILADELPHIA,PA,,,,,irs_990pf
THE CLAY STUDIO,PHILADELPHIA,PA,,,,,irs_990pf
THE PRINT CENTER,PHILADELPHIA,PA,,,,,irs_990pf
THE ROCK SCHOOL FOR DANCE EDUCATION,PHILADELPHIA,PA,,,,,irs_990pf
THE WISTAR INSTITUTE,PHILADELPHIA,PA,,,,,irs_990pf
THOMAS JEFFERSON UNIVERSITY HOSPITAL,PHILADELPHIA,PA,,,,,irs_990pf
WHYY,PHILADELPHIA,PA,,,,,irs_990pf
WXPN,PHILADELPHIA,PA,,,,,irs_990pf
YALE UNIVERSITY,NEW HAVEN,CT,,,,,irs_990pf
YOUNG SCHOLARS CHARTER SCHOOL,PHILADELPHIA,PA,,,,,irs_990pf
BREWSTER ACADEMY,WOLFEBORO,NH,,,,,irs_990pf
KIMBALL UNION ACADEMY,MERIDEN,NH,,,,,irs_990pf
FAY SCHOOL,SOUTHBOROUGH,MA,,,,,irs_990pf
TEACHERS DELEGATION,WEST HEMPSTEAD,NY,,,,,irs_990pf
BETHESDA HOSPITAL FOUNDATION,boynton beach,FL,,,,,irs_990pf
ROUND HILL COMMUNITY CHURCH,Greenwich,CT,,,,,irs_990pf
FACESNYU,New York,NY,,,,,irs_990pf
STAMFORD CT VETRENS PARK,STAMFORD,CT,,,,,irs_990pf
GREENWICH COUNTRY DAY SCHOOL,greenwich,CT,,,,,irs_990pf
SUDC FOUNDATION,ROSELAND,NJ,,,,,irs_990pf
SEMPER FI FUND,oceanside,CA,,,,,irs_990pf
STANFORD UNIVERSITY,Stanford,CA,,,,,irs_990pf
GREENWICH UNITED WAY,Greenwich,CT,,,,,irs_990pf
KIDS OF KATHMANDU REBUILDING SCHOOLS,Brooklyn,NY,,,,,irs_990pf
ROWLAND HALL SCHOOL ANNUAL FUND,Salt Lake City,UT,,,,,irs_990pf
EDUCATE BWINDI,Chicago,IL,,,,,irs_990pf
NAME SEE ATTACHED SCHEDULE 1,LAKE SUCCESS,NY,,,,,irs_990pf
ALLIANCE FOR YOUNG ARTIST WRITERS,NEW YORK,NY,,,,,irs_990pf
ACLU FOUNDATION,NEW YORK,NY,,,,,irs_990pf
AMERICAN PRAIRIE RESERVE,BOZEMAN,MT,,,,,irs_990pf
AT HOME ON THE SOUND,LARCHMONT,NY,,,,,irs_990pf
AMERICAN PHILATELIC SOCIETY,BELLEFONTE,PA,,,,,irs_990pf
ANN S PLACE,DANBURY,CT,,,,,irs_990pf
BIG BROTHER BIG SISTER OF METROPOLITAN CHICAGO,CHICAGO,IL,,,,,irs_990pf
COMMUNITY FOUNDATION OF DUTCHESS COUNTY,POUGHKEEPSIE,NY,,,,,irs_990pf
DANA FARBER FOUNDATION,BOSTON,MA,,,,,irs_990pf
SCHOLASTIC ARTIST WRITERS AWARDS,NEW YORK,NY,,,,,irs_990pf
FOUNDATION FOR VASSAR BROS MEDICAL CENTER,POUGHKEEPSIE,NY,,,,,irs_990pf
FROST SCIENCE MUSEUM FOUNDATION,MIAMI,FL,,,,,irs_990pf
BIG BROTHER BIG SISTER OF MAINE,CAMDEN,ME,,,,,irs_990pf
BURKE REHABILITATION HOSPITAL,WHITE PLAINS,NY,,,,,irs_990pf
HOPE FOR HEROES FOUNDATION,BILLINGS,NY,,,,,irs_990pf
JUVENILE DIABETES RESEARCH FOUNDATION,NEW YORK,NY,,,,,irs_990pf
LARCHMONT VOLUNTEER AMBULANCE CORPS,LARCHMONT,NY,,,,,irs_990pf
MUSEUM OF JEWISH HERITAGE,NEW YORK,NY,,,,,irs_990pf
NATIONAL PANCREATIC CANCER FOUNDATION,LOGMONT,CO,,,,,irs_990pf
MANHATTAN THEATER CLUB,NEW YORK,NY,,,,,irs_990pf
MAX MACCOBY MEMORIAL FOUNDATION,MOUNT VERNON,NY,,,,,irs_990pf
MULLERWORKS FOUNDATION,NEW YORK,NY,,,,,irs_990pf
NEW ROCHELLE GOODWILL,NEW ROCHELLE,NY,,,,,irs_990pf
NEW YORK BOTANICAL GARDENS,BRONX,NY,,,,,irs_990pf
PACE UNIVERSITY,NEW YORK,NY,,,,,irs_990pf
NYU LANGONE HEALTH SYSTEMS,NEW YORK,NY,,,,,irs_990pf
OMEGA INSTITUTE,RHINEBECK,NY,,,,,irs_990pf
POLICE ATHLETIC LEAGUE,NEW YORK,NY,,,,,irs_990pf
POMFRET SCHOOL,POMFRET CENTER,CT,,,,,irs_990pf
ROLFE PANCREATIC CANCER FOUNDATION,CHICAGO,IL,,,,,irs_990pf
SISTERS OF CHARITY NEW YORK,BRONX,NY,,,,,irs_990pf
TACONIC MUSIC FOUNDATION,MANCHESTER,VT,,,,,irs_990pf
THE METROPOLITAN MUSEUM OF ART,NEW YORK,NY,,,,,irs_990pf
THE WOMENS BOARD UNIVERSITY OF CHICAGO,CHICAGO,IL,,,,,irs_990pf
ABC WOMEN S CLINIC,SANDERSVILLE,GA,,,,,irs_990pf
BAPTIST COLLEGIATE MINISTRIES,ATHENS,GA,,,,,irs_990pf
RICK BONFIM MINISTRIES,WATKINSVILLE,GA,,,,,irs_990pf
BRENTWOOD SCHOOL,SANDERSVILLE,GA,,,,,irs_990pf
EMPTY STOCKING FUND,SANDERSVILLE,GA,,,,,irs_990pf
FIRST BAPTIST CHURCH,SANDERSVILLE,GA,,,,,irs_990pf
RESCUE MISSION,MACON,GA,,,,,irs_990pf
TRANSYLVANIA CLUB,SANDERSVILLE,GA,,,,,irs_990pf
WASHINGTON COUNTY CONCERT ASSN,SANDERSVILLE,GA,,,,,irs_990pf
JAMES DOBSON FAMILY TALK,COLORADO SPRINGS,CO,,,,,irs_990pf
CATCH A DREAM FOUNDATION,STARKVILLE,MS,,,,,irs_990pf
SHEPHERD CENTER,ATLANTA,GA,,,,,irs_990pf
HOSPICE CARE FOUNDATION,MISSOULA,MT,,,,,irs_990pf
SOUTHEASTERN UNIVERSITY,LAKELAND,FL,,,,,irs_990pf
SANDERSVILLE UNITED METHODIST CHURC,SANDERSVILLE,GA,,,,,irs_990pf
BADEN VOLUNTEER FIRE DEPARTMENT LADIES AUXILLARY,BRANDYWINE,MD,,,,,irs_990pf
BLACKIE WILLS COMMUNITY LEADERSHIP FUND,LAPLATA,MD,,,,,irs_990pf
BROOKFIELD UNITED METHODIST CHURCH,UPPER MARLBORO,MD,,,,,irs_990pf
COMMUNITY SUPPORT SYSTEMS INC,BRANDYWINE,MD,,,,,irs_990pf
CSM FOUNDATION,LAPLATA,MD,,,,,irs_990pf
FRIENDS OF THE BADEN LIBRARY,BRANDYWINE,MD,,,,,irs_990pf
HUMANE SOCIETY OF PG COUNTY,BOWIE,MD,,,,,irs_990pf
IMMANUEL UNITED METHODIST CHURCH,BRANDYWINE,MD,,,,,irs_990pf
OCEAN REEF MEDICAL CENTER,KEY LARGO,FL,,,,,irs_990pf
OLD SOUTH CHARITABLE TRUST,LOTHIAN,MD,,,,,irs_990pf
ST MARY S BRYANTOWN SCHOOL,BRYANTOWN,MD,,,,,irs_990pf
ST MICHAEL S CATHOLIC CHURCH,BRANDYWINE,MD,,,,,irs_990pf
ST PAUL S EPISCOPAL CHURCH,BRANDYWINE,MD,,,,,irs_990pf
ST THOMAS EPISCOPAL CHURCH,UPPER MARLBORO,MD,,,,,irs_990pf
ST PAUL S SCHOOL,,,,,,,irs_990pf
NATIVITY PREP,JAMAICA PLAIN,MA,,,,,irs_990pf
ORR BOOSTERS CLUB,MATTAPOISETT,MA,,,,,irs_990pf
HARDIN COUNTY HEALTHCARE FOUNDATION,Savannah,TN,,,,,irs_990pf
ST JUDE RESEARCH HOSPITAL,Memphis,TN,,,,,irs_990pf
COUNTRY CHRISTMAS,Savannah,TN,,,,,irs_990pf
CARL PERKENS CENTER FOR CHILD ABUSE,Savannah,TN,,,,,irs_990pf
TENNESSEE RIVER RESCUES,Crump,TN,,,,,irs_990pf
HOPEWELL BAPTIST CHURCH,Savannah,TN,,,,,irs_990pf
UTAH AVALANCHE CENTER,Salt Lake City,UT,,,,,irs_990pf
UTAH OLYMPIC LEGACY FOUNDATION,Park City,UT,,,,,irs_990pf
NATIONAL ABILITY CENTER,Park City,UT,,,,,irs_990pf
MOUNTAIN TRAILS FOUNDATION,Park City,UT,,,,,irs_990pf
CORNELL UNIVERSITY SCHOOL OF VETERINARY,Ithica,NY,,,,,irs_990pf
AMERICAN KENNELL CLUB,Raleigh,NC,,,,,irs_990pf
JOSEPH AGATHA SICARI CHARITABLE TRUST,Sterling,MA,,,,,irs_990pf
HEART LOVE SOUL INC,NIAGARA FALLS,NY,,,,,irs_990pf
GERARD PLACE HDFC INC,BUFFALO,NY,,,,,irs_990pf
FRANCIS CENTER,NIAGARA FALLS,NY,,,,,irs_990pf
ESCUELA COMUNAL SAN BERNARDINO,PATZUM,NY,,,,,irs_990pf
COMPEER OF GREATER BUFFALO,BUFFALO,NY,,,,,irs_990pf
CENTER FOR YOUTH SERVICES,ROCHESTER,NY,,,,,irs_990pf
HARVEST HOUSE MINISTRY,BUFFALO,NY,,,,,irs_990pf
NATL FED OF JUST COMM,BUFFALO,NY,,,,,irs_990pf
OUR LADY OF HOPE,BUFFALO,NY,,,,,irs_990pf
PARENT SUPPORT CENTER,BEAVERTON,OR,,,,,irs_990pf
CHILD FAMILY SERVICES,BUFFALO,NY,,,,,irs_990pf
KAIROS PRISON MINISTRY,DEBARY,FL,,,,,irs_990pf
UNITED NEGRO COLLEGE FUND INC,Fairfax,VA,,,,,irs_990pf
JEWISH LEARNING CENTE,Dalas,TX,,,,,irs_990pf
HEBREW ACADEMY,Cleveland Hts,OH,,,,,irs_990pf
CHABAD TREATMENT,Los Angeles,CA,,,,,irs_990pf
NETHERLAND INN ASSOCIATIO,KINGSPORT,TN,,,,,irs_990pf
BIRDSONG NATURE CENTER,THOMASVILLE,GA,,,,,irs_990pf
COMMUNITY FOUNDATION OF SWGA,THOMASVILLE,GA,,,,,irs_990pf
ONE HEART BEAT INC,THOMASVILLE,GA,,,,,irs_990pf
THOMAS COUNTY HISTORICAL SOCIETY,THOMASVILLE,GA,,,,,irs_990pf
THOMASVILLE ENTERTAINMENT FOUNDATION,THOMASVILLE,GA,,,,,irs_990pf
THOMASVILLE YMCA,THOAMSVILLE,GA,,,,,irs_990pf
ABBOTT NORTHWESTERN HOSPITAL FOUNDATION,MINNEAPOLIS,MN,,,,,irs_990pf
ALZHEIMER DISEASE RESEARCH,CLARKSBURG,MD,,,,,irs_990pf
DUCKS UNLIMITED,STILLWATER,MN,,,,,irs_990pf
GUNFLINT TRAIL VFD,GRAND MARAIS,MN,,,,,irs_990pf
HUMANE SOCIETY OF THE UNITED STATES,GAITHERSBURG,MD,,,,,irs_990pf
INTERFAITH OUTREACH AND COMM PARTNERS,PLYMOUTH,MN,,,,,irs_990pf
JACKSONVILLE UNIVERSITY,JACKSONVILLE,FL,,,,,irs_990pf
LAPOINTE COMMUNITY CLINIC,LAPOINTE,WI,,,,,irs_990pf
LAPOINTE VOLUNTEER FIRE DEPARTMENT,LAPOINTE,WI,,,,,irs_990pf
LAWYERS CONCERNED FOR LAWYERS,SAINT PAUL,MN,,,,,irs_990pf
MADELINE ISLAND PUBLIC LIBRARY,LA POINTE,WI,,,,,irs_990pf
MAYO CLINIC,ROCHESTER,MN,,,,,irs_990pf
MINNESOTA CONSERVATION VOLUNTEER,CONGERS,NY,,,,,irs_990pf
MINNESOTA LAND TRUST,ST PAUL,MN,,,,,irs_990pf
MITCHELL HAMLINE SCHOOL OF LAW,ST PAUL,MN,,,,,irs_990pf
MOUNT OLIVET ROLLING ACRES,CHAHASSEN,MN,,,,,irs_990pf
ORONO ALLIANCE FOR EDUCATION,LONG LAKE,MN,,,,,irs_990pf
PALM BEACH DAY ACADEMY DEVELOPMENT OFFICE,PALM BEACH,FL,,,,,irs_990pf
ROLLINS COLLEGE,ORLANDO,FL,,,,,irs_990pf
SANTA CLARA UNIVERSITY,SANTA CLARA,CA,,,,,irs_990pf
SAVE THE LAKE MINNETONKA,MOUND,MN,,,,,irs_990pf
SMITH COLLEGE ALUMNAE FUND,NORTHAMPTON,MA,,,,,irs_990pf
THE BLAKE SCHOOL ANNUAL IVY CIRCLE FUND,HOPKINS,MN,,,,,irs_990pf
THE LIFT GARAGE,MINNEAPOLIS,MN,,,,,irs_990pf
THE NATURE CONSERVANCY,MINNEAPOLIS,MN,,,,,irs_990pf
UNIVERSITY OF DENVER,DENVER,CO,,,,,irs_990pf
UNIVERSITY OF MINNESOTA,MINNEAPOLIS,MN,,,,,irs_990pf
UNITED METHODIST CHILDRENS HOME,MONTGOMERY,AL,,,,,irs_990pf
ERIC CARLE MUSEUM OF PICTURE BOOK ART INC,AMHERST,MA,,,,,irs_990pf
ISLAND DOLPHIN CARE INC,KEY LARGO,FL,,,,,irs_990pf
THE ASHLEY BRYAN CENTER,ISLESFORD,ME,,,,,irs_990pf
STUDIO IN A SCHOOL,NEW YORK,NY,,,,,irs_990pf
THE JANE GOODALL INSTITUTE,VIENNA,VA,,,,,irs_990pf
THE ODYSSEY SCHOOL,LUTHERVILLE,MD,,,,,irs_990pf
STILL WATERS IN A STORM SCHOOL,BROOKLYN,NY,,,,,irs_990pf
FRANKLIN LAND TRUST,SHELBURNE FALLS,MA,,,,,irs_990pf
OCEAN STUDIES CHARTER SCHOOL,TAVERNIER,FL,,,,,irs_990pf
KATIPA COMMUNITY PROGRAM,PORTLAND,OR,,,,,irs_990pf
LOWER NEHALEM COMMUNITY TRUST,MANZANITA,OR,,,,,irs_990pf
WATER AFRICA,LAKE OSWEGO,OR,,,,,irs_990pf
INDIVIDUAL ASSISTANCE,NEW ALBANY,IN,,,,,irs_990pf
OLPH ANNUAL FUND,GLENVIEW,IL,,,,,irs_990pf
LOYOLA ACADEMY,WILMETTE,IL,,,,,irs_990pf
TO TEACH WHO CHRIST IS,CHICAGO,IL,,,,,irs_990pf
A LOVE FOR MISSIONS ABROAD,COEUR D ALENE,ID,,,,,irs_990pf
ASSUMPTION GREEK ORTHODOX CHURCH,POCATELLO,ID,,,,,irs_990pf
IDAHO FOODBANK WAREHOUSE,BOISE,ID,,,,,irs_990pf
MISSION AVIATION FELLOWSHIP,NAMPA,ID,,,,,irs_990pf
HOLY THEOTOKOS MONASTERY,NORTH FORT MYERS,FL,,,,,irs_990pf
FRIENDS OF IDAHO PUBLIC TELEVISION,BOISE,ID,,,,,irs_990pf
ST JOHN THE FORERUNNER GREEK ORTHOD,GOLDENDALE,WA,,,,,irs_990pf
VILLA MAJELLA OF SANTA BARBARA INC,SANTA BARBARA,CA,,,,,irs_990pf
ST CONSTANTINE HELEN GREEK ORTHOD,BOISE,ID,,,,,irs_990pf
ST CONSTANTINE HELEN GREEK ORTHOD,HONOLULU,HI,,,,,irs_990pf
FRED HUTCHINSON CANCER RESEARCH CEN,SEATTLE,WA,,,,,irs_990pf
ST BARBARA GREEK ORTHODOX CHURCH,SANTA BARBARA,CA,,,,,irs_990pf
BOISE RESCUE MISSION MINISTRIES,BOISE,ID,,,,,irs_990pf
CHRIST CHURCH EPISCOPAL SCHOOL,GREENVILLE,SC,,,,,irs_990pf
FURMAN UNIVERSITY,GREENVILLE,SC,,,,,irs_990pf
HUMANE SOCIETY OF GREENVILLE,GREENVILLE,SC,,,,,irs_990pf
SOUTH CAROLINA HISTORICAL SOCIETY,CHARLESTON,SC,,,,,irs_990pf
UNIVERSITY OF SOUTH CAROLINA SCHOOL OF LAW,COLUMBIA,SC,,,,,irs_990pf
YMCA OF GREENVILLE,GREENVILLE,SC,,,,,irs_990pf
WAKE FOREST UNIVERSITY,WINSTONSALEM,NC,,,,,irs_990pf
SUNSHINE KIDS ORGANIZATION,HOUSTON,TX,,,,,irs_990pf
DESTIN HIGH SCHOOL INC,DESTIN,FL,,,,,irs_990pf
ST MATTHEW THE APOSTLE SCHOOL,RIVER RIDGE,LA,,,,,irs_990pf
PENNSYLVANIA HOSPITAL OF THE,PHILADELPHIA,PA,,,,,irs_990pf
UNIVERSITY OF PITTSBURGH,PITTSBURGH,PA,,,,,irs_990pf
CLARION UNIVERSITY,CLARION,PA,,,,,irs_990pf
SUSQUEHANNA UNIVERSITY,SELINSGROVE,PA,,,,,irs_990pf
DOYLESTOWN HEALTH FOUNDATION,DOYLESTOWN,PA,,,,,irs_990pf
THE CHURCH OF SAINT JAMES,BEDFORD,PA,,,,,irs_990pf
THE TRUSEES OF RESERVATIONS,BEVERLY,MA,,,,,irs_990pf
BOSTON SYMPHONY,Boston,MA,,,,,irs_990pf
MUSEUM OF FINE ARTSBOSTON,BOSTON,MA,,,,,irs_990pf
THE NATIONAL TRUST FOR SCOTLAND FOUNDATION USA,BOSTON,MA,,,,,irs_990pf
WGBH,BRIGHTON,MA,,,,,irs_990pf
LIBRARY OF THE BOSTON ATHENAEUM,Boston,MA,,,,,irs_990pf
SPAULDING REHABILITATION HOSPITAL,CHARLESTOWN,MA,,,,,irs_990pf
HISTORIC NEW ENGLAND,SAUNDERSTOWN,RI,,,,,irs_990pf
ST JOHNS EPISCOPAL CHRUCH,GLOUCESTER,MA,,,,,irs_990pf
THE FRICK COLLECTION,NEW YORK,NY,,,,,irs_990pf
HARRINGTON MEMORIAL HOSPITAL,SOUTHBRIDGE,MA,,,,,irs_990pf
NORTHFIELD MOUNT HERMON SCHOOL,MOUNT HERMAN,MA,,,,,irs_990pf
UNITED WAY SOUTHBRIDGE,SOUTHBRIDGE,MA,,,,,irs_990pf
ELM ST CONGREGATIONAL CHURCH,SOUTHBRIDGE,MA,,,,,irs_990pf
BUCKS COUNTY CANCER SOCIETY,PHILADELPHIA,PA,,,,,irs_990pf
MARCH OF DIMES,WHITE PLAINS,NY,,,,,irs_990pf
WOMEN S FELLOWSHIP OF THE,SOUTHBRIDGE,MA,,,,,irs_990pf
CROTON U M CHURCH,NEW CASTLE,PA,,,,,irs_990pf
TURNING POINTS FOR CHILDREN,PHILADELPHIA,PA,,,,,irs_990pf
ALZHEIMER S ASSOCIATION,CHICAGO,IL,,,,,irs_990pf
BRENNAN CENTER FOR JUSTICE,NEW YORK,NY,,,,,irs_990pf
COLUMBIA PRESBYTERIAN HOSPITAL,NEW YORK,NY,,,,,irs_990pf
PARK AVENUE SYNAGOGUE,NEW YORK,NY,,,,,irs_990pf
SIMON WIESENTHAL CENTER,LOS ANGELES,CA,,,,,irs_990pf
ST JUDES CHILDRENS RESEARCH HOSPITAL,MEMPHIS,TN,,,,,irs_990pf
TEMPLE BETH EL OF BOCA RATON,BOCA RATON,FL,,,,,irs_990pf
THE FRESH AIR FUND,NEW YORK,NY,,,,,irs_990pf
AMERICAN FRIENDS OF LEV AHARON,New York,NY,,,,,irs_990pf
CHAI LIFELINE,New York,NY,,,,,irs_990pf
CONGREGATION BETH TORAH,Brooklyn,NY,,,,,irs_990pf
CONGREGATION OHEL YISCHAK,Brooklyn,NY,,,,,irs_990pf
HECHAL EZRA,,,,,,,irs_990pf
MAGEN DAVID OF WEST DEAL,Asbury Park,NJ,,,,,irs_990pf
MIASKIM,Brooklyn,NY,,,,,irs_990pf
REACH FOR THE STAR LEARNING CENTER,Brooklyn,NY,,,,,irs_990pf
SEPHARDIC BIKUR HOLIM,Brooklyn,NY,,,,,irs_990pf
SEPHARDIC COMMUNITY CENTER,Brooklyn,NY,,,,,irs_990pf
SPECIAL CHILDREN S CENTER,Lakewood,NJ,,,,,irs_990pf
YESHIVA OF FLATBUSH,Brooklyn,NY,,,,,irs_990pf
AHI EZER YESHIVA,Brooklyn,NY,,,,,irs_990pf
CENTRAL FUND OF ISRAEL,New York,NY,,,,,irs_990pf
CHABAD OF FLATBUSH,Brooklyn,NY,,,,,irs_990pf
JEWELERS FOR CHILDREN,New York,NY,,,,,irs_990pf
BRAIN ANEURYSM CONFERENCE,Hanover,MA,,,,,irs_990pf
JEWISH COMMUNITY FUND,New York,NY,,,,,irs_990pf
AUBURN HISTORICAL SOCIETY,AUBURN,KY,,,,,irs_990pf
PHIPPEN MUSEUM WESTERN ART,PRESCOTT,AZ,,,,,irs_990pf
WESTERN HERITAGE FOUNDATION,PRESCOTT,AZ,,,,,irs_990pf
CALVARY LUTHERAN CHURCH,GOLDEN VALLEY,MN,,,,,irs_990pf
DODOMA TANZANIA HEALTH DEVELOPMENT,MINNEAPOLIS,MN,,,,,irs_990pf
LUTHER COLLEGE,DECORAH,IA,,,,,irs_990pf
MAZAHUA VALLEY MINISTRIES,PLYMOUTH,MN,,,,,irs_990pf
PROVIDENCE ACADEMY,PLYMOUTH,MN,,,,,irs_990pf
THE VIRTUES CAMPUS,COON RAPIDS,MN,,,,,irs_990pf
CENTER FO THE AMERICAN EXPERIMENT,GOLDEN VALLEY,MN,,,,,irs_990pf
NET MINISTRIES,WEST ST PAUL,MN,,,,,irs_990pf
FRIENDS OF NGONG ROAD,MINNEAPOLIS,MN,,,,,irs_990pf
NORTHEAST BANK FOUNDATION,MINNEAPOLIS,MN,,,,,irs_990pf
FELLOWSHIP OF AILBE,WILLISTON,VT,,,,,irs_990pf
YOUNG LIFE,BURNSVILLE,MN,,,,,irs_990pf
SAINT MARYS EPISCOPAL CHURCH,MIDDLESBORO,KY,,,,,irs_990pf
BLUEGRASS COUNCIL BOY SCOUNTS OF AM,LEXINGTON,KY,,,,,irs_990pf
CUMBERLAND MOUNTAIN FALL FESTIVEAL,MIDDLESBORO,KY,,,,,irs_990pf
UNIVERSITY OF THE CUMBERLANDS,WILLIAMSBURG,KY,,,,,irs_990pf
AOPA FOUNDATION,FREDERICK,MD,,,,,irs_990pf
THE HONOR FUND - MCCALLIE SCHOOL,CHATTANOOGA,TN,,,,,irs_990pf
APPALACHIAN WILDLIFE FOUNDATION,CORBIN,KY,,,,,irs_990pf
TRUSTEES OF PHILLIPS ACADEMY,ANDOVER,MA,,,,,irs_990pf
LINCOLN MEMORIAL UNIVERSITY,HARROGATE,TN,,,,,irs_990pf
US ARMED FORCES,CHARLESTON,SC,,,,,irs_990pf
NOTMYKID,SCOTTSDALE,AZ,,,,,irs_990pf
BOYS HOPE GIRLS HOPE,Phoenix,AZ,,,,,irs_990pf
ASSISTANCE LEAGUE PHOENIX,PHOENIX,AZ,,,,,irs_990pf
HIMALAYAN ART RESOURCES,NEW YORK,NY,,,,,irs_990pf
QUEENS MUSEUM OF ART,CORONA PARK QUEENS,NY,,,,,irs_990pf
THE SUSTAINABILITY LABORATORY INC,NEW YORK,NY,,,,,irs_990pf
SOCRATES SCULPTURE PARK,LONG ISLAND CITY,NY,,,,,irs_990pf
BROOKLYN DEFENDER SERVICES,BROOKLYN,NY,,,,,irs_990pf
GINA GIBNEY DANCE INC,NEW YORK,NY,,,,,irs_990pf
CREATIVE TIME,NEW YORK,NY,,,,,irs_990pf
VISUAL AIDS,NEW YORK,NY,,,,,irs_990pf
THE STUDIO MUSEUM IN HARLEM,NEW YORK,NY,,,,,irs_990pf
THE LAUNDROMAT PROJECT INC,NEW YORK,NY,,,,,irs_990pf
MORE ART,NEW YORK,NY,,,,,irs_990pf
NO LONGER EMPTY,NEW YORK,NY,,,,,irs_990pf
FRANKLIN FURNACE ARCHIVE INC,BROOKLYN,NY,,,,,irs_990pf
RECESS,NEW YORK,NY,,,,,irs_990pf
THEATRE OF THE OPPRESSED NYC,NEW YORK,NY,,,,,irs_990pf
TRIANGLE ARTS ASSOCIATION,BROOKLYN,NY,,,,,irs_990pf
BAAD BRONX ACADEMY OF ARTS AND DANCE,BRONX,NY,,,,,irs_990pf
RESIDENCY UNLIMITED,BROOKLYN,NY,,,,,irs_990pf
CCCADI,NEW YORK,NY,,,,,irs_990pf
A I R GALLERY,BROOKLYN,NY,,,,,irs_990pf
WORKING ARTISTS AND THE GREATER ECONOMY,BROOKLYN,NY,,,,,irs_990pf
PARTICIPANT INC,NEW YORK,NY,,,,,irs_990pf
SUGAR HILL CHILDREN S MUSEUM OF ART STORYTELLING,NEW YORK,NY,,,,,irs_990pf
LESLIE-LOHMAN MUSEUM OF GAY LESBIAN ART,NEW YORK,NY,,,,,irs_990pf
ART BEYOND SIGHT,NEW YORK,NY,,,,,irs_990pf
DANCE THEATRE ETCETERA,BROOKLYN,NY,,,,,irs_990pf
FRIENDS OF MATERIALS FOR THE ARTS,LONG ISLAND CITY,NY,,,,,irs_990pf
CENTER FOR URBAN PEDAGOGY INC,BROOKLYN,NY,,,,,irs_990pf
DANCING IN THE STREETS,BRONX,NY,,,,,irs_990pf
JACK ARTS INC,BROOKLYN,NY,,,,,irs_990pf
EL MUSEO DEL BARRIO,NEW YORK,NY,,,,,irs_990pf
NUYORICAN POETS CAFE,NEW YORK,NY,,,,,irs_990pf
ISSUE PROJECT ROOM,NEW YORK,NY,,,,,irs_990pf
LATSKY DANCE INC,NEW YORK,NY,,,,,irs_990pf
MUSEUM OF CHINESE IN AMERICA,NEW YORK,NY,,,,,irs_990pf
NEW YORK FOUNDATION FOR THE ARTS,BROOKLYN,NY,,,,,irs_990pf
NEW ART PUBLICATIONS INC,BROOKLYN,NY,,,,,irs_990pf
QUEENS THEATRE,FLUSHING,NY,,,,,irs_990pf
BROOKLYN PUBLIC LIBRARY,BROOKLYN,NY,,,,,irs_990pf
MOVEMENT RESEARCH,NEW YORK,NY,,,,,irs_990pf
VIBE THEATER EXPERIENCE,BROOKLYN,NY,,,,,irs_990pf
FRESHKILLS PARK ALLIANCE,NEW YORK,NY,,,,,irs_990pf
ANTHOLOGY FILM ARCHIVES,NEW YORK,NY,,,,,irs_990pf
INSTITUTE FOR NONPROFIT NEWS,CALABASAS,CA,,,,,irs_990pf
FRIENDS OF ALICE AUSTEN HOUSE,STATEN ISLAND,NY,,,,,irs_990pf
CATTICUS CORP,BERKELEY,CA,,,,,irs_990pf
FEMINIST PRESS,NEW YORK,NY,,,,,irs_990pf
CUE ART FOUNDATION,NEW YORK,NY,,,,,irs_990pf
NY ZEN CENTER FOR CONTEMPLATIVE CARE,NEW YORK,NY,,,,,irs_990pf
FIVEMYLES,BROOKLYN,NY,,,,,irs_990pf
PEPATIAN,BRONX,NY,,,,,irs_990pf
FOURTH ARTS BLOCK INC,NEW YORK,NY,,,,,irs_990pf
CULTURE PUSH INC,NEW YORK,NY,,,,,irs_990pf
CAVE CANEM FOUNDATION,BROOKLYN,NY,,,,,irs_990pf
WENDY S SUBWAY,BROOKLYN,NY,,,,,irs_990pf
NURTUREART,BROOKLYN,NY,,,,,irs_990pf
BRONX MUSEUM,BRONX,NY,,,,,irs_990pf
TANENBAUM CENTER FOR INTERRELIGIOUS UNDER,NEW YORK,NY,,,,,irs_990pf
SUNY NEW PALTZ FOUNDATION,NEW PALTZ,NY,,,,,irs_990pf
EAST STROUDSBURG UNIVERSITY,EAST STROUDSBURG,PA,,,,,irs_990pf
PENN STATE UNIVERSITY,UNIVERSITY PARK,PA,,,,,irs_990pf
SALVE REGINA UNIVERSITY,NEWPORT,RI,,,,,irs_990pf
JEFFERSON UNIVERSITY,PHILADELPHIA,PA,,,,,irs_990pf
LEBANON VALLEY COLLEGE,ANNVILLE,PA,,,,,irs_990pf
LASALLE UNIVERSITY,PHILADELPHIA,PA,,,,,irs_990pf
BUCKNELL UNIVERSITY,LEWISBURG,PA,,,,,irs_990pf
DUQUESNE UNIVERSITY,PITTSBURGH,PA,,,,,irs_990pf
DANA FARBER CANCER INSTITUTE,BROOKLINE,MA,,,,,irs_990pf
CARNEGIE HALL,NEW YORK,NY,,,,,irs_990pf
ANIMAL MEDICAL CENTER,NEW YORK,NY,,,,,irs_990pf
CATHOLIC - CHARITIES,PHILADELPHIA,PA,,,,,irs_990pf
THE JAMES C GIUFFRE MEDICAL CTR,PHILADELPHIA,PA,,,,,irs_990pf
KISKIMINETAS SPRINGS SCHOOL,SALTSBURG,PA,,,,,irs_990pf
LIBERATION PROGRAMS,NORWALK,CT,,,,,irs_990pf
COLBURN SCHOOL,LOS ANGELES,CA,,,,,irs_990pf
HARMONY PROJECT,LOS ANGELES,CA,,,,,irs_990pf
PULMONARY FIBROSIS FOUNDATION,CHICAGO,IL,,,,,irs_990pf
CHRISTIAN EATON,LAMPASAS,TX,,,,,irs_990pf
CARLY HALL,LAMPASAS,TX,,,,,irs_990pf
CALEB O CONNER,LAMPASAS,TX,,,,,irs_990pf
DIANNE HURST,LAMPASAS,TX,,,,,irs_990pf
KENZIE HUNT,LAMPASAS,TX,,,,,irs_990pf
MADISON SHELLY,LAMPASAS,TX,,,,,irs_990pf
MAX RAMSOUR,LAMPASAS,TX,,,,,irs_990pf
AMY FIGURSKI,LAMPASAS,TX,,,,,irs_990pf
KAMRI CORBIN,LAMPASAS,TX,,,,,irs_990pf
ERIC FLORES,LAMPASAS,TX,,,,,irs_990pf
WILSON KEELEY,LAMPASAS,TX,,,,,irs_990pf
DANNIE MCMILLAN,LAMPASAS,TX,,,,,irs_990pf
CALE SMITH,LAMPASAS,TX,,,,,irs_990pf
DONNE MCMILLAN,LAMPASAS,TX,,,,,irs_990pf
KIRSTIN JOHNSON,LAMPASAS,TX,,,,,irs_990pf
MAKENZIE GREEN,LAMPASAS,TX,,,,,irs_990pf
FIRST UNITED METHODIST CHURCH,LAMPASAS,TX,,,,,irs_990pf
DAVID DENIS,LAMPASAS,TX,,,,,irs_990pf
KEMPNER VFD,LAMPASAS,TX,,,,,irs_990pf
AURORA AREA HISTORICAL SO,AURORA,WV,,,,,irs_990pf
AURORA VFD,AURORA,WV,,,,,irs_990pf
BROOKSIDE CHURCH OF BRETH,AURORA,WV,,,,,irs_990pf
BLACKWATER MINISTERIAL AS,DAVIS,WV,,,,,irs_990pf
CORTLAND ACRES ASSOCIATIO,THOMAS,WV,,,,,irs_990pf
DAVIS VPL FIRE DEPT,DAVIS,WV,,,,,irs_990pf
FARMERS WILD LIFE CLUB,EGLON,WV,,,,,irs_990pf
FRIENDS TRU CANCER INC,KINGWOOD,WV,,,,,irs_990pf
FOUNDATION OF MON GENERAL HOSPITAL,MORGANTOWN,WV,,,,,irs_990pf
MAPLE SPRING CHURCH OF BRETHREN,EGLON,WV,,,,,irs_990pf
MOUNTAIN LAUREL LEARNING COOPER,DAVIS,WV,,,,,irs_990pf
MOUNTAIN HOSPICE,BELINGTON,WV,,,,,irs_990pf
MOUNTAINTOP PUBLIC LIBRARY,THOMAS,WV,,,,,irs_990pf
MT GROVE VOL FIRE DEPT,EGLON,WV,,,,,irs_990pf
OAK PARK CHURCH OF THE BRETHREN,OAKLAND,MD,,,,,irs_990pf
ST JOHNS LUTHERAN CHURCH,OAKLAND,MD,,,,,irs_990pf
ST PAULS LUTHERAN CHURCH,AURORA,WV,,,,,irs_990pf
ST THOMAS CATHOLIC CHURCH,THOMAS,WV,,,,,irs_990pf
THOMAS EDUCATION CENTER,THOMAS,WV,,,,,irs_990pf
THOMAS VOL FIRE DEPT,THOMAS,WV,,,,,irs_990pf
TUCKER CO VETERANS ASSOC,PARSONS,WV,,,,,irs_990pf
TWENTY TEN CORPORATION,THOMAS,WV,,,,,irs_990pf
UNION AMBULANCE SERVICE,AURORA,WV,,,,,irs_990pf
WVU UNIVERSITY FOUNDATION,MORGANTOWN,WV,,,,,irs_990pf
AURORA SCHOOLS,AURORA,WV,,,,,irs_990pf
AURORA PIONEERS 4-H,AURORA,WV,,,,,irs_990pf
CITY OF THOMAS,THOMAS,WV,,,,,irs_990pf
FRIENDS OF CORTLAND ACRES ASSOC,THOMAS,WV,,,,,irs_990pf
DAVIS THOMAS ELEMENTARY SCHOOL,THOMAS,WV,,,,,irs_990pf
EGLOAN MOUNTAINEER ASSOC,EGLON,WV,,,,,irs_990pf
PRESTON CO 4-H,EGLON,WV,,,,,irs_990pf
TERRA ALTA FOOD PANTRY,YERRA ALTA,WV,,,,,irs_990pf
TOWN OF DAVIS,DAVIS,WV,,,,,irs_990pf
TUCKER CO HIGH SCHOOL,THOMAS,WV,,,,,irs_990pf
TUCKER CO 4-H LEADERSHIP,PARSONS,WV,,,,,irs_990pf
CITY OF AMORY MS,AMORY,MS,,,,,irs_990pf
VIZCAYANS,Miami,FL,,,,,irs_990pf
FAIRCHILD TROPICAL GARDENS,Coral Gables,FL,,,,,irs_990pf
CHAPMAN PARTNERSHIP,Miami,FL,,,,,irs_990pf
SOUTH FLORIDA PBS,Miami,FL,,,,,irs_990pf
WLRN PUBLIC RADIO,Miami,FL,,,,,irs_990pf
NOAHS ARK,Lakeland,FL,,,,,irs_990pf
FOOD FOR THE POOR,Coconut Creek,FL,,,,,irs_990pf
HISTORIC LINWOOD FOUNDATION,Columbus,GA,,,,,irs_990pf
ST MATTHEWS EPISCOPAL CHURCH,Miami,FL,,,,,irs_990pf
FRIENDS OF TRINITY CATHEDRAL,Miami,FL,,,,,irs_990pf
HISTORY MIAMI,Miami,FL,,,,,irs_990pf
INFORMED FAMILIES,Miami,FL,,,,,irs_990pf
MIAMI LIGHTHOUSE FOR THE BLIND,Maimi,FL,,,,,irs_990pf
JUNIOR LEAGUE OF MIAMI FOUNDATION,Coral Gables,FL,,,,,irs_990pf
DIOCESE OF SOUTHEAST FLORIDA,Miami,FL,,,,,irs_990pf
FRIENDS OF THE EVERGLADES,Miami,FL,,,,,irs_990pf
MULTIDISIPLINARY ASSOC FOR PSCHEDEL,Santa Cruz,CA,,,,,irs_990pf
RETTSYNDROMEORG,Cincinnat,OH,,,,,irs_990pf
NAT L SOCIETY OF COLONIAL DAMES,Washington,DC,,,,,irs_990pf
THE BARNACLE SOCIETY,Coconut Grove,FL,,,,,irs_990pf
THE EVERGLADES FOUNDATION,Palmetto Bay,FL,,,,,irs_990pf
BOYS HOPE GIRLS HOPE,DENVER,CO,,,,,irs_990pf
CATHOLIC CHARITIES ARCHDIOCESE OF DENVER,DENVER,CO,,,,,irs_990pf
COLORADO TROUT UNLIMITED,DENVER,CO,,,,,irs_990pf
FOOD BANK OF THE ROCKIES,DENVER,CO,,,,,irs_990pf
HABITAT FOR HUMANITY,LAKEDWOOD,CO,,,,,irs_990pf
ROMAN CATHOLIC BISHOP LAS VEGAS,LAS VEGAS,NV,,,,,irs_990pf
ST VINCENT DEPAUL SOCIETY,CASTLE ROCK,CO,,,,,irs_990pf
WESTERN RIVERS CONSERVANCY,PORTLAND,OR,,,,,irs_990pf
WOMEN S BEAN PROJECT,DENVER,CO,,,,,irs_990pf
ABILITIES,ALBERTSON,NY,,,,,irs_990pf
AHRC,NEW YORK,NY,,,,,irs_990pf
ALYN HOSPITAL,NEW YORK,NY,,,,,irs_990pf
AMERICAN FDTN -SUICIDE PREVENTION,NEW YORK,NY,,,,,irs_990pf
BLUE HORIZON,NEW YORK,NY,,,,,irs_990pf
B FOUNDATION,WILMIMGTON,DE,,,,,irs_990pf
BREAST CANCER RESEARCH,NEW YORK,NY,,,,,irs_990pf
CONGREGATION SHAARA TFILLE,SARATOGA SPRINGS,NY,,,,,irs_990pf
DOLPHIN,MIAMI GARDENS,FL,,,,,irs_990pf
GIFT OF LIFE,FRESH MEADOWS,NY,,,,,irs_990pf
HADASSAH,ROCKVILLE CENTRE,NY,,,,,irs_990pf
HELEN KELLER,PORT WASINGTON,NY,,,,,irs_990pf
HOLOCAUST MEMORIAL,GLEN COVE,NY,,,,,irs_990pf
JEWISH EDUCATION PROJECT,NEW YORK,NY,,,,,irs_990pf
JTEEN LEADERSHIP,WHITE PLAINS,NY,,,,,irs_990pf
JUDICIAL WATCH,WASHINGTON,DC,,,,,irs_990pf
LUNGEVITY,CHICAGO,IL,,,,,irs_990pf
MULTIPLE SCLEROSIS NYU DEVELOPMENT,NEW YORK,NY,,,,,irs_990pf
MS SOCIETY,NEW YORK,NY,,,,,irs_990pf
NORTH SHORE CHILD GUIDANCE,WESTBURY,NY,,,,,irs_990pf
NORTHWELL HEALTH FOUNDATION,NEW HYDE PARK,NY,,,,,irs_990pf
NSSA,COMMACK,NY,,,,,irs_990pf
NYU LANGONE,NEW YORK,NY,,,,,irs_990pf
OLD WESTBURY HEBREW CONGR,WESTBURY,NY,,,,,irs_990pf
PAYPAL CHARITY,WASHINGTON,DC,,,,,irs_990pf
PET PEEVES,WOODBURY,NY,,,,,irs_990pf
PLAY FOR PINK,NEW YORK,NY,,,,,irs_990pf
SID JACOBSON JCC,EAST HILLS,NY,,,,,irs_990pf
VISCARDI CENTER,ALBERTSON,NY,,,,,irs_990pf
SYRACUSE - WAWASEE ROTARY CLUB,SYRACUSE,IN,,,,,irs_990pf
SYRACUSE CEMETERY ASSN,SYRACUSE,IN,,,,,irs_990pf
TEEN PARENTS SUCCEEDING,SYRACUSE,IN,,,,,irs_990pf
TOWN OF SYRACUSE,SYRACUSE,IN,,,,,irs_990pf
SYRACUSE WAWASEE HISTORICAL SOCIETY,SYRACUSE,IN,,,,,irs_990pf
REAL SERVICES,SOUTH BEND,IN,,,,,irs_990pf
SYRACUSE PARKS DEPARTMENT,SYRACUSE,IN,,,,,irs_990pf
KOSCIUSKO COUNTY SENIOR SERVICES,WARSAW,IN,,,,,irs_990pf
SYRACUSE WAWASEE GARDEN CLUB,SYRACUSE,IN,,,,,irs_990pf
FORT WAYNE PHILHARMONIC,FORT WAYNE,IN,,,,,irs_990pf
LAKELAND YOUTH CENTER,SYRACUSE,IN,,,,,irs_990pf
WAWASEE HIGH SCHOOL,SYRACUSE,IN,,,,,irs_990pf
GRACE COLLEGE LILLY CENTER FOR,WINONA LAKE,IN,,,,,irs_990pf
CHAUTAUQUA,SYRACUSE,IN,,,,,irs_990pf
BEYOND THE VEIL,MORTON,IL,,,,,irs_990pf
LIGHTS OUT TRUST,ARVADA,CO,,,,,irs_990pf
THE CARL V S PATTERSON MEMORIAL FND,TOWANDA,PA,,,,,irs_990pf
HOOSIER BOYS STATE INC,INDIANAPOLIS,IN,,,,,irs_990pf
TEMPLE UNIVERSITY HOSPITAL,PHILADELPHIA,PA,,,,,irs_990pf
MONTGOMERY HOSPITAL,PHILADELPHIA,PA,,,,,irs_990pf
YOUNG WOMANS CHRISTIAN ASSN,AUDUBON,PA,,,,,irs_990pf
BELLEFIELD EDUCATIONAL TRUST,PITTSBURGH,PA,,,,,irs_990pf
1ST UNTD METHODIST CHURCH,PLYMOUTH,MI,,,,,irs_990pf
RODGERS EDUCATIONAL FUND,JAMESTOWN,PA,,,,,irs_990pf
MUSKINGUM UNIVERSITY,NEW CONCORD,OH,,,,,irs_990pf
IPSWICH RIVER WATERSHED ASSOCIATION,IPSWICH,MA,,,,,irs_990pf
MFA FUND,BOSTON,MA,,,,,irs_990pf
CAPE ANN MUSEUM,GLOUCESTER,MA,,,,,irs_990pf
UNIVERSITY OF ILLINOIS,Champaign,IL,,,,,irs_990pf
NORTH CENTRAL COLLEGE,Naperville,IL,,,,,irs_990pf
KANE COUNTY CHIEF OF POLICE ASSN,Saint Charles,IL,,,,,irs_990pf
CHILDRENS LIBRARY,Melbourne,FL,,,,,irs_990pf
WASHINGTON JEFFERSON COLLEGE,WASHINGTON,PA,,,,,irs_990pf
CHATHAM UNIVERSITY,PITTSBURGH,PA,,,,,irs_990pf
MAGEE-WOMENS HOSPITAL,PITTSBURGH,PA,,,,,irs_990pf
ALLEGHENY TRAILS COUNCIL - BOY SCOUTS OF,PITTSBURGH,PA,,,,,irs_990pf
LAGHEY CHURCH,,,,,,,irs_990pf
WESTERN PA SCHOOL FOR THE DEAF,PITTSBURGH,PA,,,,,irs_990pf
YOUNG MENS CHRISTIAN ASSOCIATION,PITTSBURGH,PA,,,,,irs_990pf
THE CHILDRENS INSTITUTE OF PITTSBURGH,PITTSBURGH,PA,,,,,irs_990pf
FAMILY RESOURCES,MARS,PA,,,,,irs_990pf
FIRST PRESBYTERIAN CHURCH,PITTSBURGH,PA,,,,,irs_990pf
UPMC MERCY,PITTSBURGH,PA,,,,,irs_990pf
UPMC HEALTH SYSTEM - UPMC SOUTH SIDE,PITTSBURGH,PA,,,,,irs_990pf
PASSAVANT HOSPITAL FOUNDATION,PITTSBURGH,PA,,,,,irs_990pf
PITTSBURGH THEOLOGICAL SEMINARY,PITTSBURGH,PA,,,,,irs_990pf
WESTERN PA SCHOOL FOR BLIND CHILDREN,PITTSBURGH,PA,,,,,irs_990pf
GOODWILL INDUSTRIES,PITTSBURGH,PA,,,,,irs_990pf
ST BARNABAS CHARITABLE FDN,GIBSONIA,PA,,,,,irs_990pf
POWER,PITTSBURGH,PA,,,,,irs_990pf
LIGONIER CAMP CONFERENCE CTR,LIGONIER,PA,,,,,irs_990pf
CHILDREN S HOSPITAL OF PGH,PITTSBURGH,PA,,,,,irs_990pf
HOUNDS HAVEN INC,DILLONVALE,OH,,,,,irs_990pf
OHIO STATE UNIVERSITY DEV FUND,COLUMBUS,OH,,,,,irs_990pf
WM MARY FLENNIKEN PUB LIBRARY,CARMICHAELS,PA,,,,,irs_990pf
PENN MANOR EDUCATION FOUNDATION,MILLERSVILLE,PA,,,,,irs_990pf
TOMORROWS HOPE FOUNDATION,UNIONDALE,NY,,,,,irs_990pf
PECONIC HOCKEY FOUNDATION,WADING RIVER,NY,,,,,irs_990pf
ST FRANCIS HOSPITAL FOUNDATION,ROSLYN,NY,,,,,irs_990pf
CLARK GILLIES FOUNDATION,HAUPPAUGE,NY,,,,,irs_990pf
SPARCC,Sarasota,FL,,,,,irs_990pf
RINGLING COLLEGE LIBRARY,Sarasota,FL,,,,,irs_990pf
PLANNED PARENTHOOD,Sarasota,FL,,,,,irs_990pf
BRENDA BROWN,Winnebago,IL,,,,,irs_990pf
REBEKHA JANSSEN,Leaf River,IL,,,,,irs_990pf
BRIANNA COX,Byron,IL,,,,,irs_990pf
SARAH QUINN,Loves Park,IL,,,,,irs_990pf
DANIELLE ALTA,Rockford,IL,,,,,irs_990pf
HEATHER GLENN,Poplar Grove,IL,,,,,irs_990pf
SYDNIE SMITH,Rockford,IL,,,,,irs_990pf
LYNDSEY VOLLING,Rockford,IL,,,,,irs_990pf
STEPHANIE VERDERAME,Rockford,IL,,,,,irs_990pf
EMILY BESKAR,Hudson,WI,,,,,irs_990pf
DONNA VAZIRNIA,Arlington Heights,IL,,,,,irs_990pf
ABRAHAM BAKER,Rockford,IL,,,,,irs_990pf
BRADLEY DULEE,Rockford,IL,,,,,irs_990pf
ANGELA RAY,Rockford,IL,,,,,irs_990pf
THE ESTAUGH,MEDFORD,NJ,,,,,irs_990pf
BARCLAY FRIENDS HALL,WEST CHESTER,PA,,,,,irs_990pf
STAPELY IN GERMANTOWN,PHILADELPHIA,PA,,,,,irs_990pf
SOCIETY OF PROPAGATION OF FAITH,NEW YORK,NY,,,,,irs_990pf
MASONIC VILLAGES,ELIZABETHTOWN,PA,,,,,irs_990pf
CHICAGO LOOP SYNAGOGUE,Chicago,IL,,,,,irs_990pf
AMERICAN FRIENDS OF VIBE ISRAEL,Jersey,NJ,,,,,irs_990pf
ARTISTS 4 ISRAEL,New York,NY,,,,,irs_990pf
AMERICAN FRIENDS OF ISRAEL SCI-TECH SCHOOLS,New York,NY,,,,,irs_990pf
STANDWITHUS,Los Angeles,CA,,,,,irs_990pf
SAVE A CHILD S HEART,Potomac,MD,,,,,irs_990pf
YESENIA R SORIA,PAMPA,TX,,,,,irs_990pf
CHASE STERLING CREE,PAMPA,TX,,,,,irs_990pf
CIERRA M DITMORE,PAMPA,TX,,,,,irs_990pf
DANIEL R WINTON,PAMPA,TX,,,,,irs_990pf
ERIK C VIZACAINO,MANHATTAN,KS,,,,,irs_990pf
RHEY A JENSEN,PAMPA,TX,,,,,irs_990pf
MOSES J AVILA,PAMPA,TX,,,,,irs_990pf
ELAINE M NAVA,PAMPA,TX,,,,,irs_990pf
COLIN D PIRTLE,SKELLYTOWN,TX,,,,,irs_990pf
JORDON H LITTLEFIELD,KRESS,TX,,,,,irs_990pf
PAIGE N RICHARDS,PAMPA,TX,,,,,irs_990pf
RYLEE H PARKS,PAMPA,TX,,,,,irs_990pf
SHEYLAH A ARREOLA,PAMPA,TX,,,,,irs_990pf
ALZHEIMER S ASSOC - GA CHAPTER,Washington,DC,,,,,irs_990pf
CALCUTTA MERCY MINISTRIES,Salt Lake City,UT,,,,,irs_990pf
CASHIERS-HIGHLANDS HUMANE SOCIETY,Cashiers,NC,,,,,irs_990pf
CHILDREN S HEALTHCARE OF ATLANTA FDN,Atlanta,GA,,,,,irs_990pf
COALITION OF SOUTHERN APPALACHIAN MOUNTAIN STEWARDS INC,Jasper,GA,,,,,irs_990pf
COBB COMMUNITY FOUNDATION,Atlanta,GA,,,,,irs_990pf
COCO S CUPBOARD INC,Zebulon,GA,,,,,irs_990pf
CRESTED BUTTE SEARCH AND RESCUE,Crested Butte,CO,,,,,irs_990pf
CUMBERLAND ACADEMY OF GEORGIA INC,Atlanta,GA,,,,,irs_990pf
DOCTORS WITHOUT BORDERS,Hagertown,MD,,,,,irs_990pf
FIRST PRESBYTERIAN OF HIGHLANDS,Highlands,NC,,,,,irs_990pf
FLINT RIVERKEEPER,Albany,GA,,,,,irs_990pf
GENUINE INDIAN RELIC SOCIETY INC,Robinson,IL,,,,,irs_990pf
HAYGOOD MEMORIAL UMC,Atlanta,GA,,,,,irs_990pf
HIRSCH ACADEMY INC,Atlanta,GA,,,,,irs_990pf
JOURNEY CHURCH OF GRIFFIN,Williamson,GA,,,,,irs_990pf
LOVETT SCHOOL THE,Atlanta,GA,,,,,irs_990pf
MISSION DAWGS INC,Marietta,GA,,,,,irs_990pf
MUST MINISTRIES,Marietta,GA,,,,,irs_990pf
NORTHSIDE ATHLETES FDN,Atlanta,GA,,,,,irs_990pf
PEGGY CROSBY COMMUNITY SERVICE CENTER,Highlands,NC,,,,,irs_990pf
SCHENCK SCHOOL INC,Atlanta,GA,,,,,irs_990pf
SPECIAL EQUESTRIANS OF GEORGIA INC,Marietta,GA,,,,,irs_990pf
SPECIAL OLYMPICS GEORGIA,Atlanta,GA,,,,,irs_990pf
ST ANNE S TERRACE-ANNE S PURSE,Atlanta,GA,,,,,irs_990pf
ST JUDE CHILDREN S HOSPITAL,Memphis,TN,,,,,irs_990pf
ST BENEDICT S EPISCOPAL CHURCH,Smyrna,GA,,,,,irs_990pf
ST BENEDICT S EPISCOPAL SCHOOL,Smyrna,GA,,,,,irs_990pf
TETON COUNTY SEARCH AND RESCUE,Jackson,WY,,,,,irs_990pf
FREQUENT FLYERS PRODUCTION,BOULDER,CO,,,,,irs_990pf
CHASI CHILDRENS HOME AID,CHICAGO,IL,,,,,irs_990pf
ALBANY PARK THEATER PROJECT,CHICAGO,IL,,,,,irs_990pf
LAKE GENEVA LYRIC OPERA HOUSE,WILLIAMS BAY,WI,,,,,irs_990pf
CONNOLLY RANCH,NAPA,CA,,,,,irs_990pf
ST MARY S FOOD BANK ALLIANCE,PHOENIX,AZ,,,,,irs_990pf
NIMBUS ARTS,HELENA,CA,,,,,irs_990pf
PIVEN THEATRE,EVANTSTON,IL,,,,,irs_990pf
BOULDER MUSEUM OF CONTEMPORARY ART,BOULDER,CO,,,,,irs_990pf
INGLIS HOUSE,PHILADELPHIA,PA,,,,,irs_990pf
THE VILLAGE SERVICES,ROSEMONT,PA,,,,,irs_990pf
TEMPLE UNIVERSITY,PHILADELPHIA,PA,,,,,irs_990pf
BOARD OF TR BETHLEHEM PRESBY CHURCH,PHILADELPHIA,PA,,,,,irs_990pf
PRESBY MEDICAL CENTER OF PHILADELPHIA,PHILADELPHIA,PA,,,,,irs_990pf
BALA PRESBYTERIAN HOME FND,LAFAYETTE HILL,PA,,,,,irs_990pf
EASTERN GATEWAY COMM COLLEGE,STUBENVILLE,OH,,,,,irs_990pf
UNITED WAY OF JEFFERSON CNTY,STEUBENVILLE,OH,,,,,irs_990pf
STEUBENVILLE YWCA,STEUBENVILLE,OH,,,,,irs_990pf
YOUTH ACTIVITIES OF STEUBENVILLE,STEUBENVILLE,OH,,,,,irs_990pf
FIRST CHURCH OF CHRISTIAN SCI,STEUBENVILLE,OH,,,,,irs_990pf
AMERICAN CANCER SOCIETY,OKLAHOMA CITY,OK,,,,,irs_990pf
FIRST WESTMINSTER PRESB CHURCH,STEUBENVILLE,OH,,,,,irs_990pf
TRINITY HEALTH SYST,STEUBENVILLE,OH,,,,,irs_990pf
CHILDREN S HOSPITAL OF PHILADELPHIA,PHILADELPHIA,PA,,,,,irs_990pf
AURORA HOUSE,SPENCERPORT,NY,,,,,irs_990pf
BIVONA CHILD ADVOCACY,ROCHESTER,NY,,,,,irs_990pf
BROCKPORT COLLEGE FOUNDATION,BROCKPORT,NY,,,,,irs_990pf
BROCKPORT FOOD SHELF,BROCKPORT,NY,,,,,irs_990pf
BROCKPORT HIGH SCHOOL,BROCKPORT,NY,,,,,irs_990pf
BYRON BERGEN HIGH SCHOOL,BERGEN,NY,,,,,irs_990pf
CAMP HACCAMO,ROCHESTER,NY,,,,,irs_990pf
CHURCHVILLE CHILI HIGH SCHOOL,CHURCHVILLE,NY,,,,,irs_990pf
CYSTIC FIBROSIS ROCHESTER CHAPTER,PITTSFORD,NY,,,,,irs_990pf
EAGLE STAR HOUSING,SPENCERPORT,NY,,,,,irs_990pf
EASTMAN SCHOOL OF MUSIC,ROCHESTER,NY,,,,,irs_990pf
GENESEE COMMUNITY COLLEGE FOUNDATION,BATAVIA,NY,,,,,irs_990pf
GENESEE COUNTRY MUSEUM,MUMFORD,NY,,,,,irs_990pf
GEVA THEATRE CENTER INC,ROCHESTER,NY,,,,,irs_990pf
HILTON HIGH SCHOOL,HILTON,NY,,,,,irs_990pf
HOMESTEAD FOR HOPE,ROCHESTER,NY,,,,,irs_990pf
HOPE HALL,ROCHESTER,NY,,,,,irs_990pf
JUNIOR ACHIEVEMENT OF ROCHESTER NY AREA,ROCHESTER,NY,,,,,irs_990pf
KAPPA KAPPA GAMMA FOUNDATION,COLUMBUS,OH,,,,,irs_990pf
MEMORIAL ART GALLERY,ROCHESTER,NY,,,,,irs_990pf
MONROE 2-ORLEANS BOCES,SPENCERPORT,NY,,,,,irs_990pf
MONROE COMMUNITY COLLEGE FOUNDATION,ROCHESTER,NY,,,,,irs_990pf
MONROE ONE BOCES,FAIRPORT,NY,,,,,irs_990pf
NAZARETH COLLEGE,ROCHESTER,NY,,,,,irs_990pf
OGDEN HISTORICAL SOCIETY,ADAMS BASIN,NY,,,,,irs_990pf
OUT OF POCKET INC,ROCHESTER,NY,,,,,irs_990pf
PATRICK PLACE,SCOTTSVILLE,NY,,,,,irs_990pf
ROCHESTER ROTARY CLUB,ROCHESTER,NY,,,,,irs_990pf
SAINT BONAVENTURE UNIVERSITY,ST BONAVENTURE,NY,,,,,irs_990pf
SALMON CHILDREN S FOUNDATION,ALBION,NY,,,,,irs_990pf
SENECA PARK ZOO,ROCHESTER,NY,,,,,irs_990pf
SPENCERPORT DEPOT CANAL MUSEUM,SPENCERPORT,NY,,,,,irs_990pf
SPENCERPORT HIGH SCHOOL,SPENCERPORT,NY,,,,,irs_990pf
ST JOHN THE EVANGELIST CHURCH,SPENCERPORT,NY,,,,,irs_990pf
ST JUDE CHURCH,ROCHESTER,NY,,,,,irs_990pf
THE HOCHSTEIN SCHOOL OF MUSIC DANCE,ROCHESTER,NY,,,,,irs_990pf
WESTSIDE YMCA,ROCHESTER,NY,,,,,irs_990pf
WHEATLAND CHILI HIGH SCHOOL,SCOTTSVILLE,NY,,,,,irs_990pf
WXXI,ROCHESTER,NY,,,,,irs_990pf
YOUNG WOMEN S COLLEGE PREP,ROCHESTER,NY,,,,,irs_990pf
HATZALAH VOLUNTEER EMS,Elberon,NJ,,,,,irs_990pf
HILLEL YESHIVA,OCEAN,NJ,,,,,irs_990pf
ILAN HIGH SCHOOL,ELBERON,NJ,,,,,irs_990pf
EDMOND J SAFRA SYNAG OF DEAL,DEAL,NJ,,,,,irs_990pf
BEIT ARIEL,BROOKLYN,NY,,,,,irs_990pf
CHILDREN S VILLAGE OF JERUSALEM,NEW YORK,NY,,,,,irs_990pf
AGUDAT AHABA VE ACHVA,BROOKLYN,NY,,,,,irs_990pf
PEARL BLAU LEARNING CENTER,LAKEWOOD,NJ,,,,,irs_990pf
RABBENU YOEL TALMUD TORAH,BROOKLYN,NY,,,,,irs_990pf
SEPHARDIC FOOD FUND,NEW YORK,NY,,,,,irs_990pf
FRIENDS OF AHAVAT SHALOM,NEW YORK,NY,,,,,irs_990pf
MEMORIAL SLOAN KETTERING CANCE,NEW YORK,NY,,,,,irs_990pf
OHR JOSEPH INSTITUTIONS,NEW YORK,NY,,,,,irs_990pf
AMERICAN FRIENDS OF KOLLEL OITZER S,BROOKLYN,NY,,,,,irs_990pf
BET MEDRASH TORAT CHAIM,Lakewood,NJ,,,,,irs_990pf
BET YAAKOV OF THE JERSEY SHORE,West Long Branch,NJ,,,,,irs_990pf
KINYANEI HA TORAH YESHIVA CENTER,LONG BRANCH,NJ,,,,,irs_990pf
TORAT MOSHE YESHIVA,BROOKLYN,NY,,,,,irs_990pf
YESHIVAT MIKDASH MELECH,BROOKLYN,NY,,,,,irs_990pf
KOL YAAKOV,BROOKLYN,NY,,,,,irs_990pf
CONGREGATION SHAARE RAHAMIM,BROOKLYN,NY,,,,,irs_990pf
THE FRIENDSHIP CIRCLE,LIVINGSTON,NJ,,,,,irs_990pf
SEPHARDIC ACADEMY OF MANHATTAN,NEW YORK,NY,,,,,irs_990pf
CHARNA RADBELL FOUNDATION,LAWRENCE,NY,,,,,irs_990pf
REFUAH YESHUAH,BROOKLYN,NY,,,,,irs_990pf
KAHAL JAREDIM,BROOKLYN,NY,,,,,irs_990pf
AMERICAN FRIENDS OF KOL YEHUDA,DEAL,NJ,,,,,irs_990pf
HACHAM SHAUL,BROOKLYN,NY,,,,,irs_990pf
YESHIVAT SHAARE TESHUVA VECHAIM,BROOKLYN,NY,,,,,irs_990pf
ABIR YAAKOV,,,,,,,irs_990pf
CONGREGATION KEHILATH JESHURUN,NEW YORK,NY,,,,,irs_990pf
EZER MIZION,BROOKLYN,NY,,,,,irs_990pf
HATZALAH OF MIAMI DADE,NORTH MIAMI BEACH,FL,,,,,irs_990pf
KHT KOL YAAKOV,BROOKLYN,NY,,,,,irs_990pf
KOLLEL OR LETZION,BROOKLYN,NY,,,,,irs_990pf
PEF ISRAEL ENDOWMENT FUNDS INC,NEW YORK,NY,,,,,irs_990pf
REACH FOR THE STARS LEARNING CENTER,BROOKLYN,NY,,,,,irs_990pf
AMERICAN FRIENDS OF HEBRON YESHIVA,NEW YORK,NY,,,,,irs_990pf
CHABAD LUBAVITCH OF SOUTHERN FRANCE,BROOKLYN,NY,,,,,irs_990pf
YESHIVAT ATERET TORAH,BROOKLYN,NY,,,,,irs_990pf
EDMUND J SAFRA SYNAGOGUE,AVENTURA,FL,,,,,irs_990pf
CHESED 247,SPRING VALLEY,NY,,,,,irs_990pf
CONG SFAT TAMMIM,BROOKLYN,NY,,,,,irs_990pf
CONGREGATION MAGEN DAVID OF WEST DE,DEAL,NJ,,,,,irs_990pf
DEAL SEPHARIC NETWORK COMMUNITY CEN,OAKHURST,NJ,,,,,irs_990pf
HOLOCAUST MEMORIAL MUSEUM,ALBERT LEA,MN,,,,,irs_990pf
LARCHWOOD MINYAN INC,EATONTOWN,NJ,,,,,irs_990pf
OHEL SIMHA SUPER FUND,ELBERON,NJ,,,,,irs_990pf
TORAT HANACHAL,ELBERON,NJ,,,,,irs_990pf
WIZO,NEW YORK,NY,,,,,irs_990pf
YESHIVAT OR HATORAH,BROOKLYN,NY,,,,,irs_990pf
BNEI ARAM SOBA,TEANECK,NJ,,,,,irs_990pf
CONGREGATION BENAI YESHIVAH,LONG BRANCH,NJ,,,,,irs_990pf
CONGREGATION MAGEN DAVID OF MANHATT,NEW YORK,NY,,,,,irs_990pf
HECHAL EZRA,NEW YORK,NY,,,,,irs_990pf
MEIR PANIM,BROOKLYN,NY,,,,,irs_990pf
OHR HALACHA,BROOKLYN,NY,,,,,irs_990pf
RAMAZ,BROOKLYN,NY,,,,,irs_990pf
SYNAGOGUE OF DEAL,DEAL,NJ,,,,,irs_990pf
THE HEBREW FREE BURIAL ASSOCIATION,NEW YORK,NY,,,,,irs_990pf
BRIDGE ACADEMY,OCEAN,NJ,,,,,irs_990pf
INSTITUTIONS NACHALAT SHALOM,,,,,,,irs_990pf
NETIVEY OHR YAAKOV INC,LAKEWOOD,NJ,,,,,irs_990pf
RENEWAL,BROOKLYN,NY,,,,,irs_990pf
SEPHARDIC MIKVEH OF MIDWOOD,NEW YORK,NY,,,,,irs_990pf
UPPER EAST SIDE HATZOLAH,NEW YORK,NY,,,,,irs_990pf
CONGREGATION MAGEN ABRAHAM,WEST LONG BRANCH,NJ,,,,,irs_990pf
JHU-PHYLLIS F ALBSTEIN FUND FOR BRA,NEW YORK,NY,,,,,irs_990pf
KIDS OF COURAGE,BROOKLYN,NY,,,,,irs_990pf
MILL BASIN YESHIVA ACADEMY,BROOKLYN,NY,,,,,irs_990pf
AHRON WEINSTOCK,MONROE,NY,,,,,irs_990pf
AMERICAN JEWISH JOINT DISTRIBUTION,WASHINGTON,DC,,,,,irs_990pf
ATIME,BROOKLYN,NY,,,,,irs_990pf
BEIT YEHUDA INC,BROOKLYN,NY,,,,,irs_990pf
CAMP SIMCHA,New York,NY,,,,,irs_990pf
CONGREGATION BEIT EDMOND,NEW YORK,NY,,,,,irs_990pf
CONGREGATION SHAARE ZION,BROOKLYN,NY,,,,,irs_990pf
ECHO NATIONAL JEWISH FOUNDATION,SPRING VALLEY,NY,,,,,irs_990pf
G MACH CHASDEI YITZCHOK,,,,,,,irs_990pf
HATHAWAY SYNAGOGUE,DEAL,NJ,,,,,irs_990pf
HIAS,WASHINGTON,DC,,,,,irs_990pf
ISRAEL CHILDREN S CANCER FOUNDATION,LAWRENCE,NY,,,,,irs_990pf
KOLLEL OF JERSEY SHORE,DEAL,NJ,,,,,irs_990pf
KSCVK,BROOKLYN,NY,,,,,irs_990pf
LEV HACHNOSAS KALLAH FUND,BROOKLYN,NY,,,,,irs_990pf
LOTTIE S KITCHEN OF EZER MIZION,BROOKLYN,NY,,,,,irs_990pf
MALKA GOLDSTEIN,,,,,,,irs_990pf
MBYA,BROOKLYN,NY,,,,,irs_990pf
MEIR PANIM LACHAYAL,BROOKLYN,NY,,,,,irs_990pf
MONMOUTH MEDICAL CENTER,NEWARK,NJ,,,,,irs_990pf
NATIONAL LAW ENFORCEMENT OFFICERS,WASHINGTON,DC,,,,,irs_990pf
OCEAN TOWNSHIP LITTLE LEAGUE,OCEAN,NJ,,,,,irs_990pf
ORPHAN BRIDAL FUND,DEAL,NJ,,,,,irs_990pf
SHAARE TEFILAH HESED FUND,EATONTOWN,NJ,,,,,irs_990pf
THE RAMAZ SCHOOL,NEW YORK,NY,,,,,irs_990pf
THE ROGOSIN INSTITUTE,NEW YORK,NY,,,,,irs_990pf
US FRIENDS OF YESHIVA BABA SALI,NORTH MIAMI BEACH,FL,,,,,irs_990pf
YESHIVA KETER TORAH,EATONTOWN,NJ,,,,,irs_990pf
SHUVI NAFSHI FOUNDATION INC,NEW YORK,NY,,,,,irs_990pf
GREGG S WINGS,EAST ROCKAWAY,NY,,,,,irs_990pf
INTERNATIONAL HELP OF MISSIONARIES INC,MIDDLE VILLAGE,NY,,,,,irs_990pf
MATER DEI INC,BOHEMIA,NY,,,,,irs_990pf
NAMASTE CHILDREN S FUND,SEATTLE,WA,,,,,irs_990pf
NYU LANGONE SCHOOL CENTER,NEW YORK,NY,,,,,irs_990pf
AMERCAN FRIENDS OF ISRAEL,NEW YORK,NY,,,,,irs_990pf
GREATER NY OPHTHALMOLOGY CLINICAL LECTURE SERIES,NEW YORK,NY,,,,,irs_990pf
JEWISH COMMUNITY RELATIONS COUNCIL,SAN FRANCISCO,CA,,,,,irs_990pf
JEWISH PALM BEACH,WEST PALM BEACH,FL,,,,,irs_990pf
MORGAN PRESSEL FOUNDATION,DELRAY BEACH,FL,,,,,irs_990pf
STUDENT ADVOCACY INC,ELMSFORD,NY,,,,,irs_990pf
AMERICAN JEWISH WORLD SERVICE,NEW YORK,NY,,,,,irs_990pf
AUTISM SPEAKS,NEW YORK,NY,,,,,irs_990pf
BREAKING GROUND,NEW YORK,NY,,,,,irs_990pf
BRONX CHILDREN S MUSEUM,BRONX,NY,,,,,irs_990pf
COMMUNITY ACCESS,NEW YORK,NY,,,,,irs_990pf
CONTRACTORS FOR KIDS,ISLANDIA,NY,,,,,irs_990pf
DOCTORS WITHOUT BORDERS USA,NEW YORK,NY,,,,,irs_990pf
FUND FOR THE AGED INC,NEW YORK,NY,,,,,irs_990pf
HABITAT FOR HUMANITY INTERNATIONAL,AMERICUS,GA,,,,,irs_990pf
HOUSING WORKS,BROOKLYN,NY,,,,,irs_990pf
JBI INTERNATIONAL INC,NEW YORK,NY,,,,,irs_990pf
KIDS FOR KATHMANDU,NEW YORK,NY,,,,,irs_990pf
NEPHCURE KIDNEY INTERNATIONAL,KING OF PRUSSIA,PA,,,,,irs_990pf
UNITED JEWISH APPEAL FEDERATION,NEW YORK,NY,,,,,irs_990pf
WNYC RADIO,NEW YORK,NY,,,,,irs_990pf
BEECH GROVE UNITED METH CHURCH,NEW BERN,NC,,,,,irs_990pf
AKIN GUMP SCHOOL PARTNERS,WASHINGTON,DC,,,,,irs_990pf
CHILDREN S NATIONAL MEDICAL CENTER,WASHINGTON,DC,,,,,irs_990pf
CLOSE UP FOUNDATION,ALEXANDRIA,VA,,,,,irs_990pf
MCLEAN SCHOOL OF MARYLAND,POTOMAC,MD,,,,,irs_990pf
NATIONAL DIAPER BANK NETWORK,NEW HAVEN,CT,,,,,irs_990pf
PREVENT CANCER FOUNDATION,ALEXANDRIA,VA,,,,,irs_990pf
SANAI HOUSE,WASHINGTON,DC,,,,,irs_990pf
THE POTOMAC SCHOOL,MCLEAN,VA,,,,,irs_990pf
THE UNIVERSITY OF VEMONT FOUNDATION,BURLINGTON,VT,,,,,irs_990pf
THOMAS S FOLEY LEGISLATIVE EXCHANGE,WASHINGTON,DC,,,,,irs_990pf
UNIVERSITY OF OKLAHOMA FOUNDATION,NORMAN,OK,,,,,irs_990pf
WASHINGTON HEBREW CONGREGATION,WASHINGTON,DC,,,,,irs_990pf
SEE ATTACHED,SEE ATTACHED,PA,,,,,irs_990pf
UNIVERSITY OF WASHINGTON,SEATTLE,WA,,,,,irs_990pf
ST OLAF COLLEGE,NORTHFIELD,MN,,,,,irs_990pf
CALIFORNIA POLYTECHNIC STATE UNIVER,SAN LUIS OBISPO,CA,,,,,irs_990pf
TUFTS UNIVERSITY,MEDFORD,MA,,,,,irs_990pf
NORTHEASTERN UNIVERSITY,BOSTON,MA,,,,,irs_990pf
HARVEY MUDD COLLEGE,CLAREMONT,CA,,,,,irs_990pf
UCLA,LOS ANGELES,CA,,,,,irs_990pf
HUTCH CANCER CENTER,SEATTLE,WA,,,,,irs_990pf
INTERCOLLEGIATE STUDIES INSTITUTE,WASHINGTON,DC,,,,,irs_990pf
INSTITUTE FOR JUSTICE,WASHINGTON,DC,,,,,irs_990pf
USO NORTHWEST,SEATTLE,WA,,,,,irs_990pf
CASE WESTERN RESERVE,CLEVELAND,OH,,,,,irs_990pf
HOOVER INSTITUTE,STANFORD,CA,,,,,irs_990pf
XAVIER UNIVERSITY,CINCINNATI,OH,,,,,irs_990pf
HOROWITZ FREEDOM CENTER,SHERMAN OAKS,CA,,,,,irs_990pf
DISCOVERY INSTITUTE,SEATTLE,WA,,,,,irs_990pf
CHASE LAW SCHOOL,HIGHLAND HEIGHTS,KY,,,,,irs_990pf
PURCELL MARIAN HIGH SCHOOL,CINCINNATI,OH,,,,,irs_990pf
WASHINGTON POLICY CENTER,SEATTLE,WA,,,,,irs_990pf
CLARE BOOTHE LUCE POLICY INSTITUTE,HERNDON,VA,,,,,irs_990pf
UNIVERSITY OF CINCINNATI FOUNDATION,CINCINNATI,OH,,,,,irs_990pf
HORATIO ALGER ASSOCIATION,ALEXANDRIA,VA,,,,,irs_990pf
NETWORK OF ENLIGHTENED WOMEN,WASHINGTON,DC,,,,,irs_990pf
GARY SINISE FOUNDATION,STUDIO CITY,CA,,,,,irs_990pf
ARIZONA STATE UNIVERSITY,TEMPE,AZ,,,,,irs_990pf
UNIVERSITY OF ARIZONA,TUCSON,AZ,,,,,irs_990pf
22 2 NONE,Mancelona,MI,,,,,irs_990pf
AGELESS AVIATION DREAMS FOUNDATION,CARSON CITY,NV,,,,,irs_990pf
AIDS RESOURCE CENTER OF WISCONSIN,MILWAUKEE,WI,,,,,irs_990pf
ALZHEIMER S ASSOCIATION,MILWAUKEE,WI,,,,,irs_990pf
AMERICAN FOUNDATION FOR SUICIDE PREVENTION,NEW YORK,NY,,,,,irs_990pf
AMERICAN LUNG ASSOCIATION IN WISCONSIN,BROOKFIELD,WI,,,,,irs_990pf
AUTISM SOCIETY OF SOUTHEASTERN WISCONSIN,WAUWATOSA,WI,,,,,irs_990pf
BALANCE INC,GRAFTON,WI,,,,,irs_990pf
BOYS AND GIRLS CLUB OF GREATER MILWAUKEE,MILWAUKEE,WI,,,,,irs_990pf
CAPUCHIN COMMUNITY SERVICES,MILWAUKEE,WI,,,,,irs_990pf
CATHOLIC CHARITIES USA,ALEXANDRIA,VA,,,,,irs_990pf
CENTRO LEGAL,MILWAUKEE,WI,,,,,irs_990pf
CHASING CHAD CORP,PEWAUKEE,WI,,,,,irs_990pf
CJ LOMAS RECOVERY FOUNDATION,GREENFIELD,WI,,,,,irs_990pf
COA YOUTH FAMILY CENTERS,MILWAUKEE,WI,,,,,irs_990pf
COLUMBIAN HIGH SCHOOL,TIFFIN,OH,,,,,irs_990pf
COMMUNITY ADVOCATES INC,MILWAUKEE,WI,,,,,irs_990pf
COMMUNITY PROJECTS FOR SENIORS,MILWAUKEE,WI,,,,,irs_990pf
CONCORD CHAMBER ORCHESTRA INC,MILWAUKEE,WI,,,,,irs_990pf
CULINARY EDUCATION PROGRAM INC,MILWAUKEE,WI,,,,,irs_990pf
EISENHOWER CENTER,MILWAUKEE,WI,,,,,irs_990pf
FONDY FARMER S MARKET,MILWAUKEE,WI,,,,,irs_990pf
GRANVILLE ECONOMIC DEVELOPMENT CORP,MILWAUKEE,WI,,,,,irs_990pf
HAVENWOODS ECONOMIC DEVELOPMENT CORP,MILWAUKEE,WI,,,,,irs_990pf
HOMETOWN HEROES,MONROE,NC,,,,,irs_990pf
HOPE STREET MINISTRIES,MILWAUKEE,WI,,,,,irs_990pf
HORIZON HOME CARE AND HOSPICE,MILWAUKEE,WI,,,,,irs_990pf
HUNGER TASK FORCE OF MILWAUKEE INC,MILWAUKEE,WI,,,,,irs_990pf
INDEPENDENCE FIRST STRIDE GLIDE,MILWAUKEE,WI,,,,,irs_990pf
JDRF,WAUWATOSA,WI,,,,,irs_990pf
JUNIOR ACHIEVEMENT,MILWAUKEE,WI,,,,,irs_990pf
LIGHTHOUSE YOUTH CENTER,MILWAUKEE,WI,,,,,irs_990pf
LINDENGROVE FOUNDATION,BROOKFIELD,WI,,,,,irs_990pf
LITTLE BAKERS ASSOCIATION,MILWAUKEE,WI,,,,,irs_990pf
MACC FUND,MILWAUKEE,WI,,,,,irs_990pf
MAHONE FUND,KENOSHA,WI,,,,,irs_990pf
MAKE-A-WISH FOUNDATION OF WISCONSIN INC,WAUWATOSA,WI,,,,,irs_990pf
MARQUETTE UNIVERSITY HIGH SCHOOL,MILWAUKEE,WI,,,,,irs_990pf
MARQUETTE UNIVERSITY,MILWAUKEE,WI,,,,,irs_990pf
MILWAUKEE AREA YOUTH GOLF ACADEMY,GLENDALE,WI,,,,,irs_990pf
MILWAUKEE PBS,MILWAUKEE,WI,,,,,irs_990pf
MILWAUKEE PUBLIC LIBRARY FOUNDATION,MILWAUKEE,WI,,,,,irs_990pf
MILWAUKEE PUBLIC SCHOOLS FOUNDATION INC,MILWAUKEE,WI,,,,,irs_990pf
MILWAUKEE PUBLIC SCHOOLS,MILWAUKEE,WI,,,,,irs_990pf
MILWAUKEE SCHOOL OF ENGINEERING,MILWAUKEE,WI,,,,,irs_990pf
MILWAUKEE WORLD FESTIVAL INC,MILWAUKEE,WI,,,,,irs_990pf
MKE FELLOWS,MILWAUKEE,WI,,,,,irs_990pf
NANNA S BABIES,MENOMONEE FALLS,WI,,,,,irs_990pf
NATIONAL ATAXIA FOUNDATION,MINNEAPOLIS,MN,,,,,irs_990pf
NATIONAL MS SOCIETY,HARTLAND,WI,,,,,irs_990pf
PEACE FOR CHANGE ALLIANCE INC,MILWAUKEE,WI,,,,,irs_990pf
PROFESSIONAL DIMENSIONS FOUNDATION,MILWAUKEE,WI,,,,,irs_990pf
RAISING THE BAR INC,MILWAUKEE,WI,,,,,irs_990pf
SAFE SOUND INC,MILWAUKEE,WI,,,,,irs_990pf
SAINTA,MILWAUKEE,WI,,,,,irs_990pf
SCHOLASTIC FUND FOR STUDENTS OF HISPANIC DESCENT,WAUKESHA,WI,,,,,irs_990pf
SILVER SPRING NEIGHBORHOOD CENTER,MILWAUKEE,WI,,,,,irs_990pf
SOCIAL DEVELOPMENT FOUNDATION,MILWAUKEE,WI,,,,,irs_990pf
STARS AND STRIPES HONOR FLIGHT,MENOMONEE FALLS,WI,,,,,irs_990pf
STEM FORWARD,MILWAUKEE,WI,,,,,irs_990pf
THE BETTER PROJECT AWARENESS FOUNDATION,MILWAUKEE,WI,,,,,irs_990pf
THE GATHERING OF SOUTHEAST WISCONSIN,MILWAUKEE,WI,,,,,irs_990pf
TROWBRIDGE SCHOOL,MILWAUKEE,WI,,,,,irs_990pf
UNITED PERFORMING ARTS FUND,MILWAUKEE,WI,,,,,irs_990pf
UNIVERSITY OF WISCONSIN OSHKOSH,OSHKOSH,WI,,,,,irs_990pf
USO WISCONSIN,MILWAUKEE,WI,,,,,irs_990pf
UWM FOUNDATION,MILWAUKEE,WI,,,,,irs_990pf
WISCONSIN EQUAL JUSTICE FUND INC,WAUSAU,WI,,,,,irs_990pf
WISCONSIN ESGR INC,MADISON,WI,,,,,irs_990pf
WSU FOUNDATION,PULLMAN,WA,,,,,irs_990pf
AMERICAN RED CROSS,CHARLESTON,WV,,,,,irs_990pf
CLAY CENTER MILLION SMILES CAMPAIGN,CHARLESTON,WV,,,,,irs_990pf
GKVF-ELEVATORS PROGRAM,CHARLESTON,WV,,,,,irs_990pf
GREATER NITRO YOUTH FOUNDATION,NITRO,WV,,,,,irs_990pf
HEIFER FOUNDATION,LITTLE ROCK,AR,,,,,irs_990pf
MANNA MEAL,CHARLESTON,WV,,,,,irs_990pf
SALVATION ARMY,CHARLESTON,WV,,,,,irs_990pf
UNION MISSION,CHARLESTON,WV,,,,,irs_990pf
WV YOUTH SYMPHONY,CHARLESTON,WV,,,,,irs_990pf
WVU FOUNDATION,MORGANTOWN,WV,,,,,irs_990pf
YWCA SOJOURNERS,CHARLESTON,WV,,,,,irs_990pf
UNIVERSITY OF CHARLESTON,CHARLESTON,WV,,,,,irs_990pf
WEST VIRGINIA STATE UNIVERSITY,INSTITUTE,WV,,,,,irs_990pf
YOUNGSTOWN STATE UNIVERSITY FOUNDATION,YOUNGSTOWN,OH,,,,,irs_990pf
AMERICAN DIABETES ASSOC,MERRIFIELD,VA,,,,,irs_990pf
AMERICAN HEART ASSOC,BURLINGAME,CA,,,,,irs_990pf
BEACH CITIES INTERFAITH SERVICES INC,HUNTINGTON BEACH,CA,,,,,irs_990pf
CAMP OF DREAMS,CHICAGO,IL,,,,,irs_990pf
CATHOLIC CHARITIES OF ORANGE COUNTY,SANTA ANA,CA,,,,,irs_990pf
CHILDREN S HOME SOCIETY OF CALIFORNIA,LOS ANGELES,CA,,,,,irs_990pf
CHOC CHILDREN S HOSPITAL OF OC,ORANGE,CA,,,,,irs_990pf
CITY OF HOPE,DUARTE,CA,,,,,irs_990pf
CYSTIC FIBROSIS FOUNDATION,PHOENIX,AZ,,,,,irs_990pf
DAYLE MCINTOSH CENTER FOR THE DISABLED,GARDEN GROVE,CA,,,,,irs_990pf
KADIMA CONSERVATORY,SHERMAN OAKS,CA,,,,,irs_990pf
KCET TV,BURBANK,CA,,,,,irs_990pf
KOCE TV FOUNDATION,SANTA ANA,CA,,,,,irs_990pf
KUSC,LOS ANGELES,CA,,,,,irs_990pf
LONG BEACH PLAYHOUSE,LONG BEACH,CA,,,,,irs_990pf
LOS ANGELES COUNTY MUSEUM OF ARTS,LOS ANGELES,CA,,,,,irs_990pf
LOS ANGELES PERFORMANCE PRACTICE,NEW YORK,NY,,,,,irs_990pf
LUPUS RESEARCH ALLIANCE,NEW YORK,NY,,,,,irs_990pf
LUTHERAN SOCIAL SERVICES,SANTA ANA,CA,,,,,irs_990pf
MADD,IRVING,TX,,,,,irs_990pf
MARYLAND PUBLIC TELEVISION,OWINGS MILLS,MD,,,,,irs_990pf
NATIONAL JEWISH HEALTH,SHERMAN OAKS,CA,,,,,irs_990pf
NATIONAL KIDNEY FOUNDATION INC,NEW YORK,NY,,,,,irs_990pf
NATIONAL MULTIPLE SCLEROSIS SOCIETY,SAN DIEGO,CA,,,,,irs_990pf
NATIONAL MUSEUM OF AMERICANS IN WARTIME,FAIRFAX,VA,,,,,irs_990pf
NEW CANAAN COUNTRY SCHOOL,NEW CANAAN,CT,,,,,irs_990pf
NEW DIRECTIONS INC,LOS ANGELES,CA,,,,,irs_990pf
NPR FOUNDATION,WASHINGTON,DC,,,,,irs_990pf
ORANGE COUNTY HUMANE SOCIETY,HUNTINGTON BEACH,CA,,,,,irs_990pf
ORANGE COUNTY RESCUE MISSION,TUSTIN,CA,,,,,irs_990pf
PBS FOUNDATION,ARLINGTON,VA,,,,,irs_990pf
SERVING PEOPLE IN NEED INC,COSTA MESA,CA,,,,,irs_990pf
SHARE OUR SELVES CLINIC SVSC,COSTA MESA,CA,,,,,irs_990pf
SHARE OUR SELVES EMERGENCY SVSC,COSTA MESA,CA,,,,,irs_990pf
SILVER HILL HOSPITAL,NEW CANAAN,CT,,,,,irs_990pf
SOUTHERN CALIFORNIA COUNSELING CENTER,LOS ANGELES,CA,,,,,irs_990pf
THE CAMBODIAN FAMILY INC,SANTA ANA,CA,,,,,irs_990pf
THE HERITAGE FOUNDATION,WASHINGTON,DC,,,,,irs_990pf
UNITED NEGRO COLLEGE FUND,BOSTON,MA,,,,,irs_990pf
WAMU,WASHINGTON,DC,,,,,irs_990pf
WAYFINDERS,SANTA ANA,CA,,,,,irs_990pf
WETA,ARLINGTON,VA,,,,,irs_990pf
WOUNDED WARRIORS PROJECT,TOPEKA,KS,,,,,irs_990pf
ZVI DANCE,NEW YORK,NY,,,,,irs_990pf
BETHANY MENNONITE CHURCH,FREEMAN,SD,,,,,irs_990pf
GOODWILL INDUSTRIES,SIOUX CITY,IA,,,,,irs_990pf
SALEM MENNONITE BRETH CHU,BRIDGEWATER,SD,,,,,irs_990pf
SALVATION ARMY,OMAHA,NE,,,,,irs_990pf
ST VINCENT DEPAUL OF SIOU,SIOUX FALLS,SD,,,,,irs_990pf
UNION GOSPEL MISSION,SIOUX FALLS,SD,,,,,irs_990pf
UNITED CHURCH OF CHRIST,PARKSTON,SD,,,,,irs_990pf
POPE JOHN XXIII HIGH SCHOOL,Sparta,NJ,,,,,irs_990pf
ST JOSEPH S RC CHURCH,West Milford,NJ,,,,,irs_990pf
CITY OF GUYMON,GUYMON,OK,,,,,irs_990pf
OKLAHOMA PANHANDLE STATE UNIVERSITY,GOODWELL,OK,,,,,irs_990pf
HUSSON UNIVERSITY,BANGOR,ME,,,,,irs_990pf
AROOSTOOK HOUSE OF COMFORT,PRESQUE ISLE,ME,,,,,irs_990pf
CAMP PERKINS LUTHERAN OUTDOOR MINIS,HAILEY,ID,,,,,irs_990pf
ST LUKES HOSPITAL,BOISE,ID,,,,,irs_990pf
GRACE NOTES MUSIC STUDIOSMADLER,Newport News,VA,,,,,irs_990pf
CHABAD RUSSIAN CENTER OF S FLORIDA,SUNNY ISLES BEACH,FL,,,,,irs_990pf
JEWISH COMMUNITY CENTER OF MOSCOW,BROOKLYN,NY,,,,,irs_990pf
PAWS WITH A PURPOSE,LOUISVILLE,KY,,,,,irs_990pf
SOUTHEASTERN GUIDE DOGS,PALMETTO,FL,,,,,irs_990pf
PRIMATE RESCUE CENTER,NICHOLASVILLE,KY,,,,,irs_990pf
WILD CAT SANCTUARY,SANDSTONE,MN,,,,,irs_990pf
THE ELEPHANT SANCTUARY,HOHENWALD,TN,,,,,irs_990pf
SECOND CHANCES WILDLIFE CENTER,MT WASHINGTON,KY,,,,,irs_990pf
COL POTTER CAIRN RESCUE NETWORKI,MENIFEE,CA,,,,,irs_990pf
CAN DO CANINES,NEW HOPE,MN,,,,,irs_990pf
KENTUCKY PETS ALIVE,LOUISVILLE,KY,,,,,irs_990pf
TRIBE ANIMAL SANCTUARY,LOUISVILLE,KY,,,,,irs_990pf
COMMUNITY FOUNDATION OF ORANGE COUN,Montgomery,NY,,,,,irs_990pf
TOWN OF HIGHLANDS POLICE DEPT,Highland Falls,NY,,,,,irs_990pf
VILLAGE OF CORNWALL POLICE DEPT,Corwall on Hudson,NY,,,,,irs_990pf
CHESHIRE HOME INC,Florham Park,NJ,,,,,irs_990pf
RISING STAR HORSE RESCUE,Redding,CT,,,,,irs_990pf
NEW WINDSOR POLICE DEPT,New Windsor,NY,,,,,irs_990pf
SEMINOLE SOCCER CLUB,Sanford,FL,,,,,irs_990pf
FUTURES INC,Daytona Beach,FL,,,,,irs_990pf
SQUIRRELWOOD EQUINE SANCTUARY,Montgomery,NY,,,,,irs_990pf
FRIENDS OF RIDGEFIELD COMMUNITY PRO,Ridgefield,CT,,,,,irs_990pf
GATEWAY CENTER FOR THE ARTS INC,DeBary,FL,,,,,irs_990pf
PROSPECTS OPPORTUNITY ENRICHMENT,Ridgefield,CT,,,,,irs_990pf
COMMUNITY UNITED METHODIST CHURCH,DeBary,FL,,,,,irs_990pf
MARLBORO POLICE DEPARTMENT,Milton,NY,,,,,irs_990pf
PLAY FOR YOUR FREEDOM,Walden,NY,,,,,irs_990pf
DEBARY SCHOLARSHIP FOUNDATION,DeBary,FL,,,,,irs_990pf
NORTHERN ARIZONA UNIVERSITY,FLAGSTAFF,AZ,,,,,irs_990pf
WILLCOX FIRE DEPARTMENT,WILLCOX,AZ,,,,,irs_990pf
AMERICAN LEGION POST 45,BENSON,AZ,,,,,irs_990pf
GOLDWATER INSTITUTE,PHOENIX,AZ,,,,,irs_990pf
BRIGHAM YOUNG UNIVERSITY,PROVO,UT,,,,,irs_990pf
COCHISE COUNTY SENIOR MEALS,BENSON,AZ,,,,,irs_990pf
WILDCAT YOUTH HOCKEY ASSOCIATION,TUCSON,AZ,,,,,irs_990pf
ACLU FOUNDATION,LOS ANGELES,CA,,,,,irs_990pf
ASPCA,ASHEVILLE,NC,,,,,irs_990pf
BETH MORRISON PROJECTS,BROOKLYN,NY,,,,,irs_990pf
GLIMMERGLASS FOUNDATION,MOUNTAIN VIEW,CA,,,,,irs_990pf
KIF1AORG,NEW YORK,NY,,,,,irs_990pf
LEAGUE TO SAVE LAKE TAHOE,SOUTH LAKE TAHOE,CA,,,,,irs_990pf
OUR HOUSE GRIEF SUPPORT CENTER,LOS ANGELES,CA,,,,,irs_990pf
PLANNED PARENTHOOD,LOS ANGELES,CA,,,,,irs_990pf
SOLVE MECFS INITIATIVE,LOS ANGELES,CA,,,,,irs_990pf
THEATRE COMMUNICATIONS GROUP,NEW YORK,NY,,,,,irs_990pf
LA OPERA FOUNDATION,LOS ANGELES,CA,,,,,irs_990pf
HAZELDEN BETTY FORD FOUNDATION,CENTER CITY,MN,,,,,irs_990pf
WHITE PLAINS HOSPITAL,WHITE PLAINS,NY,,,,,irs_990pf
CORP METODISTA NON-PROFIT TEACHER C,,,,,,,irs_990pf
OPERADOS LLOYD,,,,,,,irs_990pf
LINCOLN ELEMENTARY,Corona Del Mar,CA,,,,,irs_990pf
AFRICA CHILD FOUNDATION,Irvine,CA,,,,,irs_990pf
UC IRVINE FOUNDATION,Irvine,CA,,,,,irs_990pf
CHABAD OF SOUTH PALM BEACH,MANALAPAN,FL,,,,,irs_990pf
FLAGLER MUSEUM,PALM BEACH,FL,,,,,irs_990pf
ISRAEL TENNIS CENTERS FOUNDATION,DEERFIELD BEACH,FL,,,,,irs_990pf
NEW YORK PRESBYTERIAN HOSPITAL,NEW YORK,NY,,,,,irs_990pf
NORTON MUSEUM OF ART,WEST PALM BEACH,FL,,,,,irs_990pf
THE SOCIETY OF THE FOUR ARTS,PALM BEACH,FL,,,,,irs_990pf
TOWN OF PALM BEACH UNITED WAY,PALM BEACH,FL,,,,,irs_990pf
UNIVERSITY OF MICHIGAN HILLEL,ANN ARBOR,MI,,,,,irs_990pf
WXEL,BOYNTON BEACH,FL,,,,,irs_990pf
FORGOTTEN SOLDIERS OUTREACH,LAKE WORTH,FL,,,,,irs_990pf
TRUSTBRIDGE HOSPICE FOUNDATION,WEST PALM BEACH,FL,,,,,irs_990pf
BREAD FOR THE CITY INC,WASHINGTON,DC,,,,,irs_990pf
FIRC FAMILY INTERCULTURAL RESOURCE,SILVERTHORNE,CO,,,,,irs_990pf
HIGH COUNTRY SOCCER,FRISCO,CO,,,,,irs_990pf
LAKE DILLON THEATRE COMPANY,DILLON,CO,,,,,irs_990pf
PINE VILLAGE,MOUNDRIDGE,KS,,,,,irs_990pf
SOCIETY FOR FINANCIAL EDUCATION PRO,FORT WASHINGTON,MD,,,,,irs_990pf
MOUNTAIN DREAMERS,FRISCO,CO,,,,,irs_990pf
OAK HILL SCHOOL,SAN ANSELMO,CA,,,,,irs_990pf
VARIOUS,Various,NY,,,,,irs_990pf
COMMUNITY LINK,SAGINAW,TX,,,,,irs_990pf
GENEVIEVE PASTENA,Port Chester,NY,,,,,irs_990pf
350VERMONTORG,Burlington,VT,,,,,irs_990pf
ACLU FOUNDATION OF VERMONT,Montpelier,VT,,,,,irs_990pf
AMERICAN FORESTS,Washington,DC,,,,,irs_990pf
ASSOCIATION OF VERMONT CONSERVATION COMMISSIONS,Montpelier,VT,,,,,irs_990pf
AUDUBON VERMONT,Huntington,VT,,,,,irs_990pf
BURKE MOUNTAIN ACADEMY,East Burke,VT,,,,,irs_990pf
BURLINGTON BICYCLE PROJECT,Burlington,VT,,,,,irs_990pf
CATAMOUNT TRAIL ASSOCIATION,Burlington,VT,,,,,irs_990pf
CENTER FOR TECHNOLOGY ESSEX,Essex Junction,VT,,,,,irs_990pf
CITIZENS AWARENESS NETWORK,Shelburne Falls,MA,,,,,irs_990pf
CONNECTICUT RIVER WATERSHED COUNCIL,Greenfield,MA,,,,,irs_990pf
CONSERVATION LAW FOUNDATION,Boston,MA,,,,,irs_990pf
DEMOCRACY NOW,New York,NY,,,,,irs_990pf
ENERGY ACTION NETWORK,Montpelier,VT,,,,,irs_990pf
FAIRBANKS MUSEUM PLANETARIUM,Saint Johnsbury,VT,,,,,irs_990pf
GOVERNORS INSTITUTES OF VERMONT,South Burlington,VT,,,,,irs_990pf
GREEN MOUNTAIN CLUB INC,Waterbury Center,VT,,,,,irs_990pf
GREEN MOUNTAIN CONSERVANCY,West Dummerston,VT,,,,,irs_990pf
HUNGER FREE VERMONT,South Burlington,VT,,,,,irs_990pf
KEEPING TRACK,Richmond,VT,,,,,irs_990pf
KIDS ON THE BALL,Burlington,VT,,,,,irs_990pf
LAKE CHAMPLAIN COMMITTEE INC,Burlington,VT,,,,,irs_990pf
LAKE CHAMPLAIN INTERNATIONAL INC,Colchester,VT,,,,,irs_990pf
LAKE CHAMPLAIN MARITIME MUSEUM INC,Vergennes,VT,,,,,irs_990pf
LEAD INTERNATIONAL,Montpelier,VT,,,,,irs_990pf
LEWIS CREEK WATERSHED ASSOCIATION,Charlotte,VT,,,,,irs_990pf
MIDDLEBURY COLLEGE,Middlebury,VT,,,,,irs_990pf
MOUNT MANSFIELD EDUCATIONAL FOUNDATION,Stowe,VT,,,,,irs_990pf
NOFA-VERMONT,Richmond,VT,,,,,irs_990pf
NORTH AMERICAN LAKE MANAGEMENT SOCIETY,Madison,WI,,,,,irs_990pf
NORTHERN FOREST CENTER,Concord,NH,,,,,irs_990pf
REAL ORGANIC PROJECT,East Thetford,VT,,,,,irs_990pf
REGENERATION VERMONT INC,Hardwick,VT,,,,,irs_990pf
RENEWABLE ENERGY VERMONT EDUCATION FUND,Montpelier,VT,,,,,irs_990pf
THE RETREAT FARM,Brattleboro,VT,,,,,irs_990pf
RIGHTS AND DEMOCRACY EDUCATION FUND,Burlington,VT,,,,,irs_990pf
SHELBURNE FIREFIGHTERS ASSOCIATION,Shelburne,VT,,,,,irs_990pf
SHELBURNE POLICE DEPARTMENT,Shelburne,VT,,,,,irs_990pf
SHELBURNE RESCUE SQUAD,Shelburne,VT,,,,,irs_990pf
THE SKIDMORE FUND,Saratoga Springs,NY,,,,,irs_990pf
STOWE PERFORMING ARTS CENTER,Stowe,VT,,,,,irs_990pf
STOWE POLICE DEPARTMENT,Stowe,VT,,,,,irs_990pf
STOWE RESCUE SQUAD,Stowe,VT,,,,,irs_990pf
STOWE VOLUNTEER FIREFIGHTERS ASSOCIATION,Stowe,VT,,,,,irs_990pf
STOWE ROTARY CLUB,Stowe,VT,,,,,irs_990pf
STOWE WEEKEND OF HOPE,Stowe,VT,,,,,irs_990pf
STROLLING OF THE HEIFERS,East Dummerston,VT,,,,,irs_990pf
THE ORIANNE SOCIETY,Tiger,GA,,,,,irs_990pf
TOWN OF HINESBURG VERMONT,Hinesburg,VT,,,,,irs_990pf
TOXIC ACTION CENTER INC,Montpelier,VT,,,,,irs_990pf
THE UNIVERSITY OF VERMONT FOUNDATION,Burlington,VT,,,,,irs_990pf
UVM MEDICAL CENTER,Burlington,VT,,,,,irs_990pf
THE VERMONT CENTER FOR ECOSTUDIES INC,Norwich,VT,,,,,irs_990pf
VERMONT COUNCIL ON RURAL DEVELOPMENT,Montpelier,VT,,,,,irs_990pf
VERMONT FAMILY FORESTS FOUNDATION,Bristol,VT,,,,,irs_990pf
VERMONT FOODBANK,Barre,VT,,,,,irs_990pf
VERMONT HUTS ASSOCIATION,Stowe,VT,,,,,irs_990pf
VERMONT JOURNALISM TRUST,Montpelier,VT,,,,,irs_990pf
VERMONT MOUNTAIN BIKE ASSOCIATION,So Burlington,VT,,,,,irs_990pf
VERMONT NATURAL RESOURCE COUNCIL,Montpelier,VT,,,,,irs_990pf
VERMONT PUBLIC TELEVISION,Colchester,VT,,,,,irs_990pf
VERMONT PUBLIC INTEREST RESEARCH EDUCATION FUND,Montpelier,VT,,,,,irs_990pf
VERMONT PUBLIC RADIO,Colchester,VT,,,,,irs_990pf
VERMONT RIVER CONSERVANCY,Montpelier,VT,,,,,irs_990pf
VERMONT WOMAN MEDIA,South Burlington,VT,,,,,irs_990pf
VERMONT ALZHEIMER S ASSOCIATION,Chicago,IL,,,,,irs_990pf
VITAL COMMUNITIES INC,White River Jct,VT,,,,,irs_990pf
WATERBURY LEAP,Waterbury Center,VT,,,,,irs_990pf
WATERBURY AMBULANCE SERVICE,Waterbury Center,VT,,,,,irs_990pf
WATERBURY FIREFIGHTERS ASSOCIATION,Waterbury,VT,,,,,irs_990pf
WATERBURY POLICE DEPARTMENT,Waterbury,VT,,,,,irs_990pf
WOODS HOLE OCEANOGRAPHIC INSTITUTE,Woods Hole,MA,,,,,irs_990pf
AMHERST COLLEGE,AMBERST,MA,,,,,irs_990pf
ART INSTITUTE OF CHICAGO,CHICAGO,IL,,,,,irs_990pf
ASPCA,NEW YORK,NY,,,,,irs_990pf
CAMP NEBAGAMON SCHOLARSHIP FUND,EAST TROY,WI,,,,,irs_990pf
CAMPERSHIPS FOR NEBAGAMON,EAST TROY,WI,,,,,irs_990pf
CHICAGO BOTANIC GARDEN,GLENCOE,IL,,,,,irs_990pf
CHICAGO PUBLIC MEDIA,CHICAGO,IL,,,,,irs_990pf
CHICAGO YOUTH SHAKESPEARE,CHICAGO,IL,,,,,irs_990pf
FRANCIS W PARKER SCHOOL,CHICAGO,IL,,,,,irs_990pf
LOYOLA UNIVERSITY CHICAGO,CHICAGO,IL,,,,,irs_990pf
RI WATER ANGEL ASSOCIATION,PROVIDENCE,RI,,,,,irs_990pf
THE HUMANE SOCIETY OF THE US,WASHINGTON,DC,,,,,irs_990pf
UNIVERSITY OF CHICAGO,CHICAGO,IL,,,,,irs_990pf
RHODE ISLAND PUBLIC RADIO,PROVIDENCE,RI,,,,,irs_990pf
WHEELER SCHOOL ANNUAL FUND,PROVIDENCE,RI,,,,,irs_990pf
CO TROUT UNLIMITED,BOULDER,CO,,,,,irs_990pf
INTERNATIONAL ASSOC OF ATTUNEMENT P,KANSAS CITY,MO,,,,,irs_990pf
SISTER CARMEN COMM CENTER,LAFAYETTE,CO,,,,,irs_990pf
DENVER RESCUE MISSION,DENVER,CO,,,,,irs_990pf
AMERICA S MIGHTY WARRIORS,SURPRISE,AZ,,,,,irs_990pf
ST JOSEPHS INDIAN SCHOOL,CHAMBERLAIN,SD,,,,,irs_990pf
COLORADO FRIENDSHIP,LONGMONT,CO,,,,,irs_990pf
FEED MY STARVING CHILDREN,COON RAPIDS,MN,,,,,irs_990pf
CHICAGO BOTANICAL GARDENS,CLENCOE,IL,,,,,irs_990pf
GREAT LEAKS ADAPTIVE SPORTS,LAKE FOREST,IL,,,,,irs_990pf
AMERICAN RED CROSS,CHICAGO,IL,,,,,irs_990pf
JOURNEY CARE,BARRINGTON,IL,,,,,irs_990pf
CAMP FIVE MUSEUM FOUNDATION,LAONA,WI,,,,,irs_990pf
MISERACORDIA,CHICAGO,IL,,,,,irs_990pf
ERIKA S LIGHTHOUSE,WINNETKA,IL,,,,,irs_990pf
HADLEY SCHOOL FOR THE BLIND,WINNETKA,IL,,,,,irs_990pf
WINNETKA COMMUNITY HOUSE,WINNETKA,IL,,,,,irs_990pf
WHITE OAK FARM ED CENTER,WILLIAMS,OR,,,,,irs_990pf
WASHINGTON UNIVERSITY,ST LOUIS,MO,,,,,irs_990pf
FRIENDS OF ZEN,AURORA,CO,,,,,irs_990pf
RIPON COLLEGE,RIPON,WI,,,,,irs_990pf
NATIONAL INST FOR COMMUNITY,ROMEOVILLE,IL,,,,,irs_990pf
DENVER KIDS,DENVER,CO,,,,,irs_990pf
USHPA - US HANG GLIDING,COLORADO SPRINGS,CO,,,,,irs_990pf
AMERICAN HEART ASSN,DALLAS,TX,,,,,irs_990pf
ACLU,NEW YORK,NY,,,,,irs_990pf
AMERICAN HEART ASSOCIATION,PHILADELPHIA,PA,,,,,irs_990pf
BARRIER ISLAND PARK SOCIETY,BOCA GRANDE,FL,,,,,irs_990pf
BOCA GRANDE HEALTH CLINIC FDN,BOCA GRANDE,FL,,,,,irs_990pf
BOCA GRANDE HISTORICAL SOCIETY,BOCA GRANDE,FL,,,,,irs_990pf
CENTER FOR THEOLOGICAL INQUIRY,PRINCETON,NJ,,,,,irs_990pf
CME,NEW VERNON,NJ,,,,,irs_990pf
COLUMBIA UNIVERSITY,NEW YORK,NY,,,,,irs_990pf
COMMUNITY FOUNDATION OF NEW JERSEY,MORRISTOWN,NJ,,,,,irs_990pf
COMMUNITY SOUP KITCHEN,MORRISTOWN,NJ,,,,,irs_990pf
COPD FOUNDATION,CORAL GABLES,FL,,,,,irs_990pf
CORNELL LAB OF ORNITHOLOGY,ITHACA,NY,,,,,irs_990pf
CORNERSTONE,MORRISTOWN,NJ,,,,,irs_990pf
FARLEIGH DICKINSON UNIV ADVANCEMENT,TEANECK,NJ,,,,,irs_990pf
FIRST PRESBYTERIAN CHURCH,NEW VERNON,NJ,,,,,irs_990pf
FOUNDATION FIGHTING BLINDNESS,PRINCETON,NJ,,,,,irs_990pf
FOUNDATION FOR BOCA GRANDE COMM CTR,BOCA GRANDE,FL,,,,,irs_990pf
FOUNDATION FOR MORRISTOWN MEDICAL,MORRISTOWN,NJ,,,,,irs_990pf
GICIA,BOCA GRANDE,FL,,,,,irs_990pf
GREAT SWAMP WATERSHED ASSOCIATION,NEW VERNON,NJ,,,,,irs_990pf
HOMELESS SOLUTIONS,MORRISTOWN,NJ,,,,,irs_990pf
JF LIBRARY FOUNDATION,BOCA GRANDE,FL,,,,,irs_990pf
MACCULLOCH HALL HISTORICAL MUSEUM,MORRISTOWN,NJ,,,,,irs_990pf
MARKET STREET MISSION,MORRISTOWN,NJ,,,,,irs_990pf
MORRIS COUNTY TOURISM BUREAU,MORRISTOWN,NJ,,,,,irs_990pf
MORRIS MINUTE MEN,MORRISTOWN,NJ,,,,,irs_990pf
NATIONAL TRUST FOR HISTORIC PRES,WASHINGTON,DC,,,,,irs_990pf
NEW YORK PUBLIC RADIO,NEW YORK,NY,,,,,irs_990pf
SAINT ANDREW S EPISCOPAL CHURCH,BOCA GRANDE,FL,,,,,irs_990pf
SIMON WIESENTHAL CENTER,NEW YORK,NY,,,,,irs_990pf
THE CHI PSI EDUCATIONAL TRUST,NASHVILLE,TN,,,,,irs_990pf
THE HILL SCHOOL,POTTSTOWN,PA,,,,,irs_990pf
THE LAND CONSERVANCY OF NJ,BOONTON,NJ,,,,,irs_990pf
TRUSTEES OF TUFTS UNIVERSITY,BOSTON,MA,,,,,irs_990pf
WELLESLEY COLLEGE,WELLESLEY,MA,,,,,irs_990pf
WESLEYAN UNIVERSITY,MIDDLETOWN,CT,,,,,irs_990pf
WIKIPEDIA FOUNDATION,SAN FRANCISCO,CA,,,,,irs_990pf
WNET THIRTEEN,NEW YORK,NY,,,,,irs_990pf
WOMEN S ALZHEIMER S MOVEMENT,LOS ANGELES,CA,,,,,irs_990pf
WOUNDER WARRIOR PROJECT,JACKSONVILLE,FL,,,,,irs_990pf
ZETA ALPHA ALUMNAE ASSOCIATION,WELLESLEY,MA,,,,,irs_990pf
BARNARD COLLEGE,NEW YORK,NY,,,,,irs_990pf
BOCA RATON REGIONAL HOSPITAL,BOCA RATON,FL,,,,,irs_990pf
BOCA RATON THEATRE,BOCA RATON,FL,,,,,irs_990pf
JULLIARD,NEW YORK,NY,,,,,irs_990pf
KRAVIS CENTER FOR THE PERFORMING ARTS,WEST PALM BEACH,FL,,,,,irs_990pf
PAPS,DEERFIELD BEACH,FL,,,,,irs_990pf
PARKINSON FOUNDATION,MIAMI,FL,,,,,irs_990pf
STUDENT LEADERSHIP NETWORK,NEW YORK,NY,,,,,irs_990pf
STUYVESANT HS ALUMNI ASSOCIATION,NEW YORK,NY,,,,,irs_990pf
WICK THEATRE,BOCA RATON,FL,,,,,irs_990pf
WISE,DYERSBURG,TN,,,,,irs_990pf
ECONOMIC DEVELOPMENT PARTNERSHIP OF NC,CARY,NC,,,,,irs_990pf
GREEN HILL CENTER FOR NORTH CAROLINA ART,GREENSBORO,NC,,,,,irs_990pf
GREENSBORO CHAMBER OF COMMERCE,GREENSBORO,NC,,,,,irs_990pf
GREENSBORO DAY SCHOOL,GREENSBORO,NC,,,,,irs_990pf
NORTH CAROLINA FOLK FESTIVAL,GREENSBORO,NC,,,,,irs_990pf
PIEDMONT TRIAD CHARITABLE FOUNDATION,GREENSBORO,NC,,,,,irs_990pf
PIEDMONT TRIAD PARTNERSHIP,GREENSBORO,NC,,,,,irs_990pf
THE COMMUNITY FOUNDATION,GREENSBORO,NC,,,,,irs_990pf
YMCA CAMP WEAVER GROW CAMPAIGN,GREENSBORO,NC,,,,,irs_990pf
SAINT MARTIN OF TOURS,SAN JOSE,CA,,,,,irs_990pf
PANTHERA,New York,NY,,,,,irs_990pf
ALLIANCE MEDICAL MINISTRY,RALEIGH,NC,,,,,irs_990pf
BAPTIST CHILDRENS HOMES OF NC,SANFORD,NC,,,,,irs_990pf
FATHERS FOREVER,GARNER,NC,,,,,irs_990pf
NORTH CAROLINA SPORTS HALL OF FAME AND MUSEUM,RALEIGH,NC,,,,,irs_990pf
RAVENSCROFT SCHOOL,RALEIGH,NC,,,,,irs_990pf
READ AND FEED,CARY,NC,,,,,irs_990pf
YMCA OF THE TRIANGLE,RALEIGH,NC,,,,,irs_990pf
WE CARE WSMGA,RALEIGH,NC,,,,,irs_990pf
NORTH CAROLINA SOCIETY OF ENGINEERS,CARY,NC,,,,,irs_990pf
LDS PHILANTHROPIES,PROVO,UT,,,,,irs_990pf
LOUISA EDUCATION FOUNDATION,MINERAL,VA,,,,,irs_990pf
CLAYTON DABNEY FOUNDATION,DALLAS,TX,,,,,irs_990pf
METHODIST HOME FOR CHILDREN,RALEIGH,NC,,,,,irs_990pf
CUDAS UNHOOKED,NEW SMYRNA BEACH,FL,,,,,irs_990pf
ELON UNIVERSITY,ELON,NC,,,,,irs_990pf
PITT COMMUNITY COLLEGE FOUNDATION,GREENVILLE,NC,,,,,irs_990pf
ELS FOR AUTISM,JUPITER,FL,,,,,irs_990pf
CHRISTIAN LIBRARY INTERNATIONAL,RALEIGH,NC,,,,,irs_990pf
LEARNING TOGETHER INC,RALEIGH,NC,,,,,irs_990pf
PIEDMONT COMMUNITY COLLEGE FOUNDATION,ROXBORO,NC,,,,,irs_990pf
CHILDREN S FLIGHT OF HOPE,MORRISVILLE,NC,,,,,irs_990pf
SOUTHEAST VOLUSIA HABITAT FOR HUMANITY,EDGEWATER,FL,,,,,irs_990pf
FRANKIE LEMMON FOUNDATION,RALEIGH,NC,,,,,irs_990pf
BOY SCOUTS OF AMERICA OCCONEECHEE COUNCIL,RALEIGH,NC,,,,,irs_990pf
321 COFFEE,RALEIGH,NC,,,,,irs_990pf
TRIANGLE FAMILY SERVICES,RALEIGH,NC,,,,,irs_990pf
SALVATION ARMY OF WAKE COUNTY,RALEIGH,NC,,,,,irs_990pf
AMERICAN FRIENDS SERVICE CENTER,NEWARK,NJ,,,,,irs_990pf
FOOD BANK OF SOUTH JERSEY,PENNSAUKEN,NJ,,,,,irs_990pf
BEAT CANCER,TOMS RIVER,NJ,,,,,irs_990pf
BETTER EDUCATION INSTITUTE INC,CRANFORD,NJ,,,,,irs_990pf
BLUE MERIDIAN,NEW YORK,NY,,,,,irs_990pf
CARNEGIE MELLON UNIVERSITY,PITTSBURGH,PA,,,,,irs_990pf
HOMEFRONT,LAWRENCEVILLE,NJ,,,,,irs_990pf
CLASSROOM CENTRAL,CHARLOTTE,NC,,,,,irs_990pf
COMMUNITY FOOD BANK OF NJ,HILLSIDE,NJ,,,,,irs_990pf
DANCE FOR THE CURE,HILLSBOROUGH,NJ,,,,,irs_990pf
INTERFAITH FOOD PANTRY,MORRIS PLAINS,NJ,,,,,irs_990pf
FEEDING AMERICA,CHICAGO,IL,,,,,irs_990pf
FEEDING SOUTH FLORIDA,PEMBROKE PARK,FL,,,,,irs_990pf
FOUNDATION FOR THE CAROLINAS,CHARLOTTE,NC,,,,,irs_990pf
GREATER MIAMI JEWISH FEDERATION,MIAMI,FL,,,,,irs_990pf
LUNCH BREAK,RED BANK,NJ,,,,,irs_990pf
INTERNATIONAL REFUGEE ASSISTANCE,NEW YORK,NY,,,,,irs_990pf
JEWISH FAMILY SERVICES OF METROWEST,FRAMINGHAM,MA,,,,,irs_990pf
JEWISH FEDERATION OF GREATER METROWEST NJ,WHIPPANY,NJ,,,,,irs_990pf
MCLEAN HOSPITAL - TEPPER CHARITABLE FDN SCHOLARSHIP PROGRAM,BELMONT,MA,,,,,irs_990pf
ACTION PATHWAYS INC,FAYETTEVILLE,NC,,,,,irs_990pf
ATRIUM HEALTH FOUNDATION,CHARLOTTE,NC,,,,,irs_990pf
COMMUNITY SOUP KITCHEN AND OUTREACH CENTER INC,MORRISTOWN,NJ,,,,,irs_990pf
PARKINSON S DISEASE FOUNDATION,NEW YORK,NY,,,,,irs_990pf
ROBIN HOOD FOUNDATION,NEW YORK,NY,,,,,irs_990pf
SAINT BARNABAS DEVELOPMENT FOUNDATION,WEST ORANGE,NJ,,,,,irs_990pf
SINGLE STOP USA,NEW YORK,NY,,,,,irs_990pf
UNIVERSITY OF MIAMI,CORAL GABLES,FL,,,,,irs_990pf
CRADLES TO CRAYONS,BOSTON,MA,,,,,irs_990pf
DOROTHY DAY SOUP KITCHEN,ROCK HILL,SC,,,,,irs_990pf
EVAS VILLAGE INC,PATERSON,NJ,,,,,irs_990pf
FEEDING THE GULF COAST,THEODORE,AL,,,,,irs_990pf
FOOD BANK OF CENTRAL AND EASTERN NC,RALEIGH,NC,,,,,irs_990pf
FOOD BANK OF THE ALBEMARLE,ELIZABETH CITY,NC,,,,,irs_990pf
FULFILL,NEPTUNE,NJ,,,,,irs_990pf
GABRIELLE S ANGEL FOUNDATION,NEW YORK,NY,,,,,irs_990pf
HARVEST HOPE FOOD BANK,COLUMBIA,SC,,,,,irs_990pf
HUMANE SOCIETY OF CHARLOTTE INC,CHARLOTTE,NC,,,,,irs_990pf
INTERFAITH FOOD SHUTTLE,RALEIGH,NC,,,,,irs_990pf
JEWISH COMMUNITY SERVICES OF SOUTH FLORIDA INC,NORTH MIAMI,FL,,,,,irs_990pf
JEWISH FEDERATION OF NORTH AMERICA,NEW YORK,NY,,,,,irs_990pf
LOWCOUNTRY FOOD BANK,CHARLESTON,SC,,,,,irs_990pf
NEW JERSEY TOGETHER INC,JERSEY CITY,NJ,,,,,irs_990pf
NYU DAILY GIFT ACCOUNT,NEW YORK,NY,,,,,irs_990pf
RONALD MCDONALD HOUSE OF CHARLOTTE,CHARLOTTE,NC,,,,,irs_990pf
SECOND HARVEST FOOD BANK OF METROLINA INC,CHARLOTTE,NC,,,,,irs_990pf
SECOND HARVEST FOOD BANK OF NORTHWEST NC INC,WINSTONSALEM,NC,,,,,irs_990pf
TEMPLE B NAI ABRAHAM,LIVINGSTON,NJ,,,,,irs_990pf
THE BAIL PROJECT INC,VENICE,CA,,,,,irs_990pf
THE HOBOKEN SHELTER,HOBOKEN,NJ,,,,,irs_990pf
UPSTREAM USA INC,OAKLAND,CA,,,,,irs_990pf
VISION TO LEARN,LOS ANGELES,CA,,,,,irs_990pf
WNET,NEW YORK,NY,,,,,irs_990pf
SEE RIDER ATTACHED,New York,NY,,,,,irs_990pf
MALDEN YMCA,MALDEN,MA,,,,,irs_990pf
MEDFORD HIGH SCHOOL,MEDFORD,MA,,,,,irs_990pf
AMERICAN ACADEMY OF HIV MEDICINE,WASHINGTON,DC,,,,,irs_990pf
ESCUELA AGRICOLA PAN-AMERICANA INC ZAMORANO UNIVERSITY,WASHINGTON,DC,,,,,irs_990pf
VILLAGEMED,RICHMOND,VA,,,,,irs_990pf
THE MEDICAL SOCIETY AND ALLIANCE FOUNDATION,WASHINGTON,DC,,,,,irs_990pf
CATAWBA RIVERKEEPER FOUNDATION,Charlotte,NC,,,,,irs_990pf
AKITA RESCUE SOCIETY OF FLORIDA,Jacksonville,FL,,,,,irs_990pf
WAYFINDERS,Charlotte,NC,,,,,irs_990pf
SPAY NEUTER CHARLOTTE,Charlotte,NC,,,,,irs_990pf
EAST TENNESSEE FREEDOM SCHOOL,Jefferson City,TN,,,,,irs_990pf
URBAN PROMISE CHARLOTTE,Charlotte,NC,,,,,irs_990pf
GEORGIA AKITA RESCUE DIVISION,Snellville,GA,,,,,irs_990pf
FURBABIES ANIMAL RESCUE,Indian Trail,NC,,,,,irs_990pf
DANNY RON S RESCUE,Camden,SC,,,,,irs_990pf
SAFE ALLIANCE,Charlotte,NC,,,,,irs_990pf
CHERRY CHILDRENS MUSIC OUTREACH,ODENTON,MD,,,,,irs_990pf
CITY CHURCH INTERNATIONAL,DALLAS,TX,,,,,irs_990pf
CITY WILDLIFE,WASHINGTON,DC,,,,,irs_990pf
CONCORDIA UNIVERSITY,AUSTIN,TX,,,,,irs_990pf
FRIENDS OF HOMELESS ANIMALS,MERRIFIELD,VA,,,,,irs_990pf
GALA HISPANIC THEATER,WASHINGTON,DC,,,,,irs_990pf
HABITAT FOR HORSES INC,HITCHCOCK,TX,,,,,irs_990pf
HARRIS COUNTY HOSPITAL DISTRICT FOUNDATION,HOUSTON,TX,,,,,irs_990pf
HERMAN PARK CONSERVANCY,HOUSTON,TX,,,,,irs_990pf
INNOCENCE PROJECT INC,NEW YORK,NY,,,,,irs_990pf
K-9 ANGEL S RESCUE,HOUSTON,TX,,,,,irs_990pf
LSAR INC,GREENVILLE,TX,,,,,irs_990pf
OPERATION KINDNESS,CARROLLTON,TX,,,,,irs_990pf
POPLAR SPRING ANIMAL SANCTUARY,POOLESVILLE,MD,,,,,irs_990pf
SCENIC HOUSTON,HOUSTON,TX,,,,,irs_990pf
SERTOMA BUTTERFLY HOUSE,SIOUX FALLS,SD,,,,,irs_990pf
SOZO CHURCH,SAN MARCOS,TX,,,,,irs_990pf
TEXAS CHILDREN S HOSPITAL,HOUSTON,TX,,,,,irs_990pf
THE CATO INSTITUTE,WASHINGTON,DC,,,,,irs_990pf
THE INDEPENDENT INSTITUTE,OAKLAND,CA,,,,,irs_990pf
THE NATURE CONSERVANCE OF TEXAS,HOUSTON,TX,,,,,irs_990pf
THE PLANO SYMPHONY ORCHESTRA,PLANO,TX,,,,,irs_990pf
WIMBERLY ADOPTION GROUP,WIMBERLEY,TX,,,,,irs_990pf
DONORS TO CHOOSE,PHILADELPHIA,PA,,,,,irs_990pf
RONALD MCDONALD HOUSE,HOUSTON,TX,,,,,irs_990pf
INSTITIUTE FOR SHIPBOARD EDUCATION,FORT COLLINS,CO,,,,,irs_990pf
BREAD FOR THE CITY,WASHINGTON,DC,,,,,irs_990pf
KID SAVE INTERNATIONAL,LOS ANGELES,CA,,,,,irs_990pf
NEWARK STREET PARK K9 FRIENDS,WASHINGTON,DC,,,,,irs_990pf
SECOND CHANCE WILDLIFE CENTER,GAITHERSBERG,MD,,,,,irs_990pf
THE SHEPHERD SOCIETY,HOUSTON,TX,,,,,irs_990pf
OPTIONS FOR LIFE,NEW BRAUNFELS,TX,,,,,irs_990pf
ST PAUL HIGH SCHOOL,SHINER,TX,,,,,irs_990pf
GEORGIA SHERRIFFS YOUTH HOMES,STOCKBRIDGE,GA,,,,,irs_990pf
MARANATHA BAPTIST CHURCH,PLAINS,GA,,,,,irs_990pf
ROSALYN CARTER INSTITUTE FOR CAREGI,AMERICUS,GA,,,,,irs_990pf
SUMTER HUMANE SOCIETY,AMERICUS,GA,,,,,irs_990pf
THE SMAAR AND SMITH FOUNDATION,AMERICUS,GA,,,,,irs_990pf
AMERICAN SOCIETY FOR YAD VASHEM INC,NEW YORK,NY,,,,,irs_990pf
CHICAGO COMMUNITY TRUST,CHICAGO,IL,,,,,irs_990pf
DWIGHT MORROW HIGH SCHOOL,ENGLEWOOD,NJ,,,,,irs_990pf
HASBARA FELLOWSHIPS INCORPORATED,NEW YORK,NY,,,,,irs_990pf
ISRAEL CANCER RESEARCH FUND INC,NEW YORK,NY,,,,,irs_990pf
NATIONAL YIDDISH BOOK CENTER INC,AMHERST,MA,,,,,irs_990pf
SYRACUSE UNIVERSITY,SYRACUSE,NY,,,,,irs_990pf
THE UNITED STATES HOLOCAUST MEMORIAL MUSEUM,WASHINGTON,DC,,,,,irs_990pf
UJA FEDERATION OF NEW YORK,NEW YORK,NY,,,,,irs_990pf
BUTLER UNIVERSITY,INDIANAPOLIS,IN,,,,,irs_990pf
UNITED WAY OF CENTRAL INDIANA,INDIANAPOLIS,IN,,,,,irs_990pf
SCHOOL ON WHEELS,INDIANAPOLIS,IN,,,,,irs_990pf
THE VILLAGES OF INDIANA,BLOOMINGTON,IN,,,,,irs_990pf
CANCER SUPPORT COMMUNITY,INDIANAPOLIS,IN,,,,,irs_990pf
GLEANERS FOOD BANK,Indianapolis,IN,,,,,irs_990pf
UNITED WAY OF COLLIER COUNTY FL,Naples,FL,,,,,irs_990pf
UNITED WAY OF MARHSALL COUNTY IN,Plymouth,IN,,,,,irs_990pf
INDIANA GOLF FOUNDATION,Franklin,IN,,,,,irs_990pf
WHEELER MISSION,Indianapolis,IN,,,,,irs_990pf
ACADEMY OF NATURAL SCIENCES,PHILADELPHIA,PA,,,,,irs_990pf
ACHIEVEABILITY,PHILADELPHIA,PA,,,,,irs_990pf
BAKER INDUSTRIES,MALVERN,PA,,,,,irs_990pf
BETHESDA PROJECT,PHILADELPHIA,PA,,,,,irs_990pf
BOY SCOUTS OF AMERICA,EXTON,PA,,,,,irs_990pf
CAMPHILL SPECIAL SCHOOL-BEAVER RUN,GLENMOORE,PA,,,,,irs_990pf
CARE CENTER FOUNDATION,WEST CHESTER,PA,,,,,irs_990pf
CARING FOR FRIENDS,PHILADELPHIA,PA,,,,,irs_990pf
CHESTER CHARTER SCHOLARS ACADEMY FOUNDATION,CHESTER,PA,,,,,irs_990pf
CHESTER COUNTY FUTURES,EXTON,PA,,,,,irs_990pf
CITYTEAM CHESTER,CHESTER,PA,,,,,irs_990pf
CRADLES TO CRAYONS,PHILADELPHIA,PA,,,,,irs_990pf
DARLINGTON ARTS CENTER,GARNET VALLEY,PA,,,,,irs_990pf
DREXEL UNIVERSITY ARMY ROTC,PHILADELPHIA,PA,,,,,irs_990pf
ENTREPRENEUR WORKS,PHILADELPHIA,PA,,,,,irs_990pf
ESPERANZA IMMIGRATION LEGAL SERVICES,PHILADELPHIA,PA,,,,,irs_990pf
FRANKLIN INSTITUTE SCIENCE MUSEUM,PHILADELPHIA,PA,,,,,irs_990pf
FREEDOMS FOUNDATION AT VALLEY FORGE,VALLEY FORGE,PA,,,,,irs_990pf
FRIENDS HOME IN KENNETT SQUARE,KENNETT SQUARE,PA,,,,,irs_990pf
GOOD WORKS INC,COATESVILLE,PA,,,,,irs_990pf
HANDI-CRAFTERS INC,THORNDALE,PA,,,,,irs_990pf
HOME OF THE SPARROW,EXTON,PA,,,,,irs_990pf
JONI AND FRIENDS,SOUDERTON,PA,,,,,irs_990pf
LIBERTY USO,PHILADELPHIA,PA,,,,,irs_990pf
MEALS ON WHEELS OF CENTRAL BUCKS COUNTY,DOYLESTOWN,PA,,,,,irs_990pf
MELMARK,BERWYN,PA,,,,,irs_990pf
MERCY CAREER TECHNICAL HIGH SCHOOL,PHILADELPHIA,PA,,,,,irs_990pf
MILITARY ORDER OF WORLD WARS,WEST CHESTER,PA,,,,,irs_990pf
MUSICOPIA INC,PHILADELPHIA,PA,,,,,irs_990pf
NET TREATMENT SERVICES,PHILADELPHIA,PA,,,,,irs_990pf
NEW HORIZONS SENIOR CENTER,NARBERTH,PA,,,,,irs_990pf
ORION COMMUNITIES OF PHOENIXVILLE,PHOENIXVILLE,PA,,,,,irs_990pf
PAOLI 1 BOY SCOUTS OF AMERICA,WAYNE,PA,,,,,irs_990pf
PENNSYLVANIA COLLEGE OF OPTOMETRY,ELKINS PARK,PA,,,,,irs_990pf
PENNSYLVANIA SCHOOL FOR THE DEAF,PHILADELPHIA,PA,,,,,irs_990pf
PHILABUNDANCE,PHILADELPHIA,PA,,,,,irs_990pf
PHILADELPHIA FUTURES,PHILADELPHIA,PA,,,,,irs_990pf
PHILADELPHIA MONTESSORI CHARTER SCHOOL,PHILADELPHIA,PA,,,,,irs_990pf
POLICE ATHLETIC LEAGUE,PHILADELPHIA,PA,,,,,irs_990pf
SALVATION ARMY,NORRISTOWN,PA,,,,,irs_990pf
SENIOR COMMUNITY SERVICES,FOLSOM,PA,,,,,irs_990pf
SPECIAL OLYMPICS PENNSYLVANIA,NORRISTOWN,PA,,,,,irs_990pf
STARFINDER FOUNDATION,PHILADELPHIA,PA,,,,,irs_990pf
SUMMER SEARCH,PHILADELPHIA,PA,,,,,irs_990pf
SUPPORT CENTER FOR CHILD ADVOCATES,PHILADELPHIA,PA,,,,,irs_990pf
SURREY SERVICES FOR SENIORS,DEVON,PA,,,,,irs_990pf
TECH IMPACT,PHILADELPHIA,PA,,,,,irs_990pf
THE ARC OF CHESTER COUNTY,WEST CHESTER,PA,,,,,irs_990pf
THE CLINIC HEALTHCARE FOR THE UNINSURED,PHOENIXVILLE,PA,,,,,irs_990pf
THE CONCEPT SCHOOL,WESTTOWN TOWNSHIP,PA,,,,,irs_990pf
THE FOOD TRUST,PHILADELPHIA,PA,,,,,irs_990pf
THE VILLAGE,ROSEMONT,PA,,,,,irs_990pf
TRAVIS MANION FOUNDATION,DOYLESTOWN,PA,,,,,irs_990pf
TRELLIS FOR TOMORROW,EXTON,PA,,,,,irs_990pf
VETERANS MULTI-SERVICE CENTER,PHILADELPHIA,PA,,,,,irs_990pf
VILLANOVA UNIVERSITY NROTC UNIT,VILLANOVA,PA,,,,,irs_990pf
VISITING NURSE ASSOCIATION COMMUNITY SERVICES,ABINGTON,PA,,,,,irs_990pf
WAGNER FREE INSTITUTE OF SCIENCE,PHILADELPHIA,PA,,,,,irs_990pf
WASHINGTON CROSSING FOUNDATION,BRISTOL,PA,,,,,irs_990pf
WEST CHESTER AREA SENIOR CENTER,WEST CHESTER,PA,,,,,irs_990pf
WEST CHESTER UNIVERSITY FOUNDATIONROTC,WEST CHESTER,PA,,,,,irs_990pf
WILLIAMSON COLLEGE OF THE TRADES,MEDIA,PA,,,,,irs_990pf
AMERICAN MUSEUM OF NATURAL HISTORY,NEW YORK,NY,,,,,irs_990pf
ANTI DEFAMATION LEAGUE,NEW YORK,NY,,,,,irs_990pf
BROOKLYN CHILDRENS MUSEUM,BROOKLYN,NY,,,,,irs_990pf
CENTRAL PARK CONSERVANCY,NEW YORK,NY,,,,,irs_990pf
CHILDRENS AID SOCIETY,NEW YORK,NY,,,,,irs_990pf
COALITION FOR THE HOMELESS,NEW YORK,NY,,,,,irs_990pf
FRESH AIR FUND,NEW YORK,NY,,,,,irs_990pf
INNOCENCE PROJECT,NEW YORK,NY,,,,,irs_990pf
MAKE A WISH FOUNDATION,PHOENIX,AZ,,,,,irs_990pf
METROPOLITAN MUSEUM OF ART,NEW YORK,NY,,,,,irs_990pf
NEW YORK BOTANICAL GARDEN,BRONX,NY,,,,,irs_990pf
NEW YORK HISTORICAL SOCIETY,NEW YORK,NY,,,,,irs_990pf
NY PRESBYTERIAN HOSPITAL,NEW YORK,NY,,,,,irs_990pf
SAINT JUDE CHILDREN S HOSPITAL,MEMPHIS,TN,,,,,irs_990pf
ST JOHN S UNIVERSITY,JAMAICA,NY,,,,,irs_990pf
TEMPLE ISRAEL OF THE CITY OF NEW YORK,NEW YORK,NY,,,,,irs_990pf
THE DALTON SCHOOL,NEW YORK,NY,,,,,irs_990pf
THE FOOD BANK FOR NYC,NEW YORK,NY,,,,,irs_990pf
THE MORGAN LIBRARY AND MUSEUM,NEW YORK,NY,,,,,irs_990pf
THE MUSEUM OF MODERN ART,NEW YORK,NY,,,,,irs_990pf
THIRTEENWNET,NEW YORK,NY,,,,,irs_990pf
WEILL CORNELL MEDICINE,NEW YORK,NY,,,,,irs_990pf
AMERICARES INC,STAMFORD,CT,,,,,irs_990pf
AN OPEN BOOK FOUNDATION,WASHINGTON,DC,,,,,irs_990pf
AUDUBON FLORIDA,MIAMI,FL,,,,,irs_990pf
COLD SPRING HARBOR LABORATORY,COLD SPRING HARBOR,NY,,,,,irs_990pf
DC KINCARE ALLIANCE,WASHINGTON,DC,,,,,irs_990pf
GREENSGROW,PHILADELPHIA,PA,,,,,irs_990pf
HOSPITAL FOR SPECIAL SURGERY,NEW YORK,NY,,,,,irs_990pf
RAPP AT HOME,WASHINGTON,VA,,,,,irs_990pf
SARATOGA WARHORSE FOUNDATION,SARATOGA SPRINGS,NY,,,,,irs_990pf
SMITHSONIAN CONSERVATION BIOLOGY INSTITUTE,FRONT ROYAL,VA,,,,,irs_990pf
THE RIVER SCHOOL,WASHINGTON,DC,,,,,irs_990pf
YOU CAN FREE US,FLOWER MOUND,TX,,,,,irs_990pf
WILDLIFE DIRECT,WASHINGTON,DC,,,,,irs_990pf
CHURCH OF ST SACREMENT,BOLTON LANDING,NY,,,,,irs_990pf
CAF AMERICA REP,ALEXANDRIA,VA,,,,,irs_990pf
TRUSTEES OF COLUMBIA UNIVERSITY,NEW YORK,NY,,,,,irs_990pf
EMMANUEL CHURCH,LITTLE FALLS,NY,,,,,irs_990pf
UMASS AMHERST,AMHERST,MA,,,,,irs_990pf
THOMAS CRANE PUBLIC LIBRARY,QUINCY,MA,,,,,irs_990pf
SUFFOLK UNIVERSITY,BOSTON,MA,,,,,irs_990pf
TOWN OF WEST BROOKFIELD,WEST BROOKFIELD,MA,,,,,irs_990pf
BETHLEHEM UNITED METH CHURCH,MONETA,VA,,,,,irs_990pf
CHALLENGED ATHLETES FOUNDATION,SAN DIEGO,CA,,,,,irs_990pf
EMMANUEL LUTHERAN CHURCH,VIENNA,VA,,,,,irs_990pf
GREEN BERET FOUNDATION,SAN ANTONIO,TX,,,,,irs_990pf
LEUKEMIA LYMPHOMA SOCIETY,RYE BROOK,NY,,,,,irs_990pf
LIVING BEYOND BREAST CANCER,BALA CYNWYD,PA,,,,,irs_990pf
LYMPHOMA RESEARCH FOUNDATION,NEW YORK,NY,,,,,irs_990pf
MEADOWKIRK,MIDDLEBURG,VA,,,,,irs_990pf
NALANI HORSE RECOVERY,ALDIE,VA,,,,,irs_990pf
NATIONAL GUARD EDUCATIONAL FUND,WASHINGTON,DC,,,,,irs_990pf
NATIONAL LAW ENFORCEMENT OFFICERS MEMORIAL FUND,WASHINGTON,DC,,,,,irs_990pf
PARK VALLEY CHURCH INC,HAYMARKET,VA,,,,,irs_990pf
PETS FOR THE HOMELESS,RENO,NV,,,,,irs_990pf
PROJECT LINUS ORG,BELTON,MO,,,,,irs_990pf
RONALD MCDONALD HOUSE,FALLS CHURCH,VA,,,,,irs_990pf
SAFE SPOT CHILDREN S ADVOCACY CENTER,FAIRFAX,VA,,,,,irs_990pf
SCRUGGS VOLUNTEER FIRE DEPARTMENT,MONETA,VA,,,,,irs_990pf
SPROUT THERAPEUTIC RIDING EDUCATION CENTER,ALDIE,VA,,,,,irs_990pf
WAGS AND WALKS ORG,LOS ANGELES,CA,,,,,irs_990pf
YOU ARE SPECIAL INC,WAUKESHA,WI,,,,,irs_990pf
COASTAL CONSERVATION ASSOC OF ORL,ORLANDO,FL,,,,,irs_990pf
UNIVERSITY OF FLORIDA ATHLETIC,GAINESVILLE,FL,,,,,irs_990pf
DIOCESE OF ORLANDO,ORLANDO,FL,,,,,irs_990pf
EMBRY RIDDLE AERONAUTICAL UNI,DAYTONA BEACH,FL,,,,,irs_990pf
YMCA,DELAND,FL,,,,,irs_990pf
FR LOPEZ CATHOLIC SCHOOL,DAYTONA BEACH,FL,,,,,irs_990pf
INTERNATIONAL GAME FISH ASSOCIATION,DANIA BEACH,FL,,,,,irs_990pf
WORC,DAYTONA BEACH,FL,,,,,irs_990pf
COUNCIL ON AGING,DAYTONA BEACH,FL,,,,,irs_990pf
CHRISTOPHER COLUMBUS HIGH SCHOOL,MIAMI,FL,,,,,irs_990pf
ST BRENDAN SCHOOL,ORMOND BEACH,FL,,,,,irs_990pf
ST BRENDAN CHURCH,ORMOND BEACH,FL,,,,,irs_990pf
STEWART-MARCHMAN ACT,DAYTONA BEACH,FL,,,,,irs_990pf
CHILDREN S ACADEMY ON THE HALIFAX,ORMOND BEACH,FL,,,,,irs_990pf
NASCAR FOUNDATION,DAYTONA BEACH,FL,,,,,irs_990pf
PROJECT WARM,BUNNELL,FL,,,,,irs_990pf
JAYWALKER LODGE,CARBONDALE,CO,,,,,irs_990pf
ROCKY MOUNTAIN ELK FOUNDATION,MISSOULA,MT,,,,,irs_990pf
ADVENT HEALTH OF DAYTONA BEACH,DAYTONA BEACH,FL,,,,,irs_990pf
HALIFAX HUMANE SOCIETY,DAYTONA BEACH,FL,,,,,irs_990pf
ARTHAUS,PORT ORANGE,FL,,,,,irs_990pf
ROTARY CLUB OF ORMOND BEACH,DAYTONA BEACH,FL,,,,,irs_990pf
WILD OCEANS,TALLAHASSEE,FL,,,,,irs_990pf
BILLFISH FOUNDATION,FORT LAUDERALE,FL,,,,,irs_990pf
BOYS GIRLS CLUB,SPRINGFIELD,MO,,,,,irs_990pf
ALLISON OZARKS COUNSELING CENTER,SPRINGFIELD,MO,,,,,irs_990pf
OACAC,SPRINGFIELD,MO,,,,,irs_990pf
FOSTER ADOPT CONNECT INC,INDEPENDENCE,MO,,,,,irs_990pf
FIRST PRESB CHURCH SUNDAY SCHOOL,Lewisburg,PA,,,,,irs_990pf
UNIVERSITY OF PENNSYLVANIA,PHILADELPHIA,PA,,,,,irs_990pf
FIRST PRESBYTERIAN CHURCH PHILA,PHILADELPHIA,PA,,,,,irs_990pf
PHILADELPHIA PRESBYTERY HOMES INC,LAFAYETTE HILL,PA,,,,,irs_990pf
MERCHANTS FUND OF PHILADELPHIA,PHILADELPHIA,PA,,,,,irs_990pf
BETHANY SUNDAY SCHOOL,HAVERTOWN,PA,,,,,irs_990pf
GREATER BOSTON LEGAL,BOSTON,MA,,,,,irs_990pf
UNIVERSITY OF NEW HAMPSHIRE,Durham,NH,,,,,irs_990pf
NEW ENGLAND INNOCENCE PROJECT,BOSTON,MA,,,,,irs_990pf
THE DOLLYWOOD FOUNDATION,Pigeon Forge,TN,,,,,irs_990pf
LADIES OF THE GRAND ARMY OF THE REPUBLIC,NOVATO,CA,,,,,irs_990pf
ST DEMETRIOS GREEK ORTHODOX CHURCH,Fall River,MA,,,,,irs_990pf
JCC-Y OF ROCKLAND COUNTY,WEST NYACK,NY,,,,,irs_990pf
JEWISH FEDERATION OF ROCKLAND COUNT,WEST NYACK,NY,,,,,irs_990pf
HOLOCAUST MUSEUM STUDY CENTER,SPRING VALLEY,NY,,,,,irs_990pf
B NAI BRITH,WASHINGTON,DC,,,,,irs_990pf
HI-TOR ANIMAL CARE CENTER,POMONA,NY,,,,,irs_990pf
HADASSAH - KEEPERS OF THE GATE,NEW YORK,NY,,,,,irs_990pf
LEUKEMIA LYMPHOMA SOCIETY,PITTSFIELD,MA,,,,,irs_990pf
ORANGETOWN JEWISH CENTER,ORANGEBURG,NY,,,,,irs_990pf
NAMI-FAMILYA,ORANGEBURG,NY,,,,,irs_990pf
UNITED SYNAGOGUE OF CONSERVATIVE JU,NEW YORK,NY,,,,,irs_990pf
MEALS ON WHEELS,NANUET,NY,,,,,irs_990pf
ISRAEL TENNIS CENTERS FOUNDATION,NEW YORK,NY,,,,,irs_990pf
ORT AMERICA,NEW YORK,NY,,,,,irs_990pf
FRIENDS OF JEWISH HERITAGE IN POLAN,NEW HAVEN,CT,,,,,irs_990pf
CHABAD,NEW CITY,NY,,,,,irs_990pf
JEWISH BROADCASTING SERVICE,BRONX,NY,,,,,irs_990pf
STRIAR HEBREW ACADEMY,SHARON,MA,,,,,irs_990pf
ANSONIA PUBLIC SCHOOLS,ANSONIA,CT,,,,,irs_990pf
SEE ATTACHED,SEE ATTACHED,RI,,,,,irs_990pf
ATLANTIC CITY BOARD OF EDUCATION,ATLANTIC CITY,NJ,,,,,irs_990pf
QUINCY UNIVERSITY,Quincy,IL,,,,,irs_990pf
POOR HANDMAIDS OF JESUS CHRIST,Donaldson,IN,,,,,irs_990pf
TRANSITIONS OF WESTERN ILLINOIS,Quincy,IL,,,,,irs_990pf
WAYNE POTTER MEMORIAL MUSIC,Quincy,IL,,,,,irs_990pf
WATERBURY BOARD OF EDU,WATERBURY,CT,,,,,irs_990pf
LITTLE SISTERS OF THE POOR,HENRICO,VA,,,,,irs_990pf
WESTMINISTER PRESBYTERIAN CHURCH,Des Moines,IA,,,,,irs_990pf
THE SALVATION ARMY,OMAHA,NE,,,,,irs_990pf
FRIENDS OF THE DES MOINES,DES MOINES,IA,,,,,irs_990pf
EDMUNDSON ART FOUNDATION INC,DES MOINES,IA,,,,,irs_990pf
AMERICAN RED CROSS- CENTRAL IOWA,WASHINGTON,DC,,,,,irs_990pf
COE COLLEGE,CEDAR RAPIDS,IA,,,,,irs_990pf
WESTMINISTER SCHOLARSHIP FUND,DES MOINES,IA,,,,,irs_990pf
FIRST PRESBYTERIAN CHURCH,MARENGO,IA,,,,,irs_990pf
CALVIN COMMUNITY,DES MOINES,IA,,,,,irs_990pf
DES MOINES AUDUBON SOCIETY,CLIVE,IA,,,,,irs_990pf
SCIENCE CENTER OF IOWA,DES MOINES,IA,,,,,irs_990pf
CIVIC CENTER OF DES MOINES,DES MOINES,IA,,,,,irs_990pf
THE STATE UNIV OF IA FOUNDATION,IOWA CITY,IA,,,,,irs_990pf
STAMFORD HEALTH FOUNDATION,STAMFORD,CT,,,,,irs_990pf
NATIONAL JEWISH HEALTH,DENVER,CO,,,,,irs_990pf
FORDS THEATRE,WASHINGTON,DC,,,,,irs_990pf
FRIENDS OF COMPASS INC,WASHINGTON,DC,,,,,irs_990pf
HORIZONS GREATER WASHINGTON INC,WASHINGTON,DC,,,,,irs_990pf
MARET SCHOOL,WASHINGTON,DC,,,,,irs_990pf
READING PARTNERS,WASHINGTON,DC,,,,,irs_990pf
STANFORD FUND,STANFORD,CA,,,,,irs_990pf
THE ELLINGTON FUND,WASHINGTON,DC,,,,,irs_990pf
THE KENNEDY CENTER,WASHINGTON,DC,,,,,irs_990pf
THE ARIEL FOUNDATION,MT VERNON,OH,,,,,irs_990pf
ORANGE COUNTY CITIZENS FDN,SUGAR LOAF,NY,,,,,irs_990pf
ST MARY S HOME FOR CHILDREN,N PROVIDENCE,RI,,,,,irs_990pf
RI HOSPITAL FOUNDATION,PROVIDENCE,RI,,,,,irs_990pf
THE RT REV J JON BRUNO,LOS ANGELES,CA,,,,,irs_990pf
SPNEA,BOSTON,MA,,,,,irs_990pf
FRANCIS HOUSE,SYRACUSE,NY,,,,,irs_990pf
LEMOYNE COLLEGE,SYRACUSE,NY,,,,,irs_990pf
WINGS OVER THE ROCKIES,DENVER,CO,,,,,irs_990pf
NORTHFIELD ATHLETHIC FOUNDATION,DENVER,CO,,,,,irs_990pf
ED ASNER FAMILY CENTER,Reseda,CA,,,,,irs_990pf
MASA-MEX ED,Bronx,NY,,,,,irs_990pf
LEWY BODY DEMENTIA ASSOCIATION,Lilburn,GA,,,,,irs_990pf
DRAMATIST GUILD FUND,New York,NY,,,,,irs_990pf
PLANNED PARENTHOOD FEDERATION OF AM,New York,NY,,,,,irs_990pf
EUDORA WELTY FOUNDATION,Jackson,MS,,,,,irs_990pf
BROWN UNIVERSITY,Providence,RI,,,,,irs_990pf
BELOIT COLLEGE,Beloit,WI,,,,,irs_990pf
HOBART WILLIAM SMITH COLLEGE,Geneva,NY,,,,,irs_990pf
TISCH MS RESEARCH CENTER OF NY,New York,NY,,,,,irs_990pf
SHORE COUNTRY DAY SCHOOL,Beverly,MA,,,,,irs_990pf
MICHAEL J FOX FOUNDATION,New York,NY,,,,,irs_990pf
BOARD OF NATIONAL MISSIONS,JEFFERSONVLLE,IN,,,,,irs_990pf
COMM ECUMENICAL MISSIONS,JEFFERSONVLLE,IN,,,,,irs_990pf
CENTRAL PRESBYTERIAN CHURH,NEVADA,IA,,,,,irs_990pf
CITY OF NEW BRITAIN,NEW BRITAIN,CT,,,,,irs_990pf
CHARLOTTE HUNGERFORD HOSP,TORRINGTON,CT,,,,,irs_990pf
BIG SPRING SYMPHONY ASSN,BIG SPRING,TX,,,,,irs_990pf
HOWARD CO VOLUNTEER FIRE DEPARTMENT,BIG SPRING,TX,,,,,irs_990pf
CASA OF WEST TEXAS,MIDLAND,TX,,,,,irs_990pf
WEST TEXAS REHABILIATION CENTER,SAN ANGELO,TX,,,,,irs_990pf
ARCHWAY OUTREACH INC,MIDLAND,TX,,,,,irs_990pf
SONRISAS THERAPEUTIC RIDINGS INC,SAN ANGELO,TX,,,,,irs_990pf
STMT 1 ATTACHED,Raleigh,NC,,,,,irs_990pf
TTEES OF S TRENTON PRESB CHURCH,BARNEVELD,NY,,,,,irs_990pf
CHILD FAMILY AGENCY OF SE CT,NEW LONDON,CT,,,,,irs_990pf
CHILD FAMILY AGENCY SE CT,NEW LONDON,CT,,,,,irs_990pf
CATHOLIC CHARITIES NORWICH,NORWICH,CT,,,,,irs_990pf
NEW LONDON CITY,NEW LONDON,CT,,,,,irs_990pf
EASTERN CT SYMPHONY INC,NEW LONDON,CT,,,,,irs_990pf
EXPRESSIONES CULTURAL CENTER,NEW LONDON,CT,,,,,irs_990pf
HIGHER EDGE INC,NEW LONDON,CT,,,,,irs_990pf
NEW ENGLAND SCIENCE SAILING,STONINGTON,CT,,,,,irs_990pf
NEW LONDON HOMELESS,NEW LONDON,CT,,,,,irs_990pf
PUBLIC LIBRARY OF NEW LONDON,NEW LONDON,CT,,,,,irs_990pf
SAFE FUTURES INC,NEW LONDON,CT,,,,,irs_990pf
ST MARY STAR OF THE SEA,NEW LONDON,CT,,,,,irs_990pf
NEW LONDON COMMUNITY MEAL CTR,NEW LONDON,CT,,,,,irs_990pf
HIGH HOPES THERAPEUTIC RIDING,OLD LYME,CT,,,,,irs_990pf
NEW LONDON AREA FOOD,NEW LONDON,CT,,,,,irs_990pf
THAMES RIVER COMMUNITY,NORWICH,CT,,,,,irs_990pf
THAMES VALLEY COUNCIL FOR,JEWITT CITY,CT,,,,,irs_990pf
THE CENTER A DROP IN COMM,NEW LONDON,CT,,,,,irs_990pf
SAINT JAMES SCHOOL,HAGERSTOWN,MD,,,,,irs_990pf
WIDER CHURCH MINISTRIES,CLEVELAND,OH,,,,,irs_990pf
MISSIONARY SOCIETY OF CONN,HARTFORD,CT,,,,,irs_990pf
COEXISTENCE INC EMBRACING OUR DIFFERENCES,SARASOTA,FL,,,,,irs_990pf
GREATER SARASOTA CHAMBER OF COMMERCE FOUNDATION,SARASOTA,FL,,,,,irs_990pf
GULF COAST COMMUNITY FOUNDATION,SARASOTA,FL,,,,,irs_990pf
LIGHT OF THE WORLD INTERNATIONAL CHURCH,SARASOTA,FL,,,,,irs_990pf
NAACP OF SARASOTA COUNTY,SARASOTA,FL,,,,,irs_990pf
PUERTO RICAN CHAMBER OF COMMERCE,SARASOTA,FL,,,,,irs_990pf
SAMARITAN COUNSELING SERVICES OF THE GULF COAST,SARASOTA,FL,,,,,irs_990pf
BOYS GIRLS CLUBS OF MANATEE COUNTY,BRADENTON,FL,,,,,irs_990pf
SARASOTA MEDICAL PREGNANCY CENTER INC,SARASOTA,FL,,,,,irs_990pf
CARE NET MANASOTA PREGNANCY CENTER,BRADENTON,FL,,,,,irs_990pf
BOGGY CREEK GANG INC,EUSTIS,FL,,,,,irs_990pf
BISHOP MUSEUM OF SCIENCE AND NATURE,BRADENTON,FL,,,,,irs_990pf
ALL FAITHS FOOD BANK INC,SARASOTA,FL,,,,,irs_990pf
NAVY LEAGUE OF THE UNITED STATES,ARLINGTON,VA,,,,,irs_990pf
CHILDREN S FRIEND SERVICE,PROVIDENCE,RI,,,,,irs_990pf
THE SALVATION ARMY,PROVIDENCE,RI,,,,,irs_990pf
BRISTOL HOSPITAL,BRISTOL,CT,,,,,irs_990pf
MANROSS MEM LIBRARY,BRISTOL,CT,,,,,irs_990pf
GIBBS MEMORIAL LIBRARY,MEXIA,TX,,,,,irs_990pf
FIRST PRESBYTERIAN CHURCH,MEXIA,TX,,,,,irs_990pf
SCOTTISH RITE HOSPITAL,DALLAS,TX,,,,,irs_990pf
CONGREGATION BETH EL INC,NEW LONDON,CT,,,,,irs_990pf
FAMILY SERVICE ASSOCIATION,ABSECON,NJ,,,,,irs_990pf
UNITED FUND OF TALBOT,EASTON,MD,,,,,irs_990pf
CHARLOTTE HUNGERFORD HOSPITAL,TORRINGTON,CT,,,,,irs_990pf
VISION LOSS ALLIANCE,DENVILLE,NJ,,,,,irs_990pf
SOCIETY OF THE VALLEY HOSPITAL,RIDGEWOOD,NJ,,,,,irs_990pf
FAIRLEIGH DICKINSON UNIVERSITY,TEANECK,NJ,,,,,irs_990pf
THE CTC ACADEMY INC,FAIR LAWN,NJ,,,,,irs_990pf
YMCA OF RIDGEWOOD-ENDOWMENT FUND,RIDGEWOOD,NJ,,,,,irs_990pf
SCHOLARSHIP TRUST FUND,RIDGEWOOD,NJ,,,,,irs_990pf
CONNECTICUT CHILDRENS MED CTR,HARTFORD,CT,,,,,irs_990pf
TREAS SOUTH CONG CH,MIDDLETOWN,CT,,,,,irs_990pf
MIDDLESEX UNITED WAY INC,MIDDLETOWN,CT,,,,,irs_990pf
UNITED WAY OF PIONEER VALLEY,SPRINGFIELD,MA,,,,,irs_990pf
SEE ATTACHED STATEMENT,SEE ATTACHED STATEMENT,FL,,,,,irs_990pf
FIRST BAPTIST CHURCH OF NORWOOD,NORWOOD,MA,,,,,irs_990pf
UNITED CHURCH OF NORWOOD,NORWOOD,MA,,,,,irs_990pf
FIRST CONGREGATIONAL CHURCH,NORWOOD,MA,,,,,irs_990pf
R I HOSPITAL FOUNDATION,PROVIDENCE,RI,,,,,irs_990pf
BOSTON UNIVERSITY,BOSTON,MA,,,,,irs_990pf
UNIVERSITY OF MASSACHUSETTS - AMHERST,AMHERST,MA,,,,,irs_990pf
UNIVERSITY OF MASSACHUSETTS - LOWELL,LOWELL,MA,,,,,irs_990pf
UNIVERSITY OF MAINE - FARMINGTON,FARMINGTON,ME,,,,,irs_990pf
CHESHIRE HEALTH FOUNDATION,KEENE,NH,,,,,irs_990pf
CONGREGATION AHAVAS ACHIM,KEENE,NH,,,,,irs_990pf
THE FRIENDS OF HILDENE INC,MANCHESTER,VT,,,,,irs_990pf
KEENE HIGH SCHOOL,KEENE,NH,,,,,irs_990pf
HUNTINGTON MEDICAL RESEARCH INST,Pasadena,CA,,,,,irs_990pf
THE HUNTINGTON LIBRARY,SAN MARINO,CA,,,,,irs_990pf
THE GARDEN CLUB OF AMERICA,New York,CA,,,,,irs_990pf
HUNTINGTON HOSPITAL,Pasadena,CA,,,,,irs_990pf
MUSEUM OF ART OF OGUNQUIT,OGUNQUIT,ME,,,,,irs_990pf
ALBANY MEDICAL COLLEGE,ALBANY,NY,,,,,irs_990pf
NORWICH FREE ACADEMY,NORWICH,CT,,,,,irs_990pf
RHODE ISLAND HOSPITAL,PROVIDENCE,RI,,,,,irs_990pf
WICHITA STATE UNIVERSITY,WICHITA,KS,,,,,irs_990pf
UNIVERSITY OF HARTFORD,WEST HARTFORD,CT,,,,,irs_990pf
CHURCH OF CHRIST CONG,NEWINGTON,CT,,,,,irs_990pf
TERRYVILLE CONGREGATIONAL CHURCH,TERRYVILLE,CT,,,,,irs_990pf
TOWN OF NEW SHOREHAM,BLOCK ISLAND,RI,,,,,irs_990pf
MEMORIAL SLOAN-KETTERING,NEW YORK,NY,,,,,irs_990pf
YALE NEW HAVEN HOSPITAL,NEW HAVEN,CT,,,,,irs_990pf
PLAINVILLE CONGREGATIONAL CHURCH,PLAINVILLE,CT,,,,,irs_990pf
ROGER WILLIAMS MEDICAL CENTER,PROVIDENCE,RI,,,,,irs_990pf
WESTERN NEW ENGLAND UNIVERSITY,SPRINGFIELD,MA,,,,,irs_990pf
TEMPLE BNAI ABRAHAM OF MERIDEN I,MERIDEN,CT,,,,,irs_990pf
MIDSTATE MEDICAL CENTER,NEWINGTON,CT,,,,,irs_990pf
CONGREGATION ADATH ISRAEL,NEWTOWN,CT,,,,,irs_990pf
AMERICAN CANCER SOCIETY INC,OKLAHOMA CITY,OK,,,,,irs_990pf
AMERICAN HEART ASSOCIATION INC,ST PETERSBURG,FL,,,,,irs_990pf
CITY OF DALLAS TEXAS -,DALLAS,TX,,,,,irs_990pf
UNIVERSITY OF MISSOURI,COLUMBIA,MO,,,,,irs_990pf
FIRST PRESBYTERIAN CHURCH,Richmond,VA,,,,,irs_990pf
CHESAPEAKE ACADEMY FOUNDATION,Irvington,VA,,,,,irs_990pf
HAMPDEN-SYDNEY COLLEGE,HampdenSydney,VA,,,,,irs_990pf
BOLLING HAXELL HOUSE FOUNDATION,Richmond,VA,,,,,irs_990pf
ST CATHERINE S SCHOOL,Richmond,VA,,,,,irs_990pf
ST CHRISTOPHER S SCHOOL,Richmond,VA,,,,,irs_990pf
VA FOUND FOR IND COLLEGES,Richmond,VA,,,,,irs_990pf
CROSS-OVER MINISTRIES INC,Richmond,VA,,,,,irs_990pf
BIG OAK RANCH,Springvale,AL,,,,,irs_990pf
VIRGINIA FOUNDATION,Richmond,VA,,,,,irs_990pf
VCU MASSEY CANCER CENTER,Richmond,VA,,,,,irs_990pf
VCU ARTS POLLAK SOCIETY,Richmond,VA,,,,,irs_990pf
WASHINGTON LEE UNIVERSITY,Lexington,VA,,,,,irs_990pf
FAISON SCHOOL FOR AUTISM,RICHMOND,VA,,,,,irs_990pf
VMFA FOUNDATION,RICHMOND,VA,,,,,irs_990pf
UVA JEFFERSON SCHOLAR FOUNDATION,CHARLOTTESVILLE,VA,,,,,irs_990pf
HARVARD BUSINESS SCHOOL,Allston,MA,,,,,irs_990pf
DRIVE TO WORK,Richmond,VA,,,,,irs_990pf
WARM SPRINGS CEMETERY INC,Warm Springs,VA,,,,,irs_990pf
ST STEPHEN S EPISCOPAL CHURCH,Richmond,VA,,,,,irs_990pf
VCU INSTITUTE FOR CONTEMPORARY ART,Richmond,VA,,,,,irs_990pf
WARM SPRINGS PRESBYTERIAN CHURCH,Warm Springs,VA,,,,,irs_990pf
STEAMBOAT ERA MUSEUM,Irvington,VA,,,,,irs_990pf
BATH COUNTY ARTS ASSOCIATION,Hot Springs,VA,,,,,irs_990pf
RICHMOND CHRISTMAS MOTHER,Richmond,VA,,,,,irs_990pf
JUNIOR ACHIEVEMENT OF RICHMOND,Richmond,VA,,,,,irs_990pf
BATH COUNTY HISTORICAL SOCIETY,Warm Springs,VA,,,,,irs_990pf
PRAYERS FROM MARIA,Rocky River,OH,,,,,irs_990pf
VIRGINIA MUSEUM OF HISTORY,Richmond,VA,,,,,irs_990pf
HAMPDEN- SYDNEY COLLEGE,Hampden Sydney,VA,,,,,irs_990pf
MARCH OF DIMES,MAITLAND,FL,,,,,irs_990pf
AMERICAN LUNG ASSOC OF FLORIDA,JACKSONVILLE,FL,,,,,irs_990pf
USO,Atlantic BeacH,FL,,,,,irs_990pf
ARTHRITIS FOUNDATION,Bradenton,FL,,,,,irs_990pf
VETERANS OF FOREIGN WARS,FT LAUDERDALE,FL,,,,,irs_990pf
ALZHEIMERS FOUNDATION,DEERFIELD BEACH,FL,,,,,irs_990pf
LEV LALEV FUND,MONSEY,NY,,,,,irs_990pf
MEMORIAL SLOAN KETTERING,NEW YORK,NY,,,,,irs_990pf
ST JUDE CHILDRENS,Memphis,TN,,,,,irs_990pf
AMERICAN HEART ASSOC,Dallas,TX,,,,,irs_990pf
CHILDRENS MIRACLE HOSPITALS,Salt Lake City,UT,,,,,irs_990pf
CHILDRENS VILLAGE OF JERUSALEM,NEW YORK,NY,,,,,irs_990pf
GENERAL ISRAEL ORPHANS HOME FOR GIRLS,NEW YORK,NY,,,,,irs_990pf
AMERICAN RED CROSS,FORT LAUDERDALE,FL,,,,,irs_990pf
NATIONAL MS SOCIETY,FORT LAUDERDALE,FL,,,,,irs_990pf
AMERICAN CANCER SOCIETY,LOS ANGELES,CA,,,,,irs_990pf
AMERICAN RED CROSS GREATER LA,LOS ANGELES,CA,,,,,irs_990pf
AMNESTY INTERNATIONAL,WASHINGTON DC,DC,,,,,irs_990pf
ARCHDIOCESE OF LOS ANGELES,LOS ANGELES,CA,,,,,irs_990pf
BLUE DRAGON CHILDRENS FDN USA,LITTLETON,CO,,,,,irs_990pf
BOY SCOUTS OF AMERICA LA AREA COUNC,LOS ANGELES,CA,,,,,irs_990pf
BOYS GIRLS CLUBS OF LA HARBOR,SAN PEDRO,CA,,,,,irs_990pf
CALIFORNIA STATE PARKS FOUNDATION,LOS ANGELES,CA,,,,,irs_990pf
CHILDRENS HOSPITAL LOS ANGELES,LOS ANGELES,CA,,,,,irs_990pf
DOWNTOWN WOMENS SERVICES,LOS ANGELES,CA,,,,,irs_990pf
FOOD FOR THE POOR INC,COCUNUT CREEK,FL,,,,,irs_990pf
FORT HOPE INC,SAN LUIS OBISPO,CA,,,,,irs_990pf
GREENPEACE,FREDERICKSBURG,VA,,,,,irs_990pf
HELP,TORRANCE,CA,,,,,irs_990pf
HEAL THE BAY,SANTA MONICA,CA,,,,,irs_990pf
HUMAN RIGHTS WATCH,MERRIFIELD,VA,,,,,irs_990pf
INTERNATIONAL CAMPAIGN FOR TIBET,WASHINGTON,DC,,,,,irs_990pf
LONG BEACH RESCUE MISSION,LONG BEACH,CA,,,,,irs_990pf
LOS ANGELES MISSION,LOS ANGELES,CA,,,,,irs_990pf
NEGATIVE POPULATION GROWTH,WASHINGTON,DC,,,,,irs_990pf
PLANT WITH PURPOSE,SAN DIEGO,CA,,,,,irs_990pf
PROVIDENCE LITTLE COMPANY OF MARY C,TORRANCE,CA,,,,,irs_990pf
PROJECT AWARE,RNCHO SNTA MARGARITA,CA,,,,,irs_990pf
RAILS TO TRAILS CONSERVANCY,WASHINGTON,DC,,,,,irs_990pf
RAINFOREST ALLIANCE,MERRIFIELD,VA,,,,,irs_990pf
RECREATIONAL FISHING ALLIANCE,WASHINGTON,DC,,,,,irs_990pf
SAVE-THE- REDWOODS LEAGUE,SAN FRANCISCO,CA,,,,,irs_990pf
SOLDIERS ANGELS,TOPEKA,KS,,,,,irs_990pf
SPECIAL OLYMPICS OF SO CALIF,LONG BEACH,CA,,,,,irs_990pf
ST JUDE,MEMPHIS,TN,,,,,irs_990pf
SWITZER LEARNING CENTER,TORRANCE,CA,,,,,irs_990pf
THE NATURE CONSERVENCY,BALTIMORE,MD,,,,,irs_990pf
THE SABAN FREE CLINIC,LOS ANGELES,CA,,,,,irs_990pf
THE SALVATION ARMY,TORRANCE,CA,,,,,irs_990pf
THE SMILE TRAIN,WASHINGTON,DC,,,,,irs_990pf
TORRANCE CULTURAL ARTS,TORRANCE,CA,,,,,irs_990pf
TORRANCE MEMORIAL HEALTH CARE FOUND,TORRANCE,CA,,,,,irs_990pf
US FUNDS FOR UNICEF,WASHINGTON,DC,,,,,irs_990pf
UNION RESCUE MISSION,LOS ANGELES,CA,,,,,irs_990pf
USO WORLD HEADQUARTERS,WASHINGTON,DC,,,,,irs_990pf
USOC US OLYMPIC COMMITTEE,ALBERT LEAN,MN,,,,,irs_990pf
VETERANS OF FOREIGN WARS,TOPEKA,KS,,,,,irs_990pf
WILDLIFE WAYSTATION,VAN NUYS,CA,,,,,irs_990pf
WORLD EMERGENCY RELIEF,CARLSBAD,CA,,,,,irs_990pf
YMCA TORRANCE SOUTH BAY,TORRANCE,CA,,,,,irs_990pf
TORRANCE EDUCATION FOUNDATION,TORRANCE,CA,,,,,irs_990pf
LANAKILA OUTRIGGER CANOE CLUB,REDONDO BEACH,CA,,,,,irs_990pf
PREGNANCY HELP CENTER,Torrance,CA,,,,,irs_990pf
SPECIAL CHILDREN S LEAGUE,Palos Verdes Estates,CA,,,,,irs_990pf
VISTA FOR CHILDREN,Redondo Beach,CA,,,,,irs_990pf
BOY SCOUTS TROOP 719,LOS ANGELES,CA,,,,,irs_990pf
ROTARY CLUB TORRANCE ED UCATION FDN,TORRANCE,CA,,,,,irs_990pf
TRANSITION MENTAL HEALTH,San Luis Obispo CA,CA,,,,,irs_990pf
YMCA METROPOLITAN LOS ANGELES,LOS ANGELES,CA,,,,,irs_990pf
BRITTINGHAM SOCIAL ENTERPRISE LAB,LOS ANGELES,CA,,,,,irs_990pf
HABITATE FOR HUMANITY,BELLFLOWER,CA,,,,,irs_990pf
MAKE A WISH FOUNDATION,WASHINGTON,DC,,,,,irs_990pf
PARTNERS FOR PEDIATRIC VISION,LOS ANGELES,CA,,,,,irs_990pf
RICHSTONE FAMILY CENTER,HAWTHORNE,CA,,,,,irs_990pf
LONG BEACH POLY HIGH SCHOOL,SAN PEDRO,CA,,,,,irs_990pf
MATT 28 CHILDREN S FAMILY CORNERSTO,WEST COVINA,CA,,,,,irs_990pf
PENINSULA FRIENDS OF THE LIBRARY,ROLLING HILLS ESTATE,CA,,,,,irs_990pf
PEPPERDINE UNIVERSITY,MALIBU,CA,,,,,irs_990pf
ST LAWRENCE MARTYR CHURCH,REDONDO BEACH,CA,,,,,irs_990pf
THE LEUKEMIA LYMPHOBIA SOCIETY,RYE BROOK,NY,,,,,irs_990pf
MOHAWK HUDSON LAND CONSERVANCY,DELMAR,NY,,,,,irs_990pf
CAPITAL CITY RESCUE MISSION,ALBANY,NY,,,,,irs_990pf
CAPITAL REPERTORY THEATER,ALBANY,NY,,,,,irs_990pf
CATHOLIC CHARITIES,ALBANY,NY,,,,,irs_990pf
FIRST CHRISTIAN CHURCH PUNTA GORDA,PUNTA GORDA,FL,,,,,irs_990pf
REGIONAL FOOD BANK,LATHAM,NY,,,,,irs_990pf
SALESIAN MISSIONS,NEW ROCHELLE,NY,,,,,irs_990pf
SHAKER HERITAGE SOCIETY,ALBANY,NY,,,,,irs_990pf
SMILE TRAIN,WASHINGTON DC,DC,,,,,irs_990pf
ST JUDE HOSPITAL,MEMPHIS,TN,,,,,irs_990pf
THE COMMUNITY HOSPICE,ALBANY,NY,,,,,irs_990pf
THE NATURE CONSERVATORY,ALBANY,NY,,,,,irs_990pf
WMHT,TROY,NY,,,,,irs_990pf
HINDMAN SETTLEMENT SCHOOL,HINDMAN,KY,,,,,irs_990pf
NORTHEASTERN ASSOCIATION OF THE BLI,ALBANY,NY,,,,,irs_990pf
RENSSELAER LAND TRUST,TROY,NY,,,,,irs_990pf
THE CHILDREN S INSTITUTE,PITTSBURGH,PA,,,,,irs_990pf
SPRING GROVE CEMETERY,SPRING GROVE,PA,,,,,irs_990pf
ABBY S HOUSE,WORCESTER,MA,,,,,irs_990pf
BAY PATH ROBOTICS,CHARLTON,MA,,,,,irs_990pf
SAINT JOHN PAUL II PARISH,SOUTHBRIDGE,MA,,,,,irs_990pf
BOY SCOUTS OF AMERICA-COASTAL CAROLINA COUNCIL,NORTH OXFORD,MA,,,,,irs_990pf
BOY SCOUTS OF AMERICA-MOHEGAN COUNCIL,WORCESTER,MA,,,,,irs_990pf
CENTER OF HOPE,SOUTHBRIDGE,MA,,,,,irs_990pf
COMMUNITY FOOD COLLABORATIVE,STURBRIDGE,MA,,,,,irs_990pf
CHARLTON HISTORICAL SOCIETY,CHARLTON,MA,,,,,irs_990pf
ECOTARIUM,WORCESTER,MA,,,,,irs_990pf
ELM STREET CONGREGATIONAL CHURCH,SOUTHBRIDGE,MA,,,,,irs_990pf
GATEWAY PLAYERS THEATER,SOUTHBRIDGE,MA,,,,,irs_990pf
GIRL SCOURTS OF CENTRAL WESTERN MA COUNCIL,WORCESTER,MA,,,,,irs_990pf
HEALTHY FAMILIES OF SOUTHERN WC,SOUTHBRIDGE,MA,,,,,irs_990pf
JEREMIAH S INN,WORCESTER,MA,,,,,irs_990pf
LITERACY VOLUNTEERS CO HYDE CHARITABLE FOUNDATION,SOUTHBRIDGE,MA,,,,,irs_990pf
MARIANAPOLIS PREPARATORY SCHOOL,THOMPSON,CT,,,,,irs_990pf
MUSIC WORCESTER,WORCESTER,MA,,,,,irs_990pf
NEW HOPE UNITED CHURCH OF CHRIST,STURBRIDGE,MA,,,,,irs_990pf
OLD STURBRIDGE VILLAGE,STURBRIDGE,MA,,,,,irs_990pf
OUR BRIGHT FUTURE INC,CHARLTON,MA,,,,,irs_990pf
PIONEER INSTITUTE,BOSTON,MA,,,,,irs_990pf
PROCTOR ACADEMY,ANDOVER,NH,,,,,irs_990pf
SOUTHBRIDGE COPS FOR KIDS,SOUTHBRIDGE,MA,,,,,irs_990pf
SOUTHBRIDGE FOOD SHARE,SOUTHBRIDGE,MA,,,,,irs_990pf
SOUTHBRIDGE HOLIDAY VISIONS CO HYDE CHARITABLE FOUNDATION,SOUTHBRIDGE,MA,,,,,irs_990pf
SOUTHBRIDGE POP WARNER FOOTBALL,SOUTHBRIDGE,MA,,,,,irs_990pf
ST LUKE S GUESTHOUSE,SOUTHBRIDGE,MA,,,,,irs_990pf
ST MICHAEL S ROMANIAN CHURCH,SOUTHBRIDGE,MA,,,,,irs_990pf
THE FEDERATED CHURCH OF STURBRIDGE,STURBRIDGE,MA,,,,,irs_990pf
TRI-COMMUNITY YMCA,SOUTHBRIDGE,MA,,,,,irs_990pf
TRINITY CATHOLIC ACADEMY,SOUTHBRIDGE,MA,,,,,irs_990pf
VIVIAN S VICTORY,PITTSBURGH,PA,,,,,irs_990pf
ART AND SOUL OF OAKLAND COUNTY,PITTSBURGH,PA,,,,,irs_990pf
BETTY FORD ALPINE GARDENS,VAIL,CO,,,,,irs_990pf
COSMOS CLUB HISTORICAL PRESERVATION FOUNDATION,WASHINGTON,DC,,,,,irs_990pf
VAIL HEALTH SERVICES FOUNDATION,VAIL,CO,,,,,irs_990pf
INOVA HEALTH SYSTEM FOUNDATION,FALLS CHURCH,VA,,,,,irs_990pf
THE KENNEDY CENTER,ARLINGTON,VA,,,,,irs_990pf
INTERNATIONAL RESCUE COMMITTEE,ALBERT LEA,MN,,,,,irs_990pf
PLANNED PARENTHOOD,WASHINGTON,DC,,,,,irs_990pf
SURFERS HEALING,SAN FRANCISCO,CA,,,,,irs_990pf
826 LA,LOS ANGELES,CA,,,,,irs_990pf
BOYS AND GIRLS HARBOR,NEW YORK,NY,,,,,irs_990pf
PAI,WASHINGTON,DC,,,,,irs_990pf
ARTS ESPANOLA,VERLARDE,NM,,,,,irs_990pf
DUKE UNIVERSITY,DURHAM,NC,,,,,irs_990pf
SCELP,PAWLEYS ISLAND,SC,,,,,irs_990pf
GIRLS INC,NEW YORK,NY,,,,,irs_990pf
CENTER FOR HEIRS PROPERTY PRESERVATION,CHARLESTON,VA,,,,,irs_990pf
ORG LATINO AMERICANA DE EAS,SAGAPONACK,NY,,,,,irs_990pf
CONTRA VIENTO,SANTA FE,NM,,,,,irs_990pf
WINGS FOR KIDS,CHARLESTON,SC,,,,,irs_990pf
DEE NORTON CHILD ADVOCACY,CHARLESTON,SC,,,,,irs_990pf
PRESBYTERIAN CHURCH USA,JEFFERSONVILLE,IN,,,,,irs_990pf
THE CHILDRENS SEASHORE HOUSE,PHILADELPHIA,PA,,,,,irs_990pf
CHILDRENS HOSPITAL OF PHILADELPHIA,PHILADELPHIA,PA,,,,,irs_990pf
TABOR SERVICES INC,DOYLESTOWN,PA,,,,,irs_990pf
AMERICAN PHILOSOPHICAL SOCIETY,PHILADELPHIA,PA,,,,,irs_990pf
MODERN LANGUAGE ASSOCIATION,NEW YORK,NY,,,,,irs_990pf
PHILADELPHIA PUBLIC SCHOOL RETIRED EMPLO,PHILADELPHIA,PA,,,,,irs_990pf
UNION LEAGUE OF PHILADELPHIA,PHILADELPHIA,PA,,,,,irs_990pf
DALLAS SYMPHONY FOUNDATION,DALLAS,TX,,,,,irs_990pf
JEWISH FEDERATION OF GREATER DALLAS,DALLAS,TX,,,,,irs_990pf
VOGEL ALCOVE,DALLAS,TX,,,,,irs_990pf
MENTAL HEALTH AMERICA OF GREATER DALLAS,DALLAS,TX,,,,,irs_990pf
SECURE COMMUNITY NETWORK,NEW YORK CITY,NY,,,,,irs_990pf
JEWISH FAMILY SERVICE AGENCY,LAS VEGAS,NV,,,,,irs_990pf
TEMPLE EMANU-EI,DALLAS,TX,,,,,irs_990pf
MARQUETTE HIGH SCHOOL,MILWAUKEE,WI,,,,,irs_990pf
MARQUETTE UNIV LAW SCHOOL,MILWAUKEE,WI,,,,,irs_990pf
ST JOAN ANTIDA HIGH SCHOOL,MILWAUKEE,WI,,,,,irs_990pf
ST ROBERT S SCHOOL,SHOREWOOD,WI,,,,,irs_990pf
NICOLE ELLIS FOUNDATION,SOUTH HOLLAND,IL,,,,,irs_990pf
DIVINE SAVIOR HOLY ANGELS HS,MILWAUKEE,WI,,,,,irs_990pf
LA CASA DE ESPERANZA,WAUKESHA,WI,,,,,irs_990pf
SILVER SPRING NEIGHBORHOOD CTR,MILWAUKEE,WI,,,,,irs_990pf
FBI MILW CITIZENS ACADEMY,MILWAUKEE,WI,,,,,irs_990pf
JOURNEY HOUSE,MILWAUKEE,WI,,,,,irs_990pf
LUKE HOMAN FOUNDATION INC,BROOKFIELD,WI,,,,,irs_990pf
SOABT INC,MUSKEGO,WI,,,,,irs_990pf
MILWAUKEE RESCUE MISSION,MILWAUKEE,WI,,,,,irs_990pf
CITY OF ST FRANCIS FIRE DEPT,ST FRANCIS,WI,,,,,irs_990pf
CITY OF WAUWATOSA VFW,MILWAUKEE,WI,,,,,irs_990pf
PIUS XI HIGH SCHOOL,MILWAUKEE,WI,,,,,irs_990pf
KM COMMUNITY EDUCATION DEPT,WALES,WI,,,,,irs_990pf
VILLAGE HEALTH PARTNERSHIP,DENVER,CO,,,,,irs_990pf
AMNESTY INTERNATIONAL,NEW YORK,NY,,,,,irs_990pf
MUSLIM ADVOCATES,WASHINGTON,DC,,,,,irs_990pf
ANIMAL SANCTUARY,KEENESBURG,CO,,,,,irs_990pf
POLIS PROJECT,NEW YORK,NY,,,,,irs_990pf
AMIGOS BRAVOS INC,TAOS,NM,,,,,irs_990pf
BIENVENIDOS OUTREACH INC,SANTA FE,NM,,,,,irs_990pf
CORNERSTONE COMMUNITY PARTNERSHIPS,SANTA FE,NM,,,,,irs_990pf
CREATIVE SANTA FE,SANTA FE,NM,,,,,irs_990pf
ESPERANZA SHELTER FOR BATTERED FAMILIES INC,SANTA FE,NM,,,,,irs_990pf
GIRLS INC OF SANTA FE,SANTA FE,NM,,,,,irs_990pf
INTERFAITH COMMUNITY SHELTER,SANTA FE,NM,,,,,irs_990pf
KITCHEN ANGELS,SANTA FE,NM,,,,,irs_990pf
KNME TVUNIVERSITY OF NEW MEXICO,ALBUQUERQUE,NM,,,,,irs_990pf
LA FAMILIA MEDICAL CENTER,SANTA FE,NM,,,,,irs_990pf
MUSEUM OF NEW MEXICO FOUNDATION,SANTA FE,NM,,,,,irs_990pf
NEW MEXICO ENVIRONMENTAL LAW CENTER,SANTA FE,NM,,,,,irs_990pf
NEW MEXICO LAND CONSERVANCY,SANTA FE,NM,,,,,irs_990pf
NEW MEXICO WILDERNESS ALLIANCE,ALBUQUERQUE,NM,,,,,irs_990pf
PLANNED PARENTHOOD OF THE ROCKY MOUNTAINS,ALBUQUERQUE,NM,,,,,irs_990pf
SANTA FE CHILDREN S MUSEUM,SANTA FE,NM,,,,,irs_990pf
SANTA FE COMMUNITY FOUNDATION,SANTA FE,NM,,,,,irs_990pf
SANTA FE CONSERVATION TRUST,SANTA FE,NM,,,,,irs_990pf
SANTA FE PREPARATORY SCHOOL,SANTA FE,NM,,,,,irs_990pf
SCIENCE AND DISCOVERY CENTER,CORNING,NY,,,,,irs_990pf
ST ELIZABETH SHELTER,SANTA FE,NM,,,,,irs_990pf
THE CENTER FOR CONTEMPORARY ARTS OF SANTA FE,SANTA FE,NM,,,,,irs_990pf
THE FOOD DEPOT,SANTA FE,NM,,,,,irs_990pf
THE HEART AND SOUL ANIMAL SANCTUARY,SANTA FE,NM,,,,,irs_990pf
THE LENSIC PERFORMING ARTS CENTER,SANTA FE,NM,,,,,irs_990pf
THE SALVATION ARMY,SANTA FE,NM,,,,,irs_990pf
THE TRUST FOR PUBLIC LAND,SAN FRANCISCO,CA,,,,,irs_990pf
THINK NEW MEXICO,SANTA FE,NM,,,,,irs_990pf
WICHITA STATE UNIVERSITY FOUNDATION,WICHITA,KS,,,,,irs_990pf
YOUTH SHELTERS AND FAMILY SERVICES,SANTA FE,NM,,,,,irs_990pf
AUSTIN RODEO FOUNDATION,AUSTIN,TX,,,,,irs_990pf
BECKET-CHIMNEY CORNERS YMCA,BECKET,MA,,,,,irs_990pf
EPIPHANY SCHOOL,DORCHESTER,MA,,,,,irs_990pf
HOPKINS SCHOOL,NEW HAVEN,CT,,,,,irs_990pf
OUR LITTLE HAVEN,ST LOUIS,MO,,,,,irs_990pf
THE ELI WHITNEY MUSEUM AND WORKSHOP,HAMDEN,CT,,,,,irs_990pf
THE HARTSBROOK SCHOOL,HADLEY,MA,,,,,irs_990pf
THE POSSE FOUNDATION,BOSTON,MA,,,,,irs_990pf
CHRIST THE KING LUTHERAN CHURCH,LAKE OZARK,MO,,,,,irs_990pf
FIRST UNITED METHODIST CHURCH NEW HARTFORD,NEW HARTFORD,IA,,,,,irs_990pf
NEW HAMPTON COMMUNITY SCHOOL DISTRICT,NEW HAMPTON,IA,,,,,irs_990pf
NORTHEAST IOWA COMMUNITY COLLEGE FOUNDATION,PEOSTA,IA,,,,,irs_990pf
TURKEY VALLEY COMMUNITY SCHOOL DISTRICT,JACKSON JUNCTION,IA,,,,,irs_990pf
AMPLIFY MISSION NETWORK,MINNEAPOLIS,MN,,,,,irs_990pf
UNIV OF ARKANSAS FOUNDATION,FAYETTEVILLE,AR,,,,,irs_990pf
MISSION CENTRAL,MECHANICSBURG,PA,,,,,irs_990pf
LUTHERAN SERVICES IN IOWA - BREMWOOD,DES MOINES,IA,,,,,irs_990pf
GRAHAM CONCERT ASSN,Graham,TX,,,,,irs_990pf
GRAHAM REGIONAL MEDICAL CENTER,Graham,TX,,,,,irs_990pf
CITY OF GRAHAM,Graham,TX,,,,,irs_990pf
GRAHAM SENIOR CITIZEN CENTER,Graham,TX,,,,,irs_990pf
VIRGINIA S HOUSE FAMILY CENTER,Graham,TX,,,,,irs_990pf
NORTH CENTRAL TEXAS COLLEGE,Graham,TX,,,,,irs_990pf
REMEMBERING WYATT DALE WATER SAFETY,Graham,TX,,,,,irs_990pf
CATHOLIC CHARITIES DIOCESE OF FORT,Wichita Falls,TX,,,,,irs_990pf
GRAHAM ACTIVITY CENTER,Graham,TX,,,,,irs_990pf
ZEN PEACEMAKERS,MONTAGUE,MA,,,,,irs_990pf
UNITY SHOPPE,SANTA BARBARA,CA,,,,,irs_990pf
CAPPS FAMILY FOUNDATION,SANTA BARBARA,CA,,,,,irs_990pf
SHARE OUR STRENGTH,WASINGTON,DC,,,,,irs_990pf
350ORG,BROOKLYN,NY,,,,,irs_990pf
WORLD CENTRAL KITCHEN,PITTSBURG,PA,,,,,irs_990pf
AFRICA WOMEN RISING,SANTA BARBARA,CA,,,,,irs_990pf
SAVE THE YELLOWSTONE GRIZZLY,LIVINGSTON,MT,,,,,irs_990pf
SIMI ENVIRONMENTAL FUND,ALISO VIEJO,CA,,,,,irs_990pf
RIDE ON THERAPEUTIC HORSEMANSHIP,CHATSWORTH,CA,,,,,irs_990pf
UNI HI EDUCATION FOUNDATION,LOS ANGELES,CA,,,,,irs_990pf
THE FRAZER CENTER,Atlanta,GA,,,,,irs_990pf
ALL THE KINDS HOURSES MINISTRY,WAYNE,NJ,,,,,irs_990pf
ALZHEIMER S NEW JERSEY,ROSELAND,NJ,,,,,irs_990pf
BETHLEHEM,RIDGEWOOD,NJ,,,,,irs_990pf
CAMP YDP,PATERSON,NJ,,,,,irs_990pf
CHRIST IN CAPITALS,SACREMENTO,CA,,,,,irs_990pf
CHRISTIAN OVERCOMERS,GARFIELD,NJ,,,,,irs_990pf
CONCORDIA SEMINARY,ST LOUIS,MO,,,,,irs_990pf
DAWN TREADER,PATERSON,NJ,,,,,irs_990pf
FISHER CENTER FOR ALZHEIMER S RESEA,NEW YORK,NY,,,,,irs_990pf
GREATER NJ CHAPTER,FLORHAM PARK,NJ,,,,,irs_990pf
JEWS FOR JESUS,SAN FRANCISCO,CA,,,,,irs_990pf
JONI AND FRIENDS,ALBERTA LEA,MN,,,,,irs_990pf
LIGHTHOUSE PREGNANCY RESOURCE CENTE,WAYNE,NJ,,,,,irs_990pf
LUTHERAN CHURCH,ST LOUIS,MO,,,,,irs_990pf
LUTHERAN HOUR MINISTRIES,ST LOUIS,MO,,,,,irs_990pf
LUTHERAN WORLD RELIEF,BALTIMORE,MD,,,,,irs_990pf
MERCY SHIPS,GARDEN VALLEY,TX,,,,,irs_990pf
NAVIGATORS,ALBERTA LEA,MN,,,,,irs_990pf
NEW YORK RELIEF,ELIZABETH,NJ,,,,,irs_990pf
SERVANTS HEART,WYCKOFF,NJ,,,,,irs_990pf
SHILOH BIBLE CAMP INC,HEWITT,NJ,,,,,irs_990pf
SOLID FOUNDATION YOUTH OUTREACH,FRANKLIN LAKES,NJ,,,,,irs_990pf
STAR OF HOPE MINISTRIES INC,PATERSON,NJ,,,,,irs_990pf
THE CRUDEM FOUNDATION,LUDLOW,MA,,,,,irs_990pf
THE LUTHERAN CHURCH,ST LOUIS,MO,,,,,irs_990pf
THE NEW JERSEY DISTRICT,MOUNTAINSIDE,NJ,,,,,irs_990pf
TIM TEBOW FOUNDATION,JACKSONVILLE,FL,,,,,irs_990pf
WE RAISE FOUNDATION,ITASCA,IL,,,,,irs_990pf
CSHC BENEVOLENCE FUND,PERRY,GA,,,,,irs_990pf
CSHC DISCRETIONARY FUND,PERRY,GA,,,,,irs_990pf
ARRUPE JESUIT HIGH SCHOOL,DENVER,CO,,,,,irs_990pf
BREAKTHROUGH NEW ORLEANS,NEW ORLEANS,LA,,,,,irs_990pf
BRECKENRIDGE OUTDOOR EDUC CTR,BRECKENRIDGE,CO,,,,,irs_990pf
CHOICE FOUNDATION,NEW ORLEANS,LA,,,,,irs_990pf
COLORADO UPLIFT,DENVER,CO,,,,,irs_990pf
COLORADO VINCENTIAN VOLUNTEERS,DENVER,CO,,,,,irs_990pf
ISADORE NEWMAN SCHOOL,NEW ORLEANS,LA,,,,,irs_990pf
LOUISE S MCGEHEE SCHOOL,NEW ORLEANS,LA,,,,,irs_990pf
MOUNT ST VINCENT HOME,DENVER,CO,,,,,irs_990pf
NATL SPORTS CTR FOR THE DISABLED,DENVER,CO,,,,,irs_990pf
OGDEN MUSEUM OF SOUTHERN ART,NEW ORLEANS,LA,,,,,irs_990pf
UNIV OF COLO SCHOOL OF MEDICINE,AURORA,CO,,,,,irs_990pf
UNIV OF WY FOUNDATION,LARAMIE,WY,,,,,irs_990pf
YOUNG ASPIRATIONSYOUNG ARTISTS,NEW ORLEANS,LA,,,,,irs_990pf
YOUTH EMPOWERMENT PROJECT,NEW ORLEANS,LA,,,,,irs_990pf
AMERICAN LIBRARY ASSOCIATION FOR ALCTS,CHICAGO,IL,,,,,irs_990pf
HASTINGS COLLEGE OF LAW,SAN FRANCISCO,CA,,,,,irs_990pf
PACE CENTER FOR GIRLS INC,JACKSONVILLE,FL,,,,,irs_990pf
ROYAL DAMES OF CANCER RESEARCH INC,FORT LAUDERDALE,FL,,,,,irs_990pf
SACRAMENTO STATE- R MACINTOSH SCHOLARSHIP,SACRAMENTO,CA,,,,,irs_990pf
SIBLEY MEMORIAL HOSPITAL,WASHINGTON,DC,,,,,irs_990pf
WOMEN IN DISTRESS OF BROWARD COUNTY INC,LIGHTHOUSE POINT,FL,,,,,irs_990pf
YMCA OF SOUTH FLORIDA,FT LAUDERDALE,FL,,,,,irs_990pf
MARY IMMACULATE,GALLATIN,MO,,,,,irs_990pf
NW FOUNDATION,MARYVILLE,MO,,,,,irs_990pf
MISSOULA ART MUSEUM,MISSOULA,MT,,,,,irs_990pf
MISSOULA COMMUNITY FOUNDATION,MISSOULA,MT,,,,,irs_990pf
OTHERS LESS THAN 500,MISSOULA,MT,,,,,irs_990pf
RIVER PINES HORSE SANCTUARY,MISSOULA,MT,,,,,irs_990pf
ROCKY MOUNTAIN BALLET,MISSOULA,MT,,,,,irs_990pf
UNIVERSITY OF MONTANA,MISSOULA,MT,,,,,irs_990pf
AVIAN CONSERVATION CENTER OF APPALACHIA,MORGANTOWN,WV,,,,,irs_990pf
BIG BROTHERS BIG SISTERS OF PITTSBURGH,PITTSBURGH,PA,,,,,irs_990pf
DEVELOPMENT ASSOCIATES INTERNATIONAL,COLORADO SPRINGS,CO,,,,,irs_990pf
FOUNDATION FOR FREE ENTERPRISE EDUCATION,ERIE,PA,,,,,irs_990pf
LIGHT OF LIFE RESCUE MISSION,PITTSBURGH,PA,,,,,irs_990pf
PITTSBURGH CAMARATA,PITTSBURGH,PA,,,,,irs_990pf
PITTSBURGH OPERA SOCIETY,PITTSBURGH,PA,,,,,irs_990pf
PITTSBURGH URBAN CHRISTIAN SCHOOL,PITTSBURGH,PA,,,,,irs_990pf
PLANNED PARENTHOOD OF PITTSBURGH,PITTSBURGH,PA,,,,,irs_990pf
SAMARITAN COUNSELING CENTER OF WESTERN PA,LANCASTER,PA,,,,,irs_990pf
TRINITY SCHOOL OF MINISTRY,AMBRIDGE,PA,,,,,irs_990pf
YOUNG LIFE,PITTSBURGH,PA,,,,,irs_990pf
STICHTING CHANUKA CONCERT,,,,,,,irs_990pf
PENINSULA SCHOOL FEEDING ASSOCIATION,,,,,,,irs_990pf
THE HERZLIA FOUNDATION TRUST,,,,,,,irs_990pf
MACCABI NEDERLAND,,,,,,,irs_990pf
THE NONCEBA CENTRE TRUST,,,,,,,irs_990pf
CIA STICHTING COLLECTIEVE ISRAEL ACTIE,,,,,,,irs_990pf
IDC HERZLIYA ISRAEL,,,,,,,irs_990pf
TATE FOUNDATION,,,,,,,irs_990pf
SMAC GALLERY,,,,,,,irs_990pf
BIJ LEVEN EN WELZIJN,,,,,,,irs_990pf
PROJECT CHANGE,Brookeville,MD,,,,,irs_990pf
SERET INTERNATIONAL,,,,,,,irs_990pf
THEATER NA DE DAM,,,,,,,irs_990pf
CENTRUM VOOR INFORMATIE EN DOCUMENTATIE CIDI,,,,,,,irs_990pf
JOHN ADAMS INSTITUTE,,,,,,,irs_990pf
WERELD OUDERS,,,,,,,irs_990pf
JEWISH MUSIC CONCERTS FOUNDATION,,,,,,,irs_990pf
STICHTING TRUSTFONDS RIJKSACADEMIE,,,,,,,irs_990pf
SAVE A CHILD S HEART NEDERLAND SACH,,,,,,,irs_990pf
BOIJMANS VAN BEUNINGEN,,,,,,,irs_990pf
MUSEUM VOORLINDEN,,,,,,,irs_990pf
ATELIERS SUPPORT FUND,,,,,,,irs_990pf
AMSTERDAM ART,,,,,,,irs_990pf
PRINCE CLAUS FOR CULTURE AND DEVELOPMENT,,,,,,,irs_990pf
RIVERDALE COUNTRY SCHOOL,Bronx,NY,,,,,irs_990pf
FUNDACAO BIENAL DE SAO PAULO,,,,,,,irs_990pf
CEFINA,,,,,,,irs_990pf
BIG BROTHERBIG SISTER,TRENTON,NJ,,,,,irs_990pf
HOLT INTERNATIONAL,BENSALEM,PA,,,,,irs_990pf
HOLY CROSS MISSION CENTER,NOTRE DAME,IN,,,,,irs_990pf
MILL SERIES LECTURES,EASTON,PA,,,,,irs_990pf
WOODS ACADEMY ANNUAL FUND,BETHESDA,MD,,,,,irs_990pf
BALDWIN COUNTY ANIMAL SHELTER,SUMMERDALE,AL,,,,,irs_990pf
PRINCETON FUTURE,PRINCETON,NJ,,,,,irs_990pf
EWING SARCOMA RESEARCH TRUST,WASHINGTON,DC,,,,,irs_990pf
WEBER SCHOOL FOUNDATION,WASHINGTON TERRACE,UT,,,,,irs_990pf
PRIMARY CHILDRENS FOUNDATION,SALT LAKE CITY,UT,,,,,irs_990pf
COMMUNITY FOUNDATION OF MORGAN COUNTY INC,MARTINSVILLE,IN,,,,,irs_990pf
EVSC FOUNDATION,EVANSVILLE,IN,,,,,irs_990pf
HAPPY HOLLOW CAMP,INDIANAPOLIS,IN,,,,,irs_990pf
INDIANAPOLIS MUSEUM OF ART,INDIANAPOLIS,IN,,,,,irs_990pf
INDIANAPOLIS SYMPHONY ORCHESTRA,INDIANAPOLIS,IN,,,,,irs_990pf
LEUKEMIA LYMPHOMA SOCIETY,INDIANAPOLIS,IN,,,,,irs_990pf
SCHOLARSHIP PLUS,NEW YORK,NY,,,,,irs_990pf
STABILITY FIRST,MARTINSVILLE,IN,,,,,irs_990pf
THE MIND TRUST INC,INDIANAPOLIS,IN,,,,,irs_990pf
THE NATURE CONSERVATORY,ARLINGTON,VA,,,,,irs_990pf
YMCA CAMP CARSON,PRINCETON,IN,,,,,irs_990pf
YMCA OF GREATER INDIANAPOLIS,INDIANAPOLIS,IN,,,,,irs_990pf
YOUTH FIRST,EVANSVILLE,IN,,,,,irs_990pf
KANSAS CITY AREA LIFE,KANSAS CITY,MO,,,,,irs_990pf
SAVE THE CHILDREN,Fairfield,CT,,,,,irs_990pf
INTERFAITH THE WOODLANDS COMM CLINIC,The Woodlands,TX,,,,,irs_990pf
CHILD ADVOCATES HOUSTON,Houston,TX,,,,,irs_990pf
FISHER HOUSE,Rockville,MD,,,,,irs_990pf
ST JAMES EPISCOPAL CHURCH,NEW LONDON,CT,,,,,irs_990pf
LUCIUS BEEBE MEMORIAL LIBRARY,WAKEFIELD,MA,,,,,irs_990pf
HANIPOLY,Brooklyn,NY,,,,,irs_990pf
SUDOS EREV,Brooklyn,NY,,,,,irs_990pf
MERKACHA BESUMIM,Brooklyn,NY,,,,,irs_990pf
CHONEN VNOSEN,Brooklyn,NY,,,,,irs_990pf
BAIS CHUNA,Brooklyn,NY,,,,,irs_990pf
ZICHRON AVOSEINI,Brooklyn,NY,,,,,irs_990pf
RAV CHASED,Brooklyn,NY,,,,,irs_990pf
KULLEL TIFERETH HESILOM,Brooklyn,NY,,,,,irs_990pf
CHARIDY 2019,Brooklyn,NY,,,,,irs_990pf
SALVATION ARMY,BOSTON,MA,,,,,irs_990pf
MORGAN MEMORIALGOODWILL,BOSTON,MA,,,,,irs_990pf
FALMOUTH HOSPITAL ASSOCIATION,HYANNIS,MA,,,,,irs_990pf
VISITING NURSE ASSOC OF FALMOUTH,HYANNIS,MA,,,,,irs_990pf
MSPCA,BOSTON,MA,,,,,irs_990pf
CAPE COD HOSPITAL FOUNDATION,HYANNIS,MA,,,,,irs_990pf
USA OUTREACH,CEDARHURST,NY,,,,,irs_990pf
AVAIL ACADEMY,EDINA,MN,,,,,irs_990pf
BAINBRIDGE SCHOOLS FOUNDATION,BAINBRIDGE ISLAND,WA,,,,,irs_990pf
BARRE HISTORICAL SOCIETY,BARRE,MA,,,,,irs_990pf
BARRINGTON AREA COUNCIL ON AGING,BARRINGTON,IL,,,,,irs_990pf
BOY SCOUTS OF AMERICA NORTHERN STAR COUNCIL,ST PAUL,MN,,,,,irs_990pf
BOYS AND GIRLS CLUBS OF WAUSAU,WAUSAU,WI,,,,,irs_990pf
CAMP MANITO-WISH YMCA,BOULDER JUNCTION,WI,,,,,irs_990pf
CASTING 4 A CURE,SHERWOOD,OR,,,,,irs_990pf
CASTING FOR RECOVERY INC,BOZEMAN,MT,,,,,irs_990pf
CHILDRENS HEALTH CARE FOUNDATION AKA CHILDREN S HOSPITAL AND CLINICS OF MI,MINNEAPOLIS,MN,,,,,irs_990pf
CITIZENS FOR CONSERVATION,BARRINGTON,IL,,,,,irs_990pf
COLORADO COLLEGE,COLORADO SPRINGS,CO,,,,,irs_990pf
COMMUNITY CHURCH OF BARRINGTON,BARRINGTON,IL,,,,,irs_990pf
DEPAUW UNIVERSITY ANNUAL FUND,GREENCASTLE,IN,,,,,irs_990pf
DOMESTIC ABUSE INTERVENTION SERVICES,MADISON,WI,,,,,irs_990pf
EARTHCORPS,SEATTLE,WA,,,,,irs_990pf
FIRST PRESBYTERIAN CHURCH OF MISSOULA,MISSOULA,MT,,,,,irs_990pf
FIRST PRESBYTERIAN CHURCH OF PETOSKY,PETOSKY,MI,,,,,irs_990pf
GATEWAY COMMUNITY CHURCH,MIDDLETON,WI,,,,,irs_990pf
GO GIRL GOLF,BAINBRIDGE ISLAND,WA,,,,,irs_990pf
HABITAT FOR HUMANITY OF KITSAP COUNTY,BREMERTON,WA,,,,,irs_990pf
HABITAT FOR HUMANITY,ST PAUL,MN,,,,,irs_990pf
HELPLINE HOUSE,BAINBRIDGE ISLAND,WA,,,,,irs_990pf
HOPE COLLEGE,HOLLAND,MI,,,,,irs_990pf
HOSPITALITY HOUSE,MINNEAPOLIS,MN,,,,,irs_990pf
ISLAND VOLUNTEER CAREGIVERS,BAINBRIDGE ISLAND,WA,,,,,irs_990pf
JOURNEYCARE,BARRINGTON,IL,,,,,irs_990pf
JUVENILE DIABETES FOUNDATION FOR RESEARCH,CHICAGO,IL,,,,,irs_990pf
MINNEHAHA ACADEMY ANNUAL FUND,MINNEAPOLIS,MN,,,,,irs_990pf
MONTANA STATE UNIVERSITY,BOZEMAN,MT,,,,,irs_990pf
MUSEUM OF THE ROCKIES,BOZEMAN,MT,,,,,irs_990pf
NANTUCKET CONSERVATION FOUNDATION,NANTUCKET,MA,,,,,irs_990pf
NANTUCKET LAND COUNCIL,NANTUCKET,MA,,,,,irs_990pf
NATURE CONSERVANCY OF MN,MINNEAPOLIS,MN,,,,,irs_990pf
NATURE CONSERVANCY OF WI,MADISON,WI,,,,,irs_990pf
NOAH S HOPE - HOPE 4 BRIDGET,BARRINGTON,IL,,,,,irs_990pf
NORTH PARK SEMINARY,CHICAGO,IL,,,,,irs_990pf
NORTHWESTERN MUSIC SCHOOL,EVANSTON,IL,,,,,irs_990pf
NORTHWESTERN UNIVERSITY ATHLETIC DEPARTMENT,EVANSTON,IL,,,,,irs_990pf
PARKVIEW UNITED CHURCH OF CHRIST,WHITE BEAR LAKE,MN,,,,,irs_990pf
PARTNERS IN HEALTH,FREDERICK,MD,,,,,irs_990pf
PEO FOUNDATION,DES MOINES,IA,,,,,irs_990pf
RUFFED GROUSE SOCIETY,CORAOPOLIS,PA,,,,,irs_990pf
SALEM COVENANT CHURCH ANNUAL FUND,NEW BRIGHTON,MN,,,,,irs_990pf
SALVATION ARMY OF MN,ROSEVILLE,MN,,,,,irs_990pf
SALVATION ARMY,ALEXANDRIA,VA,,,,,irs_990pf
SAMARITAN COUNSELING CENTER,BARRINGTON,IL,,,,,irs_990pf
SEATTLE ANIMAL SHELTERDONATIONS,SEATTLE,WA,,,,,irs_990pf
SEATTLE CANCER CARE ALLIANCE,SEATTLE,WA,,,,,irs_990pf
SMITH COLLEGE,NORTHAMPTON,MA,,,,,irs_990pf
SPARE KEY,ST PAUL,MN,,,,,irs_990pf
ST PAUL CHAMBER ORCHESTRA,ST PAUL,MN,,,,,irs_990pf
SUSAN G KOMEN FOUNDATION,DALLAS,TX,,,,,irs_990pf
THE BALLARD FOOD BANK,SEATTLE,WA,,,,,irs_990pf
THE WOMEN S COMMUNITY,WAUSAU,WI,,,,,irs_990pf
TROUT UNLIMITED,WOOLLY BUGGER,WV,,,,,irs_990pf
TWIN CITIES OPERA GUILD,ST PAUL,MN,,,,,irs_990pf
UNION GOSPEL MISSION,ST PAUL,MN,,,,,irs_990pf
UNIVERSITY OF PUGET SOUND,TACOMA,WA,,,,,irs_990pf
YOUTH HOMES,MISSOULA,MT,,,,,irs_990pf
DENVER ART MUSEUM,DENVER,CO,,,,,irs_990pf
DENVER FILM SOCIETY,DENVER,CO,,,,,irs_990pf
LA CLINICA TEPEYAC,DENVER,CO,,,,,irs_990pf
POSNER CENTER FOR INTERNATIONAL DEVELOPMENT,DENVER,CO,,,,,irs_990pf
PROJECT VOYCE,DENVER,CO,,,,,irs_990pf
SHORTER COMMUNITY AME CHURCH HOUSING CORPORATION,DENVER,CO,,,,,irs_990pf
THE ALLIANCE CENTER,DENVER,CO,,,,,irs_990pf
THE SYMPHONY FUND,DENVER,CO,,,,,irs_990pf
GOSPEL CHINESE CHRISTIAN,MILPITAS,CA,,,,,irs_990pf
SEE ATTACHED LIST,Albany,NY,,,,,irs_990pf
GO CAMPAIGN,SANTA MONICA,CA,,,,,irs_990pf
OUTSIDE THE LENS,SAN DIEGO,CA,,,,,irs_990pf
WILDWOOD SCHOOL,LOS ANGELES,CA,,,,,irs_990pf
A PLACE CALLED HOME,LOS ANGELES,CA,,,,,irs_990pf
HIGH TECH LOS ANGELES,VAN NUYS,CA,,,,,irs_990pf
FRANCISCAN UNIVERSITY OF,STEUBENVILLE,OH,,,,,irs_990pf
AMERICAN NATIONAL RED CROSS,WASHINGTON,DC,,,,,irs_990pf
CENTRAL CATHOLIC HIGH SCHOOL,TOLEDO,OH,,,,,irs_990pf
CENTER OF HOPE FRIENDSHIP,STEUBENVILLE,OH,,,,,irs_990pf
VILLAGE OF NEW ALEXANDRIA,MINGO JUNCTION,OH,,,,,irs_990pf
PEDAL WITH PETE INC,WORTHINGTON,OH,,,,,irs_990pf
ROSS TOWNSHIP,RICHMOND,OH,,,,,irs_990pf
WILLIAMS COLLEGE,WILLIAMSTOWN,MA,,,,,irs_990pf
BARGEMUSIC LTD,BROOKLYN,NY,,,,,irs_990pf
LIGHTHOUSE INTERNATIONAL,NEW YORK,NY,,,,,irs_990pf
VISITING NURSE SERVICES OF NY,NEW YORK,NY,,,,,irs_990pf
CHILDREN S AID SOCIETY,NEW YORK,NY,,,,,irs_990pf
CARNEGIE HALL CORPORATION,NEW YORK,NY,,,,,irs_990pf
WELLS COLLEGE,AURORA,NY,,,,,irs_990pf
AUBURN UNIVERSITY FOUNDATION,Auburn,AL,,,,,irs_990pf
THE MANNES COLLEGE OF MUSIC,NEW YORK,NY,,,,,irs_990pf
KATE COLCLOUGH,WHEELING,WV,,,,,irs_990pf
LAUREN MAHANEY,WHEELING,WV,,,,,irs_990pf
CHRISTOPHER CUNNINGHAM,WHEELING,WV,,,,,irs_990pf
AMERICAN NATIONAL RED CROSS,NEW YORK,NY,,,,,irs_990pf
ASPCA - AMERICAN SOCIETY FOR,NEW YORK,NY,,,,,irs_990pf
NATIONAL ASSN FOR MENTAL HEALTH,ALEXANDRIA,VA,,,,,irs_990pf
NEW YORK PRESBYTERIAN HOSP,NEW YORK,NY,,,,,irs_990pf
LINCOLN CENTER,NEW YORK,NY,,,,,irs_990pf
ICD INTL CENTER FOR THE DISABLED,NEW YORK,NY,,,,,irs_990pf
THE NATIONAL SOCIETY FOR THE,SCHAUMBURG,IL,,,,,irs_990pf
THE HUMANE SOCIETY OF THE USA,WASHINGTON,DC,,,,,irs_990pf
FURRY FRIENDS ADOPTION CLINIC,JUPITER,FL,,,,,irs_990pf
APPALACHIAN MOUNTAIN CLUB,BOSTON,MA,,,,,irs_990pf
FRIENDS ACADEMY,LOCUST VALLEY,NY,,,,,irs_990pf
FRIENDS OF EDGEWOOD NATURE PRESERVE,REDWOOD CITY,CA,,,,,irs_990pf
GREENE LAND TRUST,COXSACKIE,NY,,,,,irs_990pf
HARTWICK COLLEGE,ONEONTA,NY,,,,,irs_990pf
INTERNATIONAL RESCUE COMMITTEE,NEW YORK,NY,,,,,irs_990pf
KQED,SAN FRANCISCO,CA,,,,,irs_990pf
MOUNTAINTOP HISTORICAL SOCIETY,HAINES FALLS,NY,,,,,irs_990pf
NEW YORK UNIVERSITY LANGONE HEALTH,NEW YORK,NY,,,,,irs_990pf
NEW YORK-NEW JERSEY TRAIL CONFERENCE,MAHWAH,NJ,,,,,irs_990pf
NOURISHNJ,MORRISTOWN,NJ,,,,,irs_990pf
PARTNERSHIP FOR A NEW AMERICAN ECONOMY RESEARCH FUND,NEW YORK,NY,,,,,irs_990pf
PENINSULA HUMANE SOCIETY SPCA,BURLINGAME,CA,,,,,irs_990pf
ROCK BROOK SCHOOL,SKILLMAN,NJ,,,,,irs_990pf
SECOND HARVEST FOOD BANK,SAN JOSE,CA,,,,,irs_990pf
SOUTH CAIRO UNITED METHODIST CHURCH,SOUTH CAIRO,NY,,,,,irs_990pf
ST ANTHONY S PADUA DINING ROOM,MENLO PARK,CA,,,,,irs_990pf
USA FOR UNHCR,WASHINGTON,DC,,,,,irs_990pf
ST MARY S FOUNDATION FOR CHILDREN,BAYSIDE,NY,,,,,irs_990pf
NURSES FOR NEWBORNS,NASHVILLE,TN,,,,,irs_990pf
WHOLE KIDS OUTREACH,ELLINGTON,MO,,,,,irs_990pf
SOUTHEAST MO FOOD BANK,SIKESTON,MO,,,,,irs_990pf
FAITH FAMILY MEDICAL CENTER,NASHVILLE,TN,,,,,irs_990pf
UNITED WAY OF MIDDLE TN,NASHVILLE,TN,,,,,irs_990pf
THE NASHVILLE FOOD PROJECT,NASHVILLE,TN,,,,,irs_990pf
AMPUTEE BLADE RUNNERS,NASHVILLE,TN,,,,,irs_990pf
LEARNING LAB,POPLAR BLUFF,MO,,,,,irs_990pf
BOYS GIRLS CLUB OF POPLAR BLUFF,POPLAR BLUFF,MO,,,,,irs_990pf
SAFE HARBOR EASTON INC,Easton,PA,,,,,irs_990pf
VARIOUS,PEORIA,IL,,,,,irs_990pf
JOHN BEAVERS,GALESBURG,IL,,,,,irs_990pf
JASON SCOTT,PORT CHAROLTTE,FL,,,,,irs_990pf
CHRISTOPHER OBOUM,MORTON,IL,,,,,irs_990pf
TEE IT UP FOR THE TROOPS,PEORIA,IL,,,,,irs_990pf
CITIZENS FOR JAMIE HARWOOD,PEORIA,IL,,,,,irs_990pf
CASA OF THE TENTH JUDICIAL CIRCUIT,PEORIA,IL,,,,,irs_990pf
APPSCO,PEORIA HEIGHTS,IL,,,,,irs_990pf
AUDREY NARLOCK,ANTIGO,WI,,,,,irs_990pf
BOYS GIRLS CLUB,BRISTOL,TN,,,,,irs_990pf
SECOND HARVEST FOOD BANK,KINGSPORT,TN,,,,,irs_990pf
SAU FOUNDATION,MAGNOLIA,AR,,,,,irs_990pf
CENTRAL BAPTIST CHURCH,MAGNOLIA,AR,,,,,irs_990pf
BOY SCOUTS OF AMERICA,IRVING,TX,,,,,irs_990pf
MAGNOLIA ARTS,MAGNOLIA,AR,,,,,irs_990pf
ST CORNELIUS EPISCOPAL CHURCH PO BOX 1414 DODGE CITY KS 67801,Dodge City,KS,,,,,irs_990pf
UNITED WAY OF GREATER KANSAS CITY,Kansas City,MO,,,,,irs_990pf
UFHEALTH,GAINESVILLE,FL,,,,,irs_990pf
RAWHIDE,NEW LONDON,WI,,,,,irs_990pf
STARR CHILDREN S FUND,ELM GROVE,WI,,,,,irs_990pf
SAMFORD UNIVERSITY,BIRMINGHAM,AL,,,,,irs_990pf
CHAPMAN UNIVERSITY,ORANGE,CA,,,,,irs_990pf
HOAG HOSPITAL FOUNDATION,NEWPORT BEACH,CA,,,,,irs_990pf
OCEANA,WASHINGTON,DC,,,,,irs_990pf
ORANGE COUNTY ENDOWMENT FOR INTELLECTUAL ADVANCEMENT,LAGUNA BEACH,CA,,,,,irs_990pf
CASA OF ORANGE COUNTY,SANTA ANA,CA,,,,,irs_990pf
ORANGE COUNTY LITERARY SOCIETY,NEWPORT BEACH,CA,,,,,irs_990pf
THE ERIKSON INSTITUTE,CHICAGO,IL,,,,,irs_990pf
GROUP FOUNDATION FOR ADVANCING MENT,NEW YORK,NY,,,,,irs_990pf
THE LATIN SCHOOL OF CHICAGO,CHICAGO,IL,,,,,irs_990pf
CHABAD-SOUTHAMPTON JEWISH CENTER,Southampton,NY,,,,,irs_990pf
VESTIBULAR DISORDERS ASSOCIATION,Portland,OR,,,,,irs_990pf
CHILD S VOICE SCHOOL,WOODDALE,IL,,,,,irs_990pf
CERQUA RIVERA DANCE THEATRE,CHICAGO,IL,,,,,irs_990pf
YIVO INSTITUTE FOR JEWISH RESEARCH,NEW YORK,NY,,,,,irs_990pf
CHICAGO HARP QUARTET,CHICAGO,IL,,,,,irs_990pf
THE JOHN BUCK COMPANY FOUNDATION,CHICAGO,IL,,,,,irs_990pf
CHICAGO DANCERS UNITED,CHICAGO,IL,,,,,irs_990pf
CHICAGO SYMPHONY ORCHESTRA,CHICAGO,IL,,,,,irs_990pf
CHICAGO ROWING FOUNDATION,CHICAGO,IL,,,,,irs_990pf
GIORDANO DANCE,CHICAGO,IL,,,,,irs_990pf
IN SEARCH FOR A CURE,BURR RIDGE,IL,,,,,irs_990pf
JEWISH UNITED FUND,CHICAGO,IL,,,,,irs_990pf
LATIN SCHOOL OF CHICAGO,CHICAGO,IL,,,,,irs_990pf
LYNN SAGE CANCER RESEARCH FUND,CHICAGO,IL,,,,,irs_990pf
NATIONAL COUNCIL OF FAMILY RELATION,SAINT PAUL,MN,,,,,irs_990pf
THE WOMAN S BOARD OF NW MEMORIAL HO,CHICAGO,IL,,,,,irs_990pf
100 CLUB OF CHIAGO,CHICAGO,IL,,,,,irs_990pf
AFTER SCHOOL MATTERS,CHICAGO,IL,,,,,irs_990pf
MUSIC TALKS,NEW YORK,NY,,,,,irs_990pf
CHICAGO POLICE FOUNDATION,CHICAGO,IL,,,,,irs_990pf
CHOPIN FOUNDATION OF THE US,MIAMI,FL,,,,,irs_990pf
JESSE WHITE FOUNDATION,CHICAGO,IL,,,,,irs_990pf
THE JESSE WHITE TUMBLING TEAM,CHICAGO,IL,,,,,irs_990pf
JEWISH MUSIC FOUNDATION,PENN VALLEY,PA,,,,,irs_990pf
LOYOLA UNIVERSITY,CHICAGO,IL,,,,,irs_990pf
LUCKY PLUSH PRODUCTION,CHICAGO,IL,,,,,irs_990pf
MUSEUM OF CONTEMPORARY ART CHICAGO,CHICAGO,IL,,,,,irs_990pf
OLD ST PATRICK CHURCH,CHICAGO,IL,,,,,irs_990pf
OZ PARK BASEBALL ASSOCIATION,CHICAGO,IL,,,,,irs_990pf
RON KITTLE CHARITIES,MOKENA,IL,,,,,irs_990pf
SPECIAL CHILDRENS CHARITIES,CHICAGO,IL,,,,,irs_990pf
UNIVERSITY OF WISCONSIN MADISON,MADISON,WI,,,,,irs_990pf
AAVC ALUMNAE AND ALUMNI OF VASSAR C,POGHKEEPSIE,NY,,,,,irs_990pf
SEE ATTACHED PDF,CORAOPOLIS,PA,,,,,irs_990pf
AMERICAN ASSOC OF UNIVERSITY WOMEN,WASHINGTON,DC,,,,,irs_990pf
IRSC FOUNDATION,FORT PIERCE,FL,,,,,irs_990pf
ATLANTIC CLASSICAL ORCHESTRA,FORT PIERCE,FL,,,,,irs_990pf
SUNCOAST MEDICAL HEALTH CENTER,VERO BEACH,FL,,,,,irs_990pf
UNITARIAN UNIVERSAL CHURCH,VERO BEACH,FL,,,,,irs_990pf
PRESBYTERY OF CINCINNATI,CINCINNATI,OH,,,,,irs_990pf
MIDDLETOWN COMMUNITY FOUNDATION,MIDDLETOWN,OH,,,,,irs_990pf
OHIO PRESBYTERIAN SERVICES,COLUMBUS,OH,,,,,irs_990pf
MONROE PRESBYTERIAN CHURCH,MONROE,OH,,,,,irs_990pf
ALL SAINTS EPISCOPAL CHURCH,PONTIAC,MI,,,,,irs_990pf
JUVENILE DIABETES RF,NEW YORK,NY,,,,,irs_990pf
MUSCULAR DYSTROPHY RESEARCH,CLARKSBURG,MD,,,,,irs_990pf
HABITAT FOR HUMANITY,PONTIAC,MI,,,,,irs_990pf
BOYS AND GIRLS CLUB OF PB COUNTY,West Palm Beach,FL,,,,,irs_990pf
HISTORICAL SOCIETY OF PALM BEACH,West Palm Beach,FL,,,,,irs_990pf
MAKE A WISH SOUTHERN FL,Ft Lauderdale,FL,,,,,irs_990pf
NORTON MUSEUM,West Palm Beach,FL,,,,,irs_990pf
OPPORTUNITY INC,West Palm Beach,FL,,,,,irs_990pf
PALM BEACH FELLOWSHIP,Palm Beach,FL,,,,,irs_990pf
PEGGY ADAMS ANIMAL RESCUE,West Palm Beach,FL,,,,,irs_990pf
UNICEF USA,New York,NY,,,,,irs_990pf
HOSPICE FOUNDATION OF PALM BEACH,Palm Beach,FL,,,,,irs_990pf
THE PRESBYTERIAN FOUNDATION OF PALM BEACH,Jeffersonville,IN,,,,,irs_990pf
HOPITAL ALBERT SCHWEITZER HAITI,Pittsburgh,PA,,,,,irs_990pf
ALZHEIMERS DRUG DISCOVERY,New York,NY,,,,,irs_990pf
THE PROMISE FUND OF FL,Palm Beach,FL,,,,,irs_990pf
PALM BEACH COUNTY POLICE BEN ASSOC,West Palm Beach,FL,,,,,irs_990pf
ANN NORTON SCULPTURE GARDEN,West Palm Beach,FL,,,,,irs_990pf
GIRLS PREPARATORY SCHOOL,Chattanooga,TN,,,,,irs_990pf
LIBERTY BAPTIST CHURCH,EAST ENTERPRISE,IN,,,,,irs_990pf
ST JUDE CHILDREN S RESEARCH HOSPITA,Memphis,TN,,,,,irs_990pf
BUDDY DOG FOUNDATION,Arlington Heights,IL,,,,,irs_990pf
SPECIAL OLYMPICS,Washington,DC,,,,,irs_990pf
BEST FRIENDS ANIMAL,New York,NY,,,,,irs_990pf
MEALS ON WHEELS,Alexandria,VA,,,,,irs_990pf
SD HUMANE SOCIETY,San Diego,CA,,,,,irs_990pf
DANA FARBAR,Boston,MA,,,,,irs_990pf
RONALD MCDONALD,Oak Brook,IL,,,,,irs_990pf
SCRIPPS HEALTH,La Jolla,CA,,,,,irs_990pf
JUST INTIME,Los Angeles,CA,,,,,irs_990pf
JEWISH NATIONAL FUND,San Diego,CA,,,,,irs_990pf
REGENTS AT UCLA,Oakland,CA,,,,,irs_990pf
MS SOCIETY,San Diego,CA,,,,,irs_990pf
TUFTS HILLEL,Medford,MA,,,,,irs_990pf
KUSC,New York,NY,,,,,irs_990pf
SIMON WEISENTHAL CTR,Atlanta,GA,,,,,irs_990pf
JACOBS CUSHMAN SD FOOD BANK,San Diego,CA,,,,,irs_990pf
SHRINERS HOSPITAL,San Diego,CA,,,,,irs_990pf
ISRAEL GUIDE DOG CTR BLIND,La Jolla,CA,,,,,irs_990pf
REGENTS AT UCSD,La Jolla,CA,,,,,irs_990pf
MANUEL SLOCH KETTERING,Norfolk,VA,,,,,irs_990pf
HIGHLAND DISTRICT HOSPITAL,HILLSBORO,OH,,,,,irs_990pf
MIAMI UNIVERSITY,OXFORD,OH,,,,,irs_990pf
ELLA SHARP MUSEUM,JACKSON,MI,,,,,irs_990pf
JACKSON SYMPHONY ORCH,JACKSON,MI,,,,,irs_990pf
SPRING ARBOR UNIVERSITY,SPRING ARBOR,MI,,,,,irs_990pf
YOUTH HAVEN RANCHES,RIVES JUNCTION,MI,,,,,irs_990pf
TRI CITIES FAMILY YMCA,GRAND HAVEN,MI,,,,,irs_990pf
GM MATCH,DANVILLE,CA,,,,,irs_990pf
GHACF,GRAND HAVEN,MI,,,,,irs_990pf
AMERICAN LEGION,GRAND HAVEN,MI,,,,,irs_990pf
KSSNJ,Cherry Hill,NJ,,,,,irs_990pf
ANDREA ZITTEL,JOSHUA TREE,CA,,,,,irs_990pf
BEN OBERBROECKLING,HOWARDS GROVE,WI,,,,,irs_990pf
LORRIGAN PULS,SHEBOYGAN,WI,,,,,irs_990pf
CHARLIZE KUZNACIC,SHEBOYGAN,WI,,,,,irs_990pf
NATHAN KALTENBRUN,SHEBOYGAN,WI,,,,,irs_990pf
ALEXANDRIA M TIMM,PLYMOUTH,WI,,,,,irs_990pf
MIDWESTERN UNIVERSITY,DOWNERS GROVE,IL,,,,,irs_990pf
MAYO CLINIC,SCOTTSDALE,AZ,,,,,irs_990pf
CHELAN MANSON YOUTH FAIR FUND,MANSON,WA,,,,,irs_990pf
DORDT COLLEGE FINANCIAL AID,SIOUX CENTER,IA,,,,,irs_990pf
DYLAN STREETER,OKANOGAN,WA,,,,,irs_990pf
FERRY COUNTY FAIR,REPUBLIC,WA,,,,,irs_990pf
JASMINE YUSI,OKANOGAN,WA,,,,,irs_990pf
JESSE RAMON,TONASKET,WA,,,,,irs_990pf
JUSTIN STANLEY,OMAK,WA,,,,,irs_990pf
KATIE HENNEMAN,TONASKET,WA,,,,,irs_990pf
MARLISA GARCIA,BREWSTER,WA,,,,,irs_990pf
MATTHEW FITZPATRICK,MANSON,WA,,,,,irs_990pf
MELISA CORRALES,BREWSTER,WA,,,,,irs_990pf
NESPELEM CREEK KIDS 4H,NESPELEM,WA,,,,,irs_990pf
OKANOGAN COUNTY 4H,OKANOGAN,WA,,,,,irs_990pf
OKANOGAN COUNTY FAIR,OKANOGAN,WA,,,,,irs_990pf
OKANOGAN COUNTY MARKET STOCK FUND,OKANOGAN,WA,,,,,irs_990pf
OKANOGAN GARDEN KIDS,OKANOGAN,WA,,,,,irs_990pf
WVC WENATCHEE,WENATCHEE,WA,,,,,irs_990pf
VISION FORWARD ASSOCIATION,MILWAUKEE,WI,,,,,irs_990pf
EASTER SEALS SOUTHEAST,WEST ALLIS,WI,,,,,irs_990pf
CENTER FOR COMMUNICATION,WEST ALLIS,WI,,,,,irs_990pf
WI COUNCIL OF THE VISUALLY,MADISON,WI,,,,,irs_990pf
CURATIVE FOUNDATION INC,Milwaukee,WI,,,,,irs_990pf
MILWAUKEE PUBLIC LIBRARY,Milwaukee,WI,,,,,irs_990pf
HAYLEIGH MARLIN,SWEET SPRINGS,MO,,,,,irs_990pf
BROOKE CONNER,SWEET SPRINGS,MO,,,,,irs_990pf
BROOKE VOGELSMEIER,SWEET SPRINGS,MO,,,,,irs_990pf
KATHRYN HOLLINGSWORTH,SWEET SPRINGS,MO,,,,,irs_990pf
KYLEE WINFREY,SWEET SPRINGS,MO,,,,,irs_990pf
LAUREN EAGLE,SWEET SPRINGS,MO,,,,,irs_990pf
MALLORY FORD,HOUSTONIA,MO,,,,,irs_990pf
SUMMER MCBRYAR,SWEET SPRINGS,MO,,,,,irs_990pf
SYDNEY VAUGHT,SWEET SPRINGS,MO,,,,,irs_990pf
TAYLOR LOVE,MARSHALL,MO,,,,,irs_990pf
TRENT BARGFREDE,SWEET SPRINGS,MO,,,,,irs_990pf
WILLIAM ANTONE SCHLEICHER III,SWEET SPRINGS,MO,,,,,irs_990pf
ELIZABETH GERKEN,MARSHALL,MO,,,,,irs_990pf
JACOBI POWERS,CONCORDIA,MO,,,,,irs_990pf
ROOM REDUX,NEW BRAUNFELS,TX,,,,,irs_990pf
LINDSEY RAINES,RAINELLE,WV,,,,,irs_990pf
L Z RAINELLE WV VETERANS REUNION,RAINELLE,WV,,,,,irs_990pf
MEADOW BRIDGE MISSIONARY BAPTIST CH,MEADOW BRIDGE,WV,,,,,irs_990pf
RUPERT AREA IMPROVEMENT COUNCIL,RUPERT,WV,,,,,irs_990pf
CAMP SUMMERS,FOREST HILLS,WV,,,,,irs_990pf
ANSTED BAPTIST CHURCH,ANSTED,WV,,,,,irs_990pf
GODS WAY HOME,RAINELLE,WV,,,,,irs_990pf
SUNDAY ROAD BAPTIST CHURCH,HICO,WV,,,,,irs_990pf
GREENBRIER COUNTY TOYS FOR TOTS,RAINELLE,WV,,,,,irs_990pf
RAINELLE COMMUNITY DEVELOPMENT CORP,RAINELLE,WV,,,,,irs_990pf
PACK-A-SNACK PROGRAM,RAINELLE,WV,,,,,irs_990pf
RAINELLE ELEMENTARY SCHOOL,RAINELLE,WV,,,,,irs_990pf
LINDSEY RAINES MEMORAL SCHOLARSHIP,RAINELLE,WV,,,,,irs_990pf
ALEESIA SIMMONS,RUPERT,WV,,,,,irs_990pf
COLTON DORSEY,RUPERT,WV,,,,,irs_990pf
HANNAH CROOKSHANKS,RAINELLE,WV,,,,,irs_990pf
SHANE GRIFFITH,CRAWLEY,WV,,,,,irs_990pf
TIA WALKUP,CHARMCO,WV,,,,,irs_990pf
CRICHTON ELEMENTARY SCHOOL,QUINWOOD,WV,,,,,irs_990pf
GREATER GREENBRIER LONG TERM RECOVE,LEWISBURG,WV,,,,,irs_990pf
RAINELLE VOLUNTEER FIRE DEPARTMENT,RAINELLE,WV,,,,,irs_990pf
HINTON AREA FOUNDATION,HINTON,WV,,,,,irs_990pf
SMOOT ELEMENTARY SCHOOL,SMOOT,WV,,,,,irs_990pf
TOWN OF RAINELLE,RAINELLE,WV,,,,,irs_990pf
WV VOLUNTARY ORGANIZATIONS ACTIVE I,BELLE,WV,,,,,irs_990pf
GREENBRIER WEST HIGH SCHOOL,CHARMCO,WV,,,,,irs_990pf
SUMMERS COUNTY HIGH SCHOOL,HINTON,WV,,,,,irs_990pf
CHAVURAT AYTZ CHAYIM,STAMFORD,CT,,,,,irs_990pf
FC CHARITIES FOUNDATION,WEST PALM BEACH,FL,,,,,irs_990pf
FLORIDA STATE FIRE FIGHTERS ASSOCIATION,AVON PARK,FL,,,,,irs_990pf
FRENCHMANS CREEK CHARITIES FOUNDATION,PALM BEACH GARDENS,FL,,,,,irs_990pf
FURRY FRIENDS ADOPTION CLINIC RESEARCH,JUPITER,FL,,,,,irs_990pf
HIAS INC,SILVER SPRING,MD,,,,,irs_990pf
ISRAEL TENNIS CENTER FOUNDATION,NEW YORK,NY,,,,,irs_990pf
JEROME GOLDEN CENTER FDN,WEST PALM BEACH,FL,,,,,irs_990pf
JUPITER MEDICAL CENTER,JUPITER,FL,,,,,irs_990pf
LAKE SUCCESS JEWISH CENTER,GREAT NECK,NY,,,,,irs_990pf
MACULAR DEGENERATION RESEARCH,HENDERSON,NV,,,,,irs_990pf
MALTZ JUPITER THEATER,JUPITER,FL,,,,,irs_990pf
MUSEUM OF MODERN ART,NEW YORK,NY,,,,,irs_990pf
NAMI MONTGOMERY COUNTY OHIO,DAYTON,OH,,,,,irs_990pf
NATIONAL HOSPICE FOUNDATION,ALEXANDRIA,VA,,,,,irs_990pf
ORPHEUS CHAMBER ORCHESTRA,NEW YORK,NY,,,,,irs_990pf
PLANNED PARENTHOOD OF SE N FL,WEST PALM BEACH,FL,,,,,irs_990pf
SCRIPPS RESEARCH INSTITUTE,JUPITER,FL,,,,,irs_990pf
STEPHEN WISE FREE SYNAGOGUE,NEW YORK,NY,,,,,irs_990pf
TEMPLE JUDEA,PALM BEACH GARDENS,FL,,,,,irs_990pf
THE GLAUCOMA FOUNDATION,NEW YORK,NY,,,,,irs_990pf
THE IDEAL SCHOOL,WEST PALM BEACH,FL,,,,,irs_990pf
THE JEWISH MUSEUM,NEW YORK,NY,,,,,irs_990pf
UNITED CEREBRAL PALSY,WASHINGTON,DC,,,,,irs_990pf
100 CLUB OF HOUSTON,HOUSTON,TX,,,,,irs_990pf
BROOKWOOD COMMUNITY,BROOKSHIRE,TX,,,,,irs_990pf
BUFFALO BAYOU PARTNERSHIP,HOUSTON,TX,,,,,irs_990pf
CHARCOT-MARIE-TOOTH ASSOCIATION,GLENOLDEN,PA,,,,,irs_990pf
GALVESTON BAY FOUNDATION,WEBSTER,TX,,,,,irs_990pf
HOUSTON BOTANIC GARDEN,HOUSTON,TX,,,,,irs_990pf
HOUSTON EYE ASSOCIATES FOUNDATION,HOUSTON,TX,,,,,irs_990pf
HOUSTON METHODIST HOSPITAL FOUNDATION,HOUSTON,TX,,,,,irs_990pf
HOUSTON MUSEUM OF FINE ARTS HOUSTON,HOUSTON,TX,,,,,irs_990pf
HOUSTON PUBLIC MEDIA,HOUSTON,TX,,,,,irs_990pf
HOUSTON SYMPHONY DEVELOPMENT,HOUSTON,TX,,,,,irs_990pf
HUMANE SOCIETY OF THE UNITED STATES,WASHINGTON,DC,,,,,irs_990pf
MAKE A WISH FOUNDATION,AUSTIN,TX,,,,,irs_990pf
MEMORIAL HERMANN FOUNDATION,HOUSTON,TX,,,,,irs_990pf
MISSION K9 RESCUE,SAN ANTONIO,TX,,,,,irs_990pf
PEOPLE FOR THE ETHICAL TREATMENT OF ANIMALS,NORFOLK,VA,,,,,irs_990pf
PETS FOR VETS INC,WILMINGTON,NC,,,,,irs_990pf
RED COLLAR RESCUE,HOUSTON,TX,,,,,irs_990pf
SNAP,HOUSTON,TX,,,,,irs_990pf
SALVATION ARMY,HOUSTON,TX,,,,,irs_990pf
SAVE A PURRFFECT CAT RESCUE,HOUSTON,TX,,,,,irs_990pf
ST MARTIN S EPISCOPAL CHURCH,HOUSTON,TX,,,,,irs_990pf
STAR OF HOPE MISSION,HOUSTON,TX,,,,,irs_990pf
TEXAS A M FOUNDATION,COLLEGE STATION,TX,,,,,irs_990pf
THE BARONIAL ORDER OF MAGNA CHARTA,KINNELSON,NJ,,,,,irs_990pf
THE HOUSTON MUSEUM OF NATURAL SCIENCE,HOUSTON,TX,,,,,irs_990pf
THE JUNIOR LEAGUE OF HOUSTON,HOUSTON,TX,,,,,irs_990pf
THE SUNSHINE KIDS FOUNDATION,HOUSTON,TX,,,,,irs_990pf
VETERANS ASSISTANCE DOGS OF TEXAS,KERRVILLE,TX,,,,,irs_990pf
VICTORY-AMERICAN CANCER SOCIETY,HOUSTON,TX,,,,,irs_990pf
WILL ERWIN HEADACHE FOUNDATION,HOUSTON,TX,,,,,irs_990pf
LAMBERTVILLE ACADEMY,LAMBERTVILLE,NJ,,,,,irs_990pf
WINSHIP CANCER INSTITUTE,ATLANTA,GA,,,,,irs_990pf
AMBASSADORS FOR CHRIST INTERNATIONAL,TUCKER,GA,,,,,irs_990pf
FAMILY POLICY FOUNDATION,COLORADO SPRINGS,CO,,,,,irs_990pf
NARROW GATE FOUNDATION,WILLIAMSPORT,TN,,,,,irs_990pf
PLEASANT HILL PRESBYTERIAN CHURCH,DULUTH,GA,,,,,irs_990pf
BOYS GIRLS CLUB OF DOOR COUNTY,STURGEON BAY,WI,,,,,irs_990pf
THE CLEARING,ELLISON BAY,WI,,,,,irs_990pf
COVENANT HOUSE MICHIGAN,DETROIT,MI,,,,,irs_990pf
CROSSROADS AT BIG CREEK,STURGEON BAY,WI,,,,,irs_990pf
EMERALD COAST AUTISM CENTER,VALPRAISO,FL,,,,,irs_990pf
GATHERING TABLE,STOUGHTON,WI,,,,,irs_990pf
JR ST VINCENT DE PAUL GROUP,OCONOMOWOC,WI,,,,,irs_990pf
NATURAL RESOURCE FOUNDATION,MADISON,WI,,,,,irs_990pf
NATURE CONSERVANCY,MADISON,WI,,,,,irs_990pf
RIDGES SANCTUARY INC,BAILEYS HARBOR,WI,,,,,irs_990pf
SALVATION ARMY,WAUWAUTOSA,WI,,,,,irs_990pf
SINSINAWA DOMINICAN SISTERS,SINSINAWA,WI,,,,,irs_990pf
APPORTUNITY FUND,MT HOREB,WI,,,,,irs_990pf
FAMILY PROMISE OF WAUKESHA COUNTY,WALES,WI,,,,,irs_990pf
PORTAGE COUNTY LITERACY COUNCIL,STEVENS POINT,WI,,,,,irs_990pf
COMM FOUND N FOR THE NAT CAP L REGION,WASHINGTON,DC,,,,,irs_990pf
CHILDREN S HOSPITAL,PHILA,PA,,,,,irs_990pf
HOSPICE OF LENAWEE,ADRIAN,MI,,,,,irs_990pf
AMERICAN CIVIL LIBERTIES UNION FOUNDATION,NEW YORK,NY,,,,,irs_990pf
CHILDREN S LITERACY INITIATIVE,PHILADELPHIA,PA,,,,,irs_990pf
CITIZENS FOR RESPONSIBILITY AND ETHICS IN WASHINGTON,WASHINGTON,DC,,,,,irs_990pf
COLUMBIA UNIVERSITY LAW SCHOOL,NEW YORK,NY,,,,,irs_990pf
GIVAT HAVIVA EDUCATIONAL FOUNDATION,NEW YORK,NY,,,,,irs_990pf
LASALLE UNIVERSITY - WRITERS MATTER PROGRAM,PHILADELPHIA,PA,,,,,irs_990pf
LAUREL SCHOOL-ANNUAL FUND,SHAKER HTS,OH,,,,,irs_990pf
MASTERY CHARTER SCHOOL,PHILADELPHIA,PA,,,,,irs_990pf
NETTER - CENTER FOR COMMUNITY PARTNERSHIPS,PHILADELPHIA,PA,,,,,irs_990pf
PENNSYLVANIA INNOCENCE PROJECT,PHILADELPHIA,PA,,,,,irs_990pf
PHILADELPHIA CITY ROWING INC,PLYMOUTH MEETING,PA,,,,,irs_990pf
PHILADELPHIA MURAL ART ADVOCATES,PHILADELPHIA,PA,,,,,irs_990pf
SHIPLEY SCHOOL,BRYN MAWR,PA,,,,,irs_990pf
TEACH FOR AMERICA,PHILADELPHIA,PA,,,,,irs_990pf
TEXAS CIVIL RIGHTS PROJECT,AUSTIN,TX,,,,,irs_990pf
UNITED STATES HOLOCUAST MEMORIAL MUSEUM,WASHINGTON,DC,,,,,irs_990pf
AMERICAN CANCER SOCIETY,NASHVILLE,TN,,,,,irs_990pf
BELCOURT THEATER,NASHVILLE,TN,,,,,irs_990pf
CAMP MERRIE WOODE,SAPPHIRE,NC,,,,,irs_990pf
CASA,NASHVILLE,TN,,,,,irs_990pf
CHURCH OF THE EPIPHANY,GUNTERSVILLE,AL,,,,,irs_990pf
CIGART,NASHVILLE,TN,,,,,irs_990pf
CROSSROADS PETS,NASHVILLE,TN,,,,,irs_990pf
CUMBERLAND RIVER COMPACT,NASHVILLE,TN,,,,,irs_990pf
ENSWORTH SCHOOL,NASHVILLE,TN,,,,,irs_990pf
FAMILY AND CHILDREN S SERVICE,NASHVILLE,TN,,,,,irs_990pf
FIFTYFORWARD,NASHVILLE,TN,,,,,irs_990pf
FIRST BAPTIST CHURCH,MURFREESBORO,TN,,,,,irs_990pf
FRIENDS OF RADNOR LAKE,NASHVILLE,TN,,,,,irs_990pf
GEORGE BARRETT ENDOWMENT SCHOLARSHIP FUND SPRING HILL COLLEGE,MOBILE,AL,,,,,irs_990pf
GOLF CLUB OF TENNESSEE SCHOLARSHIP FUND,KINGSTON SPRINGS,TN,,,,,irs_990pf
GRAND CANYON RIVER GUIDES,FLAGSTAFF,AZ,,,,,irs_990pf
GREENWAYS FOR NASHVILLE,NASHVILLE,TN,,,,,irs_990pf
HARPETH HALL SCHOOL,NASHVILLE,TN,,,,,irs_990pf
HOLLINS FRIENDS OF ATHLETICS,ROANOKE,VA,,,,,irs_990pf
HOLLINS UNIVERSITY,ROANOKE,VA,,,,,irs_990pf
LAND TRUST FOR TENNESSEE,NASHVILLE,TN,,,,,irs_990pf
LEAD ACADEMY,NASHVILLE,TN,,,,,irs_990pf
LEGAL PRO BONO LEGAL AID SOCIETY,NASHVILLE,TN,,,,,irs_990pf
MONROE CHILDREN S HOSPITAL,NASHVILLE,TN,,,,,irs_990pf
NASHVILLE DOLPHINS,NASHVILLE,TN,,,,,irs_990pf
NASHVILLE HUMANE SOCIETY,NASHVILLE,TN,,,,,irs_990pf
NASHVILLE SYMPHONY,NASHVILLE,TN,,,,,irs_990pf
NATIONAL MS SOCIETY,BRENTWOOD,TN,,,,,irs_990pf
OZ ARTS,NASHVILLE,TN,,,,,irs_990pf
PLANNED PARENTHOOD,NASHVILLE,TN,,,,,irs_990pf
PRESTON TAYLOR MINISTRIES,NASHVILLE,TN,,,,,irs_990pf
RED CROSS,WASHINGTON,DC,,,,,irs_990pf
RENEWAL HOUSE,NASHVILLE,TN,,,,,irs_990pf
SEXUAL ASSAULT CENTER,NASHVILLE,TN,,,,,irs_990pf
ST GEORGES EPISCOPAL CHURCH,NASHVILLE,TN,,,,,irs_990pf
SUMNER RUGBY CLUB,GALLATIN,TN,,,,,irs_990pf
SWAN BALL CHEEKWOOD,NASHVILLE,TN,,,,,irs_990pf
T J MARTELL,NASHVILLE,TN,,,,,irs_990pf
TENNGREEN,NASHVILLE,TN,,,,,irs_990pf
THISTLE FARMS,NASHVILLE,TN,,,,,irs_990pf
YOU HAVE THE POWER,NASHVILLE,TN,,,,,irs_990pf
CASA PARTNERS,Spokane,WA,,,,,irs_990pf
CHILDREN S ALLIANCE E WA,Seattle,WA,,,,,irs_990pf
HOLY NAMES ACADEMY,Seattle,WA,,,,,irs_990pf
BOYS GIRLS CLUB OF SPOKANE,Spokane,WA,,,,,irs_990pf
PARTNERING FOR PROGRESS,Spokane,WA,,,,,irs_990pf
TREEHOUSE,Seattle,WA,,,,,irs_990pf
ODYSSEY YOUTH CENTER,Spokane,WA,,,,,irs_990pf
SECOND HARVEST FOOD BANK,Spokane,WA,,,,,irs_990pf
HOLY NAMES MUSIC CENTER,Spokane,WA,,,,,irs_990pf
NEW COMMUNITY CHURCH OF WEST,GRAND RAPIDS,MI,,,,,irs_990pf
COMMUNITY RECOVERY,GRAND RAPIDS,MI,,,,,irs_990pf
LIGHTHOUSE FOR TEEN MOMS,GRAND RAPIDS,MI,,,,,irs_990pf
BIBLE LEAGUE,CRETE,IL,,,,,irs_990pf
MERCY MULTIPLIED,NASHVILLE,TN,,,,,irs_990pf
CAMP RODGER,ROCKFORD,MI,,,,,irs_990pf
WCSG,GRAND RAPIDS,MI,,,,,irs_990pf
POTTERS HOUSE,GRAND RAPIDS,MI,,,,,irs_990pf
SIM,CHARLOTTE,NC,,,,,irs_990pf
PIONEERS USA,ORLANDO,FL,,,,,irs_990pf
DAVIDS HOUSE,WYOMING,MI,,,,,irs_990pf
JEHOVAH JIREH MINISTRIES,HUDSONVILLE,MI,,,,,irs_990pf
EITELJORG MUSEUM FOUNDATION,INDIANAPOLIS,IN,,,,,irs_990pf
MEALS ON WHEELS,INDIANAPOLIS,IN,,,,,irs_990pf
SECOND HELPINGS,INDIANAPOLIS,IN,,,,,irs_990pf
ESKENAZI HEALTH FOUNDATION,Indianapolis,IN,,,,,irs_990pf
INDIANAPOLIS PUBLIC LIBRARY FOUNDATION,INDIANAPOLIS,IN,,,,,irs_990pf
MAYO FOUNDATION,ROCHESTER,MN,,,,,irs_990pf
RILEY CHILDREN S FOUNDATION,INDIANAPOLIS,IN,,,,,irs_990pf
SECOND PRESBYTERIAN CHURCH,INDIANAPOLIS,IN,,,,,irs_990pf
BOYS AND GIRLS CLUBS OF INDIANAPOLIS INC,INDIANAPOLIS,IN,,,,,irs_990pf
KIPP INDIANAPOLIS COLLEGE PREP,INDIANAPOLIS,IN,,,,,irs_990pf
COBURN PLACE SAFEHAVEN II INC,INDIANAPOLIS,IN,,,,,irs_990pf
UNION COLLEGE - SCHOOL OF NURSING,SCHENECTADY,NY,,,,,irs_990pf
NOLAN TULLIUS,LOWELL,OH,,,,,irs_990pf
RYAN THOMAS WICKHAM,MARIETTA,OH,,,,,irs_990pf
MARIETTA COMMUNITY FOUNDATION,MARIETTA,OH,,,,,irs_990pf
WASHINGTON CTY BOARD OF DEVELOPMENT,MARIETTA,OH,,,,,irs_990pf
MARIETTA CITY SCHOOLS,MARIETTA,OH,,,,,irs_990pf
COLUMBIA BUSINESS SCHOOL,New York,NY,,,,,irs_990pf
CAIR COALITION,Washington,DC,,,,,irs_990pf
FARM AND WILDERNESS,Plymouth,VT,,,,,irs_990pf
THRIVE DC,Washington,DC,,,,,irs_990pf
CHARLOTTESVILLE BALLET,Charlottesville,VA,,,,,irs_990pf
HABITAT FOR HUMANITY OF GREATER CHARLOTTESVILLE,Charlottesville,VA,,,,,irs_990pf
INTERNATIONAL SCHOOL OF GREATER CHARLOTTESVILLE,Charlottesville,VA,,,,,irs_990pf
PEABODY SCHOOL,Charlottesville,VA,,,,,irs_990pf
ST LUKE S UNIVERSITY HEALTH NETWORK,Bethlehem,PA,,,,,irs_990pf
AMERICAN CIVIL LIBERTIES UNION FOUNDATION INC,New York,NY,,,,,irs_990pf
AMERICAN IMMIGRATION COUNCIL,Washington,DC,,,,,irs_990pf
COMMUNITY SERVICE SOCIETY OF NEW YORK,New York,NY,,,,,irs_990pf
INTERNATIONAL SCHOOL OF INDIANA,Indianapolis,IN,,,,,irs_990pf
PI BETA PHI NATIONAL FOUNDATION,KANSAS CITY,MO,,,,,irs_990pf
READ WRITE LEARNING CENTER,OKLAHOMA CITY,OK,,,,,irs_990pf
FREEDOM SCHOOL,OKLAHOMA CITY,OK,,,,,irs_990pf
CYSTINOSIS RESEARCH FOUNDATION,IRVINE,CA,,,,,irs_990pf
CHRIST LIFE MINISTRIES,VINTON,VA,,,,,irs_990pf
HOMEWARD,PHOENIX,AZ,,,,,irs_990pf
PEDIATRIC CANCER RESEARCH FOUNDATION,LOS ANGELES,CA,,,,,irs_990pf
NORTHRISE UNIVERSITY INITIATIVE,SCOTTSDALE,AZ,,,,,irs_990pf
FREE WHEELCHAIR MISSION,IRVINE,CA,,,,,irs_990pf
FELLOWSHIP OF CHRISTIAN ATHLETES,HUNTINGTON BEACH,CA,,,,,irs_990pf
CAMPUS CRUSADE,ORLANDO,FL,,,,,irs_990pf
CYSTIC FIBROSIS,BETHESDA,MD,,,,,irs_990pf
ABINTRA MONTESSORI SCHOOL,NASHVILLE,TN,,,,,irs_990pf
BELMONT UNIVERSITY,NASHVILLE,TN,,,,,irs_990pf
BRENTWOOD UNITED METHODIST CHURCH,BRENTWOOD,TN,,,,,irs_990pf
CURREY INGRAM ACADEMY,BRENTWOOD,TN,,,,,irs_990pf
ST AUGUSTINE S EPISCOPAL CHAPEL,NASHVILLE,TN,,,,,irs_990pf
UNIVERSITY SCHOOL OF NASHVILLE,NASHVILLE,TN,,,,,irs_990pf
DECISIONS CHOICES OPTIONS,HENDERSONVILLE,TN,,,,,irs_990pf
HELEN KELLER SRVCS FOR THE BLIND,BROOKLYN,NY,,,,,irs_990pf
THE SALVATION ARMY,CORRY,PA,,,,,irs_990pf
YMCA CORRY CHAPTER,CORRY,PA,,,,,irs_990pf
ERIE COMMUNITY FOUNDATION,ERIE,PA,,,,,irs_990pf
AMERICAN NATIONAL RED CROSS,CORRY,PA,,,,,irs_990pf
EMMANUEL CHURCH,CORRY,PA,,,,,irs_990pf
UNIV OF MO MPLP SOURCE FD A,KANSAS CITY,MO,,,,,irs_990pf
SCHOLARSHIP RECIPIENTS,PITTSBURGH,PA,,,,,irs_990pf
CHRIST CHURCH,GREENVILLE,SC,,,,,irs_990pf
ATLANTA HOMEWARD CHOIR,ATLANTA,GA,,,,,irs_990pf
GREENVILLE LITTLE THEATRE,GREENVILLE,SC,,,,,irs_990pf
CHARITY BOARD OF GREENVILLE 1275,GREENVILLE,SC,,,,,irs_990pf
SC CHILDREN S THEATRE,GREENVILLE,SC,,,,,irs_990pf
BLUE SKY FUNDERS FORUM,NEW YORK,NY,,,,,irs_990pf
CAMP NO LIMITS,WALES,ME,,,,,irs_990pf
CHESPEAKE BAY FOUNDATION,ANNAPOLIS,MD,,,,,irs_990pf
COMPASS,WASHINGTON,DC,,,,,irs_990pf
DISMAS OF RUTLAND VT,RUTLAND,VT,,,,,irs_990pf
EAST COAST GREENWAY,DURHAM,NC,,,,,irs_990pf
GARDEN SCHOOL FOUNDATION,LOS ANGELES,CA,,,,,irs_990pf
GLACIER NATIONAL PARK CONSERVANCY,COLUMBIA FALLS,MT,,,,,irs_990pf
GRAND CANYON ASSOCIATION,GRAND CANYON,AZ,,,,,irs_990pf
HORIZONS OF KENT COUNTY,CHESTERTOWN,MD,,,,,irs_990pf
INTERNATIONAL CRANE FOUNDATION,BARABOU,WI,,,,,irs_990pf
NATIONAL GEOGRAPHIC LEX-NG FUND,WASHINGTON,DC,,,,,irs_990pf
NATURE BRIDGE,SAN FRANCISCO,CA,,,,,irs_990pf
OUTDOORS FOR ALL,SEATTLE,WA,,,,,irs_990pf
PINE HILL PARTNERSHIP,RUTLAND,VT,,,,,irs_990pf
ROCK CREEK CONSERVANCY,BETHESDA,MD,,,,,irs_990pf
SOUTH FLORIDA NP TRUST,CORAL GABLES,FL,,,,,irs_990pf
SULTANA EDUCATION FOUNDATION,CHESTERTOWN,MD,,,,,irs_990pf
VICTORY ACADEMY,SHERWOOD,OR,,,,,irs_990pf
WASHINGTON PERFORMING ARTS,WASHINGTON,DC,,,,,irs_990pf
WASHINGTON TRAILS ASSOCIATION,SEATTLE,WA,,,,,irs_990pf
YELLOWSTONE FOREVER,BOZEMAN,MT,,,,,irs_990pf
CONSERVANCY FOR CUYAHOGA VALLEY NATIONAL,PENINSULA,OH,,,,,irs_990pf
WASHINGTON WILD,SEATTLE,WA,,,,,irs_990pf
NORTH CENTRAL WASHINGTON AUDUBON SOCIETY,WENATCHEE,WA,,,,,irs_990pf
VOICES FOR VERMONT S CHILDREN,MONTPELIER,VT,,,,,irs_990pf
MEQUON NATURE PRESERVE,MEQUON,WI,,,,,irs_990pf
AUDUBON NATURALIST SOCIETY,CHEVY CHASE,MD,,,,,irs_990pf
MIDWEST PEREGRIN SOCIETY,ST PAUL,MN,,,,,irs_990pf
BROWNE ACADEMY,ALEXANDRIA,VA,,,,,irs_990pf
ARAVA INSTITUTION,NEWTON,MA,,,,,irs_990pf
COMMONWEALTH SCHOOL,BOSTON,MA,,,,,irs_990pf
FIDELITY CHARITABLE GIFT FUND,COVINGTON,KY,,,,,irs_990pf
HARVARD COLLEGE,CAMBRIDGE,MA,,,,,irs_990pf
HUNTINGTON THEATER COMPANY,BOSTON,MA,,,,,irs_990pf
LYRIC STAGE,BOSTON,MA,,,,,irs_990pf
MUSEUM OF FINE ARTS BOSTON,BOSTON,MA,,,,,irs_990pf
RIDE FOR ROSWELL,BUFFALO,NY,,,,,irs_990pf
WBUR,BOSTON,MA,,,,,irs_990pf
WESTOVER SCHOOL,MIDDLEBURY,CT,,,,,irs_990pf
WINSOR SCHOOL,BOSTON,MA,,,,,irs_990pf
EMBRY RIDDLE AERONAUTICAL UNIVERSIT,DAYTONA BEACH,FL,,,,,irs_990pf
UNIVERSITY OF CENTRAL FLORIDA FOUND,ORLANDO,FL,,,,,irs_990pf
STETSON UNIVERSITY,DELAND,FL,,,,,irs_990pf
SKYLAR STENSON,WIBAUX,MT,,,,,irs_990pf
TATE LUNDE,WIBAUX,MT,,,,,irs_990pf
ALEXIS BEGGER,WIBAUX,MT,,,,,irs_990pf
TONI SCHIEFFER,WIBAUX,MT,,,,,irs_990pf
ERIN SCHNEIDER,WIBAUX,MT,,,,,irs_990pf
SIERRA SCHNEIDER,WIBAUX,MT,,,,,irs_990pf
ROBB BRADEN,WIBAUX,MT,,,,,irs_990pf
ALEKZANDER WAMSLEY,WIBAUX,MT,,,,,irs_990pf
ZACHARY MISKE,WIBAUX,MT,,,,,irs_990pf
VALLIE NELSON,WIBAUX,MT,,,,,irs_990pf
TREY DSCHAAK,WIBAUX,MT,,,,,irs_990pf
JENNA BEELER,WIBAUX,MT,,,,,irs_990pf
COBE BEGGER,WIBAUX,MT,,,,,irs_990pf
NAZARETH FISCHER,WIBAUX,MT,,,,,irs_990pf
CHANCE LARSON,WIBAUX,MT,,,,,irs_990pf
ODESSIA LINWOOD,WIBAUX,MT,,,,,irs_990pf
CHAMINADE JULIENNE CATHOLIC HIGH SCHOOL,DAYTON,OH,,,,,irs_990pf
TEXAS SCOTTISH RITE HOSPITAL FOR CHILDREN,DALLAS,TX,,,,,irs_990pf
MIAMI VALLEY HOSPITAL FOUNDATION,DAYTON,OH,,,,,irs_990pf
RONALD MCDONALD HOUSE CHARITIES,DAYTON,OH,,,,,irs_990pf
AUSTIN STREET CENTER,DALLAS,TX,,,,,irs_990pf
INCARNATION HOUSE,DALLAS,TX,,,,,irs_990pf
DALLAS ARBORETUM BOTANICAL SOC,DALLAS,TX,,,,,irs_990pf
DALLAS MUSEUM OF ART,DALLAS,TX,,,,,irs_990pf
KERA PUBLIC RADIO,DALLAS,TX,,,,,irs_990pf
NETWORK OF COMMUNITY MINISTRIES,RICHARDSON,TX,,,,,irs_990pf
OUR FRIEND S PLACE,DALLAS,TX,,,,,irs_990pf
ST CHRISTOPHER SCHOOL,RICHMOND,VA,,,,,irs_990pf
ST SIMON S AFTER SCHOOL PROGRAM,DALLAS,TX,,,,,irs_990pf
TEXAS TECH UNIVERSITY FDN,LUBBOCK,TX,,,,,irs_990pf
RICHARSON FAMILY YMCA,RICHARDSON,TX,,,,,irs_990pf
RICHARDSON SYMPHONY ORCHESTRA,RICHARDSON,TX,,,,,irs_990pf
ST PHILLIPS SCHOOL COMM CENTER,DALLAS,TX,,,,,irs_990pf
YMCA CAMP GRADY SPRUCE,GRAFORD,TX,,,,,irs_990pf
RICHARDSON AREA YOUNG LIFE,RICHARDSON,TX,,,,,irs_990pf
RICHARDSON ROTARY FDN,RICHARDSON,TX,,,,,irs_990pf
PEARCE COMMUNITY WOMEN S LEAGUE,RICHARDSON,TX,,,,,irs_990pf
J J PEARCE EXCELLENCE IN EDUC FD,RICHARDSON,TX,,,,,irs_990pf
BLOOMINGDALE SCHOOL OF MUSIC,NEW YORK,NY,,,,,irs_990pf
FISHER CENTER FOR ALZHEIME RESEARCH,NEW YORK,NY,,,,,irs_990pf
NAT L SOC COLONIAL DAMES OF CT,WETHERSFIELD,CT,,,,,irs_990pf
O L VOLUNTEER FIRE DEPARTMENT,OLD LYME,CT,,,,,irs_990pf
OLD LYME HISTORICAL SOCIETY,OLD LYME,CT,,,,,irs_990pf
OLD LYME VNA,OLD LYME,CT,,,,,irs_990pf
PAMELA PETTINARI SCHOLARSHIP FUND,NEW LONDON,CT,,,,,irs_990pf
SHORELINE SOUP KITCHEN PANTRY,ESSEX,CT,,,,,irs_990pf
CREWE BAPTIST CHURCH,CREWE,VA,,,,,irs_990pf
CREWE CHURCH OF NAZARENE,CREWE,VA,,,,,irs_990pf
CREWE VOLUNTEER FIRE DEPARTMENT,CREWE,VA,,,,,irs_990pf
CREWE-BURKEVILLE CHRISTMAS MOTHERS,CREWE,VA,,,,,irs_990pf
CREWE-BURKVILLE RECREATION,CREWE,VA,,,,,irs_990pf
LIBERTY CHRISTIAN CHURCH,GREEN BAY,VA,,,,,irs_990pf
NOTTOWAY COUNTY RESCUE SQUAD,CREWE,VA,,,,,irs_990pf
NOTTOWAY COUNTY WEEKDAY RELIGIOUS PROGRAM,CREWE,VA,,,,,irs_990pf
STARKE BEHAVIOR HEALTH ASSOCIATION,BLACKSTONE,VA,,,,,irs_990pf
TOWN OF BURKEVILLE,BURKEVILLE,VA,,,,,irs_990pf
TOWN OF CREWE,CREWE,VA,,,,,irs_990pf
ACHARAI,BALTIMORE,MD,,,,,irs_990pf
AMERICAN CHILDHOOD CANCER ORGANIZATION,BELTSVILLE,MD,,,,,irs_990pf
AMERICAN FRIENDS OF NEVE SHALOM,GLENDALE,CA,,,,,irs_990pf
AMERICAN VISIONARY ARTS MUSEUM,BALTIMORE,MD,,,,,irs_990pf
ASPEN BUDDY PROGRAM,ASPEN,CO,,,,,irs_990pf
ASPEN COUNTRY DAY SCHOOL,ASPEN,CO,,,,,irs_990pf
ASPEN JEWISH CONGREGATION,ASPEN,CO,,,,,irs_990pf
BAIS YAAKOV SCHOOL FOR GIRLS,BALTIMORE,MD,,,,,irs_990pf
BALTIMORE HUNGER PROJECT,BALTIMORE,MD,,,,,irs_990pf
BALTIMORE MUSEUM OF ART,BALTIMORE,MD,,,,,irs_990pf
BALTIMORE SCHOOL FOR THE ARTS,BALTIMORE,MD,,,,,irs_990pf
BALTIMORE SYMPHONY ORCHESTRA,BALTIMORE,MD,,,,,irs_990pf
BALTIMORE TEACHER SWAP SUPPLY,BALTIMORE,MD,,,,,irs_990pf
BALTIMORE URBAN DEBATE LEAGUE,BALTIMORE,MD,,,,,irs_990pf
BNOS YISROEL OF BALTIMORE,BALTIMORE,MD,,,,,irs_990pf
BUILDING STEPS,BROOKLANDVILLE,MD,,,,,irs_990pf
CENTER FOR GLOBAL DEVELOPMENT,WASHINGTON,DC,,,,,irs_990pf
CENTER STAGE,BALTIMORE,MD,,,,,irs_990pf
CHAI,BALTIMORE,MD,,,,,irs_990pf
CHIZUK AMUNO,BALTIMORE,MD,,,,,irs_990pf
CITY NEIGHBORS FOUNDATION,BALTIMORE,MD,,,,,irs_990pf
COLLEGE BOUND FOUNDATION,BALTIMORE,MD,,,,,irs_990pf
DENVER ACADEMY,DENVER,CO,,,,,irs_990pf
DYSLEXIA TUTORING PROGRAM,BALTIMORE,MD,,,,,irs_990pf
ENOCH PRATT FREE LIBRARY,BALTIMORE,MD,,,,,irs_990pf
EVERYMAN THEATRE,BALTIMORE,MD,,,,,irs_990pf
FUND FOR EDUCATIONAL EXCELLENCE,BALTIMORE,MD,,,,,irs_990pf
GIRLS EMPOWERMENT MISSION,BALTIMORE,MD,,,,,irs_990pf
HAMPDEN FAMILY CENTER,BALTIMORE,MD,,,,,irs_990pf
HAND IN HAND,PORTLAND,OR,,,,,irs_990pf
HIGHER ACHIEVEMENT BALTIMORE,BALTIMORE,MD,,,,,irs_990pf
JEWISH RESOURCE CENTER,ASPEN,CO,,,,,irs_990pf
MARYLAND SCIENCE CENTER,BALTIMORE,MD,,,,,irs_990pf
MASORIT FDN FOR CONSERVATIVE JUDAISM,NEW YORK,NY,,,,,irs_990pf
MIDDLE GRADES PARTNERSHIP,BALTIMORE,MD,,,,,irs_990pf
MOISHE HOUSE,ENCINTAS,CA,,,,,irs_990pf
NATIONAL AQUARIUM IN BALTIMORE,BALTIMORE,MD,,,,,irs_990pf
NESHAMA CENTER,ASPEN,CO,,,,,irs_990pf
NEW LEADERS,BALTIMORE,MD,,,,,irs_990pf
PARKS AND PEOPLE,BALTIMORE,MD,,,,,irs_990pf
PORT DISCOVERY CHILDREN S MUSEUM IN BALTO,BALTIMORE,MD,,,,,irs_990pf
SHORESH,BALTIMORE,MD,,,,,irs_990pf
SOUTH BALTIMORE LEARNING CENTER,BALTIMORE,MD,,,,,irs_990pf
SOUTHWEST BALTIMORE CHARTER SCHOOL,BALTIMORE,MD,,,,,irs_990pf
ST VINCENT DE PAUL SOCIETY OF BALTIMORE,BALTIMORE,MD,,,,,irs_990pf
SUFFIELD ACADEMY,SUFFIELD,CT,,,,,irs_990pf
TALMUDICAL ACADEMY,BALTIMORE,MD,,,,,irs_990pf
TEACH FOR AMERICA,BALTIMORE,MD,,,,,irs_990pf
THE COMMUNITY SCHOOL,BALTIMORE,MD,,,,,irs_990pf
THE SPEYER LEGACY SCHOOL,NEW YORK,NY,,,,,irs_990pf
THE WALTERS ART MUSEUM,BALTIMORE,MD,,,,,irs_990pf
THREAD,BALTIMORE,MD,,,,,irs_990pf
TORAH INSTITUTE,OWINGS MILLS,MD,,,,,irs_990pf
UNITED JEWISH APPEAL,ASPEN,CO,,,,,irs_990pf
URBAN TEACHER CENTER,BALTIMORE,MD,,,,,irs_990pf
US HOLOCAUST MEMORIAL MUSEUM,WASHINGTON,DC,,,,,irs_990pf
YOUNG AUDIENCES OF MARYLAND,BALTIMORE,MD,,,,,irs_990pf
COSSA,WILDER,ID,,,,,irs_990pf
CHELAN LANE,WILDER,ID,,,,,irs_990pf
DAKOTA WHITE,WILDER,ID,,,,,irs_990pf
NATHANIEL JACOPS,WILDER,ID,,,,,irs_990pf
RYLEE BECK,WILDER,ID,,,,,irs_990pf
MANTZA MARTINEZ,WILDER,ID,,,,,irs_990pf
EVERARDO AGUILAR,WILDER,ID,,,,,irs_990pf
ANNIKA AMICK,WILDER,ID,,,,,irs_990pf
JOSEPH DUDECK,Ashland,PA,,,,,irs_990pf
CINEMA NAPA VALLEY,NAPA,CA,,,,,irs_990pf
DOMINICAN SCHOOL,SAN RAFAEL,CA,,,,,irs_990pf
FADICA,FAIRFAX,VA,,,,,irs_990pf
FESTIVAL NAPA VALLEY,NAPA,CA,,,,,irs_990pf
HARVARD UNIVERSITY,CAMBRIDGE,MA,,,,,irs_990pf
NAPA CHAMBER OF COMMERCE,NAPA,CA,,,,,irs_990pf
NPH USA,CHICAGO,IL,,,,,irs_990pf
NAPA VALLEY FILM FESTIVAL,NAPA,CA,,,,,irs_990pf
ONE MIND INSTITUTE,RUTHERFORD,CA,,,,,irs_990pf
QUEEN OF THE VALLEY,NAPA,CA,,,,,irs_990pf
RANCHO MIRAGE WRITER S CONFERENCE,RANCHO MIRAGE,CA,,,,,irs_990pf
ST HELENA MONTESSORI,SAINT HELENA,CA,,,,,irs_990pf
ST JOHN THE BAPTIST SCHOOL,BALWIN PARK,CA,,,,,irs_990pf
ST LUKE S FOUNDATION OF HAITI,DUMFRIES,VA,,,,,irs_990pf
THE TRINITY FORUM,WASHINGTON,DC,,,,,irs_990pf
JHAMTSE INTERNATIONAL,ACTON,MA,,,,,irs_990pf
PCRM,WASHINGTON,DC,,,,,irs_990pf
WHATCOM LAND TRUST,BELLINGHAM,WA,,,,,irs_990pf
THE HUMANE LEAGUE,ROCKVILLE,MD,,,,,irs_990pf
FRIENDS OF GUMBO LIMBO,Boca Raton,FL,,,,,irs_990pf
BOB LONG FAMILY FUND,Nashville,TN,,,,,irs_990pf
PLACE OF HOPE,Palm Beach Gardens,FL,,,,,irs_990pf
JUNIOR ACHIEVEMENT OF GREATER MIAMI,Miami,FL,,,,,irs_990pf
CALVARY CHAPEL GREEN VALLEY,Henderson,NV,,,,,irs_990pf
MAKERS CHURCH,San Diego,CA,,,,,irs_990pf
UNIVERSITY OF SAN DIEGO,San Diego,CA,,,,,irs_990pf
AID TO VICTIMS OF DOMESTIC ABUSE,Houston,TX,,,,,irs_990pf
GULF STREAM SCHOOL,Delray Beach,FL,,,,,irs_990pf
VANDERBILT UNIVERSITY,Nashville,TN,,,,,irs_990pf
SAINT ANDREWS SCHOOL,Boca Raton,FL,,,,,irs_990pf
LITTLE PAWS OF LIFE INC,Boca Raton,FL,,,,,irs_990pf
JUPITER CHRISTIAN SCHOOL,Jupiter,FL,,,,,irs_990pf
ABBA FUND INC,Plano,TX,,,,,irs_990pf
FUNDACION CONSTRUYENDO PAIS COLOMBI,,,,,,,irs_990pf
MAPUNGUBWE ORPHANAGE,,,,,,,irs_990pf
CORNELL DAILY SUN ALUMNI,ITHACA,NY,,,,,irs_990pf
THE SCRATCHING POST,CINCINNATI,OH,,,,,irs_990pf
OREGON HUMANE SOCIETY,PORTLAND,OR,,,,,irs_990pf
TUCSON BOTANICAL GARDENS,TUCSON,AZ,,,,,irs_990pf
HUMANE SOCIETY OF SOUTHERN ARIZONA,TUCSON,AZ,,,,,irs_990pf
COLLEGE POSSIBLE OREGON,PORTLAND,OR,,,,,irs_990pf
METRO SQUASH,CHICAGO,IL,,,,,irs_990pf
JUNIOR ACHIEVEMENT OF SW MICHIGAN,BATTLE CREEK,MI,,,,,irs_990pf
KIPP FOUNDATION,SAN FRANCISCO,CA,,,,,irs_990pf
KIPP - CHICAGO,CHICAGO,IL,,,,,irs_990pf
AMERICAN CANCER SOCIETY,SALEM,VA,,,,,irs_990pf
AMERICAN RED CROSS,LYNCHBURG,VA,,,,,irs_990pf
HOPE TREE FAMILY SERVICES,SALEM,VA,,,,,irs_990pf
MORGANS BAPTIST CHURCH,MONETA,VA,,,,,irs_990pf
VIRGINIA BAPTIST FOUNDATION,RICHMOND,VA,,,,,irs_990pf
SENIOR COMPANIONS,STATESBORO,GA,,,,,irs_990pf
STATESBORO FOOD BANK,STATESBORO,GA,,,,,irs_990pf
ACTS,STATESBORO,GA,,,,,irs_990pf
GEORGIA SOUTHERN FOUNDATION,STATESBORO,GA,,,,,irs_990pf
COASTAL PLAINS FCA,STATESBORO,GA,,,,,irs_990pf
AVERITT CENTER FOR THE ARTS,STATESBORO,GA,,,,,irs_990pf
BROKEN SHACKLE RANCH,DAVISBORO,GA,,,,,irs_990pf
OGEECHEE TECH FOUNDATION,STATESBORO,GA,,,,,irs_990pf
THE SHERIFF S YOUTH HOME,SWAINSBORO,GA,,,,,irs_990pf
ACADEMY OF HOPE,STATESBORO,GA,,,,,irs_990pf
THE LODGE AT BETHANY,STATESBORO,GA,,,,,irs_990pf
HEARTS AND HANDS CLINIC,STATESBORO,GA,,,,,irs_990pf
SAFE HAVEN,STATESBORO,GA,,,,,irs_990pf
REBECCA S CAFE,STATESBORO,GA,,,,,irs_990pf
BULLOCH CO FOUNDATION FOR PUB SCH,STATESBORO,GA,,,,,irs_990pf
SE BULLOCH CHOIR,BROOKLET,GA,,,,,irs_990pf
BEHAVIOR PEDIATRICS RESOURCE CENTER,STATESBORO,GA,,,,,irs_990pf
UNITY PLACE HOUSING INC,Ocala,FL,,,,,irs_990pf
CHARLOTTE CATHOLIC HIGH SCHOOL,Charlotte,NC,,,,,irs_990pf
CHARLOTTE CATHOLIC AA-COUGARS FOR A CURE,Charlotte,NC,,,,,irs_990pf
CLARK COUNTY FAIR,NEILLSVILLE,WI,,,,,irs_990pf
POLK COUNTY 4-H,ST CROIX FALLS,WI,,,,,irs_990pf
TAYLOR COUNTY FARM BUREAU,MEDFORD,WI,,,,,irs_990pf
TAYLOR COUNTY LITTLE BRITCHES,GILMAN,WI,,,,,irs_990pf
UNIVERSITY OF WISCONSIN SYSTEM,MADISON,WI,,,,,irs_990pf
ASHLEY BREU,AUBURNDALE,WI,,,,,irs_990pf
CLARK COUNTY FOUNDATION,LOYAL,WI,,,,,irs_990pf
JOSHUA PROBST,RIB LAKE,WI,,,,,irs_990pf
HAILEY MARIE WUDI,MEDFORD,WI,,,,,irs_990pf
NOAH SACKMANN,MEDFORD,WI,,,,,irs_990pf
ADAM DUMS,RIB LAKE,WI,,,,,irs_990pf
ERIN PROBST,RIB LAKE,WI,,,,,irs_990pf
HEATH TIETZ,FREDERIC,WI,,,,,irs_990pf
MARIE HAASE,SOMERSET,WI,,,,,irs_990pf
CALVIN ROSEN,CLEAR LAKE,WI,,,,,irs_990pf
CHANGING WINDS EQUINE THERAPY,WITHEE,WI,,,,,irs_990pf
BRUCE FFA,BRUCE,WI,,,,,irs_990pf
FLAMBEAU FFA,TONY,WI,,,,,irs_990pf
TROOP 56 BOY SCOUTS,BRUCE,WI,,,,,irs_990pf
SAMUEL BLACK,DEER PARK,WI,,,,,irs_990pf
AUSTIN HEISNER,MINERAL POINT,WI,,,,,irs_990pf
MAX MILLER,DODGEVILLE,WI,,,,,irs_990pf
MAKAYLA MILLER,HIGHLAND,WI,,,,,irs_990pf
JAYNE RULE,DODGEVILLE,WI,,,,,irs_990pf
KAITLYN NANKEY,HIGHLAND,WI,,,,,irs_990pf
RYAN JAMES,DODGEVILLE,WI,,,,,irs_990pf
ABBY MEYER,BARNEVELD,WI,,,,,irs_990pf
WISCONSIN AGRICULTURAL EDUCATION CENTER,CLEVELAND,WI,,,,,irs_990pf
LAUREN FROHJER,CENTURIA,WI,,,,,irs_990pf
MANCHESTER AREA CHAMBER OF COMMERCE,MANCHESTER,IA,,,,,irs_990pf
GREATER DELAWARE COUNTY COMMUNITY,MANCHESTER,IA,,,,,irs_990pf
CITY OF MANCHESTER,MANCHESTER,IA,,,,,irs_990pf
WEST DELAWARE SCHOOL DISTRICT,MANCHESTER,IA,,,,,irs_990pf
MANCHESTER FIREFIGHTERS ASSOCIATION,MANCHESTER,IA,,,,,irs_990pf
AMERICAN RED CROSS OF CT,FARMINGTON,CT,,,,,irs_990pf
PAN MASS CHALLENGE,NEEDHAM,MA,,,,,irs_990pf
PARTNERS IN HEALTH,BOSTON,MA,,,,,irs_990pf
SEA ISLAND HABITAT FOR HUMANITY,JOHNS ISLAND,SC,,,,,irs_990pf
PURDUE UNIVERSITY - ELIZABETH CHRIS,WEST LAFAYETTE,IN,,,,,irs_990pf
UNIVERSITY OF MARYLAND COLLEGE PARK,COLLEGE PARK,MD,,,,,irs_990pf
UNIVERSITY OF MINNESOTA - DULUTH -,DULUTH,MN,,,,,irs_990pf
UNIVERSITY OF NEVADA RENO - GABRIEL,RENO,NV,,,,,irs_990pf
MERCER UNIVERSITY - DESHONA LEMON,ATLANTA,GA,,,,,irs_990pf
KANSAS STATE UNIVERSITY - LUCY MOHL,MANHATTAN,KS,,,,,irs_990pf
WESTERN NEW MEXICO UNIVERSITY - BEN,SILVER CITY,NM,,,,,irs_990pf
COASTAL CAROLINA UNIVERSITY - PAYTO,CONWAY,SC,,,,,irs_990pf
BAPS CHARITIES,PISCATAWAY,NJ,,,,,irs_990pf
HOMES FOR OUR TROOPS,TAUNTON,MA,,,,,irs_990pf
INJURED MARINE SEMPER FI FUND,OCEANSIDE,CA,,,,,irs_990pf
MASOMO EDUCATION FOUNDATION,,,,,,,irs_990pf
ORBIS,NEW YORK,NY,,,,,irs_990pf
SHARE CARE FOUNDATION,PARAMUS,NJ,,,,,irs_990pf
VIVEKANANDA ROCK MEMORIAL KENDRA,,,,,,,irs_990pf
14 PLUS FOUNDATION INC,NEW YORK,NY,,,,,irs_990pf
BAPS,PISCATAWAY,NJ,,,,,irs_990pf
SANKARA EYE FOUNDATION,MILPITAS,CA,,,,,irs_990pf
SPARK VENTURES,CHICAGO,IL,,,,,irs_990pf
THE SMILE TRAIN,NEW YORK,NY,,,,,irs_990pf
ZAMBIA S SCHOLARSHIP FUND,BRIGHAM CITY,UT,,,,,irs_990pf
BAPS ENDOWMENT INC,PISCATAWAY,NJ,,,,,irs_990pf
BLESSINGS OF HOPE,Ephrata,PA,,,,,irs_990pf
ONE KINGDOM COMMUNITY,Intercourse,PA,,,,,irs_990pf
TRANSITION TO COMMUNITY,New Holland,PA,,,,,irs_990pf
THCH NHAT HANH FOUNDATION,Esondido,CA,,,,,irs_990pf
ARLINGTON HISTORICAL ASSN,ARLINGTON,VA,,,,,irs_990pf
EPISCOPAL DAY SCHOOL,GADSDEN,AL,,,,,irs_990pf
EPISCOPAL CHURCH OF THE HOLY COMFOR,GADSDEN,AL,,,,,irs_990pf
ORDER OF THE DAUGHTERS OF THE KING,WOODSTOCK,GA,,,,,irs_990pf
HUMANE SOCITY PET RESCUE ADOPTION,GADSDEN,AL,,,,,irs_990pf
FRIENDS OF SULGRAVE MANOR,BERWYN,PA,,,,,irs_990pf
FIRST UNITED METHODIST CHURCH,GADSDEN,AL,,,,,irs_990pf
THE UNIVERSITY OF ALABAMA,TUSCALOOSA,AL,,,,,irs_990pf
JACKSONVILLE STATE FOUNDATION,JACKSONVILLE,AL,,,,,irs_990pf
UNITED WAY OF ETOWAH COUNTY,GADSDEN,AL,,,,,irs_990pf
YOUNG LIFE GADSDEN,GADSDEN,AL,,,,,irs_990pf
THOMAS DRIVE VOLUNTEER FD,PANAMA CITY BEACH,FL,,,,,irs_990pf
NAT L SOCIETY OF COLONIAL DAMES,WILMINGTON,NC,,,,,irs_990pf
ALABAMA PUBLIC TELEVISION,BIRMINGHAM,AL,,,,,irs_990pf
ETOWAH COUNTY ANIMAL SHELTER,PIEDMONT,AL,,,,,irs_990pf
OAK HILL MEMORIAL ASSOCIATION,BIRMINGHAM,AL,,,,,irs_990pf
BENJAMIN MANOLI,HOPEDALE,MA,,,,,irs_990pf
BANCROFT MEMORIAL LIBRARY,HOPEDALE,MA,,,,,irs_990pf
GABRIEL TERANDO,HOPEDALE,MA,,,,,irs_990pf
JACKSON TAHMOUSH,HOPEDALE,MA,,,,,irs_990pf
JENNA RILEY,HOPEDALE,MA,,,,,irs_990pf
EDUCATION LOANS GRANTED,HOPEDALE,MA,,,,,irs_990pf
FRIENDS OF THE HOPEDALE LIBRARY,HOPEDALE,MA,,,,,irs_990pf
HOPEDALE COMMUNITY HOUSE,HOPEDALE,MA,,,,,irs_990pf
HOPEDALE PUBLIC SCHOOLS,HOPEDALE,MA,,,,,irs_990pf
JOSEPH SOARES,HOPEDALE,MA,,,,,irs_990pf
LUCAS BACHE,HOPEDALE,MA,,,,,irs_990pf
MAYFLOWER COUNCIL BOY SCOUTS OF AMERICA,FRAMINGHAM,MA,,,,,irs_990pf
MEGAN LEPORATI,HOPEDALE,MA,,,,,irs_990pf
MIKAYLA WOODING,HOPEDALE,MA,,,,,irs_990pf
MILFORD REGIONAL MEDICAL CENTER,MILFORD,MA,,,,,irs_990pf
MILFORD SALVATION ARMY,MILFORD,MA,,,,,irs_990pf
MUSEUM OF SCIENCE,BOSTON,MA,,,,,irs_990pf
NEW ENGLAND AQUARIUM,BOSTON,MA,,,,,irs_990pf
THE CLAFLIN HILL MUSIC PERFORMANCE FOUND INC,MILFORD,MA,,,,,irs_990pf
OLIVIA PELLEGRINI,HOPEDALE,MA,,,,,irs_990pf
WHITIN COMMUNITY CENTER,WHITINSVILLE,MA,,,,,irs_990pf
OLIVIA ROMANO,HOPEDALE,MA,,,,,irs_990pf
BRIGHT BEGINNINGS CENTER,HOPEDALE,MA,,,,,irs_990pf
THE SOUP KITCHEN,BOYNTON BEACH,FL,,,,,irs_990pf
CAMP DISCOVERY,CHICAGO,IL,,,,,irs_990pf
GREENSBURG AEROBIC CENTER,GREENSBURG,PA,,,,,irs_990pf
ACHIEVEMENT CTRS FOR CHILDREN,DELRAY BEACH,FL,,,,,irs_990pf
AMERICRES,STAMFORD,CT,,,,,irs_990pf
NORWESTERN UNIVERSITY,EVANSTON,IL,,,,,irs_990pf
CONGREGATION BETH TIKVAH,WORTHINGTON,OH,,,,,irs_990pf
ALZHEIMNER S ASSOC,CHICAGO,IL,,,,,irs_990pf
THE WELLINGTON SCHOOL,COLUMBUS,OH,,,,,irs_990pf
JAFCO,SUNRISE,FL,,,,,irs_990pf
BAYLOR COLLEGE OF MEDICINE,HOUSTON,TX,,,,,irs_990pf
CONGREGATION EMANU-EL ISRAEL,GREENSBURG,PA,,,,,irs_990pf
UNIVERSITY OF SCIENCES OF,PHILADELPHIA,PA,,,,,irs_990pf
BOCA HELPING HANDS,BOCA RATON,FL,,,,,irs_990pf
BOYS GIRLS CLUB OF BOCA RATON INC,BOCA RATON,FL,,,,,irs_990pf
JEWISH FEDERATION OF PALM BEACH,BOCA RATON,FL,,,,,irs_990pf
CARIDAD CENTER,BOYNTON BEACH,FL,,,,,irs_990pf
BEST FOD FORWARD FOUNDATION,BOCA RATON,FL,,,,,irs_990pf
WESTMORELAND COUNTY FOOD BANK,DELMONT,PA,,,,,irs_990pf
MEALS ON WHEELS OF THE PALM BEACHES,WEST PALM BEACH,FL,,,,,irs_990pf
REHAB CTR FOR CHILDREN ADULTS,PALM BEACH,FL,,,,,irs_990pf
CENTER FOR HOLOCAUST HUMAN RIGHTS,BOCA RATON,FL,,,,,irs_990pf
NATIONAL CATHOLIC CTR FOR,GREENSBURG,PA,,,,,irs_990pf
RUTH RALES JEWISH FAMILY SERVICES,BOCA RATON,FL,,,,,irs_990pf
FLORENCE FULLER CHILD DEVELOPMENT,BOCA RATON,FL,,,,,irs_990pf
MAE VOLEN SENIOR CENTER,BOCA RATON,FL,,,,,irs_990pf
TAKE STOCK IN CHILDREN,WEST PALM BEACH,FL,,,,,irs_990pf
ST JUDE CHILDREN S RESEARCH HOSP,MEPHIS,TN,,,,,irs_990pf
MID OHIO FOOD BANK,GROVE CITY,OH,,,,,irs_990pf
TEMPLE JUDEA OF PALM BEACH CO INC,PALM BEACH GARDENS,FL,,,,,irs_990pf
THE WOODLANDS,WEXFORD,PA,,,,,irs_990pf
BAILEE MULLEN,Roebling,NJ,,,,,irs_990pf
NATHAN BOGDOVICS,Roebling,NJ,,,,,irs_990pf
TAYLOR DEMBOWSKI,Florence,NJ,,,,,irs_990pf
RYAN KRAMER,Bordentown,NJ,,,,,irs_990pf
SARAH SARDONI,Florence,NJ,,,,,irs_990pf
JAJUAN HAYS,Florence,NJ,,,,,irs_990pf
ELIZABETH REYES,Roebling,NJ,,,,,irs_990pf
PAYNE WALACHY,Roebling,NJ,,,,,irs_990pf
THE CHABAD HOUSE,BROOKLYN,NY,,,,,irs_990pf
HANAHAU OLI SCHOOL,HONOLULU,HI,,,,,irs_990pf
MARYKNOLL SCHOOL,HONOLULU,HI,,,,,irs_990pf
NOGALES TEMPLE EMANU-EL,NOGALES,AZ,,,,,irs_990pf
UNIVERSITY OF FLORIDA FOUNDATION INC,GAINESVILLE,FL,,,,,irs_990pf
UNIVERSITY OF MISSISSIPPI FOUNDATION,UNIVERSITY,MS,,,,,irs_990pf
ACADEMY OF CLEVELAND,CLEVELAND,OH,,,,,irs_990pf
ACTEC FOUNDATION,WASHINGTON,DC,,,,,irs_990pf
AIR FORCE CENTER FOUNDATION,BEVERLY HILLS,CA,,,,,irs_990pf
BEN-GURION UNIVERSITY,LOS ANGELES,CA,,,,,irs_990pf
BOYS AND GIRLS CLUB OF HONOLULU,HONOLULU,HI,,,,,irs_990pf
COAST GUARD FOUNDATION,STONINGTON,CT,,,,,irs_990pf
FOUNDATION FIGHTING BLINDNESS,LOS ANGELES,CA,,,,,irs_990pf
FRIENDS OF THE WAIKIKI AQUARIUM,HONOLULU,HI,,,,,irs_990pf
GLAUCOMA RESEARCH FOUNDATION,SAN FRANCISCO,CA,,,,,irs_990pf
HAWAII CHILDREN S DISCOVERY CENTER,HONOLULU,HI,,,,,irs_990pf
HAWAII FOOD AND WINE FOUNDATION,HONOLULU,HI,,,,,irs_990pf
HAWAII PUBLIC RADIO,HONOLULU,HI,,,,,irs_990pf
HONOLULU ELKS FOUNDATION,HONOLULU,HI,,,,,irs_990pf
HUGS FOUNDATION,HONOLULU,HI,,,,,irs_990pf
HUNAKAI PARK ASSOCIATION,HONOLULU,HI,,,,,irs_990pf
KAPIOLANI PARK PRESERVATION SOCIETY,HONOLULU,HI,,,,,irs_990pf
LA PIETRA HAWAII SCHOOL FOR GIRLS,HONOLULU,HI,,,,,irs_990pf
MANOA HERITAGE CENTER,HONOLULU,HI,,,,,irs_990pf
MOUNT CHARLESTON SCHOOL,LAS VAGAS,NV,,,,,irs_990pf
PUNAHOU SCHOOL,HONOLULU,HI,,,,,irs_990pf
STRAUB HOSPITAL FOUNDATION,HONOLULU,HI,,,,,irs_990pf
THE OUTDOOR CIRCLE,HONOLULU,HI,,,,,irs_990pf
UNIVERSITY OF ARIZONA FOUNDATION,TUCSON,AZ,,,,,irs_990pf
BOY SCOUTS OF AMERICA ALOHA COUNCIL,HONOLULU,HI,,,,,irs_990pf
LAWAKUA CHARITABLE FUND,HONOLULU,HI,,,,,irs_990pf
MANOA HERRITAGE FOUNDATION,HONOLULU,HI,,,,,irs_990pf
DIOCESE OF CAMDEN,CAMDEN,NJ,,,,,irs_990pf
AMBER STANSFIELD,Batesville,AR,,,,,irs_990pf
CASSIDY GARRETT,Batesville,AR,,,,,irs_990pf
KENDALL TOWNSLEY,Batesville,AR,,,,,irs_990pf
ZACH WILLIAMS,Batesville,AR,,,,,irs_990pf
ALEXA FLOYD,Batesville,AR,,,,,irs_990pf
HAYDEN MACE,Batesville,AR,,,,,irs_990pf
TREY THOMPSON,Batesville,AR,,,,,irs_990pf
ALTERNATIVES PREGNANCY CENTER,SACRAMENTO,CA,,,,,irs_990pf
AMAZING LVOE INC,DANVILLE,CA,,,,,irs_990pf
BAYSHORE CHRISTIAN MINISTRIES,EAST PALO ALTO,CA,,,,,irs_990pf
BSF INTERNATIONAL,SAN ANTONIO,TX,,,,,irs_990pf
CHINESE CHRISTIAN MISSION,PETALUMA,CA,,,,,irs_990pf
CHINESE FOR CHRIST CHURCH,BERKELEY,CA,,,,,irs_990pf
CHRIST S COLLEGE,,,,,,,irs_990pf
CITYTEAM MINISTRIES,SAN JOSE,CA,,,,,irs_990pf
COMMUNITY FAITH PARTNERSHIP INC,ITHACA,NY,,,,,irs_990pf
DE ORO CAREGIVER RESOURCE ENTER,CITRUS HEIGHTS,CA,,,,,irs_990pf
EXODUS CRY,GRANDVIEW,MO,,,,,irs_990pf
GLORY AND WONDERS WORLD MISSION,CUPERTINO,CA,,,,,irs_990pf
HIGH STREET COMMUNITY CHURCH,SANTA CRUZ,CA,,,,,irs_990pf
HILL COMMUNITY CHURCH,PASADENA,CA,,,,,irs_990pf
INTERNATIONAL STUDENTS INC,COLORADO SPRINGS,CO,,,,,irs_990pf
JEMSAACF,LOS ANGELES,CA,,,,,irs_990pf
LIGONIER MINISTRIES,ORLANDO,FL,,,,,irs_990pf
OMF INTERNATIONAL,LITTLETON,CO,,,,,irs_990pf
SHIH-LIN ZION CHURCH,,,,,,,irs_990pf
SHUKUGAWA BIBLE CHURCH,,,,,,,irs_990pf
TEEN CHALLENGE MONTEREY BAY,WATSONVILLE,CA,,,,,irs_990pf
THE GRACE NETWORK,SACRAMENTO,CA,,,,,irs_990pf
TOUCH LIFE MISSION,DIAMOND BAR,CA,,,,,irs_990pf
UC BERKELEY FOUNDATION,BERKELEY,CA,,,,,irs_990pf
UC SANTA CRUZ FOUNDATION,SAN FRANCISCO,CA,,,,,irs_990pf
VINTAGE FAITH CHURCH,SANTA CRUZ,CA,,,,,irs_990pf
WESTGATE CHURCH,SAN JOSE,CA,,,,,irs_990pf
ASSOCIATION FOR CONFLICT RESOLUTION,Columbus,GA,,,,,irs_990pf
KENNESAW STATE UNIVERSITY,Kennesaw,GA,,,,,irs_990pf
LITTLE FRIENDS FOR PEACE,Mt Rainier,MD,,,,,irs_990pf
CONVERGENCE CENTER FOR POLICY RESOLUTION,Washington,DC,,,,,irs_990pf
NASHVILLE CONFLICT RESOLUTION CENTER,Nashville,TN,,,,,irs_990pf
NATIONAL ASSOC FOR COMMUNITY MEDIATION,Louisville,KY,,,,,irs_990pf
NEW YORK PEACE INSTITUTE,New York,NY,,,,,irs_990pf
OHIO STATE UNIVERSITY FOUNDATION,Columbus,OH,,,,,irs_990pf
CREATIVE RESPONSE TO CONFLICT,Suffern,NY,,,,,irs_990pf
RESOLUTION SYS - SUPREME COURT OF OHIO,Columbus,OH,,,,,irs_990pf
LIGHTHOUSE ACADEMIES,Wesley Chapel,FL,,,,,irs_990pf
UNIVERSITY OF MASSACHUSETTS FOUNDATION,Boston,MA,,,,,irs_990pf
WEINSTEIN FELLOWSHIP PROGRAM,Irvine,CA,,,,,irs_990pf
UNIVERSITY OF MARYLAND FOUNDATION,College Park,MD,,,,,irs_990pf
CUPERTINO HIGH SCHOOL,Cupertiono,CA,,,,,irs_990pf
DALIAN CITY SOCIAL WELFARE INSTITUT,,,,,,,irs_990pf
PO LIN MONASTERY,,,,,,,irs_990pf
SIK SIK YUEN WONG TAI SIN,,,,,,,irs_990pf
ON OUR OWN,ST PAUL,MN,,,,,irs_990pf
ALL SAINTS CHURCH,CEDAR RAPIDS,IA,,,,,irs_990pf
JUNIOR ACHIEVEMENT,CEDAR RAPIDS,IA,,,,,irs_990pf
LAWRENCE UNIVERSITY FOUNDATION,APPLETON,WI,,,,,irs_990pf
MOUNT MERCY UNIVERSITY FOUNDATION,CEDAR RAPIDS,IA,,,,,irs_990pf
UNITED WAY OF EAST CENTRAL IOWA,CEDAR RAPIDS,IA,,,,,irs_990pf
CARLETON COLLEGE,NORTHFIELD,MN,,,,,irs_990pf
ELIOT SCHOOL OF FINE APPLIED ARTS,BOSTON,MA,,,,,irs_990pf
EMERGE CENTER AGAINST DOMESTIC ABUSE,TUCSON,AZ,,,,,irs_990pf
EVIDENCE ACTION,WASHINGTON,DC,,,,,irs_990pf
KINO BORDER INITIATIVE,NOGALES,AZ,,,,,irs_990pf
SONORAN INSTITUTE,TUCSON,AZ,,,,,irs_990pf
WOMEN S FOUNDATION OF SOUTHERN ARIZONA,TUCSON,AZ,,,,,irs_990pf
YOUTH ON THEIR OWN,TUCSON,AZ,,,,,irs_990pf
ACLU MEMBERSHIP DEPARTMENT,NEW YORK,NY,,,,,irs_990pf
ARLINGTON EDUCATION FOUNDATION,ARLINGTON,MA,,,,,irs_990pf
BRACKETT SCHOOL PTO,ARLINGTON,MA,,,,,irs_990pf
FORT APACHE HERITAGE FOUNDATION INC,FORT APACHE,AZ,,,,,irs_990pf
HARVARD PROJECT ON AMERICAN INDIAN ECONOMIC DEVELOPMENT,CAMBRIDGE,MA,,,,,irs_990pf
FIDELITY DONOR ADVISED FUND,CINCINNATI,OH,,,,,irs_990pf
SILICON VALLEY COMMUNITY FOUNDATION,MT VIEW,CA,,,,,irs_990pf
OREGON TECH,KLAMATH FALLS,OR,,,,,irs_990pf
ALBERTINA KERR,PORTLAND,OR,,,,,irs_990pf
CAMPFIRE GIRLS,PORTLAND,OR,,,,,irs_990pf
CASA OF MULTWASHCOL CNTY,PORTLAND,OR,,,,,irs_990pf
I HAVE A DREAM,PORTLAND,OR,,,,,irs_990pf
LIBRARY FOUNDATION,PORTLAND,OR,,,,,irs_990pf
THE NEXT DOOR,THE DALLES,OR,,,,,irs_990pf
PORTLAND CHILDREN S MUSEUM,PORTLAND,OR,,,,,irs_990pf
OREGON AQUARIUM,NEWPORT,OR,,,,,irs_990pf
FRIENDS OF THE CHILDREN,PORTLAND,OR,,,,,irs_990pf
OREGON SYMPHONY,PORTLAND,OR,,,,,irs_990pf
COLLEGE POSSIBLE,SAINT PAUL,MN,,,,,irs_990pf
PROVIDENCE CHILD CENTER,PORTLAND,OR,,,,,irs_990pf
DE LA SALLE NORTH CATHOLIC HS,PORTLAND,OR,,,,,irs_990pf
COMMUNITY TRANSITIONAL SCHOOL,PORTLAND,OR,,,,,irs_990pf
OMSI,PORTLAND,OR,,,,,irs_990pf
PORTLAND STATE UNIVERSITY FOUNDATIO,PORTLAND,OR,,,,,irs_990pf
UNIVERSITY OF OREGON FOUNDATION,EUGENE,OR,,,,,irs_990pf
BOYS AND GIRLS CLUBS,PORTLAND,OR,,,,,irs_990pf
WESTERN OREGON UNIVERSITY,MONMOUTH,OR,,,,,irs_990pf
PORTLAND COMMUNITY COLLEGE,PORTLAND,OR,,,,,irs_990pf
SMART,PORTLAND,OR,,,,,irs_990pf
OREGON STATE UNIV FOUNDATION,PORTLAND,OR,,,,,irs_990pf
PACIFIC LUTHERAN UNIV FOUNDATION,TACOMA,WA,,,,,irs_990pf
OPEN SCHOOL,PORTLAND,OR,,,,,irs_990pf
NEW AVENUES FOR YOUTH,PORTLAND,OR,,,,,irs_990pf
OREGON ZOO,PORTLAND,OR,,,,,irs_990pf
SATURDAY ACADEMY,PORTLAND,OR,,,,,irs_990pf
ST ANDREW NATIVITY SCHOOL,PORTLAND,OR,,,,,irs_990pf
CHILDREN S INSTITUTE,PORTLAND,OR,,,,,irs_990pf
WILSONVILLE PUBLIC LIBRARY FOUNDATI,WILSONVILLE,OR,,,,,irs_990pf
ADELANTE MUJERES,FOREST GROVE,OR,,,,,irs_990pf
ST MARY S HOME FOR BOYS,BEAVERTON,OR,,,,,irs_990pf
DOLLYWOOD FOUNDATION,PIGEON FORGE,TN,,,,,irs_990pf
YOUTH PROGRESS ASSOCIATION,PORTLAND,OR,,,,,irs_990pf
CAMP ELSO,PORTLAND,OR,,,,,irs_990pf
OREGON CHILDRENS THEATER,PORTLAND,OR,,,,,irs_990pf
READING RESULTS,PORTLAND,OR,,,,,irs_990pf
SERENDIPITY CENTER INC,PORTLAND,OR,,,,,irs_990pf
CASA OF CLACKAMAS COUNTY,OREGON CITY,OR,,,,,irs_990pf
CATHOLIC CHARITIES - YOUTH SPORTS,PORTLAND,OR,,,,,irs_990pf
EDISON HIGH SCHOOL,PORTLAND,OR,,,,,irs_990pf
GIRLS ON THE RUN PORTLAND METRO,PORTLAND,OR,,,,,irs_990pf
WILSONVILLE ROBOTICS,WILSONVILLE,OR,,,,,irs_990pf
PORTLAND CENTER STAGE,PORTLAND,OR,,,,,irs_990pf
92ND STREET Y,NEW YORK,NY,,,,,irs_990pf
AMERICAN FRIENDS OF MAGEN DAVID ADOM,NEW YORK,NY,,,,,irs_990pf
BETH ISRAEL DEACONESS MEDICAL CENTER,BOSTON,MA,,,,,irs_990pf
BINC FOUNDATION,ANN ARBOR,MI,,,,,irs_990pf
CANCER CARE,NEW YORK,NY,,,,,irs_990pf
CARINGKIND,NEW YORK,NY,,,,,irs_990pf
CARNEGIE HILL NEIGHBORS,NEW YORK,NY,,,,,irs_990pf
CITY MEALS ON WHEELS,NEW YORK,NY,,,,,irs_990pf
COMIC BOOK LEGAL DEFENSE FUND,PORTLAND,OR,,,,,irs_990pf
CONGREGATION BETH EL,NORFOLK,VA,,,,,irs_990pf
ELKA PARK ASSOCIATION,ELKA PARK,NY,,,,,irs_990pf
FIRST BOOK,WASHINGTON,DC,,,,,irs_990pf
FJC,NEW YORK,NY,,,,,irs_990pf
GODDARD RIVERSIDE COMMUNITY CENTER,NEW YORK,NY,,,,,irs_990pf
GOD S LOVE WE DELIVER,NEW YORK,NY,,,,,irs_990pf
HEALTH ADVOCATES FOR OLDER PEOPLE,NEW YORK,NY,,,,,irs_990pf
ICAHN SCHOOL OF MEDICINE AT MOUNT SINAI,NEW YORK,NY,,,,,irs_990pf
JBI INTERNATIONAL,NEW YORK,NY,,,,,irs_990pf
KRZYZOWA KREISAU FOUNDATION,HANOVER,NH,,,,,irs_990pf
LEBANON FOOD PANTRY INC,LEBANON,OH,,,,,irs_990pf
LIGHTHOUSE GUILD,NEW YORK,NY,,,,,irs_990pf
LITERACY PARTNERS INC,NEW YORK,NY,,,,,irs_990pf
MEMORIAL SLOAN KETTERING CANCER CENTER,NEW YORK,NY,,,,,irs_990pf
MERRICK JEWISH CENTRE,MERRICK,NY,,,,,irs_990pf
MESA VERDE FOUNDATION,ARVADA,CO,,,,,irs_990pf
MET COUNCIL,NEW YORK,NY,,,,,irs_990pf
MONADNOCK CONSERVANCY,KEENE,NH,,,,,irs_990pf
NATIONAL BOOK FOUNDATION,NEW YORK,NY,,,,,irs_990pf
NATIONAL COALTION AGAINST CENSORSHIP,NEW YORK,NY,,,,,irs_990pf
NATIONAL COUNCIL OF JEWISH WOMEN,WASHINGTON,DC,,,,,irs_990pf
NEIGHBORHOOD CATS,NEW YORK,NY,,,,,irs_990pf
PAT CONROY LITERARY CENTER,BEAUFORT,SC,,,,,irs_990pf
PLANNED PARENTHOOD OF NEW YORK CITY,NEW YORK,NY,,,,,irs_990pf
QUEENS COLLEGE FOUNDATION,QUEENS,NY,,,,,irs_990pf
QUEENS LIBRARY FOUNDATION,JAMAICA,NY,,,,,irs_990pf
READING IS FUNDAMENTAL,WASHINGTON,DC,,,,,irs_990pf
RUTH CULVER COMMUNITY LIBRARY,PRAIRIE DU SAC,WI,,,,,irs_990pf
SHARE THE HARVEST FARM INC,EAST HAMPTON,NY,,,,,irs_990pf
ST VALENTINE S CHURCH,REDFORD,MI,,,,,irs_990pf
THE CENTER FOR FICTION,BROOKLYN,NY,,,,,irs_990pf
WNET NEW YORK PUBLIC MEDIA,NEW YORK,NY,,,,,irs_990pf
SEE CASH DONATIONS ATTACHMENT,various,TX,,,,,irs_990pf
STACEY ACKERMAN,REDWOOD FALLS,MN,,,,,irs_990pf
EDDIE AND CATHERINE ALBU,BELVIEW,MN,,,,,irs_990pf
ROGER AND JOANN BROWN,REDWOOD FALLS,MN,,,,,irs_990pf
JEAN BURDICK,REDWOOD FALLS,MN,,,,,irs_990pf
CARRIS HEALTH,REDWOOD FALLS,MN,,,,,irs_990pf
RICK AND DENISE CASTLE,REDWOOD FALLS,MN,,,,,irs_990pf
DONALD AND CAROLYN CHRISTENSEN,REDWOOD FALLS,MN,,,,,irs_990pf
GIL MOR MANOR,MORGAN,MN,,,,,irs_990pf
KATIE HATCH,REDWOOD FALLS,MN,,,,,irs_990pf
JEFF AND JANET HILLIS,REDWOOD FALLS,MN,,,,,irs_990pf
JAMES JENSEN,REDWOOD FALLS,MN,,,,,irs_990pf
JANET JENSON,REDWOOD FALLS,MN,,,,,irs_990pf
PARKVIEW HOME,BELVIEW,MN,,,,,irs_990pf
REDWOOD AREA FOOD SHELF,REDWOOD FALLS,MN,,,,,irs_990pf
KARI SEIDL,REDWOOD FALLS,MN,,,,,irs_990pf
LYNETTE STELLMACHER,REDWOOD FALLS,MN,,,,,irs_990pf
HELEN VANSLOOTEN,REDWOOD FALLS,MN,,,,,irs_990pf
THE ISLAMIC SOCIETY OF CLINTON COUN,CLINTON,IA,,,,,irs_990pf
MERCY HOSPITAL FOUNDATION,CLINTON,IA,,,,,irs_990pf
MUSLIM COMMUNITY OF THE QUAD CITIES,DAVENPORT,IA,,,,,irs_990pf
UNITED CARE INTERNATIONAL,ATLANTA,GA,,,,,irs_990pf
MISCELLANEOUS,CLINTON,IA,,,,,irs_990pf
THE SAADI AND SALWA MEDICAL FOUNDAT,CLINTON,IA,,,,,irs_990pf
MIDWEST LUMBER MUSEUM,CLINTON,IA,,,,,irs_990pf
CLINTON SCHOOL FONDATION,CLINTON,IA,,,,,irs_990pf
UNIVERSITY OF IOWA HOSPITAL,IOWA CITY,IA,,,,,irs_990pf
MAKAKTARI AFRICA,LYNCHBURG,VA,,,,,irs_990pf
CHRIST LUTHERAN CHURCH,Minot,ND,,,,,irs_990pf
BLUE NILE CHILDREN S ORGANIZATION,Seattle,WA,,,,,irs_990pf
CASCADE EDUCATION FOUNDATION,Leavenworth,WA,,,,,irs_990pf
PORTLAND PARKS FOUNDATION,Portland,OR,,,,,irs_990pf
THE WILDERNESS SOCIETY,Washington,DC,,,,,irs_990pf
HOLY CROSS HOSPITAL,Fort Lauderdale,FL,,,,,irs_990pf
MT BAKER COMMUNITY CLUB,Seattle,WA,,,,,irs_990pf
OREGON WILD,Portland,OR,,,,,irs_990pf
TIBETAN ALLIANCE OF CHICAGO,Evanston,IL,,,,,irs_990pf
WORLD TRADE FIRMITAS,Benton Harbor,MI,,,,,irs_990pf
PURE EARTH,New York,NY,,,,,irs_990pf
KUOW PUBLIC RADIO,Seattle,WA,,,,,irs_990pf
STUDENT CONSERVATION ASSOCIATION,Charlestown,NH,,,,,irs_990pf
FRIENDS OF KEXP,Seattle,WA,,,,,irs_990pf
FRIENDS OF TREES,Portland,OR,,,,,irs_990pf
WATERORG,Kansas City,MO,,,,,irs_990pf
GIFFORDS LAW CENTER TO PREVENT GUN,San Francisco,CA,,,,,irs_990pf
EAGAN FOUNDATION,EAGAN,MN,,,,,irs_990pf
GLACIER HILLS ELEMENTARY SCHOOL,EAGAN,MN,,,,,irs_990pf
PEACEMAKER MINNESOTA,ROSEVILLE,MN,,,,,irs_990pf
INDEPENDENT SCHOOL DISTRICT 196,ROSEMONT,MN,,,,,irs_990pf
PITTSBURGH HIRES VETERANS,PITTSBURGH,PA,,,,,irs_990pf
THE NEW YORK AND PRESBYTERIAN HOSPITAL,NEW YORK,NY,,,,,irs_990pf
AMERICAN FRIENDS OF BET EL YESHIVA CENTER,FOREST HILLS,NY,,,,,irs_990pf
HOME OF CHRIST,Cupertino,CA,,,,,irs_990pf
LUCILLE PACKARD FNDN CHILDRENS,Palo Alto,CA,,,,,irs_990pf
INTL STUDENTS INCORP,Aptos,CA,,,,,irs_990pf
SEMPERVIRENS FUND,Los Altos,CA,,,,,irs_990pf
NATURE CONSERVANCY,San Francisco,CA,,,,,irs_990pf
CITY TEAM MINISTERIES,San Jose,CA,,,,,irs_990pf
WILDERNESS SOCIETY,Oakland,CA,,,,,irs_990pf
VALLEY CHRISTIAN WARRIOR FUND,Campbell,CA,,,,,irs_990pf
ESCONDIDO CHARITABLE FOUNDATION,SAN DIEGO,CA,,,,,irs_990pf
CENTER FOR THE ARTS - ESCONDIDO,ESCONDIDO,CA,,,,,irs_990pf
COMMUNITY LUTHERAN CHURCH,ESCONDIDO,CA,,,,,irs_990pf
CRUISIN FOR JORDON,EL CAJON,CA,,,,,irs_990pf
THORN,MANHATTAN BEACH,CA,,,,,irs_990pf
DYSTONIA MEDICAL RESEARCH FOUNDATION,CHICAGO,IL,,,,,irs_990pf
THE BICYCLE COLLECTIVE,SOUTH SALT LAKE,UT,,,,,irs_990pf
SOUTHERN UTAH WILDERNESS ALLIANCE,SALT LAKE CITY,UT,,,,,irs_990pf
RURAL HEALTH CARE INITIATIVE RHCI,MINNEAPOLIS,MN,,,,,irs_990pf
CALIFORNIA CENTER FOR THE ARTS,ESCONDIDO,CA,,,,,irs_990pf
HEALTHY ENVIRONMENT ALLIANCE OF UTAH,SALT LAKE CITY,UT,,,,,irs_990pf
CATHOLICS FOR CHOICE,WASHINGTON,DC,,,,,irs_990pf
THE INNOCENCE PROJECT,NEW YORK,NY,,,,,irs_990pf
CHURCH IN AURORA,AURORA,OH,,,,,irs_990pf
AMERICAN HEART ASSOCIATION,CLEVELAND,OH,,,,,irs_990pf
THE USO,RAVENNA,OH,,,,,irs_990pf
SLOAN KETTERING CANCER CENTER,NEW YORK,NY,,,,,irs_990pf
MACULAR DEGENERATION ASSOCIATION,SARASOTA,FL,,,,,irs_990pf
EPILEPSY FOUNDATION,CLEVELAND,OH,,,,,irs_990pf
FOUNDATION FOR CANCER RESEARCH,BETHESDA,MD,,,,,irs_990pf
MARINE CORPS HERITAGE FOUNDATION,DUMFRIES,VA,,,,,irs_990pf
PARKINSON RESEARCH FOUNDATION,NEW YORK,NY,,,,,irs_990pf
HABITAT FOR HUMANITY,CHICAGO,IL,,,,,irs_990pf
WOUNDED WARRIORS,INDEPENDENCE,OH,,,,,irs_990pf
MAKE A WISH FOUNDATION,BEACHWOOD,OH,,,,,irs_990pf
SHRINERS HOSPITAL FOR CHILDREN,CINCINNATI,OH,,,,,irs_990pf
AMERICAN DIABETES ASSOCIATION,INDEPENDENCE,OH,,,,,irs_990pf
SUSAN G KOMEN BREAST CANCER FND,CLEVELAND,OH,,,,,irs_990pf
VETERANS OF FOREIGN WARS,AKRON,OH,,,,,irs_990pf
ARTHRITIS FOUNDATION,MILLWOOD,NY,,,,,irs_990pf
CLEVELAND SIGHT CENTER,CLEVELAND,OH,,,,,irs_990pf
LEUKEMIA LYMPHOMA SOCIETY,BEACHWOOD,OH,,,,,irs_990pf
ALZHEIMERS FOUNDATION,AKRON,OH,,,,,irs_990pf
MARCH OF DIMES,CLEVELAND,OH,,,,,irs_990pf
MARIETTA COLLEGE,MARIETTA,OH,,,,,irs_990pf
OMICRON DELTA KAPPA,LEXINGTON,VA,,,,,irs_990pf
MUSCULAR DYSTROHY ASSN,WARREN,OH,,,,,irs_990pf
TOYS FOR TOTS,MENTOR,OH,,,,,irs_990pf
GIVE KIDS THE WORLD VILLAGE,KISSIMMEE,FL,,,,,irs_990pf
PRTAGE APL,RAVENNA,OH,,,,,irs_990pf
AMERICAN FOUNDATION FOR THE BLIND,ARLINGTON,VA,,,,,irs_990pf
NATIONAL MS SOCIETY,PHILADELPHIA,PA,,,,,irs_990pf
DOWNTOWN METRO REVITALIZATION CORP,CLEVELAND,OH,,,,,irs_990pf
PORTAGE COUNTY BENEFIT COM,ROOTSTOWN,OH,,,,,irs_990pf
NATIONAL GLAUCOMA RESESARCH,ANDOVER,MA,,,,,irs_990pf
GUIDING EYES FOR THE BLIND,YORKTOWN HEIGHTS,NY,,,,,irs_990pf
AMERICAN KIDNEY FOUNDATION,ROCKVILLE,MD,,,,,irs_990pf
SALVATION ARMY,KANSAS CITY,MO,,,,,irs_990pf
CHILDRENS CANCER FUND,MILLWOOD,NY,,,,,irs_990pf
MD ANDERSON CANCER CENTER,MCMINNVILLE,OR,,,,,irs_990pf
RONALD MCDONALD HOUSE,OAK BROOK,IL,,,,,irs_990pf
CCH BENEVOLENT FUND,RICHMOND,CA,,,,,irs_990pf
BOYS AND GIRLS CLUB,CENTER,CO,,,,,irs_990pf
BOY SCOUTS OF AMERICA,CLEVELAND,OH,,,,,irs_990pf
CYSTIC FIBROSIS FUND,CLEVELAND,OH,,,,,irs_990pf
ALS ASSN,CLEVELAND,OH,,,,,irs_990pf
AMERICAN LUNG ASSN,INDEPENDENCE,OH,,,,,irs_990pf
LUPUS FD OF AMERICA,BRECKSVILLE,OH,,,,,irs_990pf
THE GLAUCOMA FUND,NEW YORK,NY,,,,,irs_990pf
AKRON CHILDRENS HOSPITAL,AKRON,OH,,,,,irs_990pf
MSAA,CHERRY HILL,NJ,,,,,irs_990pf
OAK FOUNDATION,CHAPEL HILL,NC,,,,,irs_990pf
LOVING,LEWISVILLE,TX,,,,,irs_990pf
GLENDIVE JAYCEES,GLENDIVE,MT,,,,,irs_990pf
MONTANA TECH UNIVERSITY FOR COLTON,BUTTE,MT,,,,,irs_990pf
FBC OF SUTHERLAND SPRINGS,SUTHERLAND SPRINGS,TX,,,,,irs_990pf
IN TOUCH MINISTRIES,ATLANTA,GA,,,,,irs_990pf
MOUNT VERNON LADIES ASSOCIATION,MOUNT VERNON,VA,,,,,irs_990pf
NORTH WELCH FIRST CHURCH OF GOD,WELCH,WV,,,,,irs_990pf
AMERICAN ACADEMY OF OPHTHALMOLOGY,SAN FRANCISCO,CA,,,,,irs_990pf
CASA ROMANTICA CULTURAL CENTER AND GARDENS,SAN CLEMENTE,CA,,,,,irs_990pf
DISCOVERY EYE FOUNDATION,LOS ANGELES,CA,,,,,irs_990pf
JDRF,IRVINE,CA,,,,,irs_990pf
ORRIN G HATCH FOUNDATION,SALT LAKE CITY,UT,,,,,irs_990pf
SHERMAN LIBRARY GARDENS,NEWPORT BEACH,CA,,,,,irs_990pf
ST FRANCIS EPISCOPAL CHURCH,PAUMA VALLEY,CA,,,,,irs_990pf
ST JAMES THE GREAT EPISCOPAL CHURCH,NEWPORT BEACH,CA,,,,,irs_990pf
UNIVERSITY OF CALIFORNIA IRVINE,IRVINE,CA,,,,,irs_990pf
KING BAUDOUIN FOUNDATION UNITED STATES,NEW YORK,NY,,,,,irs_990pf
MABAZ,DEAL,NJ,,,,,irs_990pf
MACKENZIE EDENS,McNabb,IL,,,,,irs_990pf
PROJECT UNITY,BRYAN,TX,,,,,irs_990pf
BRAZOS VALLEY FOOD BANK,BRYAN,TX,,,,,irs_990pf
KAMU - TEXAS AM UNIVERSITY,COLLEGE STATION,TX,,,,,irs_990pf
PRENATAL CLINIC,BRYAN,TX,,,,,irs_990pf
COMMUNITY FDN OF THE BRAZOS VALLEY,BRYAN,TX,,,,,irs_990pf
BRAZOS INTERFAITH IMMIGRATION NETWO,BRYAN,TX,,,,,irs_990pf
BRAZOS VALLEY TROUPE,BRYAN,TX,,,,,irs_990pf
CENTRAL TEXAS GIRL SCOUTS,BRYAN,TX,,,,,irs_990pf
INIAN ISLAND INSTITUTE,GUSTAVUS,AK,,,,,irs_990pf
OXFAM,WASHINGTON,DC,,,,,irs_990pf
SOUTHERN POVERITY LAW CENTER,MONTGOMERY,AL,,,,,irs_990pf
ABRAHAM LINCOLN BRIGADE,NEW YORK,NY,,,,,irs_990pf
BCS HABITAT FOR HUMANITY,BRYAN,TX,,,,,irs_990pf
BRAZOS VALLEY MUSEUM OF NAT L HISTO,BRYAN,TX,,,,,irs_990pf
BRAZOS VALLEY SYMPHONY,COLLEGE STATION,TX,,,,,irs_990pf
NAT L FDN OF ECOTODERNAL DYSPLASIAS,FAIRVIEW HEIGHTS,IL,,,,,irs_990pf
MARCH FOR LIFE,WASHINGTON,DC,,,,,irs_990pf
MSC OPAS,COLLEGE STATION,TX,,,,,irs_990pf
SCOTTY S HOUSE,BRYAN,TX,,,,,irs_990pf
TAMU WOMEN S CLUB,COLLEGE STATION,TX,,,,,irs_990pf
THE THEATRE COMPANY OF BCS,BRYAN,TX,,,,,irs_990pf
TINY HOPE VILLAGE,BRYAN,TX,,,,,irs_990pf
UNIV OF IL 4-H FDN,CHAMPAIGN,IL,,,,,irs_990pf
UNLIMITED POTENTAIL OF BV,BRYAN,TX,,,,,irs_990pf
RYAN MILLER,TROY,AL,,,,,irs_990pf
JOEL BASS,TROY,AL,,,,,irs_990pf
JULIE ANNE MOORE,TROY,AL,,,,,irs_990pf
SYDNEY KINSAUL,TROY,AL,,,,,irs_990pf
AMERICAN RED CROSS,OMAHA,NE,,,,,irs_990pf
BOYS AND GIRLS CLUB OF THE MIDLANDS,OMAHA,NE,,,,,irs_990pf
CAPITOL MINISTRIES NEBRASKA,SACRAMENTO,CA,,,,,irs_990pf
CASA FOR DOUGLAS COUNTY,OMAHA,NE,,,,,irs_990pf
CEDARS HOME FOR CHILDREN FOUNDATION,LINCOLN,NE,,,,,irs_990pf
CHILD SAVING INSTITUTE,OMAHA,NE,,,,,irs_990pf
CHRISTIAN LEGAL SOCIETY,SPRINGFIELD,VA,,,,,irs_990pf
EPS ESSENTIAL PREGNANCY SERVICES INC,OMAHA,NE,,,,,irs_990pf
EPWORTH VILLAGE,YORK,NE,,,,,irs_990pf
FOOD BANK FOR THE HEARTLAND,OMAHA,NE,,,,,irs_990pf
GIRLS INCORPORATED OF OMAHA,OMAHA,NE,,,,,irs_990pf
GOOD NEWS JAIL PRISON MINISTRY,HENRICO,VA,,,,,irs_990pf
GOODWILL INDUSTRIES INC,OMAHA,NE,,,,,irs_990pf
HASTINGS COLLEGE FOUNDATION,OMAHA,NE,,,,,irs_990pf
HEARTLAND FAMILY SERVICE,OMAHA,NE,,,,,irs_990pf
LUTHERAN FAMILY SERVICES OF NE INC,OMAHA,NE,,,,,irs_990pf
NEBRASKA CHILDREN S HOME SOCIETY FOUNDATION,OMAHA,NE,,,,,irs_990pf
NEBRASKA FAMILY ALLIANCE INC,LINCOLN,NE,,,,,irs_990pf
OMAHA HOME FOR BOYS,OMAHA,NE,,,,,irs_990pf
OMAHA PRESBYTERIAN SEMINARY FOUNDATION,OMAHA,NE,,,,,irs_990pf
OMAHA STREET SCHOOL INC,OMAHA,NE,,,,,irs_990pf
OPEN DOOR MISSION,OMAHA,NE,,,,,irs_990pf
SIENA FRANCIS HOUSE,OMAHA,NE,,,,,irs_990pf
THE JAMES WILSON INSTITUTE,WASHINGTON,DC,,,,,irs_990pf
VNA - VISITING NURSE ASSOCIATION,OMAHA,NE,,,,,irs_990pf
VOTERS INFORMATION PROJECT - NEBRASKA,BELLEVUE,NE,,,,,irs_990pf
DO SPACE,OMAHA,NE,,,,,irs_990pf
GAMBLING WITH THE GOOD LIFE,OMAHA,NE,,,,,irs_990pf
OPERA OMAHA,OMAHA,NE,,,,,irs_990pf
SD PEACE OFFICERS ASSOCIATION,HURON,SD,,,,,irs_990pf
SHERIDAN SNOW TRAVELERS,PLENTYWOOD,MT,,,,,irs_990pf
ST JUDE S CHILDRENS RESEARCH HOS,MEMPHIS,TN,,,,,irs_990pf
UND ALUMNI ASSOCIATION,GRAND FORKS,ND,,,,,irs_990pf
BIG SKY SENIOR SERVICES,BILLINGS,MT,,,,,irs_990pf
GLOBAL BRIGADES,FRESNO,CA,,,,,irs_990pf
HOLY CROSS LUTHERAN CHURCH,SIOUX FALLS,SD,,,,,irs_990pf
VFW DEPT OF SD,SIOUX FALLS,SD,,,,,irs_990pf
AMERICAN RED CROSS,Fargo,ND,,,,,irs_990pf
FELLOWSHIP OF CHRISTIAN ATHLETES,Fargo,ND,,,,,irs_990pf
FRASER LTD,Fargo,ND,,,,,irs_990pf
K9 CREW,Fargo,ND,,,,,irs_990pf
LEGACY CHILDREN S FOUNDATION,Fargo,ND,,,,,irs_990pf
YMCA,Fargo,ND,,,,,irs_990pf
RED RIVER CHILDREN S ADVOCACY,Fargo,ND,,,,,irs_990pf
RRV VETERANS CONCERT BAND,Fargo,ND,,,,,irs_990pf
UNITED WAY OF CASS CLAY,Fargo,ND,,,,,irs_990pf
ALZHEIMER DRUG DISCOERY FOUNDATION,NEW YORK,NY,,,,,irs_990pf
AMERICAN BALLET THEATRE,NEW YORK,NY,,,,,irs_990pf
BARD COLLEGE,ANNANDALEONHUDSON,NY,,,,,irs_990pf
BCRF,NEW YORK,NY,,,,,irs_990pf
BOCA RATON REGIONAL HOSPITAL FOUNDATION,BOCA RATON,FL,,,,,irs_990pf
CHAMBER MUSIC SOCIETY OF PALM BEACH,WEST PALM BEACH,FL,,,,,irs_990pf
DANA-FARBER CANCER INSTITUTE,BOSTON,MA,,,,,irs_990pf
GEORGETOWN DAY SCHOOL,WASHINGTON,DC,,,,,irs_990pf
HEADSTRONG PROJECT,POUND RIDGE,NY,,,,,irs_990pf
HOFSTRA UNIVERSITY,HEMPSTEAD,NY,,,,,irs_990pf
HUNTS POINT ALLIANCE FOR CHILDREN,BRONX,NY,,,,,irs_990pf
LUZERNE MUSIC CENTER,LAKE LUZERNE,NY,,,,,irs_990pf
MIAMI CITY BALLET,MIAMI BEACH,FL,,,,,irs_990pf
MOUNT SINAI HEALTH SYSTEM,NEW YORK,NY,,,,,irs_990pf
NEW YORK PRESBYTERIAN,NEW YORK,NY,,,,,irs_990pf
NORTHERN DUTCHESS HOSPITAL FOUNDATION,RHINEBECK,NY,,,,,irs_990pf
PALM BEACH COUNTRY SHERIFF,WEST PALM BEACH,FL,,,,,irs_990pf
PALM BEACH DRAMAWORKS,WEST PALM BEACH,FL,,,,,irs_990pf
PALM BEACH OPERA,WEST PALM BEACH,FL,,,,,irs_990pf
PCAF,TAMPA,FL,,,,,irs_990pf
SAINT ANN S SCHOOL,BROOKLYN,NY,,,,,irs_990pf
THE DRESSAGE FOUNDATION,LINCOLN,NE,,,,,irs_990pf
THE EYE CANCER FOUNDATION,NEW YORK,NY,,,,,irs_990pf
THE NEW YORK EYE EAR INFIRMARY OF MOUNT SINAI,NEW YORK,NY,,,,,irs_990pf
THE PERLMAN MUSIC PROGRAM,NEW YORK,NY,,,,,irs_990pf
TRIBECA FILM INSTITUTE,NEW YORK,NY,,,,,irs_990pf
UPSTATE FILMS,RHINEBECK,NY,,,,,irs_990pf
USET FOUNDATION,GLADSTONE,NJ,,,,,irs_990pf
FRIENDS OF NEW BOLTON CENTER,KENNETT SQUARE,PA,,,,,irs_990pf
INFORMED CHOICES WOMENS CENTER,MOUNTAIN HOME,AR,,,,,irs_990pf
KRISTI YAMAGUCHI ALWAYS DREAM FOUND,Danville,CA,,,,,irs_990pf
CHARITY FAIR HORSE SHOW,Del Mar,CA,,,,,irs_990pf
AMERICAN SADDLEBRED MUSEUM,Lexington,KY,,,,,irs_990pf
AMERICAN PUBLIC HEALTH ASSOCIATION,Washington,DC,,,,,irs_990pf
JOHN MUIR HEALTH FOUNDATION,Walnut Creek,CA,,,,,irs_990pf
UNITED STATES EQUESTRIAN FEDERATION,Lexington,KY,,,,,irs_990pf
ALEECIA EGGEN,Plentywood,MT,,,,,irs_990pf
ALLY BUMMER,Reserve,MT,,,,,irs_990pf
ANDREW EBERLING,Plentywood,MT,,,,,irs_990pf
CASSIDY BUMMER,Reserve,MT,,,,,irs_990pf
COOPER OLSON,Westby,MT,,,,,irs_990pf
DAULTON HOLECEK,Westby,MT,,,,,irs_990pf
HALLIE WANGERIN,Plentywood,MT,,,,,irs_990pf
JAGER WESTGARD,Westby,MT,,,,,irs_990pf
LIAM NELSON,Westby,MT,,,,,irs_990pf
MADISON PULVERMACHER,Alkabo,ND,,,,,irs_990pf
NATE HARRIS,Plentywood,MT,,,,,irs_990pf
PAIGE HARRIS,Plentywood,MT,,,,,irs_990pf
RISA HEDGES,Antelope,MT,,,,,irs_990pf
BRYN FAWCETT,Plentywood,MT,,,,,irs_990pf
RANDY HEPPNER,Plentywood,MT,,,,,irs_990pf
RILEY HILYARD,Plentywood,MT,,,,,irs_990pf
ALICIA LAGERQUIST,Westby,MT,,,,,irs_990pf
BRYCE OSKSA,Plentywood,MT,,,,,irs_990pf
BRENNA OSKSA,Plentywood,MT,,,,,irs_990pf
JAXSON PEDERSEN,Plentywood,MT,,,,,irs_990pf
KACIE WACKER,Plentywood,MT,,,,,irs_990pf
REDLANDS CHRISTIAN MIGRANT ASSOCIATION INC,IMMOKALEE,FL,,,,,irs_990pf
ST MARY S EPISCOPAL CHURCH,STUART,FL,,,,,irs_990pf
BROWNVILLE CONCERT SERIES INC,BROWNVILLE,NE,,,,,irs_990pf
FLATWATER SHAKESPEARE COMPANY,LINCOLN,NE,,,,,irs_990pf
LINCOLN ARTS COUNCIL,LINCOLN,NE,,,,,irs_990pf
LINCOLN CHORAL ARTISTS,LINCOLN,NE,,,,,irs_990pf
LINCOLN COMMUNITY PLAYHOUSE,LINCOLN,NE,,,,,irs_990pf
LINCOLN MUNICIPAL BAND,LINCOLN,NE,,,,,irs_990pf
LINCOLN ORCHESTRA ASSOCIATION,LINCOLN,NE,,,,,irs_990pf
LUX CENTER FOR THE ARTS,LINCOLN,NE,,,,,irs_990pf
METROPOLITAN OPERANEBRASKA AUDITIONS,LINCOLN,NE,,,,,irs_990pf
MID-AMERICA ARTS ALLIANCE,KANSAS CITY,MO,,,,,irs_990pf
MUSEUM OF NEBRASKA ART,KEARNEY,NE,,,,,irs_990pf
NAC DEVELOPMENT CORP,OMAHA,NE,,,,,irs_990pf
SHELDON ART ASSOCIATION,LINCOLN,NE,,,,,irs_990pf
UNIVERSITY OF NEBRASKA-LINCOLN JAZZ IN JUNE,LINCOLN,NE,,,,,irs_990pf
UNIVERSITY OF NEBRASKA-LINCOLN LIED CENTER FOR PERFORMING ARTS,LINCOLN,NE,,,,,irs_990pf
CAUSE COLLECTIVE,LINCOLN,NE,,,,,irs_990pf
CIVIC NEBRASKA,LINCOLN,NE,,,,,irs_990pf
COMMUNITY SERVICES FUND OF NEBRASKA,LINCOLN,NE,,,,,irs_990pf
LINCOLN COMMUNITY FOUNDATION,LINCOLN,NE,,,,,irs_990pf
OUTNEBRASKA,LINCOLN,NE,,,,,irs_990pf
SUNRISE COMMUNICATIONS INC,LINCOLN,NE,,,,,irs_990pf
BELLEVUE UNIVERSITY,BELLEVUE,NE,,,,,irs_990pf
BRIGHT LIGHTS,LINCOLN,NE,,,,,irs_990pf
CENTRAL COMMUNITY COLLEGE,HASTINGS,NE,,,,,irs_990pf
COLLEGE OF SAINT MARY,OMAHA,NE,,,,,irs_990pf
DOANE UNIVERSITY,CRETE,NE,,,,,irs_990pf
FOUNDATION FOR LINCOLN CITY LIBRARIES,LINCOLN,NE,,,,,irs_990pf
FOUNDATION FOR LINCOLN PUBLIC SCHOOLS,LINCOLN,NE,,,,,irs_990pf
HASTINGS COLLEGE,HASTINGS,NE,,,,,irs_990pf
INCLUSIVE COMMUNITIES,OMAHA,NE,,,,,irs_990pf
JEWISH FEDERATION OF OMAHA - INSTITUTE FOR HOLOCAUST EDUCATION,OMAHA,NE,,,,,irs_990pf
JUNIOR ACHIEVEMENT OF LINCOLN INC,LINCOLN,NE,,,,,irs_990pf
LINCOLN CHILDREN S MUSEUM,LINCOLN,NE,,,,,irs_990pf
LINCOLN LITERACY,LINCOLN,NE,,,,,irs_990pf
LITERACY COUNCIL OF GRAND ISLAND INC,GRAND ISLAND,NE,,,,,irs_990pf
MALCOLM PARENT TEACHER ORGANIZATION,MALCOLM,NE,,,,,irs_990pf
MEN WITH DREAMS,LINCOLN,NE,,,,,irs_990pf
MIDLAND UNIVERSITY,FREMONT,NE,,,,,irs_990pf
NEBRASKA WESLEYAN UNIVERSITY,LINCOLN,NE,,,,,irs_990pf
OPENAI,SAN FRANCISCO,CA,,,,,irs_990pf
PLANNED PARENTHOOD OF THE HEARTLAND INC,LINCOLN,NE,,,,,irs_990pf
PRAIRIE LOFT CENTER FOR OUTDOOR AND AGRICULTURAL LEARNING,HASTINGS,NE,,,,,irs_990pf
RABBLE MILL,LINCOLN,NE,,,,,irs_990pf
SPECIAL OLYMPICS NEBRASKA,OMAHA,NE,,,,,irs_990pf
STAND FOR SCHOOLS,LINCOLN,NE,,,,,irs_990pf
TEAMMATES MENTORING PROGRAM,LINCOLN,NE,,,,,irs_990pf
THE HUB CENTRAL ACCESS POINT FOR YOUNG ADULTS,LINCOLN,NE,,,,,irs_990pf
UNIVERSITY OF NEBRASKA STATE MUSEUM,LINCOLN,NE,,,,,irs_990pf
UNIVERSITY OF NEBRASKA-LINCOLN EN THOMPSON FORUM ON WORLD ISSUES,LINCOLN,NE,,,,,irs_990pf
UNIVERSITY OF NEBRASKA-LINCOLN HONORS PROGRAM,LINCOLN,NE,,,,,irs_990pf
GROUNDWATER FOUNDATION,LINCOLN,NE,,,,,irs_990pf
LAURITZEN GARDENS,OMAHA,NE,,,,,irs_990pf
LINCOLN CHILDREN S ZOO,LINCOLN,NE,,,,,irs_990pf
NATIONAL AUDUBON SOCIETY,DENTON,NE,,,,,irs_990pf
NATURE CONSERVANCY,OMAHA,NE,,,,,irs_990pf
NEBRASKA LAND TRUST INC,LINCOLN,NE,,,,,irs_990pf
PRAIRIE PLAINS RESOURCE INSTITUTE,AURORA,NE,,,,,irs_990pf
UNIVERSITY OF NEBRASKA-LINCOLN CENTER FOR GREAT PLAINS STUDIES,LINCOLN,NE,,,,,irs_990pf
UNIVERSITY OF NEBRASKA-LINCOLN PLATTE BASIN TIMELAPSE,LINCOLN,NE,,,,,irs_990pf
BOYS GIRLS CLUB OF LINCOLNLANCASTER COUNTY,LINCOLN,NE,,,,,irs_990pf
BRIDGES TO HOPE,LINCOLN,NE,,,,,irs_990pf
CEDARS YOUTH SERVICES,LINCOLN,NE,,,,,irs_990pf
CENTER FOR LEGAL IMMIGRATION ASSISTANCE,LINCOLN,NE,,,,,irs_990pf
CENTER FOR PEOPLE IN NEED,LINCOLN,NE,,,,,irs_990pf
CHILD ADVOCACY CENTER,LINCOLN,NE,,,,,irs_990pf
CLYDE MALONE COMMUNITY CENTER,LINCOLN,NE,,,,,irs_990pf
COMMUNITY CROPS,LINCOLN,NE,,,,,irs_990pf
FAMILY VIOLENCE COUNCIL,LINCOLN,NE,,,,,irs_990pf
FOOD BANK OF LINCOLN,LINCOLN,NE,,,,,irs_990pf
HOCHUNK COMMUNITY DEVELOPMENT CORPORATION,WINNEBAGO,NE,,,,,irs_990pf
LINCOLN HOUSING AUTHORITY,LINCOLN,NE,,,,,irs_990pf
MATT TALBOT KITCHEN OUTREACH,LINCOLN,NE,,,,,irs_990pf
NEBRASKA CHILDREN AND FAMILIES FOUNDATION,LINCOLN,NE,,,,,irs_990pf
NO FOOTPRINT TOO SMALL BIRTH AND BEREAVEMENT SERVICES,LINCOLN,NE,,,,,irs_990pf
PEOPLE S CITY MISSION,LINCOLN,NE,,,,,irs_990pf
RADIO TALKING BOOK SERVICE,OMAHA,NE,,,,,irs_990pf
ST MONICA S,LINCOLN,NE,,,,,irs_990pf
UNITED WAY OF LINCOLNLANCASTER COUNTY,LINCOLN,NE,,,,,irs_990pf
VOICES OF HOPE,LINCOLN,NE,,,,,irs_990pf
YWCA LINCOLN,LINCOLN,NE,,,,,irs_990pf
HUMANITIES NEBRASKA,LINCOLN,NE,,,,,irs_990pf
NEBRASKA CULTURAL ENDOWMENT,OMAHA,NE,,,,,irs_990pf
NEBRASKA STATE HISTORICAL SOCIETY FOUNDATION,LINCOLN,NE,,,,,irs_990pf
NEBRASKA WRITERS COLLECTIVE,OMAHA,NE,,,,,irs_990pf
STUHR MUSEUM FOUNDATION,GRAND ISLAND,NE,,,,,irs_990pf
UNIVERSITY OF NEBRASKA-LINCOLN INTERNATIONAL QUILT MUSEUM,LINCOLN,NE,,,,,irs_990pf
WILLA CATHER FOUNDATION,RED CLOUD,NE,,,,,irs_990pf
BERRY CENTER INC,NEW CASTLE,KY,,,,,irs_990pf
BUDDHAYANA FOUNDATION,MARION,MA,,,,,irs_990pf
CALIFORNIA COLLEGE OF THE ARTS,OAKLAND,CA,,,,,irs_990pf
CANYON CINEMA FOUNDATION,SAN FRANCISCO,CA,,,,,irs_990pf
CENTER FOR INTERFAITH RELATIONS INC,LOUISVILLE,KY,,,,,irs_990pf
CINEFEMME,SANTA MONICA,CA,,,,,irs_990pf
COMMITTEE ON POETRY,NEW YORK,NY,,,,,irs_990pf
COMMUNITY CONNECTIONS GROUP INC,LOUISVILLE,KY,,,,,irs_990pf
COMPASS FAMILY SERVICES,SAN FRANCISCO,CA,,,,,irs_990pf
CURRY SCHOOL FOUNDATION,CHARLOTTESVILLE,VA,,,,,irs_990pf
DHARMA FOUNDATION,BARRE,MA,,,,,irs_990pf
DHARMATA FOUNDATION,RICHMOND,CA,,,,,irs_990pf
DILGO KHYENTSE FELLOWSHIPSHECHEN,NEW YORK,NY,,,,,irs_990pf
DREPUNG GOMANG INSTITUTE,LOUISVILLE,KY,,,,,irs_990pf
EDIBLE SCHOOLYARD PROJECT,BERKELEY,CA,,,,,irs_990pf
EPISCOPAL DIOCESE OF CALIFORNIA,SAN FRANCISCO,CA,,,,,irs_990pf
FUND FOR THE ARTS INC,LOUISVILLE,KY,,,,,irs_990pf
GREEN PLANET FILMS,STONINGTON,CT,,,,,irs_990pf
HOME OF THE INNOCENTS,LOUISVILLE,KY,,,,,irs_990pf
HORIZONS SAN FRANCISCO,SAN FRANCISCO,CA,,,,,irs_990pf
HUMAN NEEDS PROJECT,SAN RAFAEL,CA,,,,,irs_990pf
INWARD BOUND MINDFULNESS EDUCATION INC,CONCORD,MA,,,,,irs_990pf
KATHERINE DELMAR BURKE SCHOOL,SAN FRANCISCO,CA,,,,,irs_990pf
KENTUCKY PUBLIC RADIO INC DBA LOUISVILLE PUBLIC MEDIA,LOUISVILLE,KY,,,,,irs_990pf
LEGACIES UNLIMITED,LOUISVILLE,KY,,,,,irs_990pf
LOTUS TREASURE,BOULDER,CO,,,,,irs_990pf
LOUISVILLE FREE PUBLIC LIBRARY FOUNDATION INC,LOUISVILLE,KY,,,,,irs_990pf
LOUISVILLE ORCHESTRA,LOUISVILLE,KY,,,,,irs_990pf
LOUISVILLE URBAN LEAGUE,LOUISVILLE,KY,,,,,irs_990pf
LOUISVILLE VISUAL ART ASSOCIATION,LOUISVILLE,KY,,,,,irs_990pf
MAIDEN VOYAGE PRODUCTIONS INC,HALF MOON BAY,CA,,,,,irs_990pf
MARIN ACADEMY,SAN RAFAEL,CA,,,,,irs_990pf
MIND AND LIFE INSTITUTE,CHARLOTTESVILLE,VA,,,,,irs_990pf
MUHAMMAD ALI CENTER,LOUISVILLE,KY,,,,,irs_990pf
MULTIPLIER - PROJECT WAYFINDER,OAKLAND,CA,,,,,irs_990pf
MUSIC HEALS INTERNATIONAL,MILL VALLEY,CA,,,,,irs_990pf
NATIONAL JUG BAND JUBILEE INC,LOUISVILLE,KY,,,,,irs_990pf
NEW CENTURY CHAMBER ORCHESTRA,SAN FRANCISCO,CA,,,,,irs_990pf
PIONEER WORKS ART FOUNDATION,BROOKLYN,NY,,,,,irs_990pf
PLAYGROUP,SAN FRANCISCO,CA,,,,,irs_990pf
PRESERVATION HALL FOUNDATION INC,NEW ORLEANS,LA,,,,,irs_990pf
PUNDARIKA FOUNDATION,CRESTONE,CO,,,,,irs_990pf
RIVER CITY DRUM CORP CULTURAL ARTS INSTITUTE INC,LOUISVILLE,KY,,,,,irs_990pf
ROXIE THEATER,SAN FRANCISCO,CA,,,,,irs_990pf
SAHALOKA MONASTIC COMMUNITY,CRESTONE,CO,,,,,irs_990pf
SAN FRANCISCO ART FILM PROGRAM,SAN FRANCISCO,CA,,,,,irs_990pf
SAN FRANCISCO SILENT FILM FESTIVAL,SAN FRANCISCO,CA,,,,,irs_990pf
SCHOOLS OF THE SACRED HEART - SAN FRANCISCO,SAN FRANCISCO,CA,,,,,irs_990pf
SPALDING UNIVERSITY,LOUISVILLE,KY,,,,,irs_990pf
SPEED ART MUSEUM,LOUISVILLE,KY,,,,,irs_990pf
ST JOHN S CHURCH WESTERN RUN PARISH,REISTERTOWN,MD,,,,,irs_990pf
SUSTAINABLE FOOD TRUST,ALLENTOWN,PA,,,,,irs_990pf
TASHI GOMANG DHARMA CENTER,LOUISVILLE,KY,,,,,irs_990pf
TEN STRANDS,SAN RAFAEL,CA,,,,,irs_990pf
THE MARION INSTITUTE INC,MARION,MA,,,,,irs_990pf
TSOKNYI HUMANITARIAN FOUNDATION,STEAMBOAT SPRINGS,CO,,,,,irs_990pf
UC REGENTS,BERKELEY,CA,,,,,irs_990pf
UNIVERSITY OF VIRGINIA,CHARLOTTESVILLE,VA,,,,,irs_990pf
US DAVIS FOUNDATION,DAVIS,CA,,,,,irs_990pf
WIKIMEDIA FOUNDATION INC,WASHINGTON,DC,,,,,irs_990pf
YERBA BUENA CENTER FOR THE ARTS,SAN FRANCISCO,CA,,,,,irs_990pf
HEIFER INTERNATIONAL,LITTLE ROCK,AR,,,,,irs_990pf
SENIOR ADVOCATES OF THE DESERT,CATHEDRAL CITY,CA,,,,,irs_990pf
MIZELL SENIOR CENTER,PALM SPRINGS,CA,,,,,irs_990pf
LEADERHSIP INSTITUTE,ARLINGTON,VA,,,,,irs_990pf
CLARK COMMUNITY COLLEGE FOUNDATION,VANCOUVER,WA,,,,,irs_990pf
MISSISSIPPI ANIMAL RESCUE LEAGUE,JACKSON,MS,,,,,irs_990pf
SUNNYBROOK CHILDREN S HOME INC,JACKSON,MS,,,,,irs_990pf
WOODLAND MISSIONARY BAPTIST CHURCH,MARKS,MS,,,,,irs_990pf
COMMUNITY FOUNDATION OF WASHINGTON COUNTY,GREENVILLE,MS,,,,,irs_990pf
SALVATION ARMY OF LUBBOCK,LUBBOCK,TX,,,,,irs_990pf
TEXAS BOYS RANCH INC,LUBBOCK,TX,,,,,irs_990pf
NRDC,New York,NY,,,,,irs_990pf
HSCB FOUNDATION,Brooklyn,NY,,,,,irs_990pf
PROSPECT PARK ALLIANCE,Brooklyn,NY,,,,,irs_990pf
YOGA SOCIETY OF NEW YORK INC,Monroe,NY,,,,,irs_990pf
MOZILLA FOUNDATION,Mountain View,CA,,,,,irs_990pf
NY BOARD OF RABBIS,New York,NY,,,,,irs_990pf
SHALEM PENECOSTAL TABERNACLE,Elmont,NY,,,,,irs_990pf
THE WIKIMEDIA FOUNDATION INC,San Francisco,CA,,,,,irs_990pf
BROOKLYN CHRISTIAN CENTER,Brooklyn,NY,,,,,irs_990pf
ARK YOUTH MINISTRIES,St Augustine,FL,,,,,irs_990pf
BOYS AND GIRLS CLUBS OF DELAWARE,Milford,DE,,,,,irs_990pf
CAMP BOGGY CREEK,Eustis,FL,,,,,irs_990pf
CHRIST CHURCH CHRISTIANA HUNDRED OUTREACH FUND,Wilmington,DE,,,,,irs_990pf
EASTER SEALS DELAWARE AND MARYLAND S EASTERN SHORE,New Castle,DE,,,,,irs_990pf
EMERGENCY SERVICES AND HOMELESS COALITION OF ST J,St Augustine,FL,,,,,irs_990pf
HOPE COMMUNITY CENTER,Apopka,FL,,,,,irs_990pf
JACKSONVILLE HUMANE SOCIETY,Jacksonville,FL,,,,,irs_990pf
JACKSONVILLE UNIVERSITY ALFRED I DUPONT ENDOWED N,Jacksonville,FL,,,,,irs_990pf
LEUKEMIA LYMPHOMA SOCIETY,Jacksonville,FL,,,,,irs_990pf
LIFE SERVICES INC OF ST AUGUSTINE,Augustine,FL,,,,,irs_990pf
BLUE STAR MOTHERS OF COASTAL CAROLINA,Myrtle Beach,SC,,,,,irs_990pf
GUARDIAN AD LITEM FOUNDATION,Jacksonville,FL,,,,,irs_990pf
VISION IS PRICELESS COUNCIL,Jacksonville,FL,,,,,irs_990pf
SAFETY SHELTER OF ST JOHNS COUNTYBETTY GRIFFIN H,St Augustine,FL,,,,,irs_990pf
ST JOHNS COUNTY EDUCATION FOUNDATIONINVESTING IN,St Augustine,FL,,,,,irs_990pf
SUPPORT OUR SCHOLARS,Winter Park,FL,,,,,irs_990pf
THE LELAND STANFORD JUNIOR UNIVERSITY DONALD T,Stanford,CA,,,,,irs_990pf
THE TATUM PARKER PROJECT,Indianpolis,IN,,,,,irs_990pf
UNIVERSITY OF CENTRAL FLORIDA AI DUPONT ENDOWED NU,Orlando,FL,,,,,irs_990pf
UNIVERSITY OF DELAWARE AI DUPONT NURSING SCHOLARS,Newark,DE,,,,,irs_990pf
WINTER PARK DAY NURSERY,Winter Park,FL,,,,,irs_990pf
THE KANSAS UNIVERSITY ENDOWMENT,LAWRENCE,KS,,,,,irs_990pf
JOE DIMAGGIO HOSPITAL,HOLLYWOOD,FL,,,,,irs_990pf
AVONDALE HOUSE,HOUSTON,TX,,,,,irs_990pf
BAYOR UNIVERSITY FOUNDATION,WACO,TX,,,,,irs_990pf
DEPELCHIN FAITH HOME,HOUSTON,TX,,,,,irs_990pf
SECOND BAPTIST SCHOOL,HOUSTON,TX,,,,,irs_990pf
ABIGAYLE JACKSON,OSBORN,MO,,,,,irs_990pf
SULLIVAN COUNTY COUNCIL ON THE ARTS,Dushore,PA,,,,,irs_990pf
MONTOURSVILLE AREA HIGH SCHOOL,Montoursville,PA,,,,,irs_990pf
THE LEAVEN,FAIRFIELD,CA,,,,,irs_990pf
ROCKETOWN,NASHVILLE,TN,,,,,irs_990pf
E3PARTNERS - I AM SECOND,PLANO,TX,,,,,irs_990pf
HOPE SMILES,BRENTWOOD,TN,,,,,irs_990pf
BRETWOOD BAPTIST CHURCH,BRENTWOOD,TN,,,,,irs_990pf
MODERN WIDOWS CLUB,WINTER PARK,FL,,,,,irs_990pf
MUSEUM OF THE BIBLE,WASHINGTON,DC,,,,,irs_990pf
ARC OF NORTHEAST INDIANA,FORT WAYNE,IN,,,,,irs_990pf
AUDIENCES UNLIMITED,FORT WAYNE,IN,,,,,irs_990pf
BISHOP LUERS HIGH SCHOOL CAPITAL FUND,FORT WAYNE,IN,,,,,irs_990pf
CLINICA MADRA DE DIOS INC,FORT WAYNE,IN,,,,,irs_990pf
COMMUNITY TRANSPORTATION NETWORK,FORT WAYNE,IN,,,,,irs_990pf
EARLY CHILDHOOD ALLIANCE,FORT WAYNE,IN,,,,,irs_990pf
ERIN S HOUSE,FORT WAYNE,IN,,,,,irs_990pf
FORT WAYNE PARKS AND RECREATION,FORT WAYNE,IN,,,,,irs_990pf
FORT WAYNE RESCUE MISSION,FORT WAYNE,IN,,,,,irs_990pf
HOMEBOUND MEALS,FORT WAYNE,IN,,,,,irs_990pf
IVY TECH FOUNDATION,INDIANAPOLIS,IN,,,,,irs_990pf
JUNIOR ACHIEVEMENT,FORT WAYNE,IN,,,,,irs_990pf
LEAGUE FOR THE BLIND,FORT WAYNE,IN,,,,,irs_990pf
MAPLESEED FARMS,FORT WAYNE,IN,,,,,irs_990pf
MATTHEW 25,FORT WAYNE,IN,,,,,irs_990pf
MCMILLEN HEALTH,FORT WAYNE,IN,,,,,irs_990pf
NORTHEAST INDIANA PUBLIC RADIO,FORT WAYNE,IN,,,,,irs_990pf
SCAN,FORT WAYNE,IN,,,,,irs_990pf
ST ELIZABETH ANN SETON CAPITAL FUND,FORT WAYNE,IN,,,,,irs_990pf
SUPER SHOT,FORT WAYNE,IN,,,,,irs_990pf
THE MARBRIDGE FOUNDATION,MANCHACA,TX,,,,,irs_990pf
TURNSTONE CENTER,FORT WAYNE,IN,,,,,irs_990pf
UNIVERSITY OF ST FRANCIS,FORT WAYNE,IN,,,,,irs_990pf
WELLSPRING INTERFAITH SOCIAL SERVICES,FORT WAYNE,IN,,,,,irs_990pf
YMCA,FORT WAYNE,IN,,,,,irs_990pf
VISITING NURSE,FORT WAYNE,IN,,,,,irs_990pf
THE LITERACY ALLIANCE,FORT WAYNE,IN,,,,,irs_990pf
CHILDREN S AUTISM CENTERINC,FORT WAYNE,IN,,,,,irs_990pf
NORTHEAST INDIANA REGIONAL PARTNERSHIP,FORT WAYNE,IN,,,,,irs_990pf
FORT WAYNE MUSEUM OF ART,FORT WAYNE,IN,,,,,irs_990pf
THE THIRTEEN STEP HOUSE,FORT WAYNE,IN,,,,,irs_990pf
WOMEN S CARE CENTER,SOUTH BEND,IN,,,,,irs_990pf
FORT WAYNE CHILDREN S ZOO,FORT WAYNE,IN,,,,,irs_990pf
LITTLE RIVER WETLANDS,FORT WAYNE,IN,,,,,irs_990pf
HONEYSUCKLE CHURCH OF CHRIST,DOTHAN,AL,,,,,irs_990pf
FLORIDA COLLEGE,TEMPLE TERRACE,FL,,,,,irs_990pf
DAVE BECKLEY-AFRICA MISSIONARY,LAKELAND,FL,,,,,irs_990pf
THE THOMLEY FOUNDATION INC,BRENTWOOD,TN,,,,,irs_990pf
JACOB POWERS UNIV OF MISSOURI,SWEET SPRINGS MO,MO,,,,,irs_990pf
BAILEY VARNER UNIV OF THE ARTS PH,MARSHALL,MO,,,,,irs_990pf
LAUREN MCCOMAS BEMIDJI STATE UNIV,MARSHALL,MO,,,,,irs_990pf
CORI BALES TRUMAN STATE UNIV,SLATER,MO,,,,,irs_990pf
KOLBY STEED STATE FAIR COMM COLLE,MALTA BEND,MO,,,,,irs_990pf
LANDON BROWN NW MO STATE UNIV,SLATER,MO,,,,,irs_990pf
COOPER DAVIS UNIV OF CENTRAL MO,MARSHALL,MO,,,,,irs_990pf
JACOB HALL UNIV OF MISSOURI,MARSHALL,MO,,,,,irs_990pf
JUVENILE DIABETES RESEARCH,NEW YORK,NY,,,,,irs_990pf
EL HOGAR MINISTRIES,WOBURN,MA,,,,,irs_990pf
INDUSTRIAL ARTS PROGRAM-GUNNISON HIGH SCHOOL,GUNNISON,CO,,,,,irs_990pf
COLORADO MESA UNIVERSITY,GRAND JUNCTION,CO,,,,,irs_990pf
WEST TEXAS A M UNIVERSITY,CANYON,TX,,,,,irs_990pf
COLORADO SCHOOL OF MINES,GOLDEN,CO,,,,,irs_990pf
WESTERN STATE COLORADO,GUNNISON,CO,,,,,irs_990pf
COLORADO STATE UNIVERSITY,AURORA,CO,,,,,irs_990pf
COLORADO UNIVERSITY,DENVER,CO,,,,,irs_990pf
METROPOLITAN STATE UNIVERSITY,ST PAUL,MN,,,,,irs_990pf
CU MEDICAL SCHOOL,AURORA,CO,,,,,irs_990pf
CALIFORNIA BAPTIST UNIVERSITY,RIVERSIDE,CA,,,,,irs_990pf
IGIFTFUND,Hudson,OH,,,,,irs_990pf
CHAMBER MUSIC SOCIETY OF LINCOLN CENTER,New York,NY,,,,,irs_990pf
ALLAIRE COMMUNITY FARM,WALL,NJ,,,,,irs_990pf
STOMP THE MONSTER,MARLBORO,NJ,,,,,irs_990pf
BIG BROTHERSSISTERS OF MONMOUTHMI,ASBURY PARK,NJ,,,,,irs_990pf
CAREGIVER VOLUNTEERS CENTRAL NJ,TOMS RIVER,NJ,,,,,irs_990pf
180 TURNING LIVES AROUND,HAZLET,NJ,,,,,irs_990pf
MARY S PLACE BY THE SEA,OCEAN GROVE,NJ,,,,,irs_990pf
ALGONQUIN ARTS THEATRE,MANASQUAN,NJ,,,,,irs_990pf
MAKE-A-WISH FOUNDATION,MONROE,NJ,,,,,irs_990pf
REDEEM-HER,NEPTUNE CITY,NJ,,,,,irs_990pf
SQUAN VILLAGE HISTORICAL SOCIETY,MANASQUAN,NJ,,,,,irs_990pf
SOCIETY FOR PREVENTION OF TEEN SUIC,FREEHOLD,NJ,,,,,irs_990pf
JUST US GIRLS,MANASQUAN,NJ,,,,,irs_990pf
MONMOUTH MEDICAL CENTER - SOUTHERN,LAKEWOOD,NJ,,,,,irs_990pf
MONMOUTH MEDICAL CENTER FOUNDATION,LONG BRANCH,NJ,,,,,irs_990pf
HABCORE,RED BANK,NJ,,,,,irs_990pf
MERCY CENTER,ASBURY PARK,NJ,,,,,irs_990pf
INTERFAITH NEIGHBORS,ASBURY PARK,NJ,,,,,irs_990pf
HOLIDAY EXPRESS,TINTON FALLS,NJ,,,,,irs_990pf
ARC OCEAN COUNTY CHAPTER,LAKEWOOD,NJ,,,,,irs_990pf
WALL BUSINESS FINANCE ACADEMY,WALL,NJ,,,,,irs_990pf
RESCUE RIDGE,SPRING LAKE,NJ,,,,,irs_990pf
RAMTOWN PTO,HOWELL,NJ,,,,,irs_990pf
CROHN S AND COLITIS FOUNDATION,MANALAPAN,NJ,,,,,irs_990pf
HOMETOWN HEROES,TOMS RIVER,NJ,,,,,irs_990pf
GARDEN STATE FILM FESTIVAL,SEA GIRT,NJ,,,,,irs_990pf
ALLAIRE VILLAGE INC,FARMINGDALE,NJ,,,,,irs_990pf
SUNSHINE GIRL CHARITIES INC,MANASQUAN,NJ,,,,,irs_990pf
COLLIER YOUTH SERVICES,WICKATUNK,NJ,,,,,irs_990pf
THE VALERIE FUND,MAPLEWOOD,NJ,,,,,irs_990pf
COLTON AND FRIENDS FOUNDATION,NEPTUNE CITY,NJ,,,,,irs_990pf
TURNER SYNDROME FOUNDATION,HAZLET,NJ,,,,,irs_990pf
CFC LOUD N CLEAR FOUNDATION,FARMINGDALE,NJ,,,,,irs_990pf
AXELROD PERFORMING ARTS CENTER,DEAL PARK,NJ,,,,,irs_990pf
MONMOUTH ARTS COUNCIL,RED BANK,NJ,,,,,irs_990pf
SUSAN G KOMEN CENTRALSOUTH NJ,LAWRENCEVILLE,NJ,,,,,irs_990pf
INTERFAITH HOSPITALITY NETWORK,TOMS RIVER,NJ,,,,,irs_990pf
CONTACT OF OCEANMONMOUTH,TOMS RIVER,NJ,,,,,irs_990pf
THE ASHLEY LAUREN FOUNDATION,SPRING LAKE,NJ,,,,,irs_990pf
HOWELL CHAMBER OF COMMERCE FOUNDATI,HOWELL,NJ,,,,,irs_990pf
ETTW FOUNDATION,MORGANVILLE,NJ,,,,,irs_990pf
OPTIMIST CLUB OF HOWELL,ADELPHIA,NJ,,,,,irs_990pf
MEALS ON WHEELS,LAKEWOOD,NJ,,,,,irs_990pf
HORSE SENSE THERAPEUTIC CENTER,HOWELL,NJ,,,,,irs_990pf
LIBERTY HAVEN FARM,HOWELL,NJ,,,,,irs_990pf
HERBERTSVILLE ELEMENTARY - PTA,BRICK,NJ,,,,,irs_990pf
DOTTIE S HOUSE,BRICK,NJ,,,,,irs_990pf
LYME DISEASE ASSOCIATION,JACKSON,NJ,,,,,irs_990pf
MUNCIPAL CLERKS ASSOCIATION OF NJ,OCEAN GROVE,NJ,,,,,irs_990pf
JERSEY SHORE MARINES,MANASQUAN,NJ,,,,,irs_990pf
LUKE S HELPING HAND,NEPTUNE,NJ,,,,,irs_990pf
ASBURY PARK MUSIC FOUNDATION,ASBURY PARK,NJ,,,,,irs_990pf
SAMARITAN CENTER THE JERSEY SHORE,MANASQUAN,NJ,,,,,irs_990pf
MONMOUTH DAY CARE CENTER,RED BANK,NJ,,,,,irs_990pf
CASA OF MONMOUTH COUNTY,COLTS NECK,NJ,,,,,irs_990pf
YMCA OF MET ED WB AND S AMBOY,METUCHEN,NJ,,,,,irs_990pf
YOGA PEACE KULA,HOWELL,NJ,,,,,irs_990pf
LEAVE ONLY YOUR FOOTPRINTS INC,BRIELLE,NJ,,,,,irs_990pf
ADELPHIA SCHOOL,FREEHOLD,NJ,,,,,irs_990pf
NEWBURY SCHOOL,HOWELL,NJ,,,,,irs_990pf
MONMOUTH CONSERVATION FOUNDATION,HOWELL,NJ,,,,,irs_990pf
MANASQUAN BOY SCOUT TROOP 59,MANASQUAN,NJ,,,,,irs_990pf
BIG HEARTS TO LITTLE HEARTS,FARMINGDALE,NJ,,,,,irs_990pf
MANASQUAN ELEMENTARY SCHOOL PTO,MANASQUAN,NJ,,,,,irs_990pf
LIFE OF A RIDE TIME,HOWELL,NJ,,,,,irs_990pf
SHOREHOUSE,LONG BRANCH,NJ,,,,,irs_990pf
HACKENSACK MERIDIAN HEALTH OMC,NEPTUNE,NJ,,,,,irs_990pf
KICKS ARE FOR KIDS,METUCHEN,NJ,,,,,irs_990pf
ROTARY CLUB OF BRICK,BRICK,NJ,,,,,irs_990pf
HOWELL PBA,HOWELL,NJ,,,,,irs_990pf
COMMUNITY FOUNDATION - J CALLAHAN,MORRISTOWN,NJ,,,,,irs_990pf
SOCIETY PREV SUICIDE - MIDDLESEX,FREEHOLD,NJ,,,,,irs_990pf
VISITING NURSE ASSN - CENTRAL NJ,HOLMDEL,NJ,,,,,irs_990pf
RALLY CAP SPORTS,SEA GIRT,NJ,,,,,irs_990pf
NJ MUSEUM OF BOATING,POINT PLEASANT,NJ,,,,,irs_990pf
POINT PLEASANT SOCCER CLUB,POINT PLEASANT,NJ,,,,,irs_990pf
JERSEY SHORE RESCUE MISSION,ASBURY PARK,NJ,,,,,irs_990pf
COMMON GROUND GRIEF CENTER,MANASQUAN,NJ,,,,,irs_990pf
SCAN,EATONTOWN,NJ,,,,,irs_990pf
NICHOLAS HUDANISH FOUNDATION,PERTH AMBOY,NJ,,,,,irs_990pf
OCEAN S HARBOR HOUSE,TOMS RIVER,NJ,,,,,irs_990pf
ONE LIFE TO LOVE,BRICK,NJ,,,,,irs_990pf
MIDSTREAMS ELEMENTARY SCHOOL PTO,BRICK,NJ,,,,,irs_990pf
COASTAL VOLUNTEERS IN MEDICINE,FORKED RIVER,NJ,,,,,irs_990pf
THE FUCCILE FOUNDATION,METUCHEN,NJ,,,,,irs_990pf
COMMUNITY MEDICAL CENTER FOUNDATION,TOMS RIVER,NJ,,,,,irs_990pf
RECLAM THE BAY,WARETOWN,NJ,,,,,irs_990pf
MIGNOLO DANCE,METUCHEN,NJ,,,,,irs_990pf
AMERICAN LEGION POST 346,NEPTUNE,NJ,,,,,irs_990pf
BAYSHORE CENTER AT BIVALVE,PORT NORRIS,NJ,,,,,irs_990pf
METUCHEN ARTS COUNCIL,METUCHEN,NJ,,,,,irs_990pf
NJ COASTAL COALITION,VENTNOR,NJ,,,,,irs_990pf
HEARTS FOR HOMELESS,BUFFALO,NY,,,,,irs_990pf
NAVIGATORS,COLORADO SPRIN,CO,,,,,irs_990pf
PATH OF WNY,BUFFALO,NY,,,,,irs_990pf
PRINCE OF PEACE CHURCH,BUFFALO,NY,,,,,irs_990pf
REFORMED UNIV FELLOWSHI,LAWRENCEVILLE,GA,,,,,irs_990pf
UB FOUNDATION,BUFFALO,NY,,,,,irs_990pf
YMCA,LANCASTER,NY,,,,,irs_990pf
YOUTH FOR CHRIST,BUFFALO,NY,,,,,irs_990pf
BUFFALO DREAM CENTER,BUFFALO,NY,,,,,irs_990pf
CHRISTIAN CENTRAL ACAD,BUFFALO,NY,,,,,irs_990pf
COMPASSION INTERNATIONA,COLORADO SPRIN,CO,,,,,irs_990pf
CROSS TRAINING ATHLETIC,BOWMANSVILLE,NY,,,,,irs_990pf
EDU NATIONS,INGOMAR,PA,,,,,irs_990pf
ERIE COUNTY BAR FDN,BUFFALO,NY,,,,,irs_990pf
GREENWAY BAPTIST CHURCH,Boone,NC,,,,,irs_990pf
GRACE UNITED METHODIST CHURCH,LEWISTOWN,PA,,,,,irs_990pf
CROSSROADS PREGNANCY CENTER,LEWISTOWN,PA,,,,,irs_990pf
NEW SHELTER SERVICES INC,LEWISTOWN,PA,,,,,irs_990pf
NORTHERN MICHIGAN UNIVERSITY,MARQUETTE,MI,,,,,irs_990pf
BAY DE NOC COMMUNITY COLLEGE,ESCANABA,MI,,,,,irs_990pf
MICHIGAN TECH UNIVERSITY,HOUGHTON,MI,,,,,irs_990pf
PATHWAYS,ESCANABA,MI,,,,,irs_990pf
REMNANTS BARBERSHOP CHORUS,ESCANABA,MI,,,,,irs_990pf
ESCANABA AREA SCHOOLS,ESCANABA,MI,,,,,irs_990pf
GLADSTONE BASEBALL BOOSTERS,GLADSTONE,MI,,,,,irs_990pf
WM BONIFAS FINE ARTS CENTER,ESCANABA,MI,,,,,irs_990pf
DELTA COUNTY 4H,ESCANABA,MI,,,,,irs_990pf
CITY OF ESCANABA,ESCANABA,MI,,,,,irs_990pf
GLADSTONE YACHT CLUB,GLADSTONE,MI,,,,,irs_990pf
CHILD ADVOCACY CENTER,ESCANABA,MI,,,,,irs_990pf
SUPERIOR HEALTH FOUNDATION,MARQUETTE,MI,,,,,irs_990pf
MARQUETTE 4H,NEGAUNEE,MI,,,,,irs_990pf
DICKINSON 4H,IRON MOUNTAIN,MI,,,,,irs_990pf
DELTA COUNTY SORVA,ESCANABA,MI,,,,,irs_990pf
OSF WOMEN IN PHILANTHROPY,ESCANABA,MI,,,,,irs_990pf
CENTRAL MICHIGAN UNIVERSITY,MT PLEASANT,MI,,,,,irs_990pf
WESTERN MICHIGAN UNIVERSITY,KALAMAZOO,MI,,,,,irs_990pf
BETHANY LUTHERAN CHURCH,ESCANABA,MI,,,,,irs_990pf
LAKEVIEW CEMETERY,ESCANABA,MI,,,,,irs_990pf
DELTA COUNTY HALFWAY HOUSE,ESCANABA,MI,,,,,irs_990pf
ESCANABA WOMENS CLUB,ESCANABA,MI,,,,,irs_990pf
BAY DE NOC COLLEGE FOUNDATION,ESCANABA,MI,,,,,irs_990pf
NORTHERN MICHIGAN COLLEGE FNDTN,MARQUETTE,MI,,,,,irs_990pf
BIG BROTHERS BIG SISTERS,ESCANABA,MI,,,,,irs_990pf
FOSTER GRANDPARENTS,ESCANABA,MI,,,,,irs_990pf
BEACON HOUSE,MARQUETTE,MI,,,,,irs_990pf
SULLIVAN ARC,Monticello,NY,,,,,irs_990pf
THE ARC MID HUDSON NY,Carmel,NY,,,,,irs_990pf
SAWYER FOUNDATION,Callicoon,NY,,,,,irs_990pf
VARIOUS QUALIFYING CHARITIES,ENGLEWOOD,FL,,,,,irs_990pf
BEYOND HOUSING,Saint Louis,MO,,,,,irs_990pf
UNITED 4 CHILDREN,St Louis,MO,,,,,irs_990pf
241 COMMUNITY LAND TRUST,Saint Louis,MO,,,,,irs_990pf
NURSES FOR NEWBORNS,St Louis,MO,,,,,irs_990pf
PROSPERITY CONNECTION,Saint Louis,MO,,,,,irs_990pf
NORTH SIDE COMMUNITY SCHOOL,Saint Louis,MO,,,,,irs_990pf
COMMUNITY IMPACT NETWORK,Saint Louis,MO,,,,,irs_990pf
HELPING HAND ME DOWNS,Saint Louis,MO,,,,,irs_990pf
GRACE HILL,Saint Louis,MO,,,,,irs_990pf
EQUITY HOMES,Saint Louis,MO,,,,,irs_990pf
KALMAR NYCKEL FOUNDATION,Wilmington,DE,,,,,irs_990pf
ST MICHAEL LUTHERAN CH,Unionville,PA,,,,,irs_990pf
KENNETT SQ CONS SCH,Kennett Square,PA,,,,,irs_990pf
LUTHER FDN SOCHESCO,Unionville,PA,,,,,irs_990pf
DENVER MUS NAT SCI,Denver,CO,,,,,irs_990pf
UNIV CHICAGO,Chicago,IL,,,,,irs_990pf
UTAH STATE UNIV,Logan,UT,,,,,irs_990pf
TAU BETA PI,Knoxville,TN,,,,,irs_990pf
OUR SAVIORS LUTHERAN,Denver,CO,,,,,irs_990pf
STROUD WATER RESEARCH,Avondale,PA,,,,,irs_990pf
DEL-MAR-VA BSA,Wilmington,DE,,,,,irs_990pf
CHURCH OF THE NAZARENE,Avondale,PA,,,,,irs_990pf
TICK TOCK EARLY LEARNING,Avondale,PA,,,,,irs_990pf
ACADEMY NAT SCI PHILA,Philadelphia,PA,,,,,irs_990pf
ARDEN SHAKESPEARE,Arden,DE,,,,,irs_990pf
HABITAT FOR HUMANITY,Coatesville,PA,,,,,irs_990pf
CEASEFIRE PA EDUC FUND,Philadelphia,PA,,,,,irs_990pf
DELAWARE THEATRE CO,Wilmington,DE,,,,,irs_990pf
BRANDYWINE CONSERVANCY,Chadds Ford,PA,,,,,irs_990pf
SEAN R LOUGH FOUNDATION,Denver,CO,,,,,irs_990pf
FAMILY PROMISE SOCHESCO,Kennett Square,PA,,,,,irs_990pf
WAGNER FREE INSTITUTE,Philadelphia,PA,,,,,irs_990pf
DELAWARE FUTURES,Wilmington,DE,,,,,irs_990pf
NATURAL LANDS TRUST,Media,PA,,,,,irs_990pf
CAMP DREAMCATCHER,Kennett Square,PA,,,,,irs_990pf
DELA COMMUNITY FOUND,Wilmington,DE,,,,,irs_990pf
NATL PARKS CONSERVATION,Washington,DC,,,,,irs_990pf
HOCKESSIN MONTESSORI,Hockessin,DE,,,,,irs_990pf
NATL ACADEMY ENGINEERING,Washington,DC,,,,,irs_990pf
AMERICAN DIABETES,Alexandria,VA,,,,,irs_990pf
LEAGUE OF WOMEN VTRS EDU,Washington,DC,,,,,irs_990pf
CHESTER CO HISTORICAL SOC,West Chester,PA,,,,,irs_990pf
GREEN RIVER UNION,Bowling Green,KY,,,,,irs_990pf
CHAPEL STREET PLAYERS,Newark,DE,,,,,irs_990pf
PURDUE UNIVERSITY,Lafayette,IN,,,,,irs_990pf
GUN SENSE USA EDUCATION,Malvern,PA,,,,,irs_990pf
KENNETT SQ SENIOR CTR,Kennett Square,PA,,,,,irs_990pf
PENN MUSEUM,Philadelphia,PA,,,,,irs_990pf
LUTHERAN COMMUNITY SVCS,Baltimore,MD,,,,,irs_990pf
KENNETT AREA AFTR SCH ASSOC,Kennett Square,PA,,,,,irs_990pf
HAGLEY MUSEUM,Wilmington,DE,,,,,irs_990pf
AVON GROVE CHURCH,Avondale,PA,,,,,irs_990pf
FRIENDS WO A BORDER,New York,NY,,,,,irs_990pf
PRIMITIVE HALL FOUNDATION,Unionville,PA,,,,,irs_990pf
NEW VOCATIONS RACEHORSE ADPT,Laura,OH,,,,,irs_990pf
PARIS FOUNDATION,Elkton,MD,,,,,irs_990pf
KENNETT AREA SR CENTER,Kennett Square,PA,,,,,irs_990pf
PO MAR LIN FIRE COMPANY,Unionville,PA,,,,,irs_990pf
GREENMORE FARM ANIMAL RESCUE,West Grove,PA,,,,,irs_990pf
CITIZENS CLIMATE EDUCATION,Coronado,CA,,,,,irs_990pf
UNION CONCERNED SCIENTISTS,Cambridge,MA,,,,,irs_990pf
LAND TRUST SOCHESCO,Avondale,PA,,,,,irs_990pf
UNIV PENNA VET SCHOOL,Philadelphia,PA,,,,,irs_990pf
350 ORG,New York,NY,,,,,irs_990pf
BRANDYWINE RED CLAY,West Chester,PA,,,,,irs_990pf
JEFFERSON MEDICAL COLLEGE,Philadelphia,PA,,,,,irs_990pf
KENNETT FOOD CUPBOARD,Kennett Square,PA,,,,,irs_990pf
COLO COAL AGAINST SEX ASSAULT,Denver,CO,,,,,irs_990pf
COLBY COLLEGE,Waterville,ME,,,,,irs_990pf
CHESAPEAKE BAY FOUNDATION,Annapolis,MD,,,,,irs_990pf
AAEP FOUNDATION,Herndon,TN,,,,,irs_990pf
LA COMMUNIDAD HISPANA,Kennett Square,PA,,,,,irs_990pf
STUDENT ORGANIZING,Boston,MA,,,,,irs_990pf
ACLU FOUNDATION CO,Denver,CO,,,,,irs_990pf
PLANNED PARENTHOOD CHESCO,Chester,PA,,,,,irs_990pf
WILMINGTON DRAMA LEAGUE,Wilmington,DE,,,,,irs_990pf
LUTHERAN CHURCH GOOD SHEP,Wilmington,DE,,,,,irs_990pf
HISTORICORPS,Morrison,CO,,,,,irs_990pf
UPSTREAM USA,Washington,DC,,,,,irs_990pf
FAITH LUTHERAN CHURCH,Arlington,VA,,,,,irs_990pf
OCEANA INC,WASHINGTON,DC,,,,,irs_990pf
GIFFORDS LAW CENTER,SAN FRANCISCO,CA,,,,,irs_990pf
CAMPERSHIPS FOR NEBAGAMON INC,EAST TROY,WI,,,,,irs_990pf
NATIONAL OUTDOOR LEADERSHIP SCHOOL,LANDER,WY,,,,,irs_990pf
EARTHJUSTICE,SAN FRANCISCO,CA,,,,,irs_990pf
MEDECINS SANS FRONTIERS USA INC,HAGERSTOWN,MD,,,,,irs_990pf
AMERICAN PUBLIC MEDIA GROUP,SAINT PAUL,MN,,,,,irs_990pf
PLATTE RIVER WHOOPING CRANE TRUST,WOOD RIVER,NE,,,,,irs_990pf
PLANNED PARENTHOOD FEDERATION,WASHINGTON,DC,,,,,irs_990pf
COASTAL RIVERS CONSERVATION TRUST,DAMARISCOTTA,ME,,,,,irs_990pf
FRIENDS OF THE EARTH,WASHINGTON,DC,,,,,irs_990pf
DENVER DUMB FRIENDS LEAGUE,DENVER,CO,,,,,irs_990pf
THE MAX FUND,DENVER,CO,,,,,irs_990pf
CAT CARE SOCIETY,LAKEWOOD,CO,,,,,irs_990pf
ALTERNATIVEPREGNANCY CENTER INC,DENVER,CO,,,,,irs_990pf
CENTRAL CITY OPERA HOUSE ASSOCIATIO,DENVER,CO,,,,,irs_990pf
KIND INC,WASHINGTON,DC,,,,,irs_990pf
MAX FUND,DENVER,CO,,,,,irs_990pf
ANTI-DEFAMATION LEAGUE,ATLANTA,GA,,,,,irs_990pf
ATLANTA YOUTH TENNIS AND EDUCATION FOUNDATION,PEACHTREE CORNERS,GA,,,,,irs_990pf
GIGI S PLAYHOUSE,ATLANTA,GA,,,,,irs_990pf
MAKE-A-WISH FOUNDATION - GREATER BAY AREA,OAKLAND,CA,,,,,irs_990pf
PLANNED PARENTHOOD,ATLANTA,GA,,,,,irs_990pf
STEPHEN SILLER TUNNEL TO TOWERS FOUNDATION,STATEN ISLAND,NY,,,,,irs_990pf
THE WILLIAM BREMAN JEWISH HOME,ATLANTA,GA,,,,,irs_990pf
ALL SAINTS EPISCOPAL CHURCH,ATLANTA,GA,,,,,irs_990pf
BAYLOR SCHOOL,CHATTANOOGA,TN,,,,,irs_990pf
BIG SKY COMMUNITY CORPORATION,BIG SKY,MT,,,,,irs_990pf
BOY SCOUTS OF AMERICA ATLANTA AREA COUNCIL,ATLANTA,GA,,,,,irs_990pf
BOY SCOUTS OF AMERICA TROOP 175,DECATUR,GA,,,,,irs_990pf
CASA OF SANTA BARBARA COUNTY,SANTA BARBARA,CA,,,,,irs_990pf
CATHEDRAL ANTIQUES SHOW,ATLANTA,GA,,,,,irs_990pf
CHURCH ST UNITED METHODIST CHURCH,SELMA,AL,,,,,irs_990pf
CITIZEN SCHOOLS,BOSTON,MA,,,,,irs_990pf
COVINGTON FIRST UNITED METHODIST CHURCH,COVINGTON,GA,,,,,irs_990pf
ENSEMBLE THEATRE COMPANY,SANTA BARBARA,CA,,,,,irs_990pf
GALLATIN RIVER TASK FORCE,GALLATIN GATEWAY,MT,,,,,irs_990pf
GEORGE C MARSHALL FOUNDATION,LEXINGTON,VA,,,,,irs_990pf
GEORGIA STATE UNIVERSITY ROBINSON COLLEGE OF BUSINESS,ATLANTA,GA,,,,,irs_990pf
GEORGIA UNITED METHODIST FOUNDATION,NORCROSS,GA,,,,,irs_990pf
MUSIC ACADEMY OF THE WEST,SANTA BARBARA,CA,,,,,irs_990pf
NEWBORN UNITED METHODIST CHURCH,NEWBORN,GA,,,,,irs_990pf
PEACHTREE ROAD UNITED METHODIST CHURCH,ATLANTA,GA,,,,,irs_990pf
REGIONAL COUNCIL OF CHURCHES,ATLANTA,GA,,,,,irs_990pf
SANTA BARBARA CLUB PRESERVATION FOUNDATION,SANTA BARBARA,CA,,,,,irs_990pf
SANTA BARBARA MUSEUM OF NATURAL HISTORY,SANTA BARBARA,CA,,,,,irs_990pf
SANTA BARBARA PUBLIC LIBRARY FOUNDATION,SANTA BARBARA,CA,,,,,irs_990pf
SPANISH PEAKS COMMUNITY FOUNDATION,BIG SKY,MT,,,,,irs_990pf
SPRINGFIELD MISSIONARY BAPTIST CHURCH,ATLANTA,GA,,,,,irs_990pf
STANFORD LAW SCHOOL,STANFORD,CA,,,,,irs_990pf
THE BILL AND CAROL FOX CENTER FOR HUMANISTIC INQUIRY - EMORY UNIVERSITY,ATLANTA,GA,,,,,irs_990pf
THE GRANADA THEATRE,SANTA BARBARA,CA,,,,,irs_990pf
THE WESTMINSTER SCHOOLS,ATLANTA,GA,,,,,irs_990pf
UNITED METHODIST HIGHER EDUCATION FOUNDATION,NASHVILLE,TN,,,,,irs_990pf
WESTSIDE FUTURE FUND,ATLANTA,GA,,,,,irs_990pf
WOFFORD COLLEGE,SPARTANBURG,SC,,,,,irs_990pf
WOMEN S FUND OF SANTA BARBARA,SANTA BARBARA,CA,,,,,irs_990pf
YOUNG HARRIS COLLEGE,YOUNG HARRIS,GA,,,,,irs_990pf
HELENE WULITZER FOUNDATION,TAOS,NM,,,,,irs_990pf
JON MARANS,NEW YORK,NY,,,,,irs_990pf
JEREMY O HARRIS,NEW HAVEN,CT,,,,,irs_990pf
KARINE TRAN CO ALFRED AND CONSTANCE,LINCOLN,CA,,,,,irs_990pf
DIANA SUAREZ CO ALFRED AND CONSTANC,LINCOLN,CA,,,,,irs_990pf
SIMONE MATECNA CO ALFRED AND CONSTA,LINCOLN,CA,,,,,irs_990pf
CALTLIN GUSTAFSON CO ALFRED AND CON,LINCOLN,CA,,,,,irs_990pf
ESLAH ALOWDI CO ALFRED AND CONSTANC,LINCOLN,CA,,,,,irs_990pf
AALIYAH PARKER CO ALFRED AND CONSTA,LINCOLN,CA,,,,,irs_990pf
PENELOPE GARCIA CO ALFRED AND CONST,LINCOLN,CA,,,,,irs_990pf
HOLLIE ADAMS CO ALFRED AND CONSTANC,LINCOLN,CA,,,,,irs_990pf
CADEN VOGES CO ALFRED AND CONSTANCE,LINCOLN,CA,,,,,irs_990pf
YULIETT OLIVAS-GONZALEZ CO A AND C,LINCOLN,CA,,,,,irs_990pf
DESTYNI FREESE CO ALFRED AND CONSTA,LINCOLN,CA,,,,,irs_990pf
ELAJAH TROSCLAIR CO ALFRED AND CONS,LINCOLN,CA,,,,,irs_990pf
WENDY KHA CO ALFRED AND CONSTANCE P,LINCOLN,CA,,,,,irs_990pf
ELLARIE SUTTON CO ALFRED AND CONSTA,LINCOLN,CA,,,,,irs_990pf
ANDREW FUKUI CO ALFRED AND CONSTANC,LINCOLN,CA,,,,,irs_990pf
KIANA LUONG CO ALFRED AND CONSTANCE,LINCOLN,CA,,,,,irs_990pf
TREVOR RODRIQUEZ CO ALFRED AND CONS,LINCOLN,CA,,,,,irs_990pf
AMY MARASPINI CO ALFRED AND CONSTAN,LINCOLN,CA,,,,,irs_990pf
JENNIFER RAMIREZ CO ALFRED AND CONS,LINCOLN,CA,,,,,irs_990pf
COLE JANSEN CO ALFRED AND CONSTANCE,LINCOLN,CA,,,,,irs_990pf
CLAIRE MACKEY CO ALFRED AND CONSTAN,LINCOLN,CA,,,,,irs_990pf
IZACK LICATA CO ALFRED AND CONSTANC,LINCOLN,CA,,,,,irs_990pf
LINDSEY RIDGEWAY CO ALFRED AND CONS,LINCOLN,CA,,,,,irs_990pf
MACKENZIE EUTSEY CO ALFRED AND CONS,LINCOLN,CA,,,,,irs_990pf
SEFFANI ROBINSON CO ALFRED AND CONS,LINCOLN,CA,,,,,irs_990pf
CHARLIE NGUYEN CO ALFRED AND CONSTA,LINCOLN,CA,,,,,irs_990pf
JORDAN PATRY CO ALFRED AND CONSTANC,LINCOLN,CA,,,,,irs_990pf
AMY PLANT CO ALFRED AND CONSTANCE P,LINCOLN,CA,,,,,irs_990pf
COLONIAL PRESBYTERIAN CHURCH,KANSAS CITY,MO,,,,,irs_990pf
KC PET PROJECT,KANSAS CITY,MO,,,,,irs_990pf
MIDWEST SHIBA INU RESCUE,MILWAUKEE,WI,,,,,irs_990pf
SHIBA INU RESCUE ASSOCIATION,DOWNERS GROVE,IL,,,,,irs_990pf
WESTSIDE FAMILY CHURCH,LENEXA,KS,,,,,irs_990pf
ST JUDES CHILDREN S RESEARCH HOSPITAL,MEMPHIS,TN,,,,,irs_990pf
BIBLE STUDY FELLOWSHIP,SAN ANTONIO,TX,,,,,irs_990pf
BOSTON SYMPHONY ORCHESTRA,BOSTON,MA,,,,,irs_990pf
CANCER RESEARCH INSTITUTE,NEW YORK,NY,,,,,irs_990pf
COMMUNITY FOOD BANK OF NEW JERSEY,HILLSIDE,NJ,,,,,irs_990pf
CONGREGATION AHAVAS SHALOM,NEWARK,NJ,,,,,irs_990pf
JESPY HOUSE,SOUTH ORANGE,NJ,,,,,irs_990pf
JEWISH COMMUNITY FOUNDATION - DAF,WHIPPANY,NJ,,,,,irs_990pf
JEWISH VOCATIONAL SERVICES,LIVINGSTON,NJ,,,,,irs_990pf
JSDD,WEST ORANGE,NJ,,,,,irs_990pf
MAHAIWE PERFORMING ARTS CENTER INC,GREAT BARRINGTON,MA,,,,,irs_990pf
MORRIS MUSEUM,MORRISTOWN,NJ,,,,,irs_990pf
MRCC FOUNDATION INC,WEST CALDWELL,NJ,,,,,irs_990pf
NATIONAL THEATRE CO,WASHINGTON DC,DC,,,,,irs_990pf
NEW ISRAEL FUND,NEW YORK,NY,,,,,irs_990pf
NEW JERSEY SYMPHONY,NEWARK,NJ,,,,,irs_990pf
NEW YORK PHILHARMONIC,NEW YORK,NY,,,,,irs_990pf
NEWARK MUSEUM,NEWARK,NJ,,,,,irs_990pf
NJPAC,NEWARK,NJ,,,,,irs_990pf
NYU,NEW YORK,NY,,,,,irs_990pf
PEOPLE FOR THE AMERICAN WAY,WASHINGTON,DC,,,,,irs_990pf
SISTER ROSE THERING FUND,SOUTH ORANGE,NJ,,,,,irs_990pf
ST BARNABAS MEDICAL CENTER,WEST ORANGE,NJ,,,,,irs_990pf
VOLUNTEER LAWYERS FOR JUSTICE,NEWARK,NJ,,,,,irs_990pf
WYNC,NEW YORK,NY,,,,,irs_990pf
AMERICAN FRIENDS OF TEL AVIV UNIVER,NEW YORK,NY,,,,,irs_990pf
AMERICAN FRIENDS OF TEL AVIV,NEW YORK,NY,,,,,irs_990pf
COLUMBIA UNIVERSITY- FRENCH DEPARTMENT,NEW YORK,NY,,,,,irs_990pf
COTTEY COLLEGE,NEVADA,MO,,,,,irs_990pf
ECOLES D ART AMERICAINES DE FONTAINEBLEAU,BEWRYWN,PA,,,,,irs_990pf
FRENCH AMERICAN ACADEMY,NEW MILFORD,NJ,,,,,irs_990pf
FRENCH GENERAL CONSULATES IN THE US,WASHINGTON,DC,,,,,irs_990pf
FRENCH HERITAGE SOCIETY,NEW YORK,NY,,,,,irs_990pf
FRENCH INSTITUTEALLIANCE FRANCAISE,NEW YORK,NY,,,,,irs_990pf
FRENCH LANGUAGE ADVOCATES ANCHORAGE,ANCHORAGE,AK,,,,,irs_990pf
FRENCH-AMERICAN SCHOOL OF NEW YORK,MAMARONECK,NY,,,,,irs_990pf
INTERNATIONAL SCHOOL OF BOSTON,CAMBRIDGE,MA,,,,,irs_990pf
INTERNATIONAL SCHOOL OF BROOKLYN,BROOKLYN,NY,,,,,irs_990pf
LYCEE FRANCAIS DE NEW YORK,NEW YORK,NY,,,,,irs_990pf
NEW YORK UNIVERSITY - CENTER FOR FRENCH CIVILIZATION AND CULTURE,NEW YORK,NY,,,,,irs_990pf
OEUVRES SOCIALES DU GRAND CHANCELIER,,,,,,,irs_990pf
PRINCETON UNIVERSITY,PRINCETON,NJ,,,,,irs_990pf
SOCIETE DES MEMBRES DE LA LEGION D HONNEUR,,,,,,,irs_990pf
US AIR FORCE ACADEMY,USAF ACADEMY,CO,,,,,irs_990pf
US MILITARY ACADEMY,WEST POINT,NY,,,,,irs_990pf
US NAVAL ACADEMY FOUNDATION,ANNAPOLIS,MD,,,,,irs_990pf
US SCIENCES PO FOUNDATION,NEW YORK,NY,,,,,irs_990pf
WORLD HELLENIC BIOMEDICAL ASSOC,NEW YORK,NY,,,,,irs_990pf
QSAC,NEW YORK,NY,,,,,irs_990pf
COHEN S CHILDREN MEDICAL CENTER,GREAT NECK,NY,,,,,irs_990pf
CURE ALZHEIMER S FUND,WELLESLEY HILLS,MA,,,,,irs_990pf
MAKE-A-WISH FOUNDATION OF METRO NY,LAKE SUCCESS,NY,,,,,irs_990pf
AMERICAN RED CROSS,NEW YORK,NY,,,,,irs_990pf
DENISE HUDGENS,Joelton,TN,,,,,irs_990pf
NICHOLE JENKINS,Portland,TN,,,,,irs_990pf
RUTH CANTE,Nashville,TN,,,,,irs_990pf
CARLIE ERVINE,Marlinton,WV,,,,,irs_990pf
MARLY BRUST,Marlinton,WV,,,,,irs_990pf
CARE BREAST CANCER FOUNDATION,NEW YORK,NY,,,,,irs_990pf
CHATHAM DAY SCHOOL,CHATHAM,NJ,,,,,irs_990pf
DAUGHTERS OF ISREAL,WEST ORANGE,NJ,,,,,irs_990pf
FOUNDATION FOR MORRISTOWN MEDICAL CENTER,MORRISTOWN,NJ,,,,,irs_990pf
JEWISH FAMILY SERVICES,LIVINGSTON,NJ,,,,,irs_990pf
LISA B FISHMAN FOUNDATION,MONTVILLE,NJ,,,,,irs_990pf
MORRISTOWN BEARD SCHOOL,MORRISTOWN,NJ,,,,,irs_990pf
NYVOLUNTEER FIRE DEPT,NEW YORK,NY,,,,,irs_990pf
TEMPLE BINAI OR,MORRISTOWN,NJ,,,,,irs_990pf
RIDHWAN FOUNDATION,BERKELEY,CA,,,,,irs_990pf
HUDSON VALLEY VEGANS,RHINEBECK,NY,,,,,irs_990pf
BROOM ANIMAL SANCTUARY,MIDDLEBURGH,NY,,,,,irs_990pf
OLE MISS LOYALTY FOUNDATION,UNIVERSITY,MS,,,,,irs_990pf
CHILDREN S CENTER OF THE STANFORD C,Stanford,CA,,,,,irs_990pf
THERESA MUBANG,washington,DC,,,,,irs_990pf
HUMAN DEVELOPMENT FOUNDATION,Rolling Meadows,IL,,,,,irs_990pf
UNIVERSITY OF NOTRE DAME,NORTE DAME,IN,,,,,irs_990pf
SISTER OF SAINT JOSEPH OF SPRINGFIELD,SPRINGFIELD,MA,,,,,irs_990pf
AXIAL THEATER,YORKTOWN HEIGHTS,NY,,,,,irs_990pf
CONCERNED CITIZENS OF MONTAUK,MONTAUK,NY,,,,,irs_990pf
AVATH TORAH CONGREGATION,STOUGHTON,MA,,,,,irs_990pf
INTERNATIONAL COUNTRY CLUB,Fairfax,VA,,,,,irs_990pf
BROADWAY THEATRE LEAGUE OF UTICA,UTICA,NY,,,,,irs_990pf
ST CLARE CATHOLIC CHURCH,NORTH PALM BEACH,FL,,,,,irs_990pf
SAINT JOHN THE EVANGELIST CHURCH,NEW HARTFORD,NY,,,,,irs_990pf
MASONIC MEDICAL RESEARCH INSTITUTE,UTICA,NY,,,,,irs_990pf
CONSPIRARE,AUSTIN,TX,,,,,irs_990pf
GEOLOGICAL SOCIETY OF AMERICA FOUNDATION,BOULDER,CO,,,,,irs_990pf
WOMEN S STORYBOOK PROJECT OF TEXAS,AUSTIN,TX,,,,,irs_990pf
4H OF ELKHART COUNTY,GOSHEN,IN,,,,,irs_990pf
4H OF KOSCIUSKO COUNTY,WARSAW,IN,,,,,irs_990pf
BALL STATE UNIVERSITY,MUNICE,IN,,,,,irs_990pf
CAPS,ELKHART,IN,,,,,irs_990pf
COMMUNITY FOUNDATION OF ELKHART COU,ELKHART,IN,,,,,irs_990pf
CONCORD PRIDE 3,ELKHART,IN,,,,,irs_990pf
FAIRFIELD HIGH SCHOOL,GOSHEN,IN,,,,,irs_990pf
GOSHEN BOYS GIRLS CLUB,GOSHEN,IN,,,,,irs_990pf
GOSHEN COLLEGE,GOSHEN,IN,,,,,irs_990pf
GOSHEN HIGH SCHOOL,GOSHEN,IN,,,,,irs_990pf
GRACE COMMUNITY CHURCH,GOSHEN,IN,,,,,irs_990pf
HUNTINGTON UNIVERSITY,HUNTINGTON,IN,,,,,irs_990pf
IUSB,SOUTH BEND,IN,,,,,irs_990pf
MAPLE GROVE CHURCH,NEW PARIS,IN,,,,,irs_990pf
NAPPANEE MISSIONARY CHURCH,NAPPANEE,IN,,,,,irs_990pf
OAKLAWN FOUNDATION,GOSHEN,IN,,,,,irs_990pf
RETA,ELKHART,IN,,,,,irs_990pf
SPA MINISTRY,ELKHART,IN,,,,,irs_990pf
UOFM MEDICAL SCHOOL,ANN ARBOR,MI,,,,,irs_990pf
VARIOUS,MYSTIC,CT,,,,,irs_990pf
BOYS GIRLS CLUB,TERRE HAUTE,IN,,,,,irs_990pf
CATHOLIC CHARITIES,TERRE HAUTE,IN,,,,,irs_990pf
COUNCIL ON DOMESTIC ABUSE,TERRE HAUTE,IN,,,,,irs_990pf
CRISIS PREGNANCY CENTER,TERRE HAUTE,IN,,,,,irs_990pf
ESA FOUNDATION,TERRE HAUTE,IN,,,,,irs_990pf
FAMILY SERVICE ASSOCIATION INC,TERRE HAUTE,IN,,,,,irs_990pf
NEXT STEP FOUNDATION,TERRE HAUTE,IN,,,,,irs_990pf
TERRE HAUTE CHILDREN S MUSEUM,TERRE HAUTE,IN,,,,,irs_990pf
TERRE HAUTE HUMANE SOCIETY,TERRE HAUTE,IN,,,,,irs_990pf
TERRE HAUTE SYMPHONY,TERRE HAUTE,IN,,,,,irs_990pf
VALLEY PROFESSIONAL COMMUNITY HEALTH,TERRE HAUTE,IN,,,,,irs_990pf
VIGO COUNTY EDUCATION FOUNDATION,TERRE HAUTE,IN,,,,,irs_990pf
WABASH SENIOR CITIZENS CENTER,TERRE HAUTE,IN,,,,,irs_990pf
YMCA OF THE WABASH VALLEY,TERRE HAUTE,IN,,,,,irs_990pf
ABOUT FACE FOUNDATION,denver,CO,,,,,irs_990pf
CASA JEFFERSON COUNTY,GOLDEN,CO,,,,,irs_990pf
JUDI S HOUSE,DENVER,CO,,,,,irs_990pf
CSU FOUNDATION,FORT COLLINS,CO,,,,,irs_990pf
CU CENTER FOR WOMENS HEALTH RESEARCH,AURORA,CO,,,,,irs_990pf
FLYING MANES THERAPEUTIC RIDING,SCARSDALE,NY,,,,,irs_990pf
HEIMERDINGER FOUNDATION,Nashville,TN,,,,,irs_990pf
SEEDS OF HOPE,Denver,CO,,,,,irs_990pf
BETHESDA TEACHING MINISTRY,El Cajon,CA,,,,,irs_990pf
CHILDREN OF THE PUEBLO,pueblo,CO,,,,,irs_990pf
SEWALL CHILD DEVELOPMENT CENTER,DENVER,CO,,,,,irs_990pf
BOYS AND GIRLS CLUB OF LARIMER COUNTY,FORT COLLINS,CO,,,,,irs_990pf
CRAIG HOSPITAL,ENGLEWOOD,CO,,,,,irs_990pf
BONDS OF UNION,CINCINNATI,OH,,,,,irs_990pf
MULLEN HIGH SCHOOL,DENVER,CO,,,,,irs_990pf
GRACE FISHER FOUNDATION,SANTA BARBARA,CA,,,,,irs_990pf
K LIFE,CENTENNIAL,CO,,,,,irs_990pf
STEP DENVER,DENVER,CO,,,,,irs_990pf
THE ACTION CENTER,LAKEWOOD,CO,,,,,irs_990pf
CASA OF ADAMS BROOMFILED COUNTIES,WESTMINSTER,CO,,,,,irs_990pf
BLUE SKY FOUNDATION,WELLINGTON,FL,,,,,irs_990pf
SMOKY HILL HIGH SCHOOL,AURORA,CO,,,,,irs_990pf
USC AT BEAUFORT COMMUNITY FOUNDATION,COLUMBIA,SC,,,,,irs_990pf
THE CRAIG HOSPITAL FOUNDATION,ENGLEWOOD,CO,,,,,irs_990pf
FELLOWSHIP OF CHRISTIAN ATHLETES,MCALLEN,TX,,,,,irs_990pf
FIRST UNITED METHODIST CHURCH OF MISSION,MISSION,TX,,,,,irs_990pf
MUSEUM OF SOUTH TEXAS HISTORY,EDINBURG,TX,,,,,irs_990pf
RGV LIVESTOCK SHOW CHAMP FOR CHAMPIONS,MERCEDES,TX,,,,,irs_990pf
BENEVOLENCE COMMITTEE - CC YOUNG RETIREMENT CENTER,DALLAS,TX,,,,,irs_990pf
OUR LADY OF SORROWS CAPITAL CAMPAIGN FUND,EDINBURG,TX,,,,,irs_990pf
TRINITY RIVER MISSION,DALLAS,TX,,,,,irs_990pf
AMERICAN HEART ASSOCIATION,LEXINGTON,KY,,,,,irs_990pf
BLUE GRASS TRUST,LEXINGTON,KY,,,,,irs_990pf
CARDINAL HILL FOUNDATION,LEXINGTON,KY,,,,,irs_990pf
KAPPA KAPPA GAMMA FOUNDATION,LEXINGTON,KY,,,,,irs_990pf
KENTUCKY HORSE PARK,LEXINGTON,KY,,,,,irs_990pf
LEXINGTON ROTARY ENDOWMENT FUND,LEXINGTON,KY,,,,,irs_990pf
LEXINGTON SCHOOL ANNUAL FUND,LEXINGTON,KY,,,,,irs_990pf
MERCERSBURG ACADEMY,MERCERSBURG,PA,,,,,irs_990pf
PADUCAH SYMPHONY,PADUCAH,KY,,,,,irs_990pf
SAYRE SCHOOL,LEXINGTON,KY,,,,,irs_990pf
ST PETER CHURCH,LEXINGTON,KY,,,,,irs_990pf
YMCA,LEXINGTON,KY,,,,,irs_990pf
CROSS TRAINING,Bismarck,ND,,,,,irs_990pf
EVERGREEN BASEBALL BOOSTERS INC,Evergreen,CO,,,,,irs_990pf
WILLISTON PARKS RECREATION FOUNDATION INC,Williston,ND,,,,,irs_990pf
WILLISTON STATE COLLEGE FOUNDATION,Williston,ND,,,,,irs_990pf
WILLISTON SCHOOL DISTRICT 1,Williston,ND,,,,,irs_990pf
VALLEY CITY STATE UNIVERSITY FOUNDATION,Valley City,ND,,,,,irs_990pf
LUTHER SEMINARY,St Paul,MN,,,,,irs_990pf
FRANKLIN MARSHALL COLLEGE,LANCASTER,PA,,,,,irs_990pf
HILLTOP COUNTRY DAY SCHOOL,SPARTA,NJ,,,,,irs_990pf
MORRISTOWN MEDICAL CENTER FOUNDATION,MORRISTOWN,NJ,,,,,irs_990pf
NEWTON MEMORIAL HOSPITAL,NEWTON,NJ,,,,,irs_990pf
PAPERMILL PLAYHOUSE,MILLBURN,NJ,,,,,irs_990pf
PROJECT SELF SUFFICIENCY,NEWTON,NJ,,,,,irs_990pf
SCARC,AUGUSTA,NJ,,,,,irs_990pf
THE GROWING STAGE,NEWTON,NJ,,,,,irs_990pf
CATHERINE PEACHEY FUND,INDIANAPOLIS,IN,,,,,irs_990pf
MOUNTAIN RESCUE ASPEN,ASPEN,CO,,,,,irs_990pf
NORTHWESTERN MEDICINE,WINFIELD,IL,,,,,irs_990pf
PEAK CHICAGO,CHICAGO,IL,,,,,irs_990pf
SETON HALL UNIVERSITY,SOUTH ORANGE,NJ,,,,,irs_990pf
CATHOLIC MEDICAL MISSION BOARD,NEW YORK,NY,,,,,irs_990pf
OUR LADY OF SORROWS CHURCH,SOUTH ORANGE,NJ,,,,,irs_990pf
CRUDEM FOUNDATION,LUDLOW,MA,,,,,irs_990pf
SEE ATTACHED LIST,VARIOUS,CA,,,,,irs_990pf
AMERICAN FRIENDS OF OHEL SARAH,LAKE WOOD,NJ,,,,,irs_990pf
AMERICAN JEWISH JOINT DISTRIBUTION COMMITTEE,NEW YORK,NY,,,,,irs_990pf
CAMP RAMAH IN NEW ENGLAND,NEEDHAM,MA,,,,,irs_990pf
CAMP RAMAH IN NYACK NY,NYACK,NY,,,,,irs_990pf
HARVARD CHABAD,CAMBRIDGE,MA,,,,,irs_990pf
HIDE AND SEEK FOUNDATION FOR LYSOSOMAL STORAGE DISEASE RESEARCH,LONG BEACH,CA,,,,,irs_990pf
ROFEH INTERNATIONAL,BROOLINE,MA,,,,,irs_990pf
YAD CHESSED,ALLSTON,MA,,,,,irs_990pf
THE LORD S PLACE,WEST PALM BEACH,FL,,,,,irs_990pf
SENS RESEARCH FOUNDATION,MOUNTAIN VIEW,CA,,,,,irs_990pf
CARL I BOURHENNE MEDICAL RESEARCH F,NEWPORT BEACH,CA,,,,,irs_990pf
WARRIORS LIVE ON,LA JOLLA,CA,,,,,irs_990pf
COURTNEYS HOUSE,WASHINGTON,DC,,,,,irs_990pf
CHURCH OF JESUS CHRIST OF LATTER DA,SALT LAKE CITY,UT,,,,,irs_990pf
HUMATARIAN EXPERIENCE,WINDERMERE,FL,,,,,irs_990pf
FIRST EVANGELICAL CHURCH ASSN,MONTEBELLO,CA,,,,,irs_990pf
YELLOW BARN MUSIC SCHOOL FESTIVAL,PUTNEY,VT,,,,,irs_990pf
CHAMBER MUSIC AMERICA,NEW YORK,NY,,,,,irs_990pf
SEE ATTACHED STATEMENT,PROVIDENCE,RI,,,,,irs_990pf
HALIFAX HOSPICE INC,PORT ORANGE,FL,,,,,irs_990pf
HALIFAX MEDICAL CENTER FDN,DAYTONA BEACH,FL,,,,,irs_990pf
CONKLIN CENTER FOR THE,DAYTONA BEACH,FL,,,,,irs_990pf
TRI CITIES OPERA,BINGHAMTON,NY,,,,,irs_990pf
ECU MEDICAL HEALTH SCIENCES,GREENVILLE,NC,,,,,irs_990pf
GIRL SCOUTS OF KENTUCKIANA,LOUISVILLE,KY,,,,,irs_990pf
LINCOLN HERITAGE COUNCIL,LOUISVILLE,KY,,,,,irs_990pf
YALE SCHOOL OF MEDICINE-PSYCHIATRY,NEW HAVEN,CT,,,,,irs_990pf
22 WARRIORS,LAS VEGAS,NV,,,,,irs_990pf
ALZHEIMER S ASSOCIATION,NORFOLK,VA,,,,,irs_990pf
AN ACHIEVABLE DREAM INC,NEWPORT NEWS,VA,,,,,irs_990pf
ARTULA INSTITUTE FOR ART AND ENVIRONMENTAL EDUCATION,BRANDON,OR,,,,,irs_990pf
ASOCIACION MARISTA DE PUERTO RICO,,,,,,,irs_990pf
BECAUSE INTERNATIONAL,NAMPA,ID,,,,,irs_990pf
CAMP SOUTHERN GROUND,PEACHTREE CITY,GA,,,,,irs_990pf
CAPTAINS FOR CLEAN WATER,FORT MEYERS,FL,,,,,irs_990pf
CHESAPEAKE BAY FOUNDATION,VIRGINIA BEACH,VA,,,,,irs_990pf
CHILDRENS ALOPECIA PROJECT,WYOMISSING,PA,,,,,irs_990pf
CONCERNS OF POLICE SURVIVORS,CAMDENTON,MO,,,,,irs_990pf
CONNECT WITH A WISH,VIRGINIA BEACH,VA,,,,,irs_990pf
CORINTH UNITED METHODIST,SANDSTON,VA,,,,,irs_990pf
DANIEL S GRACE,VIRGINIA BEACH,VA,,,,,irs_990pf
DENBIGH YOUTH FOOTBALL AND CHEERLEADING ASSOCIATION,NEWPORT NEWS,VA,,,,,irs_990pf
EASTERN VIRGINIA MEDICAL SCHOOL,NORFOLK,VA,,,,,irs_990pf
FIDELITY CHARITABLE TRUST,COVINGTON,KY,,,,,irs_990pf
FOODBANK OF SOUTHEASTERN VA,NORFOLK,VA,,,,,irs_990pf
FOP 3 FOUNDATION,NORFOLK,VA,,,,,irs_990pf
FULL CIRCLE FOUNDATION,RICHMOND,IL,,,,,irs_990pf
GOVERNOR S SCHOOL FOR THE ARTS,NORFOLK,VA,,,,,irs_990pf
HAMPTON ROADS COMMUNITY FOUNDATION,NORFOLK,VA,,,,,irs_990pf
HOPE HOUSE FOUNDATION,NORFOLK,VA,,,,,irs_990pf
HOSPICE HOUSE,WILLIAMSBURG,VA,,,,,irs_990pf
HURRAH PLAYERS,NORFOLK,VA,,,,,irs_990pf
JEWISH FAMILY SERVICES,VIRGINIA BEACH,VA,,,,,irs_990pf
JT WALK,VIRGINIA BEACH,VA,,,,,irs_990pf
KAMP KESEM,LOS ANGELES,CA,,,,,irs_990pf
KELSKIDS,VIRGINIA BEACH,VA,,,,,irs_990pf
MERCY CHEFS,CHESAPEAKE,VA,,,,,irs_990pf
MERCY MEDICAL ANGELS,VIRGINIA BEACH,VA,,,,,irs_990pf
NORFOLK ROWING CENTER,NORFOLK,VA,,,,,irs_990pf
OHEF SHOLOM TEMPLE,NORFOLK,VA,,,,,irs_990pf
OKLAHOMA STATE UNIVERSITY MEDICAL CENTER,TULSA,OK,,,,,irs_990pf
PENNINSULA COMMUNITY FOUNDATION,CORNELIUS,NC,,,,,irs_990pf
PLANNED PARENTHOOD,VIRGINIA BEACH,VA,,,,,irs_990pf
REALLY AWESOME PEOPLE SWIMMING RAPS,VIRGINIA BEACH,VA,,,,,irs_990pf
RICKY MARTIN FOUNDATION,,,,,,,irs_990pf
SPONDYLITIS ASSOCIATION,VAN NUYS,CA,,,,,irs_990pf
ST MARY S INFANT HOME,NORFOLK,VA,,,,,irs_990pf
SUGAR PLUM BAKERY,VIRGINIA BEACH,VA,,,,,irs_990pf
THE HERMITAGE MUSEUM GARDENS,NORFOLK,VA,,,,,irs_990pf
THE HIMALYAN CATARACT PROJECT,WATERBURY,VT,,,,,irs_990pf
TIDEWATER ORCHID SOCIETY,NORFOLK,VA,,,,,irs_990pf
TIDEWATER WOODEN BOAT WORKSHOP,VIRGINIA BEACH,VA,,,,,irs_990pf
UNTAMED SPIRIT THERAPEUTIC AND EDUCATIONAL PROGRAM,VIRGINIA BEACH,VA,,,,,irs_990pf
VIRGINIA AQUARIUM AND MARINE SCIENCE CENTER FOUNDATION,VIRGINIA BEACH,VA,,,,,irs_990pf
VIRGINIA ARTS FESTIVAL,NORFOLK,VA,,,,,irs_990pf
VIRGINIA BEACH ADAPTIVE WATERSPORTS,VIRGINIA BEACH,VA,,,,,irs_990pf
VIRGINIA WESLEYAN UNIVERSITY,VIRGINIA BEACH,VA,,,,,irs_990pf
MCLAREN NORTHERN MICHIGAN,PETOSKEY,MI,,,,,irs_990pf
UNITED WAY MERIDENWALLINGFORD,MERIDEN,CT,,,,,irs_990pf
CONN CHILDRENS MEDICAL CENTER,HARTFORD,CT,,,,,irs_990pf
YMCA OF MERIDEN,MERIDEN,CT,,,,,irs_990pf
YWCAWOMEN AND FAMILIES CENTER,MERIDEN,CT,,,,,irs_990pf
MUSCULAR DYSTROPHY ASSOCIATION,CHICAGO,IL,,,,,irs_990pf
FSU FOUNDATION,Tallahassee,FL,,,,,irs_990pf
SARASOTA ORCHESTRA,Sarasota,FL,,,,,irs_990pf
COMMUNITY FOUNDATION OF SARASOTA,Sarasota,FL,,,,,irs_990pf
KENTUCKY STATE UNIVERSITY,FRANKFORT,KY,,,,,irs_990pf
MADISONVILLE COMMUNITY COLLEGE,MADISONVILLE,KY,,,,,irs_990pf
BELLARMINE UNIVERSITY,LOUISVILLE,KY,,,,,irs_990pf
BEREA COLLEGE,BEREA,KY,,,,,irs_990pf
MILLIGAN COLLEGE,MILLIGAN COLLEGE,TN,,,,,irs_990pf
ASBURY COLLEGE,WILMORE,KY,,,,,irs_990pf
BLUEGRASS COMM TECH COLLEGE,LEXINGTON,KY,,,,,irs_990pf
BRESCIA UNIVERSITY,OWENSBORO,KY,,,,,irs_990pf
CAMPBELLSVILLE UNIVERSIT,CAMPBELLSVILLE,KY,,,,,irs_990pf
CENTRE COLLEGE,DANVILLE,KY,,,,,irs_990pf
EASTERN KENTUCKY UNIVERSITY,CORBIN,KY,,,,,irs_990pf
GEORGETOWN COLLEGE,GEORGETOWN,KY,,,,,irs_990pf
KENTUCKY WESLEYAN COLLEGE,OWENSBORO,KY,,,,,irs_990pf
LINDSEY WILSON COLLEGE,COLUMBIA,KY,,,,,irs_990pf
MIDDLE TENNESSEE ST UNIV,MURFREESBORO,TN,,,,,irs_990pf
MOREHEAD STATE UNIVERSITY,MOREHEAD,KY,,,,,irs_990pf
MURRAY STATE UNIVERSITY,MURRAY,KY,,,,,irs_990pf
NORTHERN KENTUCKY UNIVERSITY,HIGHLAND HEIGHTS,KY,,,,,irs_990pf
OWENSBORO COMM TECH COLLEGE,OWENSBORO,KY,,,,,irs_990pf
UNION COLLEGE,BARBOURVILLE,KY,,,,,irs_990pf
UNIVERSITY OF LOUISVILLE,LOUISVILLE,KY,,,,,irs_990pf
UNIVERSITY OF SOUTHERN INDIANA,EVANSVILLE,IN,,,,,irs_990pf
WESTERN KENTUCKY UNIVERSITY,BOWLING GREEN,KY,,,,,irs_990pf
OWENSBORO CATHOLIC SCHOOL,OWENSBORO,KY,,,,,irs_990pf
DAVIEES COUNTY BOARD OF EDUCATION,OWENSBORO,KY,,,,,irs_990pf
MCLEAN COUNTY BOARD OF EDUCATION,CALHOUN,KY,,,,,irs_990pf
UNIVERSITY OF ALABAMA,TUSCALOOSA,AL,,,,,irs_990pf
UNIVERSITY OF CUMBERLANDS,WILLIAMSBURG,KY,,,,,irs_990pf
COLUMBIA COLLEGE CHICAGO,NEW YORK,NY,,,,,irs_990pf
MIDWAY UNIVERSITY,MIDWAY,KY,,,,,irs_990pf
SOUTHERN ILLINOIS UNIVERSITY,EDWARDSVILLE,IL,,,,,irs_990pf
OWENSBORO BOARD OF EDUCATION,OWENSBORO,KY,,,,,irs_990pf
DE PAUL UNIVERSITY,CHICAGO,IL,,,,,irs_990pf
AUSTIN PEAY STATE UNIVERSITY,CLARKSVILLE,TN,,,,,irs_990pf
UNIVERSITY OF OKLAHOMA,NORMAN,OK,,,,,irs_990pf
MARIAN UNIVERSITY,FOND DU LAC,WI,,,,,irs_990pf
TREVECCA NAZARENE UNIVERSITY,NASHVILLE,TN,,,,,irs_990pf
UNIVERSITY OF PIKEVILLE,PIKEVILLE,KY,,,,,irs_990pf
UNIVERSITY OF ALABAMA IN HUNTSVILLE,HUNTSVILLE,AL,,,,,irs_990pf
LEE UNIVERSITY,CLEVELAND,TN,,,,,irs_990pf
SHAWNEE STATE UNIVERSITY,PORTSMOUTH,OH,,,,,irs_990pf
JEFFERSON COMMUNITY AND TECHNICAL COLLEG,LOUISVILLE,KY,,,,,irs_990pf
JUDSON UNIVERSITY,ELGIN,IL,,,,,irs_990pf
MOUNT ST JOSEPH UNIVERSITY,CINCINNATI,OH,,,,,irs_990pf
NEW YORK UNIVERSITY,NEW YORK,NY,,,,,irs_990pf
NOSSI COLLEGE OF ART,MADISON,TN,,,,,irs_990pf
OHIO DOMINICAN UNIVERSITY,COLUMBUS,OH,,,,,irs_990pf
SOUTH UNIVERSITY,SAVANNAH,GA,,,,,irs_990pf
TENNESSEE TECH UNIVERSITY,COOKEVILLE,TN,,,,,irs_990pf
LAVAL UNIVERSITY,,,,,,,irs_990pf
UNITED STATES NAVAL ACADEMY,ANNAPOLIS,MD,,,,,irs_990pf
FRONT ROYAL VOL FIRE RESCUE DE,FRONT ROYAL,VA,,,,,irs_990pf
SAMUELS PUBLIC LIBRARY,FRONT ROYAL,VA,,,,,irs_990pf
WARREN COUNTY SCHOOL BOARD,FRONT ROYAL,VA,,,,,irs_990pf
WARREN RIFLES CHAP 934 OF THE,FRONT ROYAL,VA,,,,,irs_990pf
BAARC,BROCKTON,MA,,,,,irs_990pf
BERWICK BOYS FOUNDATION,WEST BRIDGEWATER,MA,,,,,irs_990pf
BOYS AND GIRLS CLUB,BROCKTON,MA,,,,,irs_990pf
CAMP SHRIVER AT STONEHILL,EASTON,MA,,,,,irs_990pf
MASS EASTER SEALS,BOSTON,MA,,,,,irs_990pf
OLD COLONY YMCA,BROCKTON,MA,,,,,irs_990pf
SCHOOLS ON WHEELS,BROCKTON,MA,,,,,irs_990pf
TEEN CHALLENGE,BROCKTON,MA,,,,,irs_990pf
VARIOUS,ST LOUIS,MO,,,,,irs_990pf
VARIOUS SCHOLARSHIPS OF 100000,BROCKTON,MA,,,,,irs_990pf
LIVING INDEPENDENTLY,BROCKTON,MA,,,,,irs_990pf
SPECIAL OLYMPICS,MARLBOROUGH,MA,,,,,irs_990pf
OLD COLONY ELDERLY SERVICES,BROCKTON,MA,,,,,irs_990pf
BSA MAYFLOWER COUNCIL,MARLBOROUGH,MA,,,,,irs_990pf
FATHERS BILLS,BROCKTON,MA,,,,,irs_990pf
ALPHA EPILSON PI FOUNDATION,INDIANAPOLIS,IN,,,,,irs_990pf
FRIENDS OF YERMIN ORDE,BETHESDA,MD,,,,,irs_990pf
BRIDGEWATER RARITAN HIGH SCHOOL SCHOLARSHIP FUND,BRIDGEWATER,NJ,,,,,irs_990pf
JEWISH FEDERATION,BRIDGEWATER,NJ,,,,,irs_990pf
UNITED SYNAGOGUE OF CONSERVATIVE JUDIASM,NEW YORK,NY,,,,,irs_990pf
SHALOM HERITAGE CENTER,EAST WINDSOR,NJ,,,,,irs_990pf
SHARSHERET,TEANECK,NJ,,,,,irs_990pf
SSB JEWISH COMMUNITY CENTER,BRIDGEWATER,NJ,,,,,irs_990pf
TEMPLE SHALOM,MATAWAN,NJ,,,,,irs_990pf
ST BALDRICK S FOUNDATION,MONROVIA,CA,,,,,irs_990pf
JEWISH FAMILY SERVICE OF SHW,SOMERVILLE,NJ,,,,,irs_990pf
VANDERBUILT ALUMNI,NASHVILLE,TN,,,,,irs_990pf
CENTURY FOR THE CURE,WARREN,NJ,,,,,irs_990pf
JEWISH WOMEN S RENAISSANCE PROJECT,ROCKVILLE,MD,,,,,irs_990pf
BT EVERYDAY HERO,CHARLESTON,SC,,,,,irs_990pf
MASSACHUSETTS INSTITUTE OF TECH,CAMBRIDGE,MA,,,,,irs_990pf
VISITING NURSE ASSOC,WASHINGTON,DC,,,,,irs_990pf
PARISH OF ST JOHN THE EVANGELIST,HINGHAM,MA,,,,,irs_990pf
LEE SCOTT ACADEMY,AUBURN,AL,,,,,irs_990pf
SEE,Thibodaux,LA,,,,,irs_990pf
THE ARC OF THE UNITED STATES INC,WASHINGTON,DC,,,,,irs_990pf
THE SALVATION ARMY,WASHINGTON,DC,,,,,irs_990pf
WINCHESTER MEDICAL CENTER,WINCHESTER,VA,,,,,irs_990pf
SEE ATTACHED SCHEDULE OF SCHOLARSHIPS,Brooklyn,OH,,,,,irs_990pf
FIRST UNITED METHODIST CHURCH,MILAN,TN,,,,,irs_990pf
ST PAUL S CHURCH,WESTMINSTER,MD,,,,,irs_990pf
THE AMERICAN FILM INSTITUTE,LOS ANGELES,CA,,,,,irs_990pf
DANFORTH TOWNSHIP COMMUNITY BUILDING,DANFORTH,IL,,,,,irs_990pf
CHRIST LUTHERAN HIGH SCHOOL,BUCKLEY,IL,,,,,irs_990pf
CLIFTON COMMUNITY FOOD PANTRY,CLIFTON,IL,,,,,irs_990pf
DONOVAN UNITED METHODIST CHURCH FOR THE SHELDON AREA FOOD PANTRY,SHELDON,IL,,,,,irs_990pf
DOUGLAS TOWNSHIP PARK DISTRICTMANN PARK,GILMAN,IL,,,,,irs_990pf
FOOD FROM THE HEART INC,WATSEKA,IL,,,,,irs_990pf
GILMAN CEMETERY DISTRICT,GILMAN,IL,,,,,irs_990pf
GILMAN COMM FIRE PROTECTION DISTRICT,GILMAN,IL,,,,,irs_990pf
GILMAN UNITED METHODIST CHURCH,GILMAN,IL,,,,,irs_990pf
GILMAN-DANFORTH DISTRICT LIBRARY,GILMAN,IL,,,,,irs_990pf
FORD IROQUOIS 4-H FOUNDATION,ONARGA,IL,,,,,irs_990pf
IROQUOIS COUNTY EMERGENCY MANAGEMENT AGENCY,WATSEKA,IL,,,,,irs_990pf
IROQUOIS COUNTY HISTORICAL SOCIETY,WATSEKA,IL,,,,,irs_990pf
IROQUOIS WEST SCHOOL DISTRICT 10,GILMAN,IL,,,,,irs_990pf
MARINE TOYS FOR TOTS,TRIANGLE,VA,,,,,irs_990pf
MARTINTON COMMUNITY FOOD PANTRY,MARTINTON,IL,,,,,irs_990pf
PLEDGE FOR LIFE PARTNERSHIP,KANKAKEE,IL,,,,,irs_990pf
PRAIRIEVIEW LUTHERAN HOME,DANFORTH,IL,,,,,irs_990pf
ST JOHNS LUTHERAN SCHOOL,BUCKLEY,IL,,,,,irs_990pf
ST PAUL EVANGELICAL LUTHERAN CHURCH FOR GOD S PANTRY,GILMAN,IL,,,,,irs_990pf
SUGAR CREEK OPERA LTD,WATSEKA,IL,,,,,irs_990pf
SUMMER IN THE PARK,GILMAN,IL,,,,,irs_990pf
THE GARAGE IN GILMAN,GILMAN,IL,,,,,irs_990pf
WATSEKA FIRST UNITED METHODIST CHURCH FOR WATSEKA AREA FOOD PANTRY,WATSEKA,IL,,,,,irs_990pf
CITY OF GILMAN,GILMAN,IL,,,,,irs_990pf
IMMACULATE CONCEPTION CHRUCHOUR LADY GUADALUPE CHURCH,GILMAN,IL,,,,,irs_990pf
CAMP 911,GILMAN,IL,,,,,irs_990pf
GRANT VICTOR CARES,KAYSVILLE,UT,,,,,irs_990pf
CHURCH OF JESUS CHRIST OF LATTER-DAY SAINTS,SALT LAKE CITY,UT,,,,,irs_990pf
JOHN HOLBROOK,SYRACUSE,UT,,,,,irs_990pf
PARTNERS IN HEALTH DONATION,BOSTON,MA,,,,,irs_990pf
CENTRAL MISSIONARY CLEARINGHOUSE,HOUSTON,TX,,,,,irs_990pf
GLOBAL MINISTRIES,ATLANTA,GA,,,,,irs_990pf
CHRIST EPISCOPAL CHURCH,WASHINGTON,DC,,,,,irs_990pf
ADULT DAY CARE OF MARTINSVILLE AND HENRY COUNTY,MARTINSVILLE,VA,,,,,irs_990pf
BASSETT HISTORICAL CENTER,BASSETT,VA,,,,,irs_990pf
BOY SCOUTS OF AMERICA - PATRICK HENRY DISTRICT,ROANOKE,VA,,,,,irs_990pf
BOYS GIRLS CLUB OF THE BLUE RIDGE INC,MARTINSVILLE,VA,,,,,irs_990pf
CARLISLE SCHOOL FACULTY ENDOWMENT FUND,MARTINSVILLE,VA,,,,,irs_990pf
CHRISTMAS CHEER INC,MARTINSVILLE,VA,,,,,irs_990pf
GRACE NETWORK,MARTINSVILLE,VA,,,,,irs_990pf
MARC WORKSHOP INC,MARTINSVILLE,VA,,,,,irs_990pf
MARTINSVILLE CEMETARY ASSOC - OAKWOOD,MARTINSVILLE,VA,,,,,irs_990pf
PATRICK HENRY COMMUNITY COLLEGE,MARTINSVILLE,VA,,,,,irs_990pf
PIEDMONT ARTS ASSOCIATION ENDOWMENT FUND,MARTINSVILLE,VA,,,,,irs_990pf
PIEDMONT VA DENTAL HEALTH FOUNDATION,MARTINSVILLE,VA,,,,,irs_990pf
SAFETYNET INC,MARTINSVILLE,VA,,,,,irs_990pf
SPCA OF MARTINSVILLEHENRY COUNTY,COLLINSVILLE,VA,,,,,irs_990pf
YMCA - INVEST IN YOUTH,MARTINSVILLE,VA,,,,,irs_990pf
EL CENTRO DE CORAZON,Houston,TX,,,,,irs_990pf
GREATER HOUSTON COMMUNITY FOUNDATIO,Houston,TX,,,,,irs_990pf
NORTHWEST ASSISTANCE MINISTRIES,Houston,TX,,,,,irs_990pf
SAN JOSE CLINIC,Houston,TX,,,,,irs_990pf
BAKERRIPLEY,Houston,TX,,,,,irs_990pf
CHINESE COMMUNITY CENTER,Houston,TX,,,,,irs_990pf
FIRST UNITED METHODIST,NEWNAN,GA,,,,,irs_990pf
HOLYOKE COMMUNITY COLLEGE,HOLYOKE,MA,,,,,irs_990pf
WESTFIELD STATE UNIVERSITY,WESTFIELD,MA,,,,,irs_990pf
MERRIMACK COLLEGE,N ANDOVER,MA,,,,,irs_990pf
SPRINGFIELD TECH COMM COLLEGE,SPRINGFIELD,MA,,,,,irs_990pf
ELMS COLLEGE,CHICOPEE,MA,,,,,irs_990pf
WORCESTER STATE UNIVERSITY,WORCESTER,MA,,,,,irs_990pf
SOUTHERN NEW HAMPSHIRE UNIVERSITY,MANCHESTER,NH,,,,,irs_990pf
BAY PATH UNIVERSITY,LONGMEADOW,MA,,,,,irs_990pf
OUR LADY OF THE ELMS COLLEGE,CHICOPEE,MA,,,,,irs_990pf
KEENE STATE UNIVERSITY,KEENE,NH,,,,,irs_990pf
BRANDEIS UNIVERSITY,WALTHAM,MA,,,,,irs_990pf
FRAMINGHAM STATE UNIVERSITY,FRAMINGHAM,MA,,,,,irs_990pf
AMERICAN INTERNATIONAL COLLEGE,SPRINGFIELD,MA,,,,,irs_990pf
SOUTHERN VERMONT COLLEGE,BENNINGTON,VT,,,,,irs_990pf
LOVEJOY MEMORIAL UTD METHODIST,NEWNAN,GA,,,,,irs_990pf
PA ASSOCIATION FOR THE BLIND,MECHANICSBURG,PA,,,,,irs_990pf
EASTER SEALS WESTERN AND,PITTSBURGH,PA,,,,,irs_990pf
UNICORN CHILDREN S FOUNDATION,BOCA RATON,FL,,,,,irs_990pf
ARTHRITIS FOUNDATION,ATLANTA,GA,,,,,irs_990pf
MAYO CLINIC,JACKSONVILLE,FL,,,,,irs_990pf
SOS CHILDREN S VILLAGE,WASHINGTON,DC,,,,,irs_990pf
ST JUDE CHILDRENS RESEARCH,MEMPHIS,TN,,,,,irs_990pf
WEST MAUI IMPROVEMENT FDN,LAHAINA,HI,,,,,irs_990pf
PALO ALTO COMMUNITY FUND,PALO ALTO,CA,,,,,irs_990pf
SAN JOSE MUSEUM OF ART,SAN JOSE,CA,,,,,irs_990pf
STANFORD ECON INST FOR POLICY RESEA,STANFORD,CA,,,,,irs_990pf
THE TECH MUSEUM OF INNOVATION,SAN JOSE,CA,,,,,irs_990pf
FRIENDS OF PALO ALTO JR MUSEUM ZOO,PALO ALTO,CA,,,,,irs_990pf
WAIMEA OCEAN FILM FESTIVAL,KAMUELA,HI,,,,,irs_990pf
GAMMA PHI BETA FOUNDATION,CENTENNIAL,CO,,,,,irs_990pf
FOUNDATION FOR BUILDING STRENGTH,PALO ALTO,CA,,,,,irs_990pf
ROCHESTER INSTITUTE OF TECHNOLOGY,ROCHESTER,NY,,,,,irs_990pf
W M KECK OBSERVATORY,KAMUELA,HI,,,,,irs_990pf
OKIZU,NOVATO,CA,,,,,irs_990pf
49ER FOUNDATION,SANTA CLARA,CA,,,,,irs_990pf
WEINGARTEN CHILDREN S CENTER,REDWOOD CITY,CA,,,,,irs_990pf
CHILDREN S CIRCLE OF CARE,PALO ALTO,CA,,,,,irs_990pf
2ND HARVEST FOOD BANK,SAN JOSE,CA,,,,,irs_990pf
GREENVILLE BAPTIST CHURCH,ROCHDALE,MA,,,,,irs_990pf
EARLHAM COLLEGE,RICHMOND,IN,,,,,irs_990pf
THE COMMUNITY FOUNDATION OF THE,WINCHESTER,VA,,,,,irs_990pf
BLUE RIDGE WILDLIFE CENTER,BOYCE,VA,,,,,irs_990pf
SHENANDOAH AREA AGENCY ON AGING,FRONT ROYAL,VA,,,,,irs_990pf
ALS ASSOCIATION,WASHINGTON,DC,,,,,irs_990pf
STEPINAC HIGH SCHOOL FOUNDATION,WHITE PLAINS,NY,,,,,irs_990pf
AMERICAN HEART ASSOCIATION,ST PETERSBURG,FL,,,,,irs_990pf
ST BONAVENTURE UNIVERSITY,ST BONAVENTURE,NY,,,,,irs_990pf
D YOUVILLE COLLEGE,BUFFALO,NY,,,,,irs_990pf
NIAGARA UNIVERSITY,NIAGARA UNIVERSITY,NY,,,,,irs_990pf
ST MARY S CHURCH,SAINT MARYS,PA,,,,,irs_990pf
ST LEO SCHOOL,RIDGWAY,PA,,,,,irs_990pf
FRANCISCAN CHURCH AND MONASTARY,WASHINGTON,DC,,,,,irs_990pf
ELK COUNTY CATHOLIC SCHOOL SYSTE,ST MARYS,PA,,,,,irs_990pf
UNIVERSITY OF DETROIT MERCY,DETROIT,MI,,,,,irs_990pf
MACALESTER COLLEGE,SAINT PAUL,MN,,,,,irs_990pf
SACRED HEART OF JESUS CATHOLIC,WINCHESTER,VA,,,,,irs_990pf
CATHOLIC DIOCESE OF,ARLINGTON,VA,,,,,irs_990pf
ETERNAL WORD TELEVISION NETWORK,IRONDALE,AL,,,,,irs_990pf
LANSING CATHOLIC HIGH SCHOOL,Lansing,MI,,,,,irs_990pf
MICHIGAN STATE UNIVERSITY,East Lansing,MI,,,,,irs_990pf
THE LEUKEMIA LYMPHOMA SOCIETY,Rye Brook,NY,,,,,irs_990pf
CHARLEVOIX COUNTY COMMUNITY FOUNDATION,EAST JORDAN,MI,,,,,irs_990pf
CHELSEA EDUCATION FOUNDATION,CHELSEA,MI,,,,,irs_990pf
CROOKED TREE ART CENTER,PETOSKEY,MI,,,,,irs_990pf
TOWN HALL,New York,NY,,,,,irs_990pf
DESIGN TECH HIGH SCHOOL,REDWOOD CITY,CA,,,,,irs_990pf
JOHN HOPKINS ALL CHILDREN S FOUNDATION,ST PETERSBURG,FL,,,,,irs_990pf
FRIENDS OF THE DANIEL CENTERS FOR PROGRESSIVE JUDAISM,CHEVY CHASE,MD,,,,,irs_990pf
HUMANE SOCIETY OF SARASOTA COUNTY,SARASOTA,FL,,,,,irs_990pf
JEWISH FAMILY CHILDRENS SERVICE,SARASOTA,FL,,,,,irs_990pf
ALL FAITHS FOOD BANK,SARASOTA,FL,,,,,irs_990pf
COLORADO SPRINGS SCHOOL,COLORADO SPRINGS,CO,,,,,irs_990pf
EMBRACING OUR DIFFERENCES INC,SARASOTA,FL,,,,,irs_990pf
FDN FOR LINCOLN PUBLIC SCHOOLS,LINCOLN,NE,,,,,irs_990pf
MAKE-A-WISH,LINCOLN,NE,,,,,irs_990pf
UNIVERSITY OF TEXAS RIO GRANDE,AUSTIN,TX,,,,,irs_990pf
FIRST BAPTIST CHURCH OF EDINBURG,EDINBURG,TX,,,,,irs_990pf
DALLAS BAPTIST UNIVERSITY,DALLAS,TX,,,,,irs_990pf
TOWN OF TOWNSEND,TOWNSEND,MA,,,,,irs_990pf
SPCA OF ANNE ARUNDEL CNTY MD,ANNAPOLIS,MD,,,,,irs_990pf
DEFENDERS OF WILDLIFE,WASHINGTON,DC,,,,,irs_990pf
RUDE RANCH ANIMAL RESCUE,HARWOOD,MD,,,,,irs_990pf
NORTH GA METHODIST CONFERENCE,NORCROSS,GA,,,,,irs_990pf
CHILDREN S HEALTHCARE,ATLANTA,GA,,,,,irs_990pf
FAU FOUNDATION INC,BOCA RATON,FL,,,,,irs_990pf
CAMPUS CRUSADE OF CHRIST INTL,Orlando,FL,,,,,irs_990pf
WEST COVINA CHRISTIAN CHURCH,West Covina,CA,,,,,irs_990pf
BIILY GRAHAM EVANGELISTIC ASSOCIATI,Charlotte,NC,,,,,irs_990pf
COMPASSION AND MERCY ASSOCIATES,Colorado Springs,CO,,,,,irs_990pf
INTERANTIONAL TRAINING SERVICE,Lake George,CO,,,,,irs_990pf
OUR DAILY BREAD MINISTER,Grand Rapids,MI,,,,,irs_990pf
ROYAL OAKS FOUNDATION,Glendale,CA,,,,,irs_990pf
UNITED WAY OF GRTR PLYMOUTH CNTY,BROCKTON,MA,,,,,irs_990pf
DEPARTMENT OF PUBLIC WELFARE,BOSTON,MA,,,,,irs_990pf
HOWARD PAYNE UNIVERSITY,BROWNWOOD,TX,,,,,irs_990pf
SEE ATTACHED STATEMENT,SEE ATTACHED STATEMENT,CT,,,,,irs_990pf
HOPE HAVEN ASSOCIATION,JACKSONVILLE,FL,,,,,irs_990pf
ST LUKES HOSPITAL,COLUMBUS,NC,,,,,irs_990pf
THE COMMUNITY FDN OF NE FL INC,JACKSONVILLE,FL,,,,,irs_990pf
OLIVE BRANCH CHRISTIAN CHURCH,TOANO,VA,,,,,irs_990pf
CITY OF WATERBURY,WATERBURY,CT,,,,,irs_990pf
AMERICAN CANCER SOCIETY N J DIV,OKLAHOMA CITY,OK,,,,,irs_990pf
MOUNT ZION AME CHURCH,BRIDGETON,NJ,,,,,irs_990pf
AMERICAN HEART ASSN,ST PETERSBURG,FL,,,,,irs_990pf
INSPIRA HEALTH NETWORK FDN,BRIDGETON,NJ,,,,,irs_990pf
WESLEY MEMORIAL,ROSENHAYN,NJ,,,,,irs_990pf
TRINITY AME CHURCH,BRIDGETON,FL,,,,,irs_990pf
GREATER NJ ANNUAL CONFERENCE OF,NEPTUNE,NJ,,,,,irs_990pf
ALLIANCE AGAINST FAMILY VIOLENCE,BAKERSFIELD,CA,,,,,irs_990pf
BAKERSFIELD HOMELESS CENTER,BAKERSFIELD,CA,,,,,irs_990pf
CASA OF KERN COUNTY,BAKERSFIELD,CA,,,,,irs_990pf
COALINGA HIGH SCHOOL,COALINGA,CA,,,,,irs_990pf
GREATER HORIZONS,KANSAS CITY,MO,,,,,irs_990pf
HELPS INTERNATIONAL,DALLAS,TX,,,,,irs_990pf
HIGHER IMPACT,TAFT,CA,,,,,irs_990pf
HRS TRUE HOPE,GEORGETOWN,TX,,,,,irs_990pf
MARICOPA UNIFIED SCHOOL DISTRICT,MARICOPA,CA,,,,,irs_990pf
THE NEEDS,TAFT,CA,,,,,irs_990pf
YOUTH FOR CHRIST OF KERN COUNTY,BAKERSFIELD,CA,,,,,irs_990pf
BEHAVIORAL HEALTH SVCS NORTH INC,PLATTSBURGH,NY,,,,,irs_990pf
BLACKWELL PUBLIC SCHOOL,BLACKWELL,OK,,,,,irs_990pf
KAY COUNTY COUNCIL FOR THE,PONCA CITY,OK,,,,,irs_990pf
ST PAUL EPISCOPAL CHURCH,PT OF ROCKS,MD,,,,,irs_990pf
JWV COMMUNITY SCHOLARSHIPS,GREENWICH,CT,,,,,irs_990pf
MILL RIVER COLLABORATIVE,STAMFORD,CT,,,,,irs_990pf
OUR LADY OF MONTSERRAT,STAMFORD,CT,,,,,irs_990pf
AMERICAN CANCER SOCIETY,WILTON,CT,,,,,irs_990pf
DANBURY HOSPITAL NEW MILFORD HOSPITAL FOUNDATION,DANBURY,CT,,,,,irs_990pf
SILVER SOURCE,STAMFORD,CT,,,,,irs_990pf
ST VINCENT MEDICAL CENTER,BRIDGEPORT,CT,,,,,irs_990pf
STAMFORD CENTER FOR THE ARTS,STAMFORD,CT,,,,,irs_990pf
STAMFORD DOLLARS FOR SCHOLARS,STAMFORD,CT,,,,,irs_990pf
STAMFORD DOWNTOWN SPECIAL SERVICES DISTRICT,STAMFORD,CT,,,,,irs_990pf
STAMFORD HOSPITAL FOUNDATION,STAMFORD,CT,,,,,irs_990pf
SWIM ACROSS THE SOUND,BRIDGEPORT,CT,,,,,irs_990pf
WHITTINGHAM CANCER CENTER,NORWALK,CT,,,,,irs_990pf
NORWALK HOSPITAL FOUNDATION,NORWALK,CT,,,,,irs_990pf
STERLING HTS AREA COMMUNITY FOUNDATION,STERLING HTS,MI,,,,,irs_990pf
THE LITTLE SISTERS OF THE LAMB,KANSAS CITY,KS,,,,,irs_990pf
CATHOLIC RELIEF SERVICES,BALTIMORE,MD,,,,,irs_990pf
THE LITTLE BROTHERS OF THE LAMB,KANSAS CITY,KS,,,,,irs_990pf
ROMAN CATHOLIC FOUNDATION,ST LOUIS,MO,,,,,irs_990pf
AID TO THE CHURCH IN NEED,BROOKLYN,NY,,,,,irs_990pf
PARTNERS IN SUSTAINABLE DEVELOPMENT,ST LOUIS,MO,,,,,irs_990pf
MISSION SUPPORT OF THE ARCHDIOCES OF TORORO,ST LOUIS,MO,,,,,irs_990pf
COALITION FOR LIFE,ST LOUIS,MO,,,,,irs_990pf
AFRICAN MISSION HEALTHCARE,PUEBLO,CO,,,,,irs_990pf
COUNCIL 62,INDIAN ORCHARD,MA,,,,,irs_990pf
POLISH CENTER OF DISCOVERY LEARNING,CHCOPEE,MA,,,,,irs_990pf
KOSCIUSZKO FOUNDATION,NEW YORK,NY,,,,,irs_990pf
MILAN PRESBYTERIAN CHURCH,MILAN,OH,,,,,irs_990pf
EDISON MEM METHODIST CHURCH,MILAN,OH,,,,,irs_990pf
MILAN CEMETERY ASSOCIATION,MILAN,OH,,,,,irs_990pf
MILAN TOWNSHIP TRUSTEES,MILAN,OH,,,,,irs_990pf
AKRON SYMPHONY,AKRON,OH,,,,,irs_990pf
AKRON CHILDRENS HOSPITAL FOUNDATIO,AKRON,OH,,,,,irs_990pf
AKRON CIVIC THEATER,AKRON,OH,,,,,irs_990pf
AMERICAN NURSES FOUNDATION,SILVER SPRING,MD,,,,,irs_990pf
BATTERED WOMEN S SHELTER,AKRON,OH,,,,,irs_990pf
BROKEN CHAINS MINISTRY,AKRON,OH,,,,,irs_990pf
CASE FUND - CASE ALUMNI ASSN,CLEVELAND,OH,,,,,irs_990pf
CASE WESTERN RESERVE UNIVERSITY,CLEVELAND,OH,,,,,irs_990pf
CIPC,CLEVELAND,OH,,,,,irs_990pf
INSTITUTE FOR HUMANE STUDIES,ARLINGTON,VA,,,,,irs_990pf
LIFE LEGAL DEFENSE FOUNDATION,NAPA,CA,,,,,irs_990pf
MEMORIAL SLOAN KETTERING CANCER CTR,NEW YORK,NY,,,,,irs_990pf
NORTHWESTERN UNIVERSITY,EVANSTON,IL,,,,,irs_990pf
PACIFIC LEGAL FOUNDATION,SACRAMENTO,CA,,,,,irs_990pf
PROJECT HOPE,MILLWOOD,VA,,,,,irs_990pf
REGINA HEALTH CENTER,RICHFIELD,OH,,,,,irs_990pf
SACRED HEART SCHOOL ENDOWMENT,WADSWORTH,OH,,,,,irs_990pf
SHRINERS HOSPITALS,TAMPA,FL,,,,,irs_990pf
SIGMA CHI FOUNDATION,EVANSTON,IL,,,,,irs_990pf
SOUTHEASTERN LEGAL FOUNDATION,MARIETTA,GA,,,,,irs_990pf
ST VINCENT DE PAUL SOCIETY,AKRON,OH,,,,,irs_990pf
STAN HYWET HALL GARDENS,AKRON,OH,,,,,irs_990pf
SUMMIT CHORAL SOCIETY,AKRON,OH,,,,,irs_990pf
THE LEADERSHIP INSTITUTE,ARLINGTON,VA,,,,,irs_990pf
SCHOLARSHIP FOUNDATION OF WADSWORTH,WADSWORTH,OH,,,,,irs_990pf
TUESDAY MUSICAL,AKRON,OH,,,,,irs_990pf
WADSWORTH PUBLIC LIBRARY,WADSWORTH,OH,,,,,irs_990pf
NATIONAL YOUNG FARMERS COALITION,Hudson,NY,,,,,irs_990pf
EPICA,Lakewood,CO,,,,,irs_990pf
DENVER BOTANIC GARDENS,Denver,CO,,,,,irs_990pf
DENVER URBAN GARDENS,Denver,CO,,,,,irs_990pf
CERES INC,Boston,MA,,,,,irs_990pf
COMMUNITY FOOD ADVOCATES,New York,NY,,,,,irs_990pf
CHESAPEAKE FOOD SUMMITWINDWARD FUND,Washington,DC,,,,,irs_990pf
GREEN BRONX MACHINE,Bronx,NY,,,,,irs_990pf
NEW ERA,Denver,CO,,,,,irs_990pf
EARTHLINKS,Denver,CO,,,,,irs_990pf
SAFSF,Santa Barbara,CA,,,,,irs_990pf
SUN VALLEY KITCHEN COMMUNITY CENTER,Denver,CO,,,,,irs_990pf
TEMPLE SINAI DC,Washington,DC,,,,,irs_990pf
ABRAMS HEBREW ACADEMY,YARDLEY,PA,,,,,irs_990pf
RUTGERS HILLEL,NEW BRUNSWICK,NJ,,,,,irs_990pf
AMERICAN FRIENDS MAGEN DAVID,NEW YORK,NY,,,,,irs_990pf
AMERICAN ISRAEL EDUCATION FDN,WASHINGTON,DC,,,,,irs_990pf
AMERICAN JEWISH COMMITTEE,MILLBURN,NJ,,,,,irs_990pf
BIG BRTHS SISTRS MERCER CTY,TRENTON,NJ,,,,,irs_990pf
CONGREGATION BROTHERS OF ISRAEL,NEWTOWN,PA,,,,,irs_990pf
FRIENDS OF ISRAEL DISABLED VETERANS,NEW YORK,NY,,,,,irs_990pf
FRIENDS OF YAD SARAH,NEW YORK,NY,,,,,irs_990pf
GREENWOOD HOUSE,EWING,NJ,,,,,irs_990pf
ISRAEL GUIDE DOG CTR FOR THE BLIND,WARRINGTON,PA,,,,,irs_990pf
WOMANSPACE INC,TRENTON,NJ,,,,,irs_990pf
JEWISH FAMILY CHILDRENS SERVICE,PRINCETON,NJ,,,,,irs_990pf
JEWISH FEDERATION OF PRINCETON,LAWRENCEVILLE,NJ,,,,,irs_990pf
JEWISH FEDERATION HEART OF NJ,SOUTH RIVER,NJ,,,,,irs_990pf
KOPPELMAN S HOLOCAUST RES CTR,LAWRENCEVILLE,NJ,,,,,irs_990pf
JCC ASSN-ABRAMS CAMPS,EAST WINDSOR,NJ,,,,,irs_990pf
HOME FRONT INC,LAWRENCEVILLE,NJ,,,,,irs_990pf
KIDS BRIDGE,EWING,NJ,,,,,irs_990pf
STAND WITH US,PHILADELPHIA,PA,,,,,irs_990pf
SUNSHINE FOUNDATION,FEASTERVILLE,PA,,,,,irs_990pf
TRENTON AREA SOUP KITCHEN,TRENTON,NJ,,,,,irs_990pf
TRENTON CIRCUS SQUAD,TRENTON,NJ,,,,,irs_990pf
REGENCY CHAPTER HADASSAH,NEW YORK,NY,,,,,irs_990pf
WORLD JEWISH CONGRESS FDN,WASHINGTON,DC,,,,,irs_990pf
GREATER TRENTON JEWISH CEMETERY PRO,LAWRENCEVILLE,NJ,,,,,irs_990pf
FRIENDS OF ISRAEL DEFENCE FORCES,NEW YORK,NY,,,,,irs_990pf
AMERICAN FRIENDS OF LEKET ISRAEL,TEANECK,NJ,,,,,irs_990pf
BOY SCOUTS OF AMERICA,PEORIA,IL,,,,,irs_990pf
BOYS GIRLS CLUB,PEKIN,IL,,,,,irs_990pf
CENTER FOR PREVENTION OF ABUSE,PEORIA,IL,,,,,irs_990pf
DISABLED AMERICAN VETERANS,COLD SPRING,KY,,,,,irs_990pf
FRIENDS IN HARMONY UNITED WAY,PEKIN,IL,,,,,irs_990pf
GIRL SCOUTS OF AMERICA,PEORIA,IL,,,,,irs_990pf
GRACE UNITED METHODIST CHURCH,PEKIN,IL,,,,,irs_990pf
ILLINOIS POLICY INSTITUTE,SPRINGFIELD,IL,,,,,irs_990pf
L VESELY SCHOLARSHIP FUND,PEKIN,IL,,,,,irs_990pf
MILLER CENTER,PEKIN,IL,,,,,irs_990pf
NATIONAL WW II MUSEUM,NEW ORLEANS,LA,,,,,irs_990pf
PEKIN MAIN ST,PEKIN,IL,,,,,irs_990pf
PEKIN PARK FOUNDATION,PEKIN,IL,,,,,irs_990pf
PEKIN POLICE FOUNDATION,PEKIN,IL,,,,,irs_990pf
PEKIN UNION MISSION,PEKIN,IL,,,,,irs_990pf
PEORIA RESCUE MINISTRIES,PEORIA,IL,,,,,irs_990pf
SALVATION ARMY FOUNDATION,PEKIN,IL,,,,,irs_990pf
SOUTH SIDE MISSION,PEORIA,IL,,,,,irs_990pf
TAZEWELL ANIMAL PROTECTIVE SOCIETY,PEKIN,IL,,,,,irs_990pf
TAZEWELL COUNTY RESOURCE CENTER,TREMONT,IL,,,,,irs_990pf
UNITED WAY,PEKIN,IL,,,,,irs_990pf
NEIGHBORHOOD HOUSE,PEORIA,IL,,,,,irs_990pf
NORTHSIDE METHODIST CHURCH,ATLANTA,GA,,,,,irs_990pf
MEALS ON WHEELS,BRADENTON,FL,,,,,irs_990pf
REFLECTIONS OF MANATEE INC,BRADENTON,FL,,,,,irs_990pf
MANATEE COUNTY SUBSTANCE ABUSE PREV,BRADENTON,FL,,,,,irs_990pf
IGLESIA PRESENCIA DE DIOS,BRADENTON,FL,,,,,irs_990pf
ST PETER PAUL CHURCH,BRADENTON,FL,,,,,irs_990pf
THE SALVATION ARMY,BRADENTON,FL,,,,,irs_990pf
MANASOTA SOLVE INC,BRADENTON,FL,,,,,irs_990pf
OUR DAILY BREAD,BRADENTON,FL,,,,,irs_990pf
MANATEE PLAYERS,BRADENTON,FL,,,,,irs_990pf
JUST FOR GIRLS MANATEE COUNTY,BRADENTON,FL,,,,,irs_990pf
LDS CHURCH,SALT LAKE CITY,UT,,,,,irs_990pf
EMPOWER PLAYGROUNDS,PROVO,UT,,,,,irs_990pf
VARIOUS CHARITIES,VARIOUS,UT,,,,,irs_990pf
COMMUNITY OF HOPE INTERNATIONAL,PROVO,UT,,,,,irs_990pf
MILLIES PRINCESS FOUNDATION,SANDY,UT,,,,,irs_990pf
KIDZ UPLIFTING KIDZ,LAS VEGAS,NV,,,,,irs_990pf
FOOD SHELF,Jackson,MN,,,,,irs_990pf
TRI FOR HEALTH,Jackson,MN,,,,,irs_990pf
JACKSON COMMUNITY FOUNDATION,Jackson,MN,,,,,irs_990pf
JACKSON COUNTY CENTRAL JCC SCHOOLS,Jackson,MN,,,,,irs_990pf
JACKSON COUNTY FOOD 4 KIDS,Jackson,MN,,,,,irs_990pf
JACKSON VOLUNTEER AMBULANCE SERVICE,Jackson,MN,,,,,irs_990pf
SANFORD JACKSON MEDICAL CLINIC,Jackson,MN,,,,,irs_990pf
DES MOINES VALLEY HEALTH AND HUMAN SERVICES - PUBLIC HEALTH,Jackson,MN,,,,,irs_990pf
JACKSON FOOD SHELF,Jackson,MN,,,,,irs_990pf
LAKEFIELD FIRE DEPARTMENT,Lakefield,MN,,,,,irs_990pf
WOMEN OF TODAY,Jackson,MN,,,,,irs_990pf
JACKSON COUNTY CENTRAL - COMMUNITY EDUCATION,Jackson,MN,,,,,irs_990pf
CHABAD LUBAVITCH OF NORTHWEST BERGEN COUNTY INC,FRANKLIN LAKES,NJ,,,,,irs_990pf
JEWISH FEDERATION OF NORTHERN NEW JERSEY INC,PARAMUS,NJ,,,,,irs_990pf
JEWISH HOME FOUNDATION OF NORTH JERSEY INC,ROCKLEIGH,NJ,,,,,irs_990pf
THREEFOLD EDUCATIONAL FOUNDATION SCHOOL,CHESTNUT RDG,NY,,,,,irs_990pf
VALLEY HOSPITAL FOUNDATION,RIDGEWOOD,NJ,,,,,irs_990pf
CENTER FOR CONTEMPORARY ARTS SANTA FE,SANTA FE,NM,,,,,irs_990pf
SITE SANTA FE,SANTA FE,NM,,,,,irs_990pf
SANTA FE NEW MEXICAN EMPTY STOCKING FUND,SANTA FE,NM,,,,,irs_990pf
OXFAM AMERICA,BOSTON,MA,,,,,irs_990pf
CHILDREN S CANCER RECOVERY FOUNDATION,HARRISBURG,PA,,,,,irs_990pf
ECU MEDICAL HEALTH SCIENCES FOUNDATION,GREENVILLE,NC,,,,,irs_990pf
SOUTHEASTERN ORATORIO SOCIETY,WHITEVILLE,NC,,,,,irs_990pf
CAPE FEAR COUNCIL OF BOY SCOUTS,WILMINGTON,NC,,,,,irs_990pf
LOWER CAPE FEAR HOSPICE LIFE,WILMINGTON,NC,,,,,irs_990pf
COLUMBUS COUNTY SCHOOL,WHITEVILLE,NC,,,,,irs_990pf
AMERICAN COMMITTEE FOR THE WEIZMANN INSTITUTE OF SCIENCE INC,NEW YORK,NY,,,,,irs_990pf
AMERICAN DIABETES ASSOCAITION,ARLINGTON,VA,,,,,irs_990pf
AMERICAN SOCIETY OF YAD VASHEM,NEW YORK,NY,,,,,irs_990pf
AMERICAN TECHNION SOCIETY,NEW YORK,NY,,,,,irs_990pf
BARTH SYNDROME FOUNDATION,LARCHMONT,NY,,,,,irs_990pf
BOYS TOWN JERUSALEM,NEW YORK,NY,,,,,irs_990pf
CHILDRENS VILLAGE OF JERUSALEM INC,NEW YORK,NY,,,,,irs_990pf
FIDELITY CHARITABLE GIFT FUND,BOSTON,MA,,,,,irs_990pf
FRIENDS OF THE ISRAEL DEFENCE FORCES,NEW YORK,NY,,,,,irs_990pf
HADASSAH HOSPITAL,NEW YORK,NY,,,,,irs_990pf
HIAS US,SILVER SPRING,MD,,,,,irs_990pf
HILLEL THE FOUNDATION FOR JEWISH CAMPUS LIFE,WASHINGTON,DC,,,,,irs_990pf
JARRETTSVILLE ELEMENTRY SCHOOL,JARRETTSVILLE,MD,,,,,irs_990pf
JARRETTSVILLE PUBLIC LIBRARY,JARRETTSVILLE,MD,,,,,irs_990pf
JEWISH BROADCASTING SYSTEM,STAMFORD,CT,,,,,irs_990pf
MAKE-A-WISH FOUNDATION,PHOENIX,AZ,,,,,irs_990pf
MUSEUM OF JEWISH HERITAGE,BEACHWOOD,OH,,,,,irs_990pf
NATIONAL JEWISH OUTREACH PROGRAM,NEW YORK,NY,,,,,irs_990pf
PROSTATE CANCER FOUNDATION,SANTA MONICA,CA,,,,,irs_990pf
SELF-HELP SERVICES CORP,DURHAM,NC,,,,,irs_990pf
SHAARE ZEDEK MEDICAL CENTER,BEVERLY HILLS,CA,,,,,irs_990pf
SPECIAL OLYMPICS NY,SCHENECTADY,NY,,,,,irs_990pf
THE BLUE CARD INC,NEW YORK,NY,,,,,irs_990pf
THE JEWISH CONNECT FEDERATION OF BALTIMORE,BALTIMORE,MD,,,,,irs_990pf
THE NEW YORK PUBLIC LIBRARY,NEW YORK,NY,,,,,irs_990pf
UNITED HATZALAH OF ISRAEL,NEW YORK,NY,,,,,irs_990pf
UNITED JEWISH APPEAL FEDERATION OF JEWISH PHILANTHROPIES OF NY,NEW YORK,NY,,,,,irs_990pf
WEILL CORNELL MEDICAL CENTER,NEW YORK,NY,,,,,irs_990pf
WORLD JEWISH CONGRESS,LEWISTON,ME,,,,,irs_990pf
DONNIE EDWARDS BEST DEFENSE FOUNDATION,SOLANA BEACH,CA,,,,,irs_990pf
ALZHEIMERS DISEASE AND RELATED DISORDERS ASSOCIATI,ANDERSON,SC,,,,,irs_990pf
B M CLARK,WACO,TX,,,,,irs_990pf
K GILLILAND,WACO,TX,,,,,irs_990pf
M R SHUDA,WACO,TX,,,,,irs_990pf
BLUFFTON SELF HELP INC,BLUFFTON,SC,,,,,irs_990pf
FOLDS OF HONOR FOUNDATION,OWASSO,OK,,,,,irs_990pf
HOPEFUL HORIZONS,BEAUFORT,SC,,,,,irs_990pf
JESSE TREE INC,GALVESTON,TX,,,,,irs_990pf
MUSIC FOR LIFE,SPRINGFIELD,VA,,,,,irs_990pf
NATURE CONSERVANCY - CHARLESTON SATELITE OFFICE,MT PLEASANT,SC,,,,,irs_990pf
PALMETTO ANIMAL LEAGUE,RIDGELAND,SC,,,,,irs_990pf
PLANNED PARENTHOOD SOUTH ATLANTIC,RALEIGH,NC,,,,,irs_990pf
PORT ROYAL SOUND FOUNDATION,OKATIE,SC,,,,,irs_990pf
SOUTH CAROLINA COASTAL CONSERVATION LEAGUE INC,CHARLESTON,SC,,,,,irs_990pf
SPRING ISLAND TR,OKATIE,SC,,,,,irs_990pf
MINISTERS MISSIONARIES BENEFIT,NEW YORK,NY,,,,,irs_990pf
DENISON UNIVERSITY,GRANVILLE,OH,,,,,irs_990pf
YMCA OF GREATER CLEVELAND,CLEVELAND,OH,,,,,irs_990pf
YOUNG WOMENS CHRISTIAN ASSOC,CLEVELAND,OH,,,,,irs_990pf
NATIONAL BOARD OF YOUNG MENS,CHICAGO,IL,,,,,irs_990pf
DONORS CHOOSE,NEW YORK,NY,,,,,irs_990pf
FIRST LOUISIANA-MISSISSIPPI,METAIRIE,LA,,,,,irs_990pf
HOGS FOR THE CAUSE,NEW ORLEANS,LA,,,,,irs_990pf
WE ARE SR,SAN RAFAEL,CA,,,,,irs_990pf
ASSOCIATION OF FUND RAISING EXECUTIVES,RICHMOND,VA,,,,,irs_990pf
BRIDGERCARE,BOZEMAN,MT,,,,,irs_990pf
CANDID MIDWEST,CLEVELAND,OH,,,,,irs_990pf
COGSWELL HALL,CLEVELAND,OH,,,,,irs_990pf
FAMILY PROMISE OF GREATER CLEVELAND,CLEVELAND,OH,,,,,irs_990pf
FRONT CENTERED,SEATTLE,WA,,,,,irs_990pf
LEGAL WORKS INC,CLINTON,NY,,,,,irs_990pf
NARAL PRO-CHOICE OREGON FOUNDATION,PORTLAND,OR,,,,,irs_990pf
OREGON ENVIRONMENTAL COUNCIL,PORTLAND,OR,,,,,irs_990pf
OREGON TRADESWOMEN INC,PORTLAND,OR,,,,,irs_990pf
POLICY MATTERS OHIO,CLEVELAND,OH,,,,,irs_990pf
RENEE JONES EMPOWERMENT CENTER,CLEVELAND,OH,,,,,irs_990pf
ROSE HAVEN,PORTLAND,OR,,,,,irs_990pf
THRIVE,BOZEMAN,MT,,,,,irs_990pf
WOMEN S RECOVERY CENTER,CLEVELAND,OH,,,,,irs_990pf
WOMEN S VOICES FOR THE EARTH,MISSOULA,MT,,,,,irs_990pf
CULVER CITY HIGH SCHOOL,CULVER CITY,CA,,,,,irs_990pf
DOCTORS FOR YOU,,,,,,,irs_990pf
HARPER COLLEGE EDUCATIONAL FOUNDATION,PALATINE,IL,,,,,irs_990pf
INDIASPORA,SAN FRANCISCO,CA,,,,,irs_990pf
BURKE FOUNDATION,DRIFTWOOD,TX,,,,,irs_990pf
CMC FOUNDATION OF CENTRAL TEXAS,AUSTIN,TX,,,,,irs_990pf
DRIPPING SPRINGS FIRST UNITED METHODIST CHURCH,DRIPPING SPRINGS,TX,,,,,irs_990pf
DRIPPING SPRINGS HIGH SCHOOL SHOOTING TEAM BOOSTER,DRIPPING SPGS,TX,,,,,irs_990pf
HILL COUNTRY RALLY FOR KIDS INC,DRIPPING SPRINGS,TX,,,,,irs_990pf
HONOR FLIGHT AUSTIN,AUSTIN,TX,,,,,irs_990pf
PTSD FOUNDATION OF AMERICA,HOUSTON,TX,,,,,irs_990pf
WISH FOR OUR HEROES INC,GREENWOOD,IN,,,,,irs_990pf
MINISTRY OF HOPE,BLACK MOUNTAIN,NC,,,,,irs_990pf
MCDOWELL SONORAN CONSERVANCY,SCOTTSDALE,AZ,,,,,irs_990pf
SEELEY LAKE COMMUNITY FOUNDATION,SEELEY LAKE,MT,,,,,irs_990pf
FLATHEAD VALLEY SKI FOUNDATION,WHITEFISH,MT,,,,,irs_990pf
WHITEFISH COMMUNITY FOUNDATION,SEATTLE,WA,,,,,irs_990pf
FLATHEAD COUNTY SHERIFF K9,KALISPELL,MT,,,,,irs_990pf
ALL SAINTS EPISCOPAL CHURCH,PHOENIX,AZ,,,,,irs_990pf
FOOTHILLS ANIMAL RESCUE,SCOTTSDALE,AZ,,,,,irs_990pf
AZ LAW ENFORCEMENT AZLEOS,SCOTTSDALE,AZ,,,,,irs_990pf
AT THE EPICENTER,LONGMONT,CO,,,,,irs_990pf
COMPANIES FOR CAUSES,WASHINGTON,DC,,,,,irs_990pf
CREO FAMILY OFFICE SYNDICATE,NEW YORK,NY,,,,,irs_990pf
FOODSHOT GLOBAL INC,NEW YORK,NY,,,,,irs_990pf
RESOURCE CENTRAL,BOULDER,CO,,,,,irs_990pf
ROCKY MOUNTAIN INSTITUTE,BOULDER,CO,,,,,irs_990pf
VERMILION SEA INSTITUTE,BOULDER,CO,,,,,irs_990pf
VIRGINIA SCIENCE EDUCATION LEADERSHIP ASSOC,ARLINGTON,VA,,,,,irs_990pf
ASHEVILLE COMMUNITY THEATRE INC,ASHEVILLE,NC,,,,,irs_990pf
NEW YORK CITY MASTER CHORALE INC,NEW YORK,NY,,,,,irs_990pf
OREGON SHAKESPEARE FESTIVAL ASSOCIATION,ASHLAND,OR,,,,,irs_990pf
100 CLUB OF ARIZONA,PHOENIX,AZ,,,,,irs_990pf
BACKCOUNTRY HUNTERS AND ANGLERS,MISSOULA,MT,,,,,irs_990pf
BLACK JAGUAR WHITE TIGER FOUNDATION,WOODLAND HLS,CA,,,,,irs_990pf
BLANK THEATRE COMPANY,LOS ANGELES,CA,,,,,irs_990pf
COUNTRY DANCE SONG SOCIETY INC - SUMMIT SCHOOL,MONTPELIER,VT,,,,,irs_990pf
CROSS VERMONT TRAIL ASSOCIATION INC,MONTPELIER,VT,,,,,irs_990pf
DARTMOUTH DRAGON FOUNDATION INC,HANOVER,NH,,,,,irs_990pf
FRIENDS OF THE ORINDA LIBRARY INC,ORINDA,CA,,,,,irs_990pf
GEORGETOWN UNIVERSITY,WASHINGTON,DC,,,,,irs_990pf
GREEN MOUNTAIN CONSERVATION CAMP FOUNDATION INC,MONTPELIER,VT,,,,,irs_990pf
HAVERFORD SCHOOL,HAVERFORD,PA,,,,,irs_990pf
HEIFER INTERNATIONAL FOUNDATION,LITTLE ROCK,AR,,,,,irs_990pf
INTREPID FALLEN HEROES FUND,NEW YORK,NY,,,,,irs_990pf
NATIONAL ALUMNI ASSOC OF THE ILLINOIS MATH AND,AURORA,IL,,,,,irs_990pf
NORWELL VISITING NURSE ASSOC INC,NORWELL,MA,,,,,irs_990pf
PHILADELPHIA ANIMAL WELFARE SOCIETY,PHILADELPHIA,PA,,,,,irs_990pf
PINEWOOD FIRE DEPARTMENT AUXILIARY,MUNDS PARK,AZ,,,,,irs_990pf
PRESERVATION SOCIETY OF HUNTINGTON DOG BEACH,HUNTINGTON BEACH,CA,,,,,irs_990pf
ST STEPHEN S EPISCOPAL CHURCH,ORINDA,CA,,,,,irs_990pf
STEM ADVANTAGE,HUNTINGTN BCH,CA,,,,,irs_990pf
STREET TAILS ANIMAL RESCUE,PHILADELPHIA,PA,,,,,irs_990pf
THE ROTARY FOUNDATION OF ROTARY INTERNATIONAL,EVANSTON,IL,,,,,irs_990pf
TRUSTEES OF DARTMOUTH COLLEGE,HANOVER,NH,,,,,irs_990pf
YORBA LINDA 5TH WARD A CONGREGATION OF THE CHURCH,YORBA LINDA,CA,,,,,irs_990pf
ESNA VILLAGE NETWORK,CLIVE,IA,,,,,irs_990pf
MISSIONS MINISTRIES,GOLDEN,CO,,,,,irs_990pf
COLORADO SCHOOL OF MINES FOUNDATION,GOLDEN,CO,,,,,irs_990pf
NATIONAL MINING HALL OF FAME AND MUSEUM,LEADVILLE,CO,,,,,irs_990pf
PUBLIC BROADCASTING OF COLORADO INC,CENTENNIAL,CO,,,,,irs_990pf
ROCKY MOUNTAIN PUBLIC MEDIA INC,DENVER,CO,,,,,irs_990pf
SME FOUNDATION,ENGLEWOOD,CO,,,,,irs_990pf
THE COLORADO MUSEUM OF NATURAL HISTORY,DENVER,CO,,,,,irs_990pf
CHINESE PASTOR CARE MINISTRIES,EL MONTE,CA,,,,,irs_990pf
FAITH LUTHERAN CHURCH,MONTEREY PARK,CA,,,,,irs_990pf
FIRST EVANGELICAL CHURCH OF SAN GABRIEL VALLEY,ROSEMEAD,CA,,,,,irs_990pf
GETS THEOLOGICAL SEMINARY FOUNDATION,COVINA,CA,,,,,irs_990pf
PAMC HEALTH FOUNDATION INC,LOS ANGELES,CA,,,,,irs_990pf
WILL MUSIC MINISTRY,PASADENA,CA,,,,,irs_990pf
A HALL,Columbus,OH,,,,,irs_990pf
A JONES-STEWART,Columbus,OH,,,,,irs_990pf
C HANNAH,Columbus,OH,,,,,irs_990pf
C POLONI,Columbus,OH,,,,,irs_990pf
D APPOUH,Columbus,OH,,,,,irs_990pf
E FITZGERALD,Gilbert,AZ,,,,,irs_990pf
E MICHELL,Columbus,OH,,,,,irs_990pf
HEARTBEAT INTERNATIONAL INC,COLUMBUS,OH,,,,,irs_990pf
INTERNATIONAL FRIENDSHIPS INC,COLUMBUS,OH,,,,,irs_990pf
J SMITH,Phoenix,AZ,,,,,irs_990pf
J TIBBOTT,Altoona,PA,,,,,irs_990pf
K LUTZ,Hilliard,OH,,,,,irs_990pf
K SMALLWOOD,Columbus,OH,,,,,irs_990pf
K STEWART,Reynoldsburg,OH,,,,,irs_990pf
K WATKINS,Columbus,OH,,,,,irs_990pf
M TYRANEKE,Galena,OH,,,,,irs_990pf
MOMMIES MATTER,GALENA,OH,,,,,irs_990pf
PASSIONLIFE MINISTRIES,ROSWELL,GA,,,,,irs_990pf
PREGNANCY DECISION HEALTH CENTERS,COLUMBUS,OH,,,,,irs_990pf
S LUTZ,Grove City,OH,,,,,irs_990pf
S STRONG,Marysville,OH,,,,,irs_990pf
T BARNHART,Galloway,OH,,,,,irs_990pf
T SLADE,Columbus,OH,,,,,irs_990pf
T WEST,Westerville,OH,,,,,irs_990pf
COURT APPOINTED SPECIAL ADVOCATE,SANTA ANA,CA,,,,,irs_990pf
INTERNATIONAL PLANNED PARENTHOOD FEDERATION,NEW YORK,NY,,,,,irs_990pf
NATIONAL FLORENCE CRITTENTON MISSION,PORTLAND,OR,,,,,irs_990pf
ALZHEIMERS DISEASE RESEARCH FOUNDATION - CURE ALZH,WELLESLEY HILLS,MA,,,,,irs_990pf
BOSTONS FORGOTTEN FELINES INC,MEDFORD,MA,,,,,irs_990pf
CHILDRENS HOSPITAL CORPORATION,BOSTON,MA,,,,,irs_990pf
CRISTO REY BOSTON HIGH SCHOOL INC,DORCHESTER,MA,,,,,irs_990pf
DANA FARBER CANCER INSTITUTE INC,BOSTON,MA,,,,,irs_990pf
INSTITUTE FOR POLICY STUDIES,WASHINGTON,DC,,,,,irs_990pf
JAMAICA PLAIN NEIGHBORHOOD DEVELOPMENT CORPORATION,JAMAICA PLAIN,MA,,,,,irs_990pf
JEWISH FAMILY AND CHILDRENS SERVICE,WALTHAM,MA,,,,,irs_990pf
LOUIS D BROWN PEACE INSTITUTE CORPORATION,DORCHESTER,MA,,,,,irs_990pf
MASSACHUSETTS VEST-A-DOG,WALPOLE,MA,,,,,irs_990pf
SMILE TRAIN INC,WASHINGTON,DC,,,,,irs_990pf
AMERICAN FRIENDS OF YAD ELIEZER INC,JACKSON,NJ,,,,,irs_990pf
LADIES BIKUR CHOLIM DSATMOR,BROOKLYN,NY,,,,,irs_990pf
PEYLIM LEV LACHIM,BROOKLYN,NY,,,,,irs_990pf
SHARE OF NEW SQUARE INC,SPRING VALLEY,NY,,,,,irs_990pf
SINAI ACADEMY,BROOKLYN,NY,,,,,irs_990pf
SMILING SOULS INC,BROOKLYN,NY,,,,,irs_990pf
TOMCHE SHABBOS OF BORO PARK AND FLATBUSH INC,BROOKLYN,NY,,,,,irs_990pf
YAD BATYA L KALLAH,BROOKLYN,NY,,,,,irs_990pf
A BETTER CHICAGO,CHICAGO,IL,,,,,irs_990pf
BOTTOM LINE INC,BOSTON,MA,,,,,irs_990pf
CATHOLIC CHARITIES OF THE ARCHDIOCESE OF CHICAGO,CHICAGO,IL,,,,,irs_990pf
CHICAGO COUNCIL ON GLOBAL AFFAIRS,CHICAGO,IL,,,,,irs_990pf
CHICAGO PUBLIC EDUCATION FUND,CHICAGO,IL,,,,,irs_990pf
CHINESE AMERICAN SERVICE LEAGUE INC,CHICAGO,IL,,,,,irs_990pf
COURT THEATRE FUND,CHICAGO,IL,,,,,irs_990pf
HABITAT FOR HUMANITY INTERNATIONAL INC,CHICAGO,IL,,,,,irs_990pf
ILLINOIS INSTITUTE OF TECHNOLOGY,CHICAGO,IL,,,,,irs_990pf
INGENUITY INCORPORATED CHICAGO,CHICAGO,IL,,,,,irs_990pf
KIDS FIRST CHICAGO FOR EDUCATION,CHICAGO,IL,,,,,irs_990pf
LEADERSHIP GREATER CHICAGO INC,CHICAGO,IL,,,,,irs_990pf
MUSIC AND DANCE THEATER CHICAGO INC,CHICAGO,IL,,,,,irs_990pf
TEACH FOR AMERICA-CHICAGO,CHICAGO,IL,,,,,irs_990pf
UNIVERSITY OF CHICAGO GRADUATE SCHOOL OF BUSINESS,CHICAGO,IL,,,,,irs_990pf
YMCA OF METROPOLITAN CHICAGO,CHICAGO,IL,,,,,irs_990pf
HER STORY INC,XENIA,OH,,,,,irs_990pf
STRAIGHT AHEAD MINISTRIES INC,WORCESTER,MA,,,,,irs_990pf
TEEN CHALLENGE NEW ENGLAND INC,BROCKTON,MA,,,,,irs_990pf
WORLD HOPE INC,ORLANDO,FL,,,,,irs_990pf
ADAM J LEWIS ACADEMY INC,BRIDGEPORT,CT,,,,,irs_990pf
ASPETUCK LAND TRUST INC,WESTPORT,CT,,,,,irs_990pf
CONNECTICUT INSTITUTE FOR REFUGEES AND IMMIGRANTS,BRIDGEPORT,CT,,,,,irs_990pf
CT AGAINST GUN VIOLENCE INC,RIDGEFIELD,CT,,,,,irs_990pf
EMERGE INC,STRATFORD,CT,,,,,irs_990pf
FAIRFIELD HISTORICAL SOCIETY,FAIRFIELD,CT,,,,,irs_990pf
FAIRFIELD THEATRE COMPANY INC,FAIRFIELD,CT,,,,,irs_990pf
HEALTHNETWORK FOUNDATION,CHAGRIN FALLS,OH,,,,,irs_990pf
LOOP NOLA,NEW ORLEANS,LA,,,,,irs_990pf
NEAR FAR AID ASSOCIATION INC,SOUTHPORT,CT,,,,,irs_990pf
PEQUOT LIBRARY ASSOCIATION,SOUTHPORT,CT,,,,,irs_990pf
SIMPLY SMILES INC,WESTPORT,CT,,,,,irs_990pf
SOUTHPORT CONGREGATIONAL CHURCH - UNITED CHURCH OF,SOUTHPORT,CT,,,,,irs_990pf
ST JUDE CHILDRENS RESEARCH HOSPITAL INC,MEMPHIS,TN,,,,,irs_990pf
THE CENTER FOR FAMILY JUSTICE INC,BRIDGEPORT,CT,,,,,irs_990pf
THE CONNECTICUT AUDUBON SOCIETY INCORPORATED,FAIRFIELD,CT,,,,,irs_990pf
THE V FOUNDATION,CARY,NC,,,,,irs_990pf
UNQUOWA SCHOOL ASSOCIATION INC,FAIRFIELD,CT,,,,,irs_990pf
INTERVARSITY CHRISTIAN FELLOWSHIP- USA,MADISON,WI,,,,,irs_990pf
RUTGERS UNIVERSITY FOUNDATION,NEW BRUNSWICK,NJ,,,,,irs_990pf
URBAN YOUTH IMPACT INC,WEST PALM BCH,FL,,,,,irs_990pf
WOMEN IN THE WINDOW INTERNATIONAL INC,WEST PALM BEACH,FL,,,,,irs_990pf
AMERICAN RED CROSS OF SW PENNSYLVANIA,PITTSBURGH,PA,,,,,irs_990pf
ANDREW CARNEGIE FREE LIBRARY,CARNEGIE,PA,,,,,irs_990pf
CARNEGIE UNITED METHODIST CHURCH,CARNEGIE,PA,,,,,irs_990pf
PARKWOOD UNITED PRESBYTERIAN CHURCH,ALLISON PARK,PA,,,,,irs_990pf
KHAL TORATH CHAIM,Monsey,NY,,,,,irs_990pf
TEMICHA SUPPORT,Suffern,NY,,,,,irs_990pf
MISC,Brooklyn,NY,,,,,irs_990pf
KOLEL BOIKER,Brooklyn,NY,,,,,irs_990pf
YESHIVA VIZNITZ,Brooklyn,NY,,,,,irs_990pf
KOLEL AHAVAS YERUSHALAIM,Monsey,NY,,,,,irs_990pf
KOLEL VIZNITZ,Brooklyn,NY,,,,,irs_990pf
CHESED SHEL EMES,Brooklyn,NY,,,,,irs_990pf
KEREN YESOIMIM,Monsey,NY,,,,,irs_990pf
CONG AHAVA ISRAEL,Brooklyn,NY,,,,,irs_990pf
MERKAS HAKOLILIM,Spring Valley,NY,,,,,irs_990pf
JOHN HOPKINS SCHOOL OF MEDICINE,BALTIMORE,MD,,,,,irs_990pf
YALE UNIVERSITY ALUMNI FUND,NEW HAVEN,CT,,,,,irs_990pf
ABIGAIL BRISARD,LEE,NH,,,,,irs_990pf
ALEXIS JACQUES,SOMERSWORTH,NH,,,,,irs_990pf
ALIZAH CORACCIO,BARRINGTON,NH,,,,,irs_990pf
ANNE O DONNELL,SOMERSWORTH,NH,,,,,irs_990pf
BROOKE MARSTON,MIDDLETON,NH,,,,,irs_990pf
NICOLE KINGDON,BARRINGTON,NH,,,,,irs_990pf
CAMERON DUCHESNE,DOVER,NH,,,,,irs_990pf
ISABELLA SMITH-DAVENPORT,FARMINGTON,NH,,,,,irs_990pf
EMILY GIBSON,LEE,NH,,,,,irs_990pf
HANNAH VINCENT,DURHAM,NH,,,,,irs_990pf
JENNIFER ANN SUWU,SOMERSWORTH,NH,,,,,irs_990pf
JULIANA FERRO,ROCHESTER,NH,,,,,irs_990pf
JUSTINE MURPHY,BARRINGTON,NH,,,,,irs_990pf
JESSICA KRISTINA,DOVER,NH,,,,,irs_990pf
KATHERINE HOPPLER,DURHAM,NH,,,,,irs_990pf
PATRICIA LOUIS,PORTSMOUTH,NH,,,,,irs_990pf
MADISON PETIT,SANBORNEVILLE,NH,,,,,irs_990pf
MOLLY HOGAN,DOVER,NH,,,,,irs_990pf
RAYMOND MILLS,ROLLINSFORD,NH,,,,,irs_990pf
MARCELLA WONDAL,ROCHESTER,NH,,,,,irs_990pf
GABRIELLE SULEIMAN,DURHAM,NH,,,,,irs_990pf
SOPHIA BRISARD,LEE,NH,,,,,irs_990pf
STEPHANIE LO,SOMERSWORTH,NH,,,,,irs_990pf
SUMMER BUSCHING,DOVER,NH,,,,,irs_990pf
TAIZHANNA CHEVALIER,DOVER,NH,,,,,irs_990pf
ACTON INSTITUTE,GRAND RAPIDS,MI,,,,,irs_990pf
AMERICAN FEDERATION OF POLICE AND CONCERNED CITIZENS,TITUSVILLE,FL,,,,,irs_990pf
CLARE BOOTHE LUCE CENTER FOR CONSERVATIVE WOMEN,HERNDON,VA,,,,,irs_990pf
COALITION TO SUPPORT AMERICAN HEROES,LEESBURG,VA,,,,,irs_990pf
COPS DIRECT,SAN RAMON,CA,,,,,irs_990pf
JUNIOR ACHIEVEMENT,RENO,NV,,,,,irs_990pf
NATIONAL AUTOMOBILE MUSEUM,RENO,NV,,,,,irs_990pf
NEVADA BIG HORNS UNLIMITED,RENO,NV,,,,,irs_990pf
THE HEARTLAND INSTITUTE,ARLINGTON HEIGHTS,IL,,,,,irs_990pf
THE NATURE CONSERVANCY NV,RENO,NV,,,,,irs_990pf
METROPOLITAN OPERA,NEW YORK,NY,,,,,irs_990pf
TEMPLE SHAARAY TEFILA,NEW YORK,NY,,,,,irs_990pf
SAINT ALPHONSUS CHURCH,Hopewell,NJ,,,,,irs_990pf
HOPEWELL PRESBYTERIAN CHURCH,Hopewell,NJ,,,,,irs_990pf
UNITED METHODIST CHURCH,Hopewell,NJ,,,,,irs_990pf
FIRST CALVARY BAPTIST CHURCH,Hopewell,NJ,,,,,irs_990pf
SECOND CALVARY BAPTIST CHURCH,Hopewell,NJ,,,,,irs_990pf
HOPEWELL MUSEUM,Hopewell,NJ,,,,,irs_990pf
HIGHLAND CEMETERY,Hopewell,NJ,,,,,irs_990pf
ALZHEIMER S ASSOCIATION,MPLS,MN,,,,,irs_990pf
AMERICAN LUNG ASSOCIATION,CHICAGO,IL,,,,,irs_990pf
BETH EL REVALENE KRONICK MEMORIAL,ST LOUIS PARK,MN,,,,,irs_990pf
BETH EL SYN ANN SAUL KOLLINS SPECIAL EDUCATION FUND,ST LOUIS PARK,MN,,,,,irs_990pf
BETH EL SYNAGOGUE CAMP RAMAH FUND,ST LOUIS PARK,MN,,,,,irs_990pf
BETH EL PHILIP SARA WILENSKY CAMP SCHOLARSHIP FUND,ST LOUIS PARK,MN,,,,,irs_990pf
CARING BRIDGE,EAGAN,MN,,,,,irs_990pf
COURAGE FOUNDATION,MPLS,MN,,,,,irs_990pf
ERIN S HOUSE FOR GRIEVING CHILD,FORT WAYNE,IN,,,,,irs_990pf
JEWISH COMMUNITY RELATIONS COUNCIL,MPLS,MN,,,,,irs_990pf
JEWISH FAMILY CHILDREN S SERVICES,GOLDEN VALLEY,MN,,,,,irs_990pf
JUVENILE DIABETES RESEARCH FOUNDATION,BLOOMINGTON,MN,,,,,irs_990pf
LIVING WELL DISABILITY SERVICES,MENDOTA HEIGHTS,MN,,,,,irs_990pf
MINNEAPOLIS JEWISH CEMETARY,RICHFIELD,MN,,,,,irs_990pf
MINNEAPOLIS JEWISH FEDERATION,MINNETONKA,MN,,,,,irs_990pf
MINNESOTA OVARIAN CANCER ALLIANCE,MPLS,MN,,,,,irs_990pf
NATIONAL KIDNEY FOUNDATION OF MINNESOTA,ST PAUL,MN,,,,,irs_990pf
SHAREI CHESED CONGREGATION,MINNETONKA,MN,,,,,irs_990pf
SHOLOM HOME,ST PAUL,MN,,,,,irs_990pf
SINAI TEMPLE LOS ANGELES 2018 CHECK VOIDED,LOS ANGELES,CA,,,,,irs_990pf
BOYS AND GIRLS CLUB GREENWICH,GREENWICH,CT,,,,,irs_990pf
CHILD RESCUE COALITION,BOCA RATON,FL,,,,,irs_990pf
CHILDREN S LEARNING CENTER,STAMFORD,CT,,,,,irs_990pf
DRAWDOWN PROJECT,SAN FRANCISCO,CA,,,,,irs_990pf
EDUCATION FOR EMPLOYMENT EFE,WASHINGTON,DC,,,,,irs_990pf
GREENWICH PD SCHOLARSHIP FUND,GREENWICH,CT,,,,,irs_990pf
GREENWICH SCHOLARSHIP ASSOCIATION,GREENWICH,CT,,,,,irs_990pf
HARRY POTTER ALLIANCE,CRANSTON,RI,,,,,irs_990pf
INTREPID SEA AIR AND SPACE MUSEUM,NEW YORK,NY,,,,,irs_990pf
PERSON TO PERSON,DARIEN,CT,,,,,irs_990pf
ROUND HILL NURSERY SCHOOL,GREENWICH,CT,,,,,irs_990pf
STAMFORD PEACE FOUNDATION,STAMFORD,CT,,,,,irs_990pf
SWIM ACROSS AMERICA,CHARLOTTE,NC,,,,,irs_990pf
TREVOR PROJECT,WEST HOLLYWOOD,CA,,,,,irs_990pf
YWCA OF GREENWICH,GREENWICH,CT,,,,,irs_990pf
WSU VET TEACHING HOSPITAL,PULLMAN,WA,,,,,irs_990pf
CHRISTIAN AID CENTER,WALLA WALLA,WA,,,,,irs_990pf
BLUE MOUNTAIN HUMANE SOCIETY,WALLA WALLA,WA,,,,,irs_990pf
UW FOUNDATION,SEATTLE,WA,,,,,irs_990pf
ST FRANCIS HOUSE SEATTLE,SEATTLE,WA,,,,,irs_990pf
GLOBAL PARTNERSHIP,SEATTLE,WA,,,,,irs_990pf
UNITED WAY OF WALLA WALLA,WALLA WALLA,WA,,,,,irs_990pf
WALLA WALLA COMMUNITY HOSPICE,WALLA WALLA,WA,,,,,irs_990pf
FORT WALLA WALLA,WALLA WALLA,WA,,,,,irs_990pf
BLUE MOUNTAIN WILDLIFE,PENDLETON,OR,,,,,irs_990pf
UNION GOSPEL MISSION SEATTLE,SEATTLE,WA,,,,,irs_990pf
NORTHWEST HARVEST,SEATTLE,WA,,,,,irs_990pf
SONBRIDGE COMMUNITY CENTER,COLLEGE PLACE,WA,,,,,irs_990pf
YOUNG LIFE,COLORODO SPRINGS,NJ,,,,,irs_990pf
TRENTON SOUP KITCHEN,TRENTON,NJ,,,,,irs_990pf
RESCUE MISSION OF TRENTON,TRENTON,NJ,,,,,irs_990pf
CROSSROADS,HILLSBOROUGH,NJ,,,,,irs_990pf
SEE SCHEDULE ATTACHED,VAR,MI,,,,,irs_990pf
UNIVERSITY OF MASS - DARTMOUTH,DARTMOUTH,MA,,,,,irs_990pf
UNIVERSITY OF MASSACHUSETTS AMHERST,AMHERST,MA,,,,,irs_990pf
JDRF,GREENVILLE,SC,,,,,irs_990pf
THE REECE SCHOOL,New York,NY,,,,,irs_990pf
PALM BEACH HABITATION CENTER,Lake Worth,FL,,,,,irs_990pf
FAU FOUNDATION,Boca Raton,FL,,,,,irs_990pf
CHAUTAUQUA INSTITUTION,Chautauqua,NY,,,,,irs_990pf
COUNCIL FOR ECONOMIC EDUCATION,New York,NY,,,,,irs_990pf
MELANIE FRAZE,SEFFNER,FL,,,,,irs_990pf
ATHENA CRUZ,TAMPA,FL,,,,,irs_990pf
LITTLE SISTERS OF THE POOR PITTSBURGH,PITTSBURGH,PA,,,,,irs_990pf
UPMC PASSAVANT HOSPITAL,PITTSBURGH,PA,,,,,irs_990pf
THE FRIENDSHIP CIRCLE OF PITTSBURGH,PITTSBURGH,PA,,,,,irs_990pf
FELIX NECK WILDLIFE,VINEYARD HVN,MA,,,,,irs_990pf
CITY OF NOTHWOOD,Northwood,IA,,,,,irs_990pf
CITY OF JOICE PUBLIC LIBRARY,Joice,IA,,,,,irs_990pf
CAREING TREE,Northwood,IA,,,,,irs_990pf
MANNA OF WORTH COUNTY,Northwood,IA,,,,,irs_990pf
SUNSET REST CEMETERY,Northwood,IA,,,,,irs_990pf
BOLAN SCHOOLHOUSE,Kensett,IA,,,,,irs_990pf
VIKING ACTIVITY CENTER,Northwood,IA,,,,,irs_990pf
WORTH COUNTY COMMUNITY OF PROMISE,Northwood,IA,,,,,irs_990pf
GIVE ME SIGHT FOUNDATION,EUGENE,OR,,,,,irs_990pf
THE LEAGUE OF UTAH WRITERS,MIDVALE,UT,,,,,irs_990pf
UTAH POLICE CIVILIAN ASSOCIATION,SALT LAKE CITY,UT,,,,,irs_990pf
ADOPT AN ELDER FOUNDATION,ROCKLIN,CA,,,,,irs_990pf
HUMANE SOCIETY OF UTAH,MURRAY,UT,,,,,irs_990pf
ANIMAL ADOPTION CENTER,SALT LAKE CITY,UT,,,,,irs_990pf
RESCUE MISSION OF SALT LAKE,SALT LAKE CITY,UT,,,,,irs_990pf
THE SALVATION ARMY,SALT LAKE CITY,UT,,,,,irs_990pf
PARALYZED VETERANS OF AMERICA,WASHINGTON DC,DC,,,,,irs_990pf
WOUNDED WARRIORS,OGDEN,UT,,,,,irs_990pf
SOUTHWEST RESERVATION AID,ADDISION,TX,,,,,irs_990pf
UNICEF,NEW YORK,NY,,,,,irs_990pf
SPECIAL OLYMPICS,SALT LAKE CITY,UT,,,,,irs_990pf
OPERATION SMILE,VIRGINIA BEACH,VA,,,,,irs_990pf
AMERICAN INST FOR CANCER RESEARCH,ARLINGTON,VA,,,,,irs_990pf
ORTHOPEDIC RESEARCH AND EDUCATION FOUNDATION,ROSEMONT,IL,,,,,irs_990pf
LIFE CHURCH,CORALVILLE,IA,,,,,irs_990pf
MULTIPLE SCLEROSIS SOCIETY,WALTHAM,MA,,,,,irs_990pf
INSIGHT,WARWICK,RI,,,,,irs_990pf
HENRY FORKS FOUNDATION,ASHTON,ID,,,,,irs_990pf
BAPTIST HEALTH SOUTH FLORIDA FOUNDATION,CORAL GABLES,FL,,,,,irs_990pf
RUSH UNIVERSITY MEDICAL CENTER,CHICAGO,IL,,,,,irs_990pf
MIAMI UNIVERSITY OF OHIO,Oxford,OH,,,,,irs_990pf
WALSH UNIVERSITY,North Canton,OH,,,,,irs_990pf
QUEEN OF HEAVEN CATHOLIC CHURCH,Uniontown,OH,,,,,irs_990pf
WILMONT FIRE RESCUE INC,Wilmot,OH,,,,,irs_990pf
STARK COUNTY DISTRICT LIBRARY FBO JACKSON TWP BRAN,Canton,OH,,,,,irs_990pf
DAVID YMCA FBO STRONG KIDS CAMPAIGN,Massillon,OH,,,,,irs_990pf
JACKSON TOWNSHIP TRUSTEES,Massillon,OH,,,,,irs_990pf
ST PAUL S CATHOLIC CHURCH,North Canton,OH,,,,,irs_990pf
JUVENILE DIABETES RESEARCH FOUNDATION,Independence,OH,,,,,irs_990pf
MERCY MEDICAL CENTER,Canton,OH,,,,,irs_990pf
SERVING AREA MILITARY AND VETERANS - SAM CENTER,Massillon,OH,,,,,irs_990pf
CHRIST THE SERVANT CATHOLIC CHURCH,Canton,OH,,,,,irs_990pf
CANTON GARDEN CENTER,Canton,OH,,,,,irs_990pf
CANTON PALACE THEATER,Canton,OH,,,,,irs_990pf
COLLEGE CLUB OF CANTON,Canton,OH,,,,,irs_990pf
CHAUTAUQUA FOUNDATION,Chautauqua,NY,,,,,irs_990pf
CANTON PRESERVATION SOCIETY,Canton,OH,,,,,irs_990pf
AKRON CHILDREN S HOSPITAL,Akron,OH,,,,,irs_990pf
NORTHEAST OHIO MEDICAL UNIVERSITY,Rootstown,OH,,,,,irs_990pf
REFUGE OF HOPE,Canton,OH,,,,,irs_990pf
RONALD MCDONALD HOUSE OF AKRON INC,Akron,OH,,,,,irs_990pf
LITTLE FLOWER CATHOLIC CHURCH,Canton,OH,,,,,irs_990pf
THE FIRST TEE,Canton,OH,,,,,irs_990pf
STARK COMMUNITY FOUNDATION,Canton,OH,,,,,irs_990pf
J R COLEMAN SENIOR OUTREACH SERVICES INC,Canton,OH,,,,,irs_990pf
ALZHEIMERS ASSOCIATION,BEVERLY HILLS,CA,,,,,irs_990pf
COVENANT HOUSE,NEW YORK,NY,,,,,irs_990pf
DIRECT RELIEF,SANTA BARBARA,CA,,,,,irs_990pf
DONATION ON CLEAN AIR,BOSTON,MA,,,,,irs_990pf
DOCTORS WITHOUT BOARDERS,NEW YORK,NY,,,,,irs_990pf
FRIENDS OF THE IDF,NEW YORK,NY,,,,,irs_990pf
HUMANE SOCIETY,WASHINGTON,DC,,,,,irs_990pf
JBBBSLA,LOS ANGELES,CA,,,,,irs_990pf
KARSH CENTER WILSHIRE BLVD TEMPLE,LOS ANGELES,CA,,,,,irs_990pf
KUSC RADIO,LOS ANGELES,CA,,,,,irs_990pf
LAFP FOUNDATION,LOS ANGELES,CA,,,,,irs_990pf
LOS ANGELES CHAMBER ORCHESTRA LACO,LOS ANGELES,CA,,,,,irs_990pf
MAYORS FUND FOR LA,LOS ANGELES,CA,,,,,irs_990pf
NETWORK FOR GOOD RAINFOREST FOUNDAT,BROOKLYN,NY,,,,,irs_990pf
OPERATION FINALLY HOME,MERRIFIELD,VA,,,,,irs_990pf
SANTA MONICA COLLEGE FOUNDATION,SANTA MONICA,CA,,,,,irs_990pf
SPCA LA,LOS ANGELES,CA,,,,,irs_990pf
THE DREAM STREET FOUNDATION,BEVERLY HILLS,CA,,,,,irs_990pf
UCLA FOUNDATION,PASADENA,CA,,,,,irs_990pf
WATER MISSION,N CHARLESTON,SC,,,,,irs_990pf
WILSHIRE BLVD TEMPLE,LOS ANGELES,CA,,,,,irs_990pf
ALBANY MEDICAL CENTER FOUNDATION,ALBANY,NY,,,,,irs_990pf
BABY2BABY,LOS ANGELES,CA,,,,,irs_990pf
CLAVERACK FREE LIBRARY AND READING ROOM ASSOC INC,CLAVERACK,NY,,,,,irs_990pf
COLUMBIA-GREENE HOSPITAL,HUDSON,NY,,,,,irs_990pf
HUDSON DEVELOPMENT CORPORATION,HUDSON,NY,,,,,irs_990pf
HUDSON FLAG DAY PARADE COMMITTEE,HUDSON,NY,,,,,irs_990pf
LITTLE SHELTER ANIMAL ADOPTION CENTER INC,HUNTINGTON,NY,,,,,irs_990pf
LONG ISLAND CARES INC,HAUPPAUGE,NY,,,,,irs_990pf
MAKE-A-WISH NORTHEAST NEW YORK,ALBANY,NY,,,,,irs_990pf
MEMORIAL SLOAN KETTERING CANCER CENTER-CHILDRENS JOY FUNDFOOD INITIATIVE,NEW YORK,NY,,,,,irs_990pf
MEMORIAL SLOAN KETTERING CLINICAL TRIAL NURSE SUPPORT,NEW YORK,NY,,,,,irs_990pf
NORTH SHORE LONG ISLAND JEWISH HEALTH SYSTEM FOUNDATION,WESTBURY,NY,,,,,irs_990pf
PARISH OF HOLY TRINITY,HUDSON,NY,,,,,irs_990pf
SUNRISE DAY CAMPS ASSOCIATION INC,OCEANSIDE,NY,,,,,irs_990pf
THE AB SHAW FIRE COMPANY INC,CLAVERACK,NY,,,,,irs_990pf
TOWNWIDE FUND OF HUNTINGTON INC,HUNTINGTON,NY,,,,,irs_990pf
THE EPISCOPAL SCHOOL OF DALLAS,DALLAS,TX,,,,,irs_990pf
THE UNIVERSITY OF NORTH CAROLINA AT CHAPEL HILL,CHAPEL HILL,NC,,,,,irs_990pf
TRINITY SCHOOL OF DURHAM AND CHAPEL HILL,DURHAM,NC,,,,,irs_990pf
SCHOLARSHOT,DALLAS,TX,,,,,irs_990pf
BOYS GIRLS CLUB OF THE COACHELLA VALLEY,PALM DESERT,CA,,,,,irs_990pf
LEGACY SCHOLARSHIP PROGRAM,DALLAS,TX,,,,,irs_990pf
THE FIRST TEE OF GREATER DALLAS,ADDISON,TX,,,,,irs_990pf
MAINE MEDICAL CENTER,PORTLAND,ME,,,,,irs_990pf
SCID ANGELS FOR LIFE FOUNDATION,LAKELAND,FL,,,,,irs_990pf
MEMORIAL PRESBYTERIAN CHURCH,MIDLAND,MI,,,,,irs_990pf
RILEY CHILDRENS FOUNDATION,Indianapolis,IN,,,,,irs_990pf
FAMILY PROMISE OF NORTHERN KY,NEWPORT,KY,,,,,irs_990pf
CASA FOR KIDS,SEATTLE,WA,,,,,irs_990pf
OPERATION UNDERGROUND RAILROAD,ANAHEIM,CA,,,,,irs_990pf
FISH AND WILDLIFE,TALLAHASSEE,FL,,,,,irs_990pf
JHACF,ST PETERSBURG,FL,,,,,irs_990pf
LOVELAND CENTER,VENICE,FL,,,,,irs_990pf
ACTION AGAINST HUNGER,New York,NY,,,,,irs_990pf
ALLIANCE CULTURAL FOUNDATION INTERN,Cupertino,CA,,,,,irs_990pf
UNBOUND,Kansas City,KS,,,,,irs_990pf
CENTER FOR WORKING FAMILIES INC,BROOKFIELD,WI,,,,,irs_990pf
DIOCESE OF VENICE IN FLORIDA - CATHOLIC FAITH APPEAL,FORT MEYERS,FL,,,,,irs_990pf
JUVENILE DIABETES RESEARCH FOUNDATION,MILWAUKEE,WI,,,,,irs_990pf
LITERACY SERVICES OF WISCONSIN,MILWAUKEE,WI,,,,,irs_990pf
LUMEN CHRISTI CATHOLIC CHURCH,THIENSVILLE,WI,,,,,irs_990pf
OFFICE FOR WORLD MISSIONS,MILWAUKEE,WI,,,,,irs_990pf
SOCIETY FOR THE PROPAGATION OF FAITH,MILWAUKEE,WI,,,,,irs_990pf
SPECIAL SPACES,MEQUON,WI,,,,,irs_990pf
THE ARCHDIOCESE OF MILWAUKEE,MILWAUKEE,WI,,,,,irs_990pf
ST MARY S SPRINGS ACADEMY,FOND DU LAC,WI,,,,,irs_990pf
AHS CD,HARTLAND,WI,,,,,irs_990pf
ST MARY S CATHOLIC SCHOOL,BURLINGTON,WI,,,,,irs_990pf
ST MARY S CATHOLIC CHURCH,TOMAHAWK,WI,,,,,irs_990pf
LIBERTY YOUTH RANCH,BONITA SPRINGS,FL,,,,,irs_990pf
ALZHEIMBER S ASSOCIATION,MILWAUKEE,WI,,,,,irs_990pf
UNITED WAY,FORT MEYERS,FL,,,,,irs_990pf
HEARTLOVE PLACE,MILWAUKEE,WI,,,,,irs_990pf
AMERICAN HEART ASSOCIATION,PHOENIX,AZ,,,,,irs_990pf
MR BOBS UNDER THE BRIDGE INC,CEDARBURG,WI,,,,,irs_990pf
HENDRICK HUDSON CHAPTER D A R,HUDSON,NY,,,,,irs_990pf
E WOODSTOCK CONGREGATION CHURCH,E WOODSTOCK,CT,,,,,irs_990pf
NEWTON WELLESLEY HOSPITAL,NEWTON,MA,,,,,irs_990pf
MAY MEMORIAL LIBRARY,WOODSTOCK,CT,,,,,irs_990pf
YORK HOSPITAL,YORK,ME,,,,,irs_990pf
CLINTON HOSPITAL,CLINTON,MA,,,,,irs_990pf
TRAVELERS AID SOCIETY,BOSTON,MA,,,,,irs_990pf
ST LUKES HOSPITAL,NEWBURGH,NY,,,,,irs_990pf
FRANCISAN POOR CLARE NUNS,WAPPINGERS FALLS,NY,,,,,irs_990pf
LAMP CATHOLIC MINISTRIES,BRONX,NY,,,,,irs_990pf
ST PIUS X ENRICHED LIVING FACILITY,ROCKVILLE CENTER,NY,,,,,irs_990pf
CATHOLIC BISHOP OF NORTHERN ALASKA,FAIRBANKS,AK,,,,,irs_990pf
CARDINAL NEWMAN SOCIETY,MANASSAS,VA,,,,,irs_990pf
ALZHEIMERS ASS,Washington,DC,,,,,irs_990pf
INDEPENDENT TRACK CHAIRS FOR DISABL,Charlotte,NC,,,,,irs_990pf
HABITAT FOR HUMANITY,Kerrville,TX,,,,,irs_990pf
232-HELP INC,Lafayette,LA,,,,,irs_990pf
TRINITY BAPTIST CHURCH,Kerrville,TX,,,,,irs_990pf
PEGASUS PROJECT,Ben Wheeler,TX,,,,,irs_990pf
FRIENDSHIP BAPTIST CHURCH,Samson,AL,,,,,irs_990pf
NICEVILLE CHILDRENS ADVOCACY CENTE,Niceville,FL,,,,,irs_990pf
PETERSON HEALTH FOUNDATION,Kerrville,TX,,,,,irs_990pf
CHRISTIAN ASSISTANCE MINISTRY,Kerrville,TX,,,,,irs_990pf
WOUNDED WARRIORS,Jacksonville,FL,,,,,irs_990pf
TUNNELLS TO TOWERS,Staten Island,NY,,,,,irs_990pf
ST MARY HEALTHCARE FOR CHILDREN,Bayside,NY,,,,,irs_990pf
DIETERT CENTER,Kerrville,TX,,,,,irs_990pf
ALABAMA CATTLEMAN ASSOCIATION,Montgomery,AL,,,,,irs_990pf
BUCKNER INTERNATIONAL,Dallas,TX,,,,,irs_990pf
HABITAT FOR HORSES,Hitchcock,TX,,,,,irs_990pf
ALAQUA ANMIAL REFUGE,Freeport,FL,,,,,irs_990pf
SALVATION ARMY KERRYVILLE,Kerrville,TX,,,,,irs_990pf
BEST FRIENDS ANIMAL SOCIETY,Kanab,UT,,,,,irs_990pf
DREW UNIVERSITY,MADISON,NJ,,,,,irs_990pf
EXPERIMENTS IN OPERA,BROOKLYN,NY,,,,,irs_990pf
HARLEMS CHILDREN S ZONE,NEW YORK,NY,,,,,irs_990pf
INTERNATIONAL CONTEMPORARY ENSEMBLE,BROOKLYN,NY,,,,,irs_990pf
JASON CADY,JACKSON HEIGHTS,NY,,,,,irs_990pf
ORATORIO SOCIETY OF NEW YORK,NEW YORK,NY,,,,,irs_990pf
THE CLASSICAL THEATER OF HARLEM,NEW YORK,NY,,,,,irs_990pf
EMILY MANZO,BRONX,NY,,,,,irs_990pf
KAMALA SANKARAM,BRONX,NY,,,,,irs_990pf
VAHAN TEKEYAN SCHOOL OF LEBANON,WATERTOWN,MA,,,,,irs_990pf
SOUTHERN METHODIST UNIVERSITY,DALLAS,TX,,,,,irs_990pf
NORTH GREENWICH UNIVERSITY,,,,,,,irs_990pf
FDN EN FAVEUR DES VEILLARDS,,,,,,,irs_990pf
FECPA,,,,,,,irs_990pf
EASTSIDE ACADEMY,BELLEVUE,WA,,,,,irs_990pf
RYTHER CENTER,SEATTLE,WA,,,,,irs_990pf
FREINDS OF YOUTH,KIRKLAND,WA,,,,,irs_990pf
NORTHWEST COMMUNITY HEALTHCARE FOUN,ARLINGTON HEIGHTS,IL,,,,,irs_990pf
OPERATION NORTH POLE,DES PLAINES,IL,,,,,irs_990pf
FAMILY CHILDREN S SERVICES OF,BALTIMORE,MD,,,,,irs_990pf
PRESBYTERIAN SENIOR CARE,OAKMONT,PA,,,,,irs_990pf
HUMANE SOCIETY OF THE US,WASHINGTON,DC,,,,,irs_990pf
ADVANCE OPPORTUNITIES,MARSHALL,MN,,,,,irs_990pf
BESTPREP,BROOKLYN PARK,MN,,,,,irs_990pf
BIRDIES FOR BREAST CANCER,ANTHEM,AZ,,,,,irs_990pf
BOLDER OPTIONS,MINNEAPOLIS,MN,,,,,irs_990pf
CITIZENS LEAGUE,SAINT PAUL,MN,,,,,irs_990pf
GILLETTE CHILDREN S HOSPITAL,SAINT PAUL,MN,,,,,irs_990pf
GREATER TWIN CITIES YOUTH,SAINT PAUL,MN,,,,,irs_990pf
JUNIOR ACHIEVEMENT OF THE UPPER MIDWEST,SAINT PAUL,MN,,,,,irs_990pf
MARSHALL AREA YMCA,MARSHALL,MN,,,,,irs_990pf
MARSHALL UNITED SOCCER,MARSHALL,MN,,,,,irs_990pf
MINNESOTA LANDSCAPE ARBORETUM,CHASKA,MN,,,,,irs_990pf
NORTHERN KENTUCKY COMMUNITY,COVINGTON,KY,,,,,irs_990pf
OCCK INC,SALINA,KS,,,,,irs_990pf
PINKY SWEAR FOUNDATION,BLOOMINGTON,MN,,,,,irs_990pf
SALINA AREA YMCA,SALINA,KS,,,,,irs_990pf
SALINA EMERGENCY AID FOOD BANK,SALINA,KS,,,,,irs_990pf
SCHOLARSHIP AMERICA INC,SAINT PETER,MN,,,,,irs_990pf
SECOND HARVEST HEARTLAND,SAINT PAUL,MN,,,,,irs_990pf
SOUTHWEST INITIATIVE FOUNDATION,HUTCHINSON,MN,,,,,irs_990pf
SOUTHWEST MINNESOTA STATE UNIVERSITY,MARSHALL,MN,,,,,irs_990pf
SUMMIT ACADEMY OIC,MINNEAPOLIS,MN,,,,,irs_990pf
UNITED WAY OF SOUTHWEST MINNESOTA,MARSHALL,MN,,,,,irs_990pf
UNIVERSITY OF MINNESOTA FOUNDATION,MINNEAPOLIS,MN,,,,,irs_990pf
YOUTH FARM MARKET PROJECT,MINNEAPOLIS,MN,,,,,irs_990pf
ACADEMY MUSEUM OF MOTION PICTURES,BEVERLY HILLS,CA,,,,,irs_990pf
ASSOCIATION OF BLACK CARDIOLOGISTS,NEW YORK,NY,,,,,irs_990pf
CARE GIFT CENTER,MERRIFIELD,VA,,,,,irs_990pf
DOWNTOWN MUSIC PRODUCTIONS,NEW YORK,NY,,,,,irs_990pf
FINCA,WASHINGTON,DC,,,,,irs_990pf
FRACTURED ATLAS DNAWORKS,FORT WORTH,TX,,,,,irs_990pf
FRIENDS OF ZIV MEDICAL CENTER,AVENTURA,FL,,,,,irs_990pf
HEBREW FREE BURIAL ASSOCIATION,NEW YORK,NY,,,,,irs_990pf
HOLOCAUST REMEMBRANCE JOURNEYS,WHIPPANY,NJ,,,,,irs_990pf
LICRA-LIGUE INTERNATIONAL CONTRE,NEW YORK,NY,,,,,irs_990pf
MASBIA,FOREST HILLS,NY,,,,,irs_990pf
NETWORK FOR AFRICA,LAJOLLA,CA,,,,,irs_990pf
ONE FAMILY,PHILADELPHIA,PA,,,,,irs_990pf
THE GOOD PEOPLE FUND,MILLBURN,NJ,,,,,irs_990pf
THE PEARL SAPOZNIK MEMORIAL FUND,BROOKLYN,NY,,,,,irs_990pf
US FUND FOR UNICEF,NEW YORK,NY,,,,,irs_990pf
NEW YORK THEATRE BALLET,NEW YORK,NY,,,,,irs_990pf
YOUNG ISRAEL OF BRIARWOOD,BRIARWOOD,NY,,,,,irs_990pf
ZAKA SEARCH AND RESCUE,NEW YORK,NY,,,,,irs_990pf
WBGO,NEWARK,NJ,,,,,irs_990pf
STAR OF TX RODEO,AUSTIN,TX,,,,,irs_990pf
COUNTRY MUSIC HALL OF FAME,NASHVILLE,TN,,,,,irs_990pf
ADAPTIVE SPORTS CENTER,CRESTED BUTTE,CO,,,,,irs_990pf
CENTER FOR THE ARTS,CRESTED BUTTE,CO,,,,,irs_990pf
COMMUNITY FOUNDATION,GUNNISON,CO,,,,,irs_990pf
GRAHAM HS BOOSTER CLUB,GRAHAM,NC,,,,,irs_990pf
SOCIETY OF HEALTH PE,FREDERICKSBURG,VA,,,,,irs_990pf
ST ANDREWS EPISOPAL SCHOOL,AUSTIN,TX,,,,,irs_990pf
STATESMAN SEASON FOR CARING,AUSTIN,TX,,,,,irs_990pf
QUEEN OF ALL SAINTS CHURH,CRESTED BUTTE,CO,,,,,irs_990pf
LIVING JOURNEYS,CRESTED BUTTE,CO,,,,,irs_990pf
REEL RECOVERY,NEEDHAM,MA,,,,,irs_990pf
SANGRE DE CRISTO ARTS CENTER,PUEBLO,CO,,,,,irs_990pf
YWCA,PUEBLO,CO,,,,,irs_990pf
CASA OF PUEBLO INC,PUEBLO,CO,,,,,irs_990pf
PUEBLO ZOO,PUEBLO,CO,,,,,irs_990pf
CSU-P FOUNDATION,PUEBLO,CO,,,,,irs_990pf
SANGRE DE CRISTO HOSPICE PALLIATI,PUEBLO,CO,,,,,irs_990pf
FRIENDLY HARBOR COMMUNITY CENTER,PUEBLO,CO,,,,,irs_990pf
JOHN NEUMANN CATHOLIC SCHOOL EDUCAT,PUEBLO,CO,,,,,irs_990pf
NATURE AND WILDLIFE DESCOVERY CENTE,BEULAH,CO,,,,,irs_990pf
YMCA CHILD CARE PROGRAM,PUEBLO,CO,,,,,irs_990pf
POSADA,PUEBLO,CO,,,,,irs_990pf
CHABAD MIAMI BEACH,MIAMI BEACH,FL,,,,,irs_990pf
MOUNT SINAI MEDICAL CENTER FOUNDATION,MIAMI BEACH,FL,,,,,irs_990pf
PEREZ ART MUSEUM MIAMI,MIAMI,FL,,,,,irs_990pf
TEMPLE BETH SHOLOM,MIAMI BEACH,FL,,,,,irs_990pf
TEMPLE EMANUEL,MIAMI BEACH,FL,,,,,irs_990pf
MIAMI HIGH BASKETBALL,MIAMI,FL,,,,,irs_990pf
CITY OF MIAMI BEACH,MIAMI BEACH,FL,,,,,irs_990pf
WOMEN OF TOMORROW,DORAL,FL,,,,,irs_990pf
BEST BUDDIES INTERNATIONAL,MIAMI,FL,,,,,irs_990pf
BIG DOG RANCH RESCUE INC,LOXAHATCHEE,FL,,,,,irs_990pf
CHABAD OF THE GABLES,CORAL GABLES,FL,,,,,irs_990pf
JACKSON HEALTH FOUNDATION,MIAMI,FL,,,,,irs_990pf
KEEP MEMORY ALIVE,LAS VEGAS,NV,,,,,irs_990pf
NATIONAL SOCIETY OF HEBREW DAY SCHOOL,BROOKLYN,NY,,,,,irs_990pf
TEMPLE MENORAH,MIAMI BEACH,FL,,,,,irs_990pf
YMCA CAMP FLAMING ARROW,HUNT,TX,,,,,irs_990pf
KERRVILLE S 4TH ON THE RIVER,KERRVILLE,TX,,,,,irs_990pf
SCHREINER UNIVERSITY,KERRVILLE,TX,,,,,irs_990pf
HILL COUNTRY ARTS FOUNDATION,INGRAM,TX,,,,,irs_990pf
BAYLOR UNIVERSITY,WACO,TX,,,,,irs_990pf
PATH NORTH,WASHINGTON,DC,,,,,irs_990pf
ANGELO STATE UNIVERSITY,SAN ANGELO,TX,,,,,irs_990pf
TEXAS STATE UNIVERSITY,SAN MARCOS,TX,,,,,irs_990pf
TEXAS A M CORPUS CHRISTI,CORPUS CHRISTI,TX,,,,,irs_990pf
HILL COUNTRY YOUTH ORCHESTRA,KERRVILLE,TX,,,,,irs_990pf
SAN ANTONIO ALAMO COLLEGE,SAN ANTONIO,TX,,,,,irs_990pf
UT HEALTH SCIENCE CENTER SAN ANTONIO,SAN ANTONIO,TX,,,,,irs_990pf
UNIVERSITY OF TEXAS AT AUSTIN,AUSTIN,TX,,,,,irs_990pf
ALAMO COLLEGE,KERVILLE,TX,,,,,irs_990pf
TARLETON STATE UNIVERSITY,STEPHENVILLE,TX,,,,,irs_990pf
KERRVILLE CHALK FESTIVAL,KERRVILLE,TX,,,,,irs_990pf
SYMPHONY OF THE HILLS,KERRVILLE,TX,,,,,irs_990pf
UNIVERSAL TECHNICAL INSTITUTE,IRVING,TX,,,,,irs_990pf
TEXAS TECH UNIVERSITY,LUBBOCK,TX,,,,,irs_990pf
TEXAS A M AT SAN ANTONIO,SAN ANTONIO,TX,,,,,irs_990pf
FIELDS AND FUTURES,Edmond,OK,,,,,irs_990pf
KERRVILLE PUBLIC SCHOOLS FOUNDATION,Kerrville,TX,,,,,irs_990pf
AUSTIN COLLEGE,SHERMAN,TX,,,,,irs_990pf
ST MARY S UNIVERSITY,SAN ANTONIO,TX,,,,,irs_990pf
AH HAA SCHOOL OF THE ARTS,TELLURIDE,CO,,,,,irs_990pf
TELLURIDE AIDS BENEFIT,TELLURIDE,CO,,,,,irs_990pf
HILL COUNTRY CHARITY BALL ASSOCIATION,Kerrville,TX,,,,,irs_990pf
SAN MIGUEL RESOURCE CENTER,TELLURIDE,CO,,,,,irs_990pf
TEXAS ARTS AND CRAFTS,HUNT,TX,,,,,irs_990pf
KERVILLE HOST LIONS CLUB,KERRVILLE,TX,,,,,irs_990pf
ALAMO COLLEGES - SAC,SAN ANTONIO,TX,,,,,irs_990pf
TELLURIDE COUNCIL FOR THE ARTS AND HUMANITIES,TELLURIDE,CO,,,,,irs_990pf
TEXAS CHRISTIAN UNIVERSITY,FORTH WORTH,TX,,,,,irs_990pf
THE UNIVERSITY OF MARY HARDIN - BAYLOR,BELTON,TX,,,,,irs_990pf
UNIVERSITY OF NORTH TEXAS,DENTON,TX,,,,,irs_990pf
ARCADIA LIVE,KERRVILE,TX,,,,,irs_990pf
BTWILSONHAL PETERSON MIDDLE SCHOOL PTO,KERRVILLE,TX,,,,,irs_990pf
CAPITAL OF TEXAS PUBLIC COMMUNICATIONS COUNCIL,AUSTIN,TX,,,,,irs_990pf
WORLD NEIGHBORS,OKLAHOMA CITY,OK,,,,,irs_990pf
NEW YORK ACADEMY OF ART,NEW YORK,NY,,,,,irs_990pf
SHUTER LIBRARY,ANGEL FIRE,NM,,,,,irs_990pf
LEAGUE OF WOMEN VOTERS OF OKLAHOMA,OKLAHOMA CITY,OK,,,,,irs_990pf
SOUTHWEST SCHOOL OF ART,SAN ANTONIO,TX,,,,,irs_990pf
TEXAS PUBLIC RADIO,SAN ANTONIO,TX,,,,,irs_990pf
TELLURIDE FOUNDATION,TELLURIDE,CO,,,,,irs_990pf
BIOLA UNIVERSITY,LA MIRADA,CA,,,,,irs_990pf
CAL STATE FRESNO,FRESNO,CA,,,,,irs_990pf
CAL STATE UNIVERSITY CHICO,CHICO,CA,,,,,irs_990pf
CAMPBELL,BISHOP,CA,,,,,irs_990pf
CLEAR CREEK BAPTIST BIBLE COLLEGE,PINEVILLE,KY,,,,,irs_990pf
COLORADO CHRISTIAN UNIVERSITY,LAKEWOOD,CO,,,,,irs_990pf
LIFE PACIFIC UNIVERSITY,SAN DIMAS,CA,,,,,irs_990pf
NATIVE AMERICAN CHRISTIAN ACADEMY,TUSCALOOSA,AL,,,,,irs_990pf
POINT LOMA NAZARENE UNIVERSITY,SAN DIEGO,CA,,,,,irs_990pf
UNITED METHODIST SOCIAL SERVICES,BISHOP,CA,,,,,irs_990pf
UNIVERSITY OF NEVADA RENO,RENO,NV,,,,,irs_990pf
VANGUARD UNIVERSITY,COSTA MESA,CA,,,,,irs_990pf
THE UNIVERSITY OF IOWA FOUNDATION,IOWA CITY,IA,,,,,irs_990pf
IOWA STATE UNIVERSITY FOUNDATION,AMES,IA,,,,,irs_990pf
AGAPE BROADCAST FOUNDATION,DALLAS,TX,,,,,irs_990pf
CAPITOL REGION LAND CONSERVATORY,RICHMOND,VA,,,,,irs_990pf
CARROLL-MADISON PUBLIC LIBRARY,BESSEMER,AL,,,,,irs_990pf
CORAL RESTORATION FOUNDATION,TAVERNIER,FL,,,,,irs_990pf
CUP OF LOVE MINISTRIES,EUREKA SPRINGS,AR,,,,,irs_990pf
EUREKA CHRISTIAN HEALTH OUTREACH,EUREKA SPRINGS,AR,,,,,irs_990pf
FLINT STREET FELLOWSHIP,EUREKA SPRINGS,AR,,,,,irs_990pf
FRIENDS OF NORTHUMBERLAND COUNTY ANIMAL SHELTER,WICOMICO CHURCH,VA,,,,,irs_990pf
HOLLIN MEADOWS PTA,ALEXANDRIA,VA,,,,,irs_990pf
KAINGA MUSIC,OCEANSIDE,CA,,,,,irs_990pf
NORTHUMBERLAND FAMILY YMCA,HEATHSVILLE,VA,,,,,irs_990pf
NORTHUMBERLAND PUBLIC LIBRARY,HEATHSVILLE,VA,,,,,irs_990pf
OZARK REGIONAL LAND TRUST,COLUMBIA,MO,,,,,irs_990pf
OZARK SOCIETY FOUNDATION,FARMINGTON,AR,,,,,irs_990pf
RANDOLPH MACON COLLEGE,ASHLAND,VA,,,,,irs_990pf
RICE S HOTELHUGHLETTS TAVERN FOUNDATION,HEATHSVILLE,VA,,,,,irs_990pf
RICHMOND SYMPHONY,RICHMOND,VA,,,,,irs_990pf
RIVER COUNTIES COMMUNITY FOUNDATION,KILMARNOCK,VA,,,,,irs_990pf
ST JAMES EPISCOPAL CHURCH,RICHMOND,VA,,,,,irs_990pf
THE BOLLES SCHOOL,JACKSONVILLE,FL,,,,,irs_990pf
THE COLLEGIATE SCHOOL,RICHMOND,VA,,,,,irs_990pf
THE GARDEN CLUB OF VIRGINIA,RICHMOND,VA,,,,,irs_990pf
THE LINK,KILMARNOCK,VA,,,,,irs_990pf
THE RICHMOND BALLET,RICHMOND,VA,,,,,irs_990pf
THE STEWARD SCHOOL,RICHMOND,VA,,,,,irs_990pf
UMMS FOUNDATION,BALTIMORE,MD,,,,,irs_990pf
UNIVERSITY OF VIRGINIA FUND,CHARLOTTESVILLE,VA,,,,,irs_990pf
UVA COLLEGE OF ARTS AND SCIENCES,CHARLOTTESVILLE,VA,,,,,irs_990pf
WICOMICO PARISH CHURCH,WICOMICO CHURCH,VA,,,,,irs_990pf
WORLD PEDIATRIC PROJECT,RICHMOND,VA,,,,,irs_990pf
DL-2019 WORKSHOP,,,,,,,irs_990pf
ST URSULA ACADEMY,TOLEDO,OH,,,,,irs_990pf
CONNECT COMMUNITY,HOUSTON,TX,,,,,irs_990pf
LAKE COUNTY YMCA,PAINESVILLE,OH,,,,,irs_990pf
UNIVERSITY HOSPITALS,CLEVELAND,OH,,,,,irs_990pf
CLEVELAND ORCHESTRA,CLEVELAND,OH,,,,,irs_990pf
LAUREL LAKE FOUNDATION,HUDSON,OH,,,,,irs_990pf
AKRON SYMPHONY ORCHESTRA,AKRON,OH,,,,,irs_990pf
ALZHEIMERS ASSOC,HUDSON,OH,,,,,irs_990pf
GOODWILL,AKRON,OH,,,,,irs_990pf
FLEA THEATRE PLAYWRIGHTS,NEW YORK,NY,,,,,irs_990pf
KAYLIE YESTER,WHITE OAK,PA,,,,,irs_990pf
MIDLAND MEMORIAL FOUNDATION,MIDLAND,TX,,,,,irs_990pf
CROSSVIEW CHRISTIAN CAMP AND RETREA,DICKENS,TX,,,,,irs_990pf
TEXAS AM FOUNDATION,COLLEGE STATION,TX,,,,,irs_990pf
BOYS AND GIRLS CLUB,BRYAN,TX,,,,,irs_990pf
SOS MINISTRIES,BRYAN,TX,,,,,irs_990pf
ST THOMAS EARLY LEARNING CENTER,COLLEGE STATION,TX,,,,,irs_990pf
CHI ST JOSEPH,BRYAN,TX,,,,,irs_990pf
RANCH THERAPEUTIC RIDING CTR,MCGREGOR,TX,,,,,irs_990pf
LAURA W BUSH INST FOR WOMEN S HEALT,LUBBOCK,TX,,,,,irs_990pf
BRAZOS VALLEY CAVALRY YOUTH SOCCER,COLLEGE STATION,TX,,,,,irs_990pf
ODESSA COLLEGE FOUNDATION,ODESSA,TX,,,,,irs_990pf
BRAZOS COUNTY DIST 2 VOLUNTEER FIRE,BRYAN,TX,,,,,irs_990pf
STILLCREEK RANCH,BRYAN,TX,,,,,irs_990pf
REFLECTION MINISTRIES OF TEXAS,MIDLAND,TX,,,,,irs_990pf
BUCKNER FOUDNATION,PRAIRIE VILLAGE,KS,,,,,irs_990pf
AMERICANS FOR OXFORD,NEW YORK,NY,,,,,irs_990pf
LAWNDALE WESLEYAN CHURCH,LAWNDALE,CA,,,,,irs_990pf
MALIBU COMMUNITY LABOR EXCHANGE BOARD,MALIBU,CA,,,,,irs_990pf
ONE MISSION SOCIETY,GREENWOOD,IN,,,,,irs_990pf
PROJECT ANGEL FOOD,LOS ANGELES,CA,,,,,irs_990pf
SERRA RETREAT,MALIBU,CA,,,,,irs_990pf
SPOKEN WORLDWIDE,DALLAS,TX,,,,,irs_990pf
ST AIDANS EPISCOPAL CHURCH,MALIBU,CA,,,,,irs_990pf
TABERNACLE BAPTIST CHURCH,BIRMINGHAM,AL,,,,,irs_990pf
THE SEED COMPANY,ARLINGTON,TX,,,,,irs_990pf
TRINITY EPISCOPAL SCHOOL,MARSHALL,TX,,,,,irs_990pf
ST MARY S SCHOOL PARISH,GLASGOW,MO,,,,,irs_990pf
GLASGOW HIGH SCHOOL,GLASGOW,MO,,,,,irs_990pf
GLASGOW REC CENTER,GLASGOW,MO,,,,,irs_990pf
HAWKEYE AREA COUNCIL BOY SCOUTS,CEDAR RAPIDS,IA,,,,,irs_990pf
JEFFERSON COUNTY EXTENSION SERVUCES,FAIRFIELD,IA,,,,,irs_990pf
AMERICAN LUNG ASSOCIATION IN WEST VIRGINIA,EAST CHARLESTON,WV,,,,,irs_990pf
UKRAINIAN NATIONAL WOMEN S LEAGUE,NEW YORK,NY,,,,,irs_990pf
ST JOSEPH SCHOOL,NEW LONDON,CT,,,,,irs_990pf
ASPIRUS HEALTH FOUNDATION,WAUSAU,WI,,,,,irs_990pf
WESTMINSTER PRESBYTERIAN CHURCH,PITTSBURGH,PA,,,,,irs_990pf
OPTIONS IN AGING,Narberth,PA,,,,,irs_990pf
MEDSTAR UNION MEMORIAL HOSPITAL,BALTIMORE,MD,,,,,irs_990pf
LAUGHLIN MEMORIAL,PITTSBURGH,PA,,,,,irs_990pf
AMELIA VOLUNTEER FIRE DEPT,Amelia,VA,,,,,irs_990pf
CENTER FOR BIOLOGICAL DIVERSITY,Tucson,AZ,,,,,irs_990pf
COLLEGIATE SCHOOL,Richmond,VA,,,,,irs_990pf
JEWISH COMMUNITY FEDERATION OF RICHMOND,Richmond,VA,,,,,irs_990pf
NORTH TAHOE HEBREW CONGREGATION,Tahoe Vista,CA,,,,,irs_990pf
POWATAN VOL FIRE DEPT,Powatan,VA,,,,,irs_990pf
SEA EDUCATION ASSOCIATION,Falmouth,MA,,,,,irs_990pf
UNTAMED SPIRIT,Virginia Beach,VA,,,,,irs_990pf
WILDLIFE CONSERVATION SOCIETY,Bronx,NY,,,,,irs_990pf
GIRL SCOUTS OF NORTHEASTERN NEW YORK,ALBANY,NY,,,,,irs_990pf
JOHN DEVOE,SEASIDE HEIGHTS,NJ,,,,,irs_990pf
MICHAEL MILLER,EAST ISLIP,NY,,,,,irs_990pf
SEAMEN S CHURCH INSTITUTE OF NY AND NJ,NEW YORK,NY,,,,,irs_990pf
THOMAS PICURRO,TOMS RIVER,NJ,,,,,irs_990pf
UNITED STATES POWER SQUADRON - DISTRICT 3,PATCHOGUE,NY,,,,,irs_990pf
UNION AID SOCIETY,SEWICKLEY,PA,,,,,irs_990pf
LIGHT OF LIFE MINISTRIES INC,PITTSBURGH,PA,,,,,irs_990pf
EAST LIBERTY FAMILY HEALTH CARE,PITTSBURGH,PA,,,,,irs_990pf
CHRISTIANA CARE HEALTH SYSTEM,NEWARK,DE,,,,,irs_990pf
MESSIAH ENGLISH LUTHERAN CHURCH,BALTIMORE,MD,,,,,irs_990pf
JACKSON CHRISTIAN CHURCH,JACKSON,OH,,,,,irs_990pf
CHRISTUS SPOHN HEALTH SYSTEM FDN,CORPUS CHRISTI,TX,,,,,irs_990pf
COASTAL BEND COMMUNITY FOUNDATION,CORPUS CHRISTI,TX,,,,,irs_990pf
CORPUS CHRISTI SYMPHONY,CORPUS CHRISTI,TX,,,,,irs_990pf
DRISCOLL CHILDREN S HOSPITAL,CORPUS CHRISTI,TX,,,,,irs_990pf
SALVATION ARMY - CORPUS CHRISTI,CORPUS CHRISTI,TX,,,,,irs_990pf
SOUTH TEXAS PUBLIC BROADCASTING,CORPUS CHRISTI,TX,,,,,irs_990pf
ST PATRICK S CHURCH,CORPUS CHRISTI,TX,,,,,irs_990pf
UNIVERSITY OF WISCONSIN FOUNDATION,MADISON,WI,,,,,irs_990pf
UNIVERSITY OF WISCONSIN-OSHKOSH FDN,OSHKOSH,WI,,,,,irs_990pf
ST JOHN PAUL II HIGH SCHOOL,CORPUS CHRISTI,TX,,,,,irs_990pf
CORPUS CHRISTI HOPE HOUSE INC,CORPUS CHRISTI,TX,,,,,irs_990pf
MISSION 911,CORPUS CHRISTI,TX,,,,,irs_990pf
ARCHDIOCESE OF MILWAUKEE,MILWAUKEE,WI,,,,,irs_990pf
MILWAUKEE PUBLIC MUSEUM,MILWAUKEE,WI,,,,,irs_990pf
MILWAUKEE REPERTORY THEATER,MILWAUKEE,WI,,,,,irs_990pf
WOMANS CLUB OF WISCONSIN FOUNDATION INC,MILWAUKEE,WI,,,,,irs_990pf
MILWAUKEE SYMPHONY ORCHESTRA INC,MILWAUKEE,WI,,,,,irs_990pf
SAINT JOHN S COMMUNITIES FOUNDATION INC,MILWAUKEE,WI,,,,,irs_990pf
WISCONSIN HUMANE SOCIETY,MILWAUKEE,WI,,,,,irs_990pf
LAKE AREA FREE CLINIC,OCONOMOWOC,WI,,,,,irs_990pf
HOLY MARTYRS DAY SCHOOL,ENCINO,CA,,,,,irs_990pf
HOMENETMEN,GLENDALE,CA,,,,,irs_990pf
ROSE AND ALEX PILIBOS ARMENIAN SCHOOL,LOS ANGELES,CA,,,,,irs_990pf
ACADEMY KENTRON USA,GLENDALE,CA,,,,,irs_990pf
MILL MEMORIAL LIBRARY,WILKESBARRE,PA,,,,,irs_990pf
GEISINGER BLOOMSBURG HOSPITAL,BLOOMSBURG,PA,,,,,irs_990pf
LIME RIDGE UNITED METHODIST CHURCH,BLOOMSBURG,PA,,,,,irs_990pf
LYCOMING COLLEGE,WILLIAMSPORT,PA,,,,,irs_990pf
BRADLEY UNIVERSITY,PEORIA,IL,,,,,irs_990pf
1ST PRESBYTERIAN CHURCH,SEYMOUR,IN,,,,,irs_990pf
ARENA STAGE,Washington,DC,,,,,irs_990pf
GREYSTON FOUNDATION,Yonkers,NY,,,,,irs_990pf
AFYA FOUNDATION,Yonkers,NY,,,,,irs_990pf
GRACE COTTAGE HOSPITAL,Townshend,VT,,,,,irs_990pf
USDAN CENTER SUMMER CAMP FOR THE ARTS,New York,NY,,,,,irs_990pf
CHIEF S FUND,Hopkinton,NH,,,,,irs_990pf
SIDWELL FRIENDS SCHOOL,Washington,DC,,,,,irs_990pf
MOUNT SINAI ADOLESCENT HEALTH CENTER,New York,NY,,,,,irs_990pf
CENTER FOR REPRODUCTIVE RIGHTS,New York,NY,,,,,irs_990pf
UNTERMEYER GARDEN CONSERVANCY,Yonkers,NY,,,,,irs_990pf
JEWISH HISTORICAL SOCIETY OF GREATER WASHINGTON,Washington,DC,,,,,irs_990pf
WAVE HILL,Bronx,NY,,,,,irs_990pf
KENA SHRINERS,Merrifield,VA,,,,,irs_990pf
MONTGOMERY COLLEGE FOUNDATION,Rockville,MD,,,,,irs_990pf
PLANNED PARENTHOOD ACTION FUND,Washington,DC,,,,,irs_990pf
WESTHAB,Yonkers,NY,,,,,irs_990pf
RMHAMOSAIC MENTAL HEALTH,Bronx,NY,,,,,irs_990pf
HUMANE RESCUE ALLIANCE,Washington,DC,,,,,irs_990pf
WASHINGTON BALTIMORE CENTER FOR PSYCHOANALYSIS,Washington,DC,,,,,irs_990pf
NYOS CHARTER SCHOOL FOR THE CHAMPION PROGRAM,Austin,TX,,,,,irs_990pf
CARITAS OF AUSTIN,Austin,TX,,,,,irs_990pf
BERWYN HEIGHTS ELEMENTARY SCHOOL,Berwyn Heights,MD,,,,,irs_990pf
EXTRA-ORDINARY BIRTHDAYS INC,College Park,MD,,,,,irs_990pf
RAICES,San Antonio,TX,,,,,irs_990pf
THE SURVIVOR FUND NYU PROGRAM FOR SURVIVORS OF TORTURE,New York,NY,,,,,irs_990pf
RIVERDALE NEIGHBORHOOD HOUSE,Bronx,NY,,,,,irs_990pf
DUKE ELLINGTON SCHOOL FOR THE ARTS,Washington,DC,,,,,irs_990pf
TEXAS PARKS WILDLIFE FOUNDATION,Dallas,TX,,,,,irs_990pf
CAPE COD CHILDRENS PLACE,North Eastham,MA,,,,,irs_990pf
CASA OF TRAVIS COUNTY,Austin,TX,,,,,irs_990pf
GESU HOUSING,OMAHA,NE,,,,,irs_990pf
NET FOUNDATION,OMAHA,NE,,,,,irs_990pf
OMAHA COMMUNITY FOUNDATION,OMAHA,NE,,,,,irs_990pf
HABITAT FOR HUMANITY,OMAHA,NE,,,,,irs_990pf
PROJECT HARMONY,OMAHA,NE,,,,,irs_990pf
FREMONT AREA UNITED WAY,FREMONT,NE,,,,,irs_990pf
CHILD SAVINGS INSTITUTE,OMAHA,NE,,,,,irs_990pf
CHURCH OF THE REDEEMER,PITTSBURGH,PA,,,,,irs_990pf
MASONIC VILLAGES OF THE GRAND LODGE OF,ELIZABETHTOWN,PA,,,,,irs_990pf
AIM ACADEMY,CONSHOHOCKEN,PA,,,,,irs_990pf
AISH CHAIM,BALA CYNWYD,PA,,,,,irs_990pf
ART SPHERE INC,PHILADELPHIA,PA,,,,,irs_990pf
ASSOC FOR ADULTS WITH DEVEL DISABILITIES,JENKINTOWN,PA,,,,,irs_990pf
BETHANNA,SOUTHAMPTON,PA,,,,,irs_990pf
BETHANY CHRISTIAN SERVICES,ELKINS PARK,PA,,,,,irs_990pf
BROAD STREET MINISTRY,PHILADELPHIA,PA,,,,,irs_990pf
CAMP RONALD MCDONALD,LOS ANGELES,CA,,,,,irs_990pf
CATHOLIC CHARITIES APPEAL,PHILADELPHIA,PA,,,,,irs_990pf
CHILDREN S SCHOLARSHIP FUND PHILADELPHIA,PHILADELPHIA,PA,,,,,irs_990pf
CHORDOMA FOUNDATION,DURHAM,NC,,,,,irs_990pf
CLARKE PENNSYLVANIA INC,PHILADELPHIA,PA,,,,,irs_990pf
DANCING CLASSROOMS PHILLY,PHILADELPHIA,PA,,,,,irs_990pf
DEVELOPMENT CORPORATION FOR ISRAEL,PHILADELPHIA,PA,,,,,irs_990pf
DREXEL UNIVERSITY,PHILDELPHIA,PA,,,,,irs_990pf
DREXEL UNIVERSITY HILLEL,PHILADELPHIA,PA,,,,,irs_990pf
EASTERN PA CHAPTER NATIONAL HEMOPHILIA,SPRINGFIELD,PA,,,,,irs_990pf
FAMILIES BEHIND THE BADGE CHILDREN S FOUNDATION,PHILADELPHIA,PA,,,,,irs_990pf
FRANCISVALE HOME FOR SMALLER ANIMALS,RADNOR,PA,,,,,irs_990pf
FRIENDS OF AACR,PHILADELPHIA,PA,,,,,irs_990pf
FRIENDS OF UNITED HATZALAH OF ISRAEL,NEW YORK,NY,,,,,irs_990pf
GREATER PHILADELPHIA VETERANS NETWORK,ARDMORE,PA,,,,,irs_990pf
GREEN VALLEY COUNTRY CLUB,LAFAYETTE HILL,PA,,,,,irs_990pf
GUY M STEWART CANCER FUND INC,BROOKLYN,NY,,,,,irs_990pf
INTERNATIONAL OCD FOUNDATION,BOSTON,MA,,,,,irs_990pf
ISRAEL GUIDE DOG CENTER FOR THE BLIND,WARRINGTON,PA,,,,,irs_990pf
JAFCO,BALA CYNWYD,PA,,,,,irs_990pf
JEVS HUMAN SERVICES,PHILADELPHIA,PA,,,,,irs_990pf
JEWISH RELIEF AGENCY,BALA CYNWYD,PA,,,,,irs_990pf
JOHN HOPKINS UNIVERSITY,BALTIMORE,MD,,,,,irs_990pf
JOSEPH GALLAGHER,PHILADELPHIA,PA,,,,,irs_990pf
KELSEY S KALEIDOSCOPE INC,CHERRY HILL,NJ,,,,,irs_990pf
KOSLOFF TORAH ACADEMY,BALA CYNWYD,PA,,,,,irs_990pf
LANKENAU MEDICAL CENTER FOUNDATION,WYNNEWOOD,PA,,,,,irs_990pf
LUBAVITCH HOUSE AT PENN,PHILADELPHIA,PA,,,,,irs_990pf
MACCABI USA,PHILADELPHIA,PA,,,,,irs_990pf
MIGHTY WRITERS,PHILADELPHIA,PA,,,,,irs_990pf
MUSICOPIA,PHILADELPHIA,PA,,,,,irs_990pf
OC-87 INC,PHILADELPHIA,PA,,,,,irs_990pf
PHILADANCO,PHILADELPHIA,PA,,,,,irs_990pf
PHILADELPHIA HOSPITALITY,PHILADELPNIA,PA,,,,,irs_990pf
PHILADELPHIA MUSIC ALLIANCE,PHILADELPHIA,PA,,,,,irs_990pf
PHILADELPHIA RONALD MCDONALD HOUSE,PHILADELPHIA,PA,,,,,irs_990pf
THE GARAGE,KENNETT SQUARE,PA,,,,,irs_990pf
THE GRAYSON SCHOOL,BROOMALL,PA,,,,,irs_990pf
THE PHILADELPHIA COMMUNITY KOLLEL,MERION STATION,PA,,,,,irs_990pf
THE REFLECT ORGANIZATION,PHILADELPHIA,PA,,,,,irs_990pf
TIKVAH-AJMI,PHILADELPHIA,PA,,,,,irs_990pf
TRUSTEES OF THE UNIV OF PENNA,PHILADELPHIA,PA,,,,,irs_990pf
UNION FIRE ASSOCIATION - BALA CYNWYD,BALA CYNWYD,PA,,,,,irs_990pf
ZIONIST ORGANIZATION OF AMERICA,NEW YORK,NY,,,,,irs_990pf
VOLUNTEERS IN MEDICINE CLINIC,HILTON HEAD ISLAND,SC,,,,,irs_990pf
KENNETH KERRN,ELKHART,IN,,,,,irs_990pf
SEROCZYNSKI TYLER,GRANGER,IN,,,,,irs_990pf
CARL FISHER,MISHAWAKA,IN,,,,,irs_990pf
ROSS KIRKTON,MIDDLEBURY,IN,,,,,irs_990pf
JACKSON JOYCE,SOUTH BEND,IN,,,,,irs_990pf
PATRICK J ERNST,GRANGER,IN,,,,,irs_990pf
PATRICK PIESYK,SOUTH BEND,IN,,,,,irs_990pf
JESSE LEE MEMORIAL UMC,RIDGEFIELD,CT,,,,,irs_990pf
UNIVERSITY OF FLORIDA,GAINESVILLE,FL,,,,,irs_990pf
THE SUNSHINE PROJECT,PALM BEACH GARDENS,FL,,,,,irs_990pf
PALM BEACH STATE COLLEGE,PALM BEACH GARDENS,FL,,,,,irs_990pf
GEORGIA INTITUTE OF TECHNOLOGY,ATLANTA,GA,,,,,irs_990pf
FLORIDA INTERNATIONAL UNIVERSITY,MAIMI,FL,,,,,irs_990pf
KINDOO FAMILY CENTER,INDIANTOWN,FL,,,,,irs_990pf
THE MICHAEL J FOX FOUNDATION,NEW YORK,NY,,,,,irs_990pf
AUTISM SOCIETY OF GREATER CINCINNAT,MILFORD,OH,,,,,irs_990pf
FAIRHAVEN CHURCH,HUDSONVILLE,MI,,,,,irs_990pf
SAFE HARBOR HOUSE,SPRINGFIELD,OH,,,,,irs_990pf
LEVITT PAVLION,DAYTON,OH,,,,,irs_990pf
CINCINNATI ORATORY,CINCINNATI,OH,,,,,irs_990pf
THE BECKET FUND FOR RELIGIOUS LIBER,WASHINGTON,DC,,,,,irs_990pf
NOTRE DAME SCHOOL,DALLAS,TX,,,,,irs_990pf
FUNK ZITIELLO FOUNDATION,PONTE VEDRA BEACH,FL,,,,,irs_990pf
LIFE LINE SHELTER FOR FAMILIES,GRAND PRAIRIE,TX,,,,,irs_990pf
COMMITTEE ON CHURCH COOPERATION,DECATUR,AL,,,,,irs_990pf
DUNCANVILLE OUTREACH MINISTRY,DUNCANVILLE,TX,,,,,irs_990pf
IN THE PINK,JACKSONVILLE,FL,,,,,irs_990pf
DAYMARK LIVING,WAXAHACHIE,TX,,,,,irs_990pf
HAMILTON COLLEGE-TRUSTEES,CLINTON,NY,,,,,irs_990pf
ROCKY MOUNTAIN PBS,DENVER,CO,,,,,irs_990pf
TROUT UNLIMITED,DENVER,CO,,,,,irs_990pf
PHEASANTS FOREVER,ST PAUL,MN,,,,,irs_990pf
MAPLETON PUBLIC SCHOOLS,DENVER,CO,,,,,irs_990pf
ALZHEIMER S ASSOC,CHICAGO,IL,,,,,irs_990pf
HALLANDALE BEACH-AVENTURA ROTARY FOUNDATION INC,Aventura,FL,,,,,irs_990pf
HALLANDALE COMMUNITY COUNCIL SCHOLARSHIP FUND INC,Hallandale,FL,,,,,irs_990pf
HILLSTROM MUSEUM OF ART GUSTAVUS ADOLPHUS COLLEGE,SAINT PETER,MN,,,,,irs_990pf
LOEB ART CENTER VASSAR COLLEGE,POUGHKEEPSIE,NY,,,,,irs_990pf
ST BERNARD SCHOOL,BRADFORD,PA,,,,,irs_990pf
ARCHDIOCESE OF GALVESTON-HOUSTON,HOUSTON,TX,,,,,irs_990pf
AMERICAN RED CROSS,HOUSTON,TX,,,,,irs_990pf
YUBA ENVIRONMENTAL SCIENCE CHARTER,OREGON HOUSE,CA,,,,,irs_990pf
COVENANT HOUSE TEXAS,HOUSTON,TX,,,,,irs_990pf
PAN MASSACHUSETTS CHALLENGE INC,NEEDHAM,MA,,,,,irs_990pf
ST AIDAN S EPISCOPAL CHURCH,BOULDER,CO,,,,,irs_990pf
NSDA,ITASCA,IL,,,,,irs_990pf
TREASURELAND PRESCHOOL,DENVER,CO,,,,,irs_990pf
FOSS,DENVER,CO,,,,,irs_990pf
UNIVERSITY OF COLORADO FOUNDATION,BOULDER,CO,,,,,irs_990pf
KATA FOUNDATION,LITTLETON,CO,,,,,irs_990pf
DESTINATION IMAGINATION,CHERRY HILL,NJ,,,,,irs_990pf
REACH OUT READ COLO,DENVER,CO,,,,,irs_990pf
SPECIAL OLYMPICS CO,ENGLEWOOD,CO,,,,,irs_990pf
RONALD MCDONALD HOUSE,DENVER,CO,,,,,irs_990pf
CRAIG HOSPITAL FOUNDATION,ENGLEWOOD,CO,,,,,irs_990pf
GRALAND COUNTRY DAY SCHOOL,DENVER,CO,,,,,irs_990pf
EVANS SCHOLARS FOUNDATION,GOLF,IL,,,,,irs_990pf
SMALL CHAMPIONS,VAIL,CO,,,,,irs_990pf
CHILDREN S COLO FOUNDATION,AURORA,CO,,,,,irs_990pf
GREATER CHICAGO FOOD DEPOSITORY,CHICAGO,IL,,,,,irs_990pf
COLO GOLF FOUNDATION,GREENWOOD VILLAGE,CO,,,,,irs_990pf
NHRA,POMONA,CA,,,,,irs_990pf
APERTURE FOUNDATION,NEW YORK,NY,,,,,irs_990pf
ART 21,NEW YORK,NY,,,,,irs_990pf
ARTISTS IMAGE RESOURCE,PITTSBURGH,PA,,,,,irs_990pf
AUBERLE,MCKEESPORT,PA,,,,,irs_990pf
BEND THE ARC,NEW YORK,NY,,,,,irs_990pf
CAMP RAMAH,NEW YORK,NY,,,,,irs_990pf
CENTRAL EAST NCSY,SOUTHFIELD,MI,,,,,irs_990pf
CHASDEI AVOS INC,PASSAIC,NJ,,,,,irs_990pf
COMMUNITY DAY SCHOOL,PITTSBURGH,PA,,,,,irs_990pf
CONGREGATION BETH SHALOM,PITTSBURGH,PA,,,,,irs_990pf
EDUCATION LAW CENTER,PHILADELPHIA,PA,,,,,irs_990pf
HILLEL DAY SCHOOL,PITTSBURGH,PA,,,,,irs_990pf
HOUSINGPLUS,NEW YORK,NY,,,,,irs_990pf
KOLLEL,PITTSBURGH,PA,,,,,irs_990pf
MADISON SQUARE PARK CONSERVANCY,NEW YORK,NY,,,,,irs_990pf
MECHON HADAR,NEW YORK,NY,,,,,irs_990pf
MOVING TRADITIONS,JENKINTOWN,PA,,,,,irs_990pf
NER ISRAEL COLLEGE,BALTIMORE,MD,,,,,irs_990pf
PARDES INSTITUTE OF JEWISH STUDIES,,,,,,,irs_990pf
PROJECT KESHER,HARRISON,NY,,,,,irs_990pf
SHAARE TORAH CONGREGATION,PITTSBURGH,PA,,,,,irs_990pf
STANLEY M MARKS BLOOD CANCER RESEARCH FUND,PITTSBURGH,PA,,,,,irs_990pf
THE BROTHERHOOD SYNAGOGUE,NEW YORK,NY,,,,,irs_990pf
THE STUDIO MUSEUEM,NEW YORK,NY,,,,,irs_990pf
UJA FOUNDATION OF NEW YORK,NEW YORK,NY,,,,,irs_990pf
UNITED INSTITUTION OF KARLIN STOLIN,BROOKLYN,NY,,,,,irs_990pf
UNITED JEWISH FEDERATION OF GREATER PITTSBURGH,PITTSBURGH,PA,,,,,irs_990pf
VIA ART FUND INC,BOSTON,MA,,,,,irs_990pf
QUAD CITY SYMPHONY,DAVENPORT,IA,,,,,irs_990pf
LYRIC OPERA OF CHICAGO,CHICAGO,IL,,,,,irs_990pf
TRINITY EPISCOPAL CATHEDRAL,DAVENPORT,IA,,,,,irs_990pf
HUMILITY OF MARY SHELTER,DAVENPORT,IA,,,,,irs_990pf
ST ANTHONY S CHURCH - FOOD PANTRY,DAVENPORT,IA,,,,,irs_990pf
LIVING LANDS AND WATERS,EAST MOLINE,IL,,,,,irs_990pf
DAVIDSON COLLEGE,DAVIDSON,NC,,,,,irs_990pf
PLANNED PARENTHOOD OF INDIANA,INDIANAPOLIS,IN,,,,,irs_990pf
FOOD BANK OF NORTHERN INDIANA,SOUTH BEND,IN,,,,,irs_990pf
HARVESTERS - THE COMMUNITY FOOD NET,KANSAS CITY,MO,,,,,irs_990pf
MUSC FOUNDATION,CHARLESTON,SC,,,,,irs_990pf
CAPITAL AREA FOOD BANK,WASHINGTON,DC,,,,,irs_990pf
NATIONAL SYMPHONY ORCHESTRA,ARLINGTON,VA,,,,,irs_990pf
HELP LEGAL ASSISTANCE,DAVENPORT,IA,,,,,irs_990pf
AGAINST MALARIA FOUNDATION,PHILADELPHIA,PA,,,,,irs_990pf
CITY UNION MISSION,KANSAS CITY,MO,,,,,irs_990pf
BETTENDORF PUBLIC LIBRARY FOUNDATIO,BETTENDORF,IA,,,,,irs_990pf
SALVATION ARMY,DAVENPORT,IA,,,,,irs_990pf
PAULINE E MAYERS SHELTER,OKLAHOMA CITY,OK,,,,,irs_990pf
CASA OF OKLAHOMA COUNTY,OKLAHOMA CITY,OK,,,,,irs_990pf
SALEM VOLUNTEER FIRE DEPARTMENT,BRENHAM,TX,,,,,irs_990pf
LATIUM WESLEY VOLUNTEER FIRE DEPARTMENT,BURTON,TX,,,,,irs_990pf
PROPERTY RESCUE PEOPLES DE,ROMULUS,MI,,,,,irs_990pf
T OFF FOR AUTISM,BROOKLYN,NY,,,,,irs_990pf
ACTORS FUND,NEW YORK,NY,,,,,irs_990pf
BIG BROTHERS BIG SISTERS,LEVITTOWN,NY,,,,,irs_990pf
JUVENILE DIABETES RESEARCH FOUNDATI,NEW YORK,NY,,,,,irs_990pf
CURE DYSTONIA,FARMINGDALE,NY,,,,,irs_990pf
MISC UNDER 1000,St James,NY,,,,,irs_990pf
LAWRENCE FAMILY JCC,LA JOLLA,CA,,,,,irs_990pf
AVAILABLE UPON REQUEST,JERICHO,NY,,,,,irs_990pf
BLESSED SACRAMENT SCHOOL,HOLLYWOOD,CA,,,,,irs_990pf
BRAILLE INSTITUTE OF AMERICA INC,LOS ANGELES,CA,,,,,irs_990pf
CAMBRIDGE IN AMERICA,NEW YORK,NY,,,,,irs_990pf
CLAREMONT INSTITUTE FOR THE STUDY O,UPLAND,CA,,,,,irs_990pf
EXCEPTIONAL MINDS,SHERMAN OAKS,CA,,,,,irs_990pf
GUIDE DOGS FOR THE BLIND,SAN RAFAEL,CA,,,,,irs_990pf
HOSPITALLER FOUNDATION OF CALIFORNI,LOS ANGELES,CA,,,,,irs_990pf
HUNTINGTON LIBRARY,SAN MARINO,CA,,,,,irs_990pf
JESUIT HIGH SCHOOL,CARMICHAEL,CA,,,,,irs_990pf
JESUITS CALIFORNIA PROVINCE,LOS GATOS,CA,,,,,irs_990pf
KEY CLASS- SOCIAL SKILLS AMERICA,SANTA BARBARA,CA,,,,,irs_990pf
MUSIC CENTER FOUNDERS,LOS ANGELES,CA,,,,,irs_990pf
LOS ANGELES ORPHANAGE GUILD,LOS ANGELES,CA,,,,,irs_990pf
LOS ANGELES PHILHARMONIC ASSOCIATIO,LOS ANGELES,CA,,,,,irs_990pf
LAS MADRINAS,LOS ANGELES,CA,,,,,irs_990pf
LOYOLA HIGH SCHOOL,LOS ANGELES,CA,,,,,irs_990pf
MARYMOUNT HIGH SCHOOL,LOS ANGELES,CA,,,,,irs_990pf
MD ANDERSON- CHILDREN S ART PROJECT,HOUSTON,TX,,,,,irs_990pf
PAWS FOR PURPLE HEARTS,ROHNERT PARK,CA,,,,,irs_990pf
RONALD REAGAN PRESIDENTIAL FOUNDATI,SIMI VALLEY,CA,,,,,irs_990pf
SEE INTERNATIONAL,SANTA BARBARA,CA,,,,,irs_990pf
SISTERS SERVANTS OF MARY MINISTERS,LOS ANGELES,CA,,,,,irs_990pf
SAINT JOSEPH CENTER,VENICE,CA,,,,,irs_990pf
US DEPARTMENT OF STATE,WASHINGTON,DC,,,,,irs_990pf
USC CARUSO CATHOLIC CENTER,LOS ANGELES,CA,,,,,irs_990pf
USC LIBRARIES,LOS ANGELES,CA,,,,,irs_990pf
USC NORRIS COMPREHENSIVE CANCER CEN,LOS ANGELES,CA,,,,,irs_990pf
VERBUM DEI HIGH SCHOOL,LOS ANGELES,CA,,,,,irs_990pf
VINCENTIAN FATHERS AND BROTHERS,EARTH CITY,MO,,,,,irs_990pf
YOUNG AMERICAN S FOUNDATION,SANTA BARBARA,CA,,,,,irs_990pf
LA PHILHARMONIC YOUNG COMPOSERS,LOS ANGELES,CA,,,,,irs_990pf
INTERNATIONAL ORGANIZATION FOR THE,ROCKFORD,IL,,,,,irs_990pf
NEW CLASSROOMS INNOVATION PARTNERS INC,NEW YORK,NY,,,,,irs_990pf
FRESH LIFELINES FOR YOUTH INC,MILPITAS,CA,,,,,irs_990pf
OAKLAND PUBLIC EDUCATION FUND,OAKLAND,CA,,,,,irs_990pf
RIVERDALE COUNTRY SCHOOL INC,BRONX,NY,,,,,irs_990pf
ENVISION EDUCATION INC,OAKLAND,CA,,,,,irs_990pf
NEWSCHOOLS VENTURE FUND,OAKLAND,CA,,,,,irs_990pf
NEW TEACHER CENTER,SANTA CRUZ,CA,,,,,irs_990pf
UNBOUNDED LEARNING INC,BALTIMORE,MD,,,,,irs_990pf
THE EDIBLE SCHOOLYARD PROJECT,BERKELEY,CA,,,,,irs_990pf
CITIZEN SCHOOLS INC,BOSTON,MA,,,,,irs_990pf
BUSINESSES UNITED IN INVESTING LENDING AND DEVELOPMENT BUILD,REDWOOD CITY,CA,,,,,irs_990pf
EAST BAY COLLEGE FUND,OAKLAND,CA,,,,,irs_990pf
EDUCATION OUTSIDE,SAN FRANCISCO,CA,,,,,irs_990pf
COLLEGESPRING INC,OAKLAND,CA,,,,,irs_990pf
CALIFORNIA COUNCIL ON SCIENCE TECHNOLOGY,SACRAMENTO,CA,,,,,irs_990pf
CENTER FOR CURRICULUM REDESIGN,BOSTON,MA,,,,,irs_990pf
EDUCATE78,OAKLAND,CA,,,,,irs_990pf
GENETICS SOCIETY OF AMERICA INC,ROCKVILLE,MD,,,,,irs_990pf
INQUIRING SYSTEMS INC,SANTA ROSA,CA,,,,,irs_990pf
STRATEGIC EDUCATION RESEARCH PARTNERSHIP INSTITUTE,WASHINGTON,DC,,,,,irs_990pf
SURGE INSTITUTE,CHICAGO,IL,,,,,irs_990pf
SPECIAL HOCKEY MONTGOMERY,BETHESDA,MD,,,,,irs_990pf
THE SPECIAL OPERATIONS FUND,ARLINGTON,VA,,,,,irs_990pf
DRIVEN TO CURE,SILVER SPRING,MD,,,,,irs_990pf
ST PAUL S SCHOOL,HOUSTON,TX,,,,,irs_990pf
THE HOMESTEAD FOUNDATION,ATLANTA,GA,,,,,irs_990pf
HIGH MOUNTAIN INSTITUTE,LEADVILLE,CO,,,,,irs_990pf
HUN SCHOOL OF PRINCETON,PRINCETON,NJ,,,,,irs_990pf
NANTUCKET ATHENEUM,NANTUCKET,MA,,,,,irs_990pf
NANTUCKET COTTAGE HOSPITAL,NANTUCKET,MA,,,,,irs_990pf
NANTUCKET HISTORICAL ASSOCIATION,NANTUCKET,MA,,,,,irs_990pf
HOPE WISE-TROXEL,WYMORE,NE,,,,,irs_990pf
SARAH GARRELS,WYMORE,NE,,,,,irs_990pf
JACI BERKE,BEATRICE,NE,,,,,irs_990pf
VARIOUS-SEE ATTACHED,SEE ATTACHED,IL,,,,,irs_990pf
ALPHA GAMMA RHO FOUNDATION,KANSAS CITY,MO,,,,,irs_990pf
ARTHRITIS FOUNDATION,CINCINNATI,OH,,,,,irs_990pf
BOYS GIRLS CLUBS OF OKLAHOMA COUNTY,OKLAHOMA CITY,OK,,,,,irs_990pf
CEMTER OF FAMILY LOVE,OKARCHE,OK,,,,,irs_990pf
CITY RESCUE MISSION,OKLAHOMA CITY,OK,,,,,irs_990pf
COMMUNITIES FOUNDATION OF OKLAHOMA,OKLAHOMA CITY,OK,,,,,irs_990pf
FREEDOM OKLAHOMA EDUCATION CAMPAIGN,OKLAHOMA CITY,OK,,,,,irs_990pf
GENERATION CITIZEN,NEW YORK,NY,,,,,irs_990pf
LEADERSHIP OKLAHOMA CITY,OKLAHOMA CITY,OK,,,,,irs_990pf
LIGHT YOUR WORLD CHURCH,OKARCHE,OK,,,,,irs_990pf
MENTAL HEALTH ASSOCIATION OKLAHOMA,OKLAHOMA CITY,OK,,,,,irs_990pf
NORTHCARE OF OKLAHOMA CITY,OKLAHOMA CITY,OK,,,,,irs_990pf
OKARCHE EDUCATIONAL FOUNDATION,OKARCHE,OK,,,,,irs_990pf
OKLAHOMA 4-H FOUNDATION,STILLWATER,OK,,,,,irs_990pf
OKLAHOMA STATE UNIVERSITY FOUNDATION,STILLWATER,OK,,,,,irs_990pf
OUR DAILY BREAD MINISTRIES,GRAND RAPIDS,MI,,,,,irs_990pf
PALOMAR,OKLAHOMA CITY,OK,,,,,irs_990pf
POSITIVE TOMORROWS,OKLAHOMA CITY,OK,,,,,irs_990pf
RAINBOW FLEET,OKLAHOMA CITY,OK,,,,,irs_990pf
REGIONAL FOOD BANK OF OKLAHOMA,OKLAHOMA CITY,OK,,,,,irs_990pf
TEEM THE EDUCATION AND EMPLOYMENT MINISTRY,OKLAHOMA CITY,OK,,,,,irs_990pf
THE CARE CENTER,OKLAHOMA CITY,OK,,,,,irs_990pf
THE CHILDREN S CENTER,BETHANY,OK,,,,,irs_990pf
THE HOMELESS ALLIANCE,OKLAHOMA CITY,OK,,,,,irs_990pf
UNITED SERVICE ORGANIZATION,WASHINGTON,DC,,,,,irs_990pf
UNITED WAY,OKLAHOMA CITY,OK,,,,,irs_990pf
YWCA OF OKLAHOMA CITY,OKLAHOMA CITY,OK,,,,,irs_990pf
NIGHT LIGHTS,Littleton,CO,,,,,irs_990pf
DENVER HEALTH,Denver,CO,,,,,irs_990pf
DUBUQUE RESCUE MISSION,Dubuque,IA,,,,,irs_990pf
CO DEPT OF EDUCATION FACILITY SCHOOLS,Denver,CO,,,,,irs_990pf
EMERGENCY INFANT SERVICES,Tulsa,OK,,,,,irs_990pf
HORNBUCKLE FOUNDATION,Littleton,CO,,,,,irs_990pf
MARTHA S HOUSE OF HOPE,Ames,IA,,,,,irs_990pf
RONALD MCDONALD HOUSE CHARITIES OF TULSA,Tulsa,OK,,,,,irs_990pf
MAYO CLINIC FOUNDATION,ROCHESTER,MN,,,,,irs_990pf
MEREDITH COLLEGE,RALEIGH,NC,,,,,irs_990pf
THE HILL CENTER,DURHAM,NC,,,,,irs_990pf
TELLURIDE MEDICAL CNTER FOUNDATION,TELLURIDE,CO,,,,,irs_990pf
CYSTIC FIBROSIS FOUNDATION,BETHESDA,MD,,,,,irs_990pf
AQUARIUM OF THE PACIFIC,LONG BEACH,CA,,,,,irs_990pf
ORANGEWOOD FOUNDATION,SANTA ANA,CA,,,,,irs_990pf
THE SHEA CENTER,SAN JUAN CAPISTRANO,CA,,,,,irs_990pf
MINNEAPOLIS SOCIETY FOR THE BLIND,MINNEAPOLIS,MN,,,,,irs_990pf
SIGHT HEARING ASSOCIATION,ST PAUL,MN,,,,,irs_990pf
COURAGE KENNY FOUNDATION,MINNEAPOLIS,MN,,,,,irs_990pf
FOLEY SCHOOL DISTRICT,Foley,MN,,,,,irs_990pf
MILACA PUBLIC SCHOOLS,MILACA,MN,,,,,irs_990pf
OVID ELSIE AREA SCHOOLS,ELSIE,MI,,,,,irs_990pf
INSPIRING CHILDREN YOUTH FOUNDATION,LAS VEGAS,NV,,,,,irs_990pf
PARALYZED VETERANS OF AMERICA,WILTON,NH,,,,,irs_990pf
SAFE NEST,LAS VEGAS,NV,,,,,irs_990pf
NEVADA BLIND CHILDRENS FOUNDATION,LAS VEGAS,NV,,,,,irs_990pf
THREE SQUARE FOOD BANK,LAS VEGAS,NV,,,,,irs_990pf
LAKE ERIE COLLEGE,PAINESVILLE,OH,,,,,irs_990pf
MORLEY LIBRARY,PAINESVILLE,OH,,,,,irs_990pf
INDIANOLA EDUCATION FDN,INDIANOLA,MS,,,,,irs_990pf
MDCC FOUNDATION,MOORHEAD,MS,,,,,irs_990pf
UNIVERSITY OF NEBRASKA,OMAHA,NE,,,,,irs_990pf
ST ROBERT BELLARMINE CHURCH,OMAHA,NE,,,,,irs_990pf
MUSIC IN CATHOLIC SCHOOLS,OMAHA,NE,,,,,irs_990pf
CHRIST THE KING EDUCATIONAL TRUST,OMAHA,NE,,,,,irs_990pf
CHRIST THE KING CHURCH,OMAHA,NE,,,,,irs_990pf
BOY SCOUTS OF AMERICA,OMAHA,NE,,,,,irs_990pf
PARKINSON S FOUNDATION,NEW YORK,NY,,,,,irs_990pf
AIM BYISROEL,SPRING VALLEY,NY,,,,,irs_990pf
PIDYON SHYUIM,BROOKLYN,NY,,,,,irs_990pf
BNEI LEVI FOUNDATION,LAKEWOOD,NJ,,,,,irs_990pf
CHELKAINY IMUHEM,SPRING VALLEY,NY,,,,,irs_990pf
CONG AHAVAS CHAVE,MONSEY,NY,,,,,irs_990pf
CONG AVIR YAKOV,SPRING VALLEY,NY,,,,,irs_990pf
CONG BAIS PINCHOS,BROOKLYN,NY,,,,,irs_990pf
CONG BEER YAKOV,SPRING VALLEY,NY,,,,,irs_990pf
CONG KHAL CHASIDE,SPRING VALLEY,NY,,,,,irs_990pf
CONG KUPATH CHASANIM,SPRING VALLEY,NY,,,,,irs_990pf
CONG MERKAZ HAKOL,SPRING VALLEY,NY,,,,,irs_990pf
CONG MIKVAH YISROEL,SPRING VALLEY,NY,,,,,irs_990pf
CONG MISHPATI TZEDEK,SPRING VALLEY,NY,,,,,irs_990pf
CONG SDEI YAKOV,SPRING VALLEY,NY,,,,,irs_990pf
CONG SHAREI HATORAH,BROOKLYN,NY,,,,,irs_990pf
CONG SHEKEL HAKODESH,SPRING VALLEY,NY,,,,,irs_990pf
SKVERE BET SHEMESH,SPRING VALLEY,NY,,,,,irs_990pf
CONG TOLDOS YAKOV,BROOKLYN,NY,,,,,irs_990pf
CONG YESHIAS YISROEL,BROOKLYN,NY,,,,,irs_990pf
CONG YL SOUTH 8,BROOKLYN,NY,,,,,irs_990pf
CONG ZEMACH DAVID,BROOKLYN,NY,,,,,irs_990pf
CONG ZICHRON YAKOV,SPRING VALLEY,NY,,,,,irs_990pf
KEREN HATZOLAH,BROOKLYN,NY,,,,,irs_990pf
KLOIZ CHERNOBIL,SPRING VALLEY,NY,,,,,irs_990pf
KOLLEL BNEI BRAK,MONSEY,NY,,,,,irs_990pf
KOLLEL METZIYONIM,BROOKLYN,NY,,,,,irs_990pf
KOLLEL SHOMREI HA,BROOKLYN,NY,,,,,irs_990pf
KUPATH EZRA,MONSEY,NY,,,,,irs_990pf
MACHNE BNOS SKVERE,SPRING VALLEY,NY,,,,,irs_990pf
MERKAZ HAKOLLOLIM,SPRING VALLEY,NY,,,,,irs_990pf
MIFAL HATORAH,SPRING VALLEY,NY,,,,,irs_990pf
MIKVAH YISROEL,SPRING VALLEY,NY,,,,,irs_990pf
MOSDOS CHASIDEI S,SPRING VALLEY,NY,,,,,irs_990pf
MS KOLLEL,SPRING VALLEY,NY,,,,,irs_990pf
OJC FUND SIGONFILE,BROOKLYN,NY,,,,,irs_990pf
TOMCHA SHABBOS,BROOKLYN,NY,,,,,irs_990pf
YAD LATALMUD,SPRING VALLEY,NY,,,,,irs_990pf
YAD LYISROEL,BROOKLYN,NY,,,,,irs_990pf
YESHIVA AVIR YAKOV,SPRING VALLEY,NY,,,,,irs_990pf
YESHIVA DARKEI TORAH,FAR ROCKAWAY,NY,,,,,irs_990pf
YESHIVAS VIZNITZ,MONSEY,NY,,,,,irs_990pf
YUD LATALMUD,SPRING VALLEY,NY,,,,,irs_990pf
MORTON K1,BROOKLYN,NY,,,,,irs_990pf
311 YOUTH HOUSING,GRAND RAPIDS,MI,,,,,irs_990pf
ACTIVE MINDS INC,WASHINGTON,DC,,,,,irs_990pf
GRAND RAPIDS GRIFFINS YOUTH FOUNDATION,GRAND RAPIDS,MI,,,,,irs_990pf
IHM SISTERS,MONROE,MI,,,,,irs_990pf
NATIONAL ALLIANCE OF MENTAL ILLNESS,ARLINGTON,VA,,,,,irs_990pf
NATIONAL MULTIPLE SCLEROSIS SOCIETY,NEW YORK,NY,,,,,irs_990pf
NATIONAL MUSEUM OF AFRICAN AMERICAN HISTORY AND CULTURE,PITTSFIELD,MA,,,,,irs_990pf
NATIONAL ORGANIZATION ON FETAL ALCOHOL SYNDROME,WASHINGTON,DC,,,,,irs_990pf
PRS INC PSYCHOSOCIAL REHABILITATION SERVICES,MCLEAN,VA,,,,,irs_990pf
SAFE SPOT CHILDRENS ADVOCACY,FAIRFAX,VA,,,,,irs_990pf
SOME SO OTHERS MIGHT EAT,WASHINGTON,DC,,,,,irs_990pf
ST LEONARD SCHOOL,BERWYN,IL,,,,,irs_990pf
THE CAPUCHIN SOUP KITCHEN,DETROIT,MI,,,,,irs_990pf
THE POSSE FOUNDATION,NEW YORK,NY,,,,,irs_990pf
TREATMENT ADVOCACY CENTER,ARLINGTON,VA,,,,,irs_990pf
VITAL VOICES,WASHINGTON,DC,,,,,irs_990pf
WOLF TRAP FOUNDATION,VIENNA,VA,,,,,irs_990pf
UNITED STATES HOLOCAUST MEMORIAL MUSEUM,WASHINGTON,DC,,,,,irs_990pf
THE BARACK H OBAMA FOUNDATION,ALEXANDRIA,VA,,,,,irs_990pf
FREEDOM HOUSE,WASHINGTON,DC,,,,,irs_990pf
FRIENDS OF THE SMITHSONIAN,WASHINGTON,DC,,,,,irs_990pf
JOHN F KENNEDY CENTER FOR THE PERFORMING ARTS,WASHINGTON,DC,,,,,irs_990pf
GLASS HOUSE RESTORATION FUND,NEW CANAAN,CT,,,,,irs_990pf
BEAUMONT HEALTH FOUNDATION,SOUTHFIELD,MI,,,,,irs_990pf
7117 MINISTRIES INC,LAKELAND,FL,,,,,irs_990pf
MOUNTAIN PRESBYTERIAN CHURCH,BLAIRSVILLE,GA,,,,,irs_990pf
MCCONNELL MEMORIAL BAPTIST CHURCH,HIAWASSEE,GA,,,,,irs_990pf
MOORINGS PRESBYTERIAN CHURCH,NAPLES,FL,,,,,irs_990pf
SOUTHEASTERN BAPTIST THEOLOGICAL SE,WAKE FOREST,NC,,,,,irs_990pf
AMERICAN MACULAR DEGENERATION FOUND,NORTHAMPTON,MA,,,,,irs_990pf
PRISON MINISTRY,MERRIFIELD,VA,,,,,irs_990pf
SWISS HERITAGE,BERNE,IN,,,,,irs_990pf
WYCLIFFE BIBLE,ORLANDO,FL,,,,,irs_990pf
THE WOODLANDS UMC,THE WOODLANDS,TX,,,,,irs_990pf
AGRICULTRAL RESEARCH FOUNDATION,Corvallis,OR,,,,,irs_990pf
ALPINE RESCUE TEAM,EVERGREEN,CO,,,,,irs_990pf
AMERICAN CANCER SOCIETY,WICHITA,KS,,,,,irs_990pf
ANGEL FLIGHT CENTRAL INC,KANSAS CITY,MO,,,,,irs_990pf
ANGEL FLIGHT WEST INC,SANTA MONICA,CA,,,,,irs_990pf
AUDUBON OF KANSAS INC,MANHATTAN,KS,,,,,irs_990pf
AUSTIN CREATIVE ALLIANCE,AUSTIN,TX,,,,,irs_990pf
BOULDER COUNTRY DAY SCHOOL,BOULDER,CO,,,,,irs_990pf
BOULDER PREPARATORY HIGH SCHOOL,BOULDER,CO,,,,,irs_990pf
BOULDER VALLEY SCHOOL DISTRICT,BOULDER,CO,,,,,irs_990pf
CHILDREN S HOSPITAL COLORADO FOUNDATION,AURORA,CO,,,,,irs_990pf
COLORADO BALLET,DENVER,CO,,,,,irs_990pf
EL PASO COUNTY SEARCH AND RESCUE,COLORADO SPRINGS,CO,,,,,irs_990pf
FOSTER SOURCE,THORNTON,CO,,,,,irs_990pf
GARFIELD COUNTY SEARCH AND RESCUE INC,GLENWOOD SPRINGS,CO,,,,,irs_990pf
GREATER BOULDER YOUTH ORCHESTRA,BOULDER,CO,,,,,irs_990pf
GREENWOOD WILDLIFE REHABILITATION CENTER,BOULDER,CO,,,,,irs_990pf
HOPE LIVES,FORT COLLINS,CO,,,,,irs_990pf
OCEAN FIRST INSTITUTE,BOULDER,CO,,,,,irs_990pf
ROCKY MOUNTAIN RESCUE GROUP,BOULDER,CO,,,,,irs_990pf
SAN MIGUEL COUNTY SEARCH AND RESCUE,TELLURIDE,CO,,,,,irs_990pf
SARDUS COLORADO,OTIS,CO,,,,,irs_990pf
SUMMIT COUNTY RESCUE GROUP,BRECKENRIDGE,CO,,,,,irs_990pf
THE SEXAUL ASSAULT VICTIM ADVOCATE CENTER,FORT COLLINS,CO,,,,,irs_990pf
THE WILD ANIMAL SANCTUARY,KEENESBURG,CO,,,,,irs_990pf
VOICES FOR CHILDREN INC,BOULDER,CO,,,,,irs_990pf
ALAMEDA BOYS GIRLS CLUB,ALAMEDA,CA,,,,,irs_990pf
AMERICAN HIGH SCHOOL BAND,ARCADIA,CA,,,,,irs_990pf
ASHLAND REACH YOUTH CENTER,HAYWARD,CA,,,,,irs_990pf
BACKSTRETCH EMPLOYEE SERVICES TEAM,SARATOGA SPRINGS,NY,,,,,irs_990pf
CARMA,ARCADIA,CA,,,,,irs_990pf
DOWN SYNDROME CONNECTION OF BAY ARE,ARCADIA,CA,,,,,irs_990pf
EAST OAKLAND YOUTH DEVELOPMENT CENT,OAKLAND,CA,,,,,irs_990pf
EDWIN J GREGSON FOUNDATION,ARCADIA,CA,,,,,irs_990pf
FOOTHILL HIGH SCHOOL BAND,ARCADIA,CA,,,,,irs_990pf
GRAYSON-JOCKEY CLUB RESEARCH FOUNDA,LEXINGTON,KY,,,,,irs_990pf
HARVEST PARK MUSIC BOOSTERS,ARCADIA,CA,,,,,irs_990pf
KIDS BIKE LANE,ARCADIA,CA,,,,,irs_990pf
NORTHERN CALIFORNIA RACE TRACK CHAP,BERKELEY,CA,,,,,irs_990pf
RACING MEDICATION TESTING CONSORTIU,LEXINGTON,KS,,,,,irs_990pf
RACING OFFICIALS ACCREDITATION PROG,LEXINGTON,KY,,,,,irs_990pf
SHERIFF S EXPLORATION PROGRAM,PLEASANTON,CA,,,,,irs_990pf
SPECIAL OLYMPICS OF NORTHERN CALIFO,ARCADIA,CA,,,,,irs_990pf
SUNFLOWER HILL,PLEASANTON,CA,,,,,irs_990pf
SUNOL 4-H,SUNOL,CA,,,,,irs_990pf
THE FOUNDATION FOR THE HORSE,LEXINGTON,KY,,,,,irs_990pf
THE JOCKEY CLUB SAFETY NET FOUNDATI,NEW YORK,NY,,,,,irs_990pf
VALLEY COMMUNITY CHURCH,PLEASANTON,CA,,,,,irs_990pf
VALLEY VISTA 4-H,PLEASANTON,CA,,,,,irs_990pf
WINNERS FOUNDATION,ARCADIA,CA,,,,,irs_990pf
RINGLING COLLEGE,SARASOTA,FL,,,,,irs_990pf
BLACK ENSEMBLE THEATER,CHICAGO,IL,,,,,irs_990pf
HAMPSHIRE COLLEGE,AMHERST,MA,,,,,irs_990pf
KHECARI,CHICAGO,IL,,,,,irs_990pf
WOMAN MADE GALLERY,CHICAGO,IL,,,,,irs_990pf
CHRISTIAN REST HOME,GRAND RAPIDS,MI,,,,,irs_990pf
UNITED WAY OF KENT COUNTY,GRAND RAPIDS,MI,,,,,irs_990pf
PINE REST CHRISTIAN HOSP ASSN,GRAND RAPIDS,MI,,,,,irs_990pf
CENTRAL REFORMED CHURCH,GRAND RAPIDS,MI,,,,,irs_990pf
MEL TROTTER MINISTRIES,GRAND RAPIDS,MI,,,,,irs_990pf
PORTER HILLS PRESBYTERIAN VILLAGE,GRAND RAPIDS,MI,,,,,irs_990pf
TRINITY EVANG LUTHERAN CHURCH,OAK PARK,IL,,,,,irs_990pf
LACEY HELFERS,LEESBURG,IN,,,,,irs_990pf
MADISON WILSON,MILFORD,IN,,,,,irs_990pf
CLAYTON HICKS,MILFORD,IN,,,,,irs_990pf
SOPHIA MILLER,LEESBURG,IN,,,,,irs_990pf
ALEXANDRIA BATISTA,SYRACUSE,IN,,,,,irs_990pf
ETHAN KNEPP,MILFORD,IN,,,,,irs_990pf
RHETT COBLENTZ,NORTH WEBSTER,IN,,,,,irs_990pf
ASHLEY BEER,MILFORD,IN,,,,,irs_990pf
EVAN KRUEGER,MILFORD,IN,,,,,irs_990pf
RACHEL STARRETT,WARSAW,IN,,,,,irs_990pf
BETHANY FLANNERY,MILFORD,IN,,,,,irs_990pf
TYLER GOSHERT,MILFORD,IN,,,,,irs_990pf
MADISON MCBRIDE,NORTH WEBSTER,IN,,,,,irs_990pf
MADISON COOPER,BLOOMINGTON,IN,,,,,irs_990pf
KAITLIN KUHN,LEESBURG,IN,,,,,irs_990pf
TIFFANY KOBLE,SYRACUSE,IN,,,,,irs_990pf
HUNTER MAGIERA,CLAYPOOL,IN,,,,,irs_990pf
LACI LOY,MILFORD,IN,,,,,irs_990pf
JOEL NYCE,MILFORD,IN,,,,,irs_990pf
HANNAH HAINES,MILFORD,IN,,,,,irs_990pf
HOPE BEER,MILFORD,IN,,,,,irs_990pf
OLIVIA LONG,SYRACUSE,IN,,,,,irs_990pf
CATHOLIC FOREIGN MISSION SOCIETY,MARYKNOLL,NY,,,,,irs_990pf
ST JOSEPH VILLAGE OF CHICAGO,CHICAGO,IL,,,,,irs_990pf
CATHOLIC CHARITIES OF THE ARCHID,CHICAGO,IL,,,,,irs_990pf
HOLY TRINITY POLISH CHURCH,CHICAGO,IL,,,,,irs_990pf
POLISH AMERICAN ASSOCIATION,CHICAGO,IL,,,,,irs_990pf
POLISH NATIONAL ALLIANCE SCHOOL,CHICAGO,IL,,,,,irs_990pf
ORCHARD LAKE SCHOOLS,ORCHARD LAKE,MI,,,,,irs_990pf
GRAYSON BOURNE,Pawleys Island,SC,,,,,irs_990pf
JESSI SHIRLEY,Pawleys Island,SC,,,,,irs_990pf
MADYLYNN LONG,Pawleys Island,SC,,,,,irs_990pf
ADDISON GRACE COX,Pawleys Island,SC,,,,,irs_990pf
DAHLIA CARMICHAEL,Pawleys Island,SC,,,,,irs_990pf
KAITLYN BROOKS DAVIS,Pawleys Island,SC,,,,,irs_990pf
MARCUS STILL,Pawleys Island,SC,,,,,irs_990pf
CANDICE THOMPSON,Pawleys Island,SC,,,,,irs_990pf
FIRST LUTHERAN SCHOOL,GLENCOE,MN,,,,,irs_990pf
MAYER LUTHERAN HIGH SCHOOL,MAYER,MN,,,,,irs_990pf
PDF ATTACHED,HOUSTON,TX,,,,,irs_990pf
WAGON WHEEL CENTER FOR THE ARTS,WARSAW,IN,,,,,irs_990pf
IN CLASS BASKETBALL ALLSTAR CLASSIC,BROWNSBURG,IN,,,,,irs_990pf
KOSCIUSKO COUNTY HISTORICAL SOCIETY,WARSAW,IN,,,,,irs_990pf
GRACE COLLEGE,WINONA LAKE,IN,,,,,irs_990pf
BAKER YOUTH CLUB,WARSAW,IN,,,,,irs_990pf
GOODWILL INDUSTRIES OF MICHIANA,SOUTH BEND,IN,,,,,irs_990pf
KOSCIUSKO 21ST CENTURY FOUNDATION,WARSAW,IN,,,,,irs_990pf
BIG BROTHERS BIG SISTERS OF NEI,WARSAW,IN,,,,,irs_990pf
HEARTLINE PREGNANCY CENTER INC,WARSAW,IN,,,,,irs_990pf
BEAMAN HOME,WARSAW,IN,,,,,irs_990pf
WARSAW EDUCATION FOUNDATION,WARSAW,IN,,,,,irs_990pf
LAKE AREA COMMUNITY BAND,SYRACUSE,IN,,,,,irs_990pf
TOWN OF WINONA LAKE,WINONA LAKE,IN,,,,,irs_990pf
WARSAW FCCLA,WARSAW,IN,,,,,irs_990pf
WARSAW BREAKFAST OPTIMIST CLUB,WARSAW,IN,,,,,irs_990pf
SALVATION ARMY IN DIV HEADQUARTERS,INDIANAPOLIS,IN,,,,,irs_990pf
JOE S KIDS INC,WARSAW,IN,,,,,irs_990pf
CHURCH OF JESUS CHRIST OF LDS,Salt Lake City,UT,,,,,irs_990pf
STEVE ANDERSON,,,,,,,irs_990pf
CONCORDIA LUTHERAN CHURCH,SAN ANTONIO,TX,,,,,irs_990pf
FAMILY PROMISE OF NEW BRAUNFELS,NEW BRAUNFELS,TX,,,,,irs_990pf
LCMS WORLD RELIEF HUMAN CARE,ST LOUIS,MO,,,,,irs_990pf
SAN ANTONIO FOOD BANK,SAN ANTONIO,TX,,,,,irs_990pf
STUDENTS FOR LIFE,FREDERICKSBURG,VA,,,,,irs_990pf
YOUNG LIFE,TULSA,OK,,,,,irs_990pf
ARMY HISTORICAL FOUNDATION,ARLINGTON,VA,,,,,irs_990pf
ASSISTANCE LEAGUE OF HOUSTON,HOUSTON,TX,,,,,irs_990pf
FIRST METHODIST CHURCH OF NEW BRAUN,NEW BRAUNFELS,TX,,,,,irs_990pf
MOTHER S AGAINST CANCER,KINGWOOD,TX,,,,,irs_990pf
GEORGE WASHINGTON S MOUNT VERNON,MOUNT VERNON,VA,,,,,irs_990pf
YOUNG AMERICA S REAGAN RANCH CENTER,SANTA BARBARA,CA,,,,,irs_990pf
REVOLUTIONARY WAR TRUST,WASHINGTON,DC,,,,,irs_990pf
ST JUDE S RANCH FOR CHILDREN,SAN ANTONIO,TX,,,,,irs_990pf
COALITION TO SALUTE AMERICA S HEROE,LEESBURG,VA,,,,,irs_990pf
CIVIL WAR TRUST,WASHINGTON,DC,,,,,irs_990pf
COMPASS INTERNATIONAL,COLORADO SPRINGS,CO,,,,,irs_990pf
NEW BRAUNFELS FOOD BANK,NEW BRAUNFELS,TX,,,,,irs_990pf
ST JUDE S CHILDREN RESEARCH HOSPIT,MEMPHIS,TN,,,,,irs_990pf
VIETNAM VETERANS MEMORIAL FUND,ARLINGTON,VA,,,,,irs_990pf
RIVERSIDE HUMANE SOCIETY,Riverside,CA,,,,,irs_990pf
RIVERSIDE BRYANT ELEMENTARY,Riverside,CA,,,,,irs_990pf
CENTRAL CT STATE UNIVERSITY,NEW BRITAIN,CT,,,,,irs_990pf
EASTERN CONNECTICUT STATE UNIVERSITY,WILLIMANTIC,CT,,,,,irs_990pf
HARDING UNIVERSITY,SEARCY,AR,,,,,irs_990pf
MASSACHUSETTS COLLEGE OF LIBERAL ARTS,NORTH ADAMS,MA,,,,,irs_990pf
MERCY COLLEGE,DOBBS FERRY,NY,,,,,irs_990pf
REED COLLEGE,PORTLAND,OR,,,,,irs_990pf
RENSSELAER POLYTECHNIC INSTITUTE,TROY,NY,,,,,irs_990pf
UNIVERSITY OF CONNECTICUT,STORRS,CT,,,,,irs_990pf
UNIVERSITY OF MARYLAND - BALTIMORE COUNTY,BALTIMORE,MD,,,,,irs_990pf
UNIVERSITY OF NEW HAVEN,WEST HAVEN,CT,,,,,irs_990pf
WORCESTER POLYTECHNIC INSTITUTE,WORCESTER,MA,,,,,irs_990pf
MICHAELA KOWALYK,CHELMSFORD,MA,,,,,irs_990pf
ASHLYNN LOCOCO,CHELMSFORD,MA,,,,,irs_990pf
SEE ATTACHED SCHEDULE,MILWAUKEE,WI,,,,,irs_990pf
BACK 2 BACK MINISTRIES INC,MASON,OH,,,,,irs_990pf
IN THE GAME MINISTRIES,ELLICOTT CITY,MD,,,,,irs_990pf
NEW LIFE MINISTRIES,LAKE FOREST,CA,,,,,irs_990pf
YOUNGSTOWN STATE UNIVERSITY,YOUNGSTOWN,OH,,,,,irs_990pf
YOUNGSTOWN STEEL HERITAGE MUSEUM,YOUNGSTOWN,OH,,,,,irs_990pf
MAHONING VALLEY HISTORICAL SOCIETY,YOUNGSTOWN,OH,,,,,irs_990pf
NEWBERRY OPERA HOUSE FDN,NEWBERRY,SC,,,,,irs_990pf
BELTON CENTER FOR THE ARTS,BELTON,SC,,,,,irs_990pf
ETV ENDOWMENT OF SC INC,SPARTANBURG,SC,,,,,irs_990pf
PEACE CENTER FOUNDATION,GREENVILLE,SC,,,,,irs_990pf
SC HISTORICAL SOCIETY,CHARLESTON,SC,,,,,irs_990pf
USC EDUCATIONAL FDN,COLUMBIA,SC,,,,,irs_990pf
THE BELTON AREA MUSEUM ASSOCI,BELTON,SC,,,,,irs_990pf
WIKIMEDIA FOUNDATION,SAN FRANCISCO,CA,,,,,irs_990pf
ANDERSON INTERFAITH MINISTRIES,ANDERSON,SC,,,,,irs_990pf
LIVING WATER FOUNDATION,PROSPERITY,SC,,,,,irs_990pf
ALLIANCE FOR DEFENDING FREEDOM,SCOTTSDALE,AZ,,,,,irs_990pf
CALL OF LOVE INC,MASON,OH,,,,,irs_990pf
CINCINNATI HILLS CHRISTIAN ACADEMY,CINCINNATI,OH,,,,,irs_990pf
CITIZENS FOR COMMUNITY VALUES,COLUMBUS,OH,,,,,irs_990pf
FC CINCINNATI FOUNDATION,CINCINNATI,OH,,,,,irs_990pf
GREATER CINCINNATI FILM COMMISSION,CINCINNATI,OH,,,,,irs_990pf
MIAMI VALLEY CHRISTIAN ACADEMY,CINCINNATI,OH,,,,,irs_990pf
OCEAN REEF CHAPEL FOUNDATION,KEY LARGO,FL,,,,,irs_990pf
SUSTAINABLE MEDICAL MISSIONS,CINCINNATI,OH,,,,,irs_990pf
UNITED WAY OF GREATER CINCINNATI,CINCINNATI,OH,,,,,irs_990pf
WORLD GOLF FOUNDATION INC,ST AUGUSTINE,FL,,,,,irs_990pf
UNIVERSITY OF TEXAS AT ARLINGTON,Arlington,TX,,,,,irs_990pf
ST PAULS PROTESTANT EPISCOPAL,CLEVELAND HEIGHTS,OH,,,,,irs_990pf
TRUSTEES OF THE DIOCESE OF OHIO,CLEVELAND,OH,,,,,irs_990pf
ACCESS COLLEGE FOUNDATION,NORFOLK,VA,,,,,irs_990pf
NORFOLK ACADEMY,NORFOLK,VA,,,,,irs_990pf
A CALL TO COLLEGE,NEWARK,OH,,,,,irs_990pf
HABITAT FOR HUMANITY - MID OHIO,COLUMBUS,OH,,,,,irs_990pf
HEATH ATHLETIC BOOSTERS,HEATH,OH,,,,,irs_990pf
JEWEL BOX CHALLENGE FUND,NEWARK,OH,,,,,irs_990pf
MENTAL HEALTH AMERICA OF LICKING COUNTY,NEWARK,OH,,,,,irs_990pf
NEWARK CAMPUS DEVELOPMENT FUND,NEWARK,OH,,,,,irs_990pf
NEWARK-GRANVILLE SYMPHONY ORCHESTRA,NEWARK,OH,,,,,irs_990pf
OHIO HEALTH FOUNDATION,COLUMBUS,OH,,,,,irs_990pf
SECOND PRESBYTERIAN CHURCH,NEWARK,OH,,,,,irs_990pf
THE LICKING COUNTY HUMANE SOCIETY,HEATH,OH,,,,,irs_990pf
THE MIDLAND THEATRE,NEWARK,OH,,,,,irs_990pf
THE WORKS MUSEUM,NEWARK,OH,,,,,irs_990pf
UNITED WAY OF LICKING COUNTY,NEWARK,OH,,,,,irs_990pf
ANGELS,MCGREGOR,MN,,,,,irs_990pf
BIRTHDAY WISHES,HICKSVILLE,NY,,,,,irs_990pf
BLAZEAID,,,,,,,irs_990pf
BOYSCOUTS OF AMERICA - SUFFOLK COUNTY COUNCIL,MEDFORD,NY,,,,,irs_990pf
BRIDGES TO LEARNING,MINNEAPOLIS,MN,,,,,irs_990pf
COLLEGE OF THE HOLY CROSS,WORCESTER,MA,,,,,irs_990pf
COLORADO CLEANTECH INDUSTRIES,LAKEWOOD,CO,,,,,irs_990pf
COLORADO MINING ASSOCIATION EDUCATION FOUNDATION,DENVER,CO,,,,,irs_990pf
COLORADO PUBLIC RADIO,DENVER,CO,,,,,irs_990pf
DIAMOND BLACKFAN ANEMIA FOUNDATION INC,WEST SENECA,NY,,,,,irs_990pf
FAMILY HOMESTEAD,DENVER,CO,,,,,irs_990pf
FOOD FOR THOUGHT,DENVER,CO,,,,,irs_990pf
GIRLS ROCK,ST PETERSBURG,FL,,,,,irs_990pf
INSTITUTE FOR LATIN AMERICAN CONCERN,OMAHA,NE,,,,,irs_990pf
KP SPIRIT BOOSTER CLUB,KINDS PARK,NY,,,,,irs_990pf
LAKEWOOD HIGH SCHOOL FOUNDATION,LAKEWOOD,CO,,,,,irs_990pf
LIMB PRESERVATION FOUNDATION,DENVER,CO,,,,,irs_990pf
MARIST COLLEGE,POUGHKEEPSIE,NY,,,,,irs_990pf
MILE HIGH MINISTRIES,DENVER,CO,,,,,irs_990pf
NSA FOUNDATION,PARKER,CO,,,,,irs_990pf
OHEL CHILDREN S HOME FAMILY SERVICES,BROOKLYN,NY,,,,,irs_990pf
REGIS UNIVERSITY,DENVER,CO,,,,,irs_990pf
ROCKY BAY,,,,,,,irs_990pf
ROCKY MOUNTAIN MINERAL LAW FOUNDATION,WESTMINSTER,CO,,,,,irs_990pf
SPATODAY,LAKEWOOD,CO,,,,,irs_990pf
STEPHEN A CLIFFORD MEMORIAL FUND,BELLMORE,NY,,,,,irs_990pf
OUR PLACE DROP-IN CENTER,BELLOWS FALLS,VT,,,,,irs_990pf
VON S VISION,FLORENCE,KY,,,,,irs_990pf
WALK DENVER,DENVER,CO,,,,,irs_990pf
WARREN VILLAGE,DENVER,CO,,,,,irs_990pf
WOMEN IN MINING DENVER CHAPTER,LAKEWOOD,CO,,,,,irs_990pf
YORK UNIVERSITY - SCHULICH SCHOOL OF BUSINESS,,,,,,,irs_990pf
2XTREME FOUNDATION INC,LITTLETON,CO,,,,,irs_990pf
SEE ATTACHED STATEMENT,VARIOUS,NJ,,,,,irs_990pf
ARGYOS FAMILY FOUNDATION,Costa Mesa,CA,,,,,irs_990pf
MISSION HOSPITAL FOUNDATION,Mission Viejo,CA,,,,,irs_990pf
OLIVE BRANCH CHRISTIAN SCHOOL,Corona,CA,,,,,irs_990pf
CHOC CHILDRENS FOUNDATION,Orange,CA,,,,,irs_990pf
AHAH,Newport Beach,CA,,,,,irs_990pf
B O RAILROAD MUSEUM,BALTIMORE,MD,,,,,irs_990pf
OCEAN REEF VOLUNTEER FIRE DEPT,KEY LARGO,FL,,,,,irs_990pf
BOCA RATON COMM HOSPITAL FNDN,BOCA RATON,FL,,,,,irs_990pf
SPECIAL OLYMPICS,CLERMONT,FL,,,,,irs_990pf
RICHARD DAVID KANN MELANOMA FD,WEST PALM BEACH,FL,,,,,irs_990pf
BROWARD CHILDRENS CENTER INC,POMPANO BEACH,FL,,,,,irs_990pf
DISABLED AMERICAN VETERANS,CINCINNATI,OH,,,,,irs_990pf
NATIONAL PARKINSON FOUNDATION,BACA RATON,FL,,,,,irs_990pf
CROS MINISTRIES,LAKE WORTH,FL,,,,,irs_990pf
WPBT CHANNEL 2,MIAMI,FL,,,,,irs_990pf
ZENO MOUNTAIN FARMS,LINCOLN,VT,,,,,irs_990pf
UCSF MELANOMA PROGRAM,TAMPA,FL,,,,,irs_990pf
BEST FOOT FORWARD FD,BOCA RATON,FL,,,,,irs_990pf
FLORENCE FULLER CHILD DVPMT CNTR,BOCA RATON,FL,,,,,irs_990pf
WAY MEDIA,COLORADO SPRINGS,CO,,,,,irs_990pf
CHILDREN S NETWORK,FAIRFIELD,CA,,,,,irs_990pf
DEZZY SECOND CHANCE,BOCA RATON,FL,,,,,irs_990pf
GFR BAHAMAS ANIMAL RELIEF,GAINSVILLE,FL,,,,,irs_990pf
PETER BLUM YMCA OF BOCA RATON,BOCA RATON,FL,,,,,irs_990pf
STEPHEN SILLER TUNNEL TO TOWERS FD,STATEN ISLAND,NY,,,,,irs_990pf
A HAND OF HOPE,FUQUAY VARINA,NC,,,,,irs_990pf
MOORINGS PARK FDN,NAPLES,FL,,,,,irs_990pf
OHIO WESLEYAN UNIVERSITY,DELAWARE,OH,,,,,irs_990pf
EVANGILICAL CONVENANT CHURCH CHEBOYGAN,CHEBOYGAN,MI,,,,,irs_990pf
PI BETA PHI FOUNDATION,TOWN AND COUNTRY,MO,,,,,irs_990pf
MENOF ARMOR,HOLLY SPRINGS,CT,,,,,irs_990pf
AMERICAN SPEECH LANGUAGE,ROCKVILLE,MD,,,,,irs_990pf
WITH LOVE FROM JESUS MINISTRIES,RALEIGH,NC,,,,,irs_990pf
FRIENDS OF THE LIBRARY,NAPLES,FL,,,,,irs_990pf
HARRY CHAPIN FOOD BANK,FORT MEYERS,FL,,,,,irs_990pf
ALZHEIMERS DISEASE RELATED,CLEARWATER,FL,,,,,irs_990pf
PARKINSON ASSOCIATION OF SW FL,NAPLES,FL,,,,,irs_990pf
THE EDUCATION FDN,NAPLES,FL,,,,,irs_990pf
ST MATTHEWS HOUSE INC,NAPLES,FL,,,,,irs_990pf
SUMMIT FOUNDATION,BRECKENRIDGE,CO,,,,,irs_990pf
ST JOSEPH MERCY CHELSEA INC,CHELSEA,MI,,,,,irs_990pf
PLANNED PARENTHOOD OF THE ROCKY MOUNT,DENVER,CO,,,,,irs_990pf
THE BLUE BENCH,DENVER,CO,,,,,irs_990pf
ZOWEH INC,DURHAM,NC,,,,,irs_990pf
ANATOLIA COLLEGE,BOSTON,MA,,,,,irs_990pf
BRIMMER AND MAY SCHOOL,CHESTNUT HILL,MA,,,,,irs_990pf
CAMFED USA,SAN FRANCISCO,CA,,,,,irs_990pf
HIRAM COLLEGE,HIRAM,OH,,,,,irs_990pf
NOBLE AND GREENOUGH SCHOOL,DEDHAM,MA,,,,,irs_990pf
PARTNERS IN ISLAND EDUCATION,VINALHAVEN,ME,,,,,irs_990pf
PROJECT OF EASTON INC,EASTON,PA,,,,,irs_990pf
SUMMER SEARCH,JAMAICA PLAIN,MA,,,,,irs_990pf
TENACRE COUNTRY DAY SCHOOL,WELLESLEY,MA,,,,,irs_990pf
UNIVERSITY OF VIRGINIA DARDEN,CHARLOTTESVILLE,VA,,,,,irs_990pf
WOODROW WILSON NATIONAL FELLOWSHIP FOUNDATION,PRINCETON,NJ,,,,,irs_990pf
HOLY NAME PARISH,BIRMINGHM,MI,,,,,irs_990pf
MANRESA RETREAT HOUSE,BLOOMFIELD HILLS,MI,,,,,irs_990pf
ANGLE PLACE,SOUTHFIELD,MI,,,,,irs_990pf
CROSS IN THE WOODS,INDIAN RIVER,MI,,,,,irs_990pf
U OF D HIGH SCHOOL,DETROIT,MI,,,,,irs_990pf
GUEST HOUSE,LAKE ORION,MI,,,,,irs_990pf
SACRAMENTINE SISTERS,CONWAY,MI,,,,,irs_990pf
SOCIETY OF ST VINCENT DEPAUL,DETROIT,MI,,,,,irs_990pf
CATHOLIC SERVICES APPEAL,DETROIT,MI,,,,,irs_990pf
COMMUNITY FOUNDATION FOR SOUTHEAST MI,DETROIT,MI,,,,,irs_990pf
MOTHER UNBORN CENTER,SOUTHFIELD,MI,,,,,irs_990pf
COLOMBIERE CENTER,CLARKSTON,MI,,,,,irs_990pf
PROGRESSIVE LIFE STYLE,WATERFORD,MI,,,,,irs_990pf
GESU CATHOLIC SCHOOL,DETROIT,MI,,,,,irs_990pf
CAPICHIN MISSION ASSOCIATION,DETROIT,MI,,,,,irs_990pf
ST JUDE CHILDREN,MEMPHIS,TN,,,,,irs_990pf
THE JESIUTS,CHICAGO,IL,,,,,irs_990pf
GESU PARISH DETROIT,DETROIT,MI,,,,,irs_990pf
INLAND LAKES EDUCATION FOUNDATION,INDIAN RIVER,MI,,,,,irs_990pf
FOCUS HOPE,DETROIT,MI,,,,,irs_990pf
URBAN COMMUNITY GROUP,BIRMINGHAM,MI,,,,,irs_990pf
FATHER SOLANUS GUILD,DETROIT,MI,,,,,irs_990pf
MCLAREN NORTHERN MI FOUNDATION,PETOSKEY,MI,,,,,irs_990pf
CARNEGIE HALL,Lewisburg,WV,,,,,irs_990pf
GATEWAY INDUSTRIES,Ronceverte,WV,,,,,irs_990pf
GREENBRIER HISTORICAL SOCIETY,Lewisburg,WV,,,,,irs_990pf
NORTHERN GREENBRIER LATCHKEY KIDS,Frankford,WV,,,,,irs_990pf
RONCEVERTE DEVELOPMENT CORP,Ronceverte,WV,,,,,irs_990pf
RONCEVERTE PRESBYTERIAN CHURCH,Ronceverte,WV,,,,,irs_990pf
RONCEVERTE PUBLIC LIBRARY,Ronceverte,WV,,,,,irs_990pf
RONCEVERTE RIVER FESTIVAL,Ronceverte,WV,,,,,irs_990pf
CITY OF RONCEVERTE,Ronceverte,WV,,,,,irs_990pf
DAVIS ELKINS COLLEGE,Elkins,WV,,,,,irs_990pf
NEW RIVER COMMUNITY TECH COLLEGE,Beaver,WV,,,,,irs_990pf
ALMA COLLEGE,ALMA,MI,,,,,irs_990pf
BIG BROTHERS BIG SISTERS GLBR,MIDLAND,MI,,,,,irs_990pf
BOY SCOUTS OF AMERICA WATER WOODS,FLINT,MI,,,,,irs_990pf
BRIDGEPORT TOWNSHIP DDA,BRIDGEPORT,MI,,,,,irs_990pf
BRIDGEPORT TOWNSHIP PARKS REC,BRIDGEPORT,MI,,,,,irs_990pf
CITY RESCUE MISSION,SAGINAW,MI,,,,,irs_990pf
COVENANT HEALTHCARE FOUND,SAGINAW,MI,,,,,irs_990pf
FAITH LUTHERAN CHURCH,BAY CITY,MI,,,,,irs_990pf
FIRST CHOICE OF SAGINAW,SAGINAW,MI,,,,,irs_990pf
FORGOTTEN MAN MINISTRIES,FLINT,MI,,,,,irs_990pf
GREAT LAKES BAY HEALTH CENTERS,SAGINAW,MI,,,,,irs_990pf
HOSPITAL HOSPITALITY HOUSE,SAGINAW,MI,,,,,irs_990pf
LUTHERAN SPECIAL EDUCATION MINISTRI,FARMINGTON HILLS,MI,,,,,irs_990pf
MAJOR CHORDS FOR MINORS,SAGINAW,MI,,,,,irs_990pf
MID-MICHIGAN CHILDREN S MUSEUM,SAGINAW,MI,,,,,irs_990pf
MOUNT CALVARY LUTHERAN CHURCH,DETROIT,MI,,,,,irs_990pf
OLD TOWN SOUP KITCHEN,SAGINAW,MI,,,,,irs_990pf
ROCK THE ISLAND,SAGINAW,MI,,,,,irs_990pf
SAGINAW COMMUNITY FOUNDATION,SAGINAW,MI,,,,,irs_990pf
SAGINAW FUTURE,SAGINAW,MI,,,,,irs_990pf
SPECIAL OLYMPICS OF MICHIGAN,BLOOMFIELD,MI,,,,,irs_990pf
VALLEY LUTHERAN HIGH SCHOOL,SAGINAW,MI,,,,,irs_990pf
YMCA OF SAGINAW,SAGINAW,MI,,,,,irs_990pf
CONSERVANCEY OF SOUTHWEST FLORIDA,NAPLES,ID,,,,,irs_990pf
SERAPHIC FIRE,MIAMI,FL,,,,,irs_990pf
SUN VALLEY MUSEUM OF ARTS,SUN VALLEY,ID,,,,,irs_990pf
SUN VALLEY INSTITUTE,KETCHUM,ID,,,,,irs_990pf
GRAND PIANO SERIES,BONITA SPRINGS,FL,,,,,irs_990pf
WMM WOMEN MAKE MOVIES,NEW YORK,NY,,,,,irs_990pf
COMMUNITY LIBRARY,KETCHUM,ID,,,,,irs_990pf
SUN VALLEY MUSIC FESTIVAL,SUN VALLEY,ID,,,,,irs_990pf
GULFSHORE PLAYHOUSE,NAPLES,FL,,,,,irs_990pf
BAY LAKES COUNCIL BOY SCOUTS,APPLETON,WI,,,,,irs_990pf
BLANDINE HOUSE,FOND DU LAC,WI,,,,,irs_990pf
BROOKE INDUSTRIES,FOND DU LAC,WI,,,,,irs_990pf
BROWNSVILLE PUBLIC LIBRARY,BROWNSVILLE,WI,,,,,irs_990pf
CHURCH OF PEACE,FOND DU LAC,WI,,,,,irs_990pf
FAMILY RESOURCE CENTER OF FOND DU LAC COUNTY,FOND DU LAC,WI,,,,,irs_990pf
FDL BLUE LINE HOCKEY CLUB INC,FOND DU LAC,WI,,,,,irs_990pf
FOND DU LAC YMCA,FOND DU LAC,WI,,,,,irs_990pf
LOAVES FISHES PROGRAM,FOND DU LAC,WI,,,,,irs_990pf
LOMIRA QUAD GRAPHICS COMMUNITY FUND,SUSSEX,WI,,,,,irs_990pf
MANITOU GIRL SCOUT COUNCIL,SHEBOYGAN,WI,,,,,irs_990pf
MAYVILLE MIDDLE SCHOOL,MAYVILLE,WI,,,,,irs_990pf
MAYVILLE PUBLIC LIBRARY,MAYVILLE,WI,,,,,irs_990pf
SOLUTIONS CENTER SHELTER SUPPORT,FOND DU LAC,WI,,,,,irs_990pf
SONS OF ZEBEDEE,FOND DU LAC,WI,,,,,irs_990pf
SPILLMAN PUBLIC LIBRARY,NORTH FOND DU LAC,WI,,,,,irs_990pf
ST PAULS CATHEDRAL,FOND DU LAC,WI,,,,,irs_990pf
ST LAWRENCE SEMINARY,MT CALVARY,WI,,,,,irs_990pf
ST MARY S CHURCH,LOMIRA,WI,,,,,irs_990pf
ST PAULS CHURCH - BROWNVILLE,BROWNSVILLE,WI,,,,,irs_990pf
STMARY S SCHOOL-MAYVILLE,MAYVILLE,WI,,,,,irs_990pf
THERESA PUBLIC LIBRARY,THERESA,WI,,,,,irs_990pf
TRINITY METHODIST CHURCH,LOMIRA,WI,,,,,irs_990pf
VILLAGE OF BROWNVILLE,BROWNSVILLE,WI,,,,,irs_990pf
WINNEBAGO LUTHERAN ACADEMY,FOND DU LAC,WI,,,,,irs_990pf
ST JOHNS LUTHERAN CHURCH LOMIRA,LOMIRA,WI,,,,,irs_990pf
ELIZA JENNINGS INC,OLMSTED TOWNSHIP,OH,,,,,irs_990pf
KENTER CANYON PARENT CENTER,LOS ANGELES,CA,,,,,irs_990pf
BANYAN COMMUNITY,MINNEAPOLIS,MN,,,,,irs_990pf
WEBSTER HIGH SCHOOL,WEBSTER,WI,,,,,irs_990pf
BRYN MAWR HOSPITAL FOUNDATION,BRYN MAWR,PA,,,,,irs_990pf
CARE USA,ATLANTA,GA,,,,,irs_990pf
FRANKLIN INSTITUTE - CURRENT CURATORIAL FUND,PHILADELPHIA,PA,,,,,irs_990pf
FRANKLIN INSTITUTE BENEFACTOR SOCIETY,PHILADELPHIA,PA,,,,,irs_990pf
GIVE WELL,BROOKLYN,NY,,,,,irs_990pf
GREATER PHILADELPHIA PHILOSOPHY CONSORTIUM,PHILADELPHIA,PA,,,,,irs_990pf
RADNOR MEMORIAL LIBRARY,WAYNE,PA,,,,,irs_990pf
ANIMAL CHARITY EVALUATORS RECOMMENDED CHARITY FUND,BERKELEY,CA,,,,,irs_990pf
HIGH RESOLVES AMERICA,NEW ORLEANS,LA,,,,,irs_990pf
THE WESTMINSTER SCHOOL FOUNDATION,WESTMINSTER,CO,,,,,irs_990pf
NXTHVN,NEW HAVEN,CT,,,,,irs_990pf
WYES,NEW ORLEANS,LA,,,,,irs_990pf
SISTERS OF ST JOSEPHY OF SPRINGFIELD,Springfield,MA,,,,,irs_990pf
SAINT JOSEPH BASILICA,Webster,MA,,,,,irs_990pf
STARK COUNTY HISTORICAL SOCIETY,CANTON,OH,,,,,irs_990pf
AULTMAN HOSPITAL DEV FDN,CANTON,OH,,,,,irs_990pf
FIRST BAPTIST CHURCH OF CANTON,CANTON,OH,,,,,irs_990pf
NEWMAN BAPTIST CHURCH,MASSILLON,OH,,,,,irs_990pf
CANTON DISTRICT YMCA,NORTH CANTON,OH,,,,,irs_990pf
MASSACHUSETTS INST OF TECHNOLOGY,CAMBRIDGE,MA,,,,,irs_990pf
YWCA OF CANTON,CANTON,OH,,,,,irs_990pf
BLAINE COUNTY HUNGER COALITION INC,BELLEVUE,ID,,,,,irs_990pf
BLAINE COUNTY RECREATION DISTRICT,HAILEY,ID,,,,,irs_990pf
HOSPICE AND PALLIATIVE CARE OF THE,KETCHUM,ID,,,,,irs_990pf
LIVING WITH WOLVES LTD,SUN VALLEY,ID,,,,,irs_990pf
NATURE CONSERVANCEY,HAILEY,ID,,,,,irs_990pf
ORCAS ISLAND CHAMBER MUSIC FESTIVAL,EASTSOUND,WA,,,,,irs_990pf
ST LUKE S WOOD RIVER FOUNDATION,KETCHUM,ID,,,,,irs_990pf
SUN VALLEY SUMMER SYMPHONY INC,SUN VALLEY,ID,,,,,irs_990pf
THE COLBURN SCHOOL,LOS ANGELES,CA,,,,,irs_990pf
TRAILING OF THE SHEEP FESTIVAL,HAILEY,ID,,,,,irs_990pf
VITAL GROUND FOUNDATION INC,MISSOULA,MT,,,,,irs_990pf
WOOD RIVER COMMUNITY YOUNG MENS,KETCHUM,ID,,,,,irs_990pf
WOOD RIVER LAND TRUST COMPANY,HAILEY,ID,,,,,irs_990pf
BALLET SUN VALLEY INC,SUN VALLEY,ID,,,,,irs_990pf
SUN VALLEY SKI EDUCATION FOUNDATION,SUN VALLEY,ID,,,,,irs_990pf
THE ARGYROS,KETCHUM,ID,,,,,irs_990pf
THE COMMUNITY LIBRARY,KETCHUM,ID,,,,,irs_990pf
THE ADVOCATES,HAILEY,ID,,,,,irs_990pf
THE TOLEDO MUSEUM OF ART,TOLEDO,OH,,,,,irs_990pf
PROMEDICA FOUNDATION,TOLEDO,OH,,,,,irs_990pf
WEST SIDE MONTESSORI,TOLEDO,OH,,,,,irs_990pf
BLACK SWAMP BIRD OBSERVATORY,OAK HARBOR,OH,,,,,irs_990pf
KRASL ART CENTER,ST JOSEPH,MI,,,,,irs_990pf
SAINT PETER AND PAUL SCHOOLS,EASTON,MD,,,,,irs_990pf
ST PETER AND PAUL CHURCH,EASTON,MD,,,,,irs_990pf
SOCIETY OF ST VICENT DE PAUL,MARYLAND HEIGHTS,MO,,,,,irs_990pf
NATIONAL BRAIN TUMOR SOCIETY,NEWTON,MA,,,,,irs_990pf
WELLS FOR LIFE INTERNATIONAL,NEWTON SQUARE,PA,,,,,irs_990pf
FRIENDS OF CEDAR LANE INC,LEONARDTOWN,MD,,,,,irs_990pf
BOYS SCOUTS OF AMERICA,IRVING,TX,,,,,irs_990pf
EASTON DAY CARE,EASTON,MD,,,,,irs_990pf
WATERFOWL CHESAPEAKE INC,EASTON,MD,,,,,irs_990pf
DELMARVA NESTING FOUNDATION,EASTON,MD,,,,,irs_990pf
CATHOLIC DIOCESE OF WILMINGTON,WILMINGTON AVE,DE,,,,,irs_990pf
LITTLE SISTERS OF THE POOR,NEWARK,DE,,,,,irs_990pf
BETHANY BEACH VOLUNTEER,BETHANY BEACH,DE,,,,,irs_990pf
WASHINGTON COLLEGE,CHESTERTOWN,MD,,,,,irs_990pf
TALBOT HUMANE CO,EASTON,MD,,,,,irs_990pf
YMCA OF THE CHESAPEAKE,EASTON,MD,,,,,irs_990pf
COASTAL HOSPICE INC,SALISBURY,MD,,,,,irs_990pf
MEMORIAL HOSPITAL FOUNDATION,EASTON,MD,,,,,irs_990pf
TALBOT COUNTY PARAMEDICS,EASTON,MD,,,,,irs_990pf
OCEAN CITY VOLUNTEER FIRE,OCEAN CITY,MD,,,,,irs_990pf
MID SHORE COMMUNITY,EASTON,MD,,,,,irs_990pf
HABITAT FOR HUMANITY,EASTON,MD,,,,,irs_990pf
THE AVALON FOUNDATION INC,EASTON,MD,,,,,irs_990pf
HISTORICAL SOCIETY OF TALBOT,EASTON,MD,,,,,irs_990pf
ACORN THEATER,Three Oaks,MI,,,,,irs_990pf
ASPINWALL RIVERFRONT PROJECT INC,Pittsburgh,PA,,,,,irs_990pf
BETHLEHEM HAVEN,Pittsburgh,PA,,,,,irs_990pf
CITY THEATRE,Pittsburgh,PA,,,,,irs_990pf
FRIENDS OF THE PITTSBURGH FISHER HOUSE,Pittsburgh,PA,,,,,irs_990pf
GIRLS HOPE OF PITTSBURGH,Coraopolis,PA,,,,,irs_990pf
GROW PITTSBURGH,Pittsburgh,PA,,,,,irs_990pf
HOLY FAMILY FOUNDATION,Pittsburgh,PA,,,,,irs_990pf
JOSEPHINUM ACADEMY OF THE SACRED HEART,Chicago,IL,,,,,irs_990pf
MANCHESTER BIDWELL CORPORATION,Pittsburgh,PA,,,,,irs_990pf
THE NEIGHBORHOOD ACADEMY,Pittsburgh,PA,,,,,irs_990pf
PITTSBURGH BALLET THEATRE,Pittsburgh,PA,,,,,irs_990pf
PITTSBURGH OPERA,Pittsburgh,PA,,,,,irs_990pf
PITTSBURGH PARKS CONSERVANCY,Pittsburgh,PA,,,,,irs_990pf
PITTSBURGH SYMPHONY ORCHESTRA,Pittsburgh,PA,,,,,irs_990pf
RAMAPO FOR CHILDREN,Rhinebeck,NY,,,,,irs_990pf
SEWICKLEY VALLEY YMCA,Sewickley,PA,,,,,irs_990pf
TIMELINE THEATRE COMPANY,Chicago,IL,,,,,irs_990pf
THE TULL FAMILY THEATER,Pittsburgh,PA,,,,,irs_990pf
WARREN WILSON COLLEGE,Asheville,NC,,,,,irs_990pf
GRAND ANSE HEALTH DEVELOPMENT ASSOCIATION,Bay head,NJ,,,,,irs_990pf
CONNECTING CULTURES MOBILE,LOS ANGELES,CA,,,,,irs_990pf
UNIVERSITY OF SOUTHERN,LOS ANGELES,CA,,,,,irs_990pf
LOS ANGELES PHILHARMONIC,LOS ANGELES,CA,,,,,irs_990pf
THE UCLA FOUNATION,LOS ANGELES,CA,,,,,irs_990pf
ALLIANCE FOR COLLEGE READY,LOS ANGELES,CA,,,,,irs_990pf
TUNNEL 2 TOWERS FOUNDATION,STATEN ISLAND,NY,,,,,irs_990pf
AMERICAN SOCIETY FOR THE PREVENTION,New York,NY,,,,,irs_990pf
GUIDING EYES FOR THE BLIND INC,Yorktown Hts,NY,,,,,irs_990pf
AMARYLLIS FARM,SOUTHAMPTON,NY,,,,,irs_990pf
JERSEY BATTERED WOMEN S SERVICE,Morristown,NJ,,,,,irs_990pf
SAFE PET RESCUE,ST AUGUSTINE,FL,,,,,irs_990pf
COMPANIONS FOR HEROES,Rockville,MD,,,,,irs_990pf
VESTED INTEREST IN K-9 S,MERRIFIELD,VA,,,,,irs_990pf
NEW YORK BULLY CREW,E Patchogue,NY,,,,,irs_990pf
CHILDRENS ENVIRONMENTAL LITERACY FDN,Chappaqua,NY,,,,,irs_990pf
WARRIOR DOG FOUNDATION,DALLAS,TX,,,,,irs_990pf
CATHEDRAL ARTS PROJECT INC,Jacksonville,FL,,,,,irs_990pf
CENTER FOR HOPE AND SAFETY,Salem,OR,,,,,irs_990pf
WILLAMETTE UNIVERSITY,Salem,OR,,,,,irs_990pf
FIRST PRESBYTERIAN CHURCH OF SALEM,Salem,OR,,,,,irs_990pf
WILLAMETTE HERITAGE CENTER,Salem,OR,,,,,irs_990pf
NORTH HUDSON ELEMENTARY SCHOOL,HUDSON,WI,,,,,irs_990pf
ST MARKS EPISCOPAL SCHOOL,PALM BEACH GARDENS,FL,,,,,irs_990pf
HIGH POINT UNIVERSITY,HIGH POINT,NC,,,,,irs_990pf
AUDUBON CENTER OF THE NORTHWOODS INC,SANDSTONE,MN,,,,,irs_990pf
MAKING EVERY DAY COUNT,WEST PALM BEACH,FL,,,,,irs_990pf
THE SHARING TREE INC,TALLAHASSEE,FL,,,,,irs_990pf
RONALD MCDONALD HOUSE CHARITIES INC,OAK BROOK,IL,,,,,irs_990pf
WI HOCKEY COACHES ASSN,MADISON,WI,,,,,irs_990pf
CARROLL UNIVERSITY,WAUKESHA,WI,,,,,irs_990pf
SUSTAIN HUDSON INC,HUDSON,WI,,,,,irs_990pf
SECOND HARVEST FOODBANK,MADISON,WI,,,,,irs_990pf
ST VINCENT DE PAUL,MADISON,WI,,,,,irs_990pf
CAP S FUND INC,KINGSTON,NY,,,,,irs_990pf
ATTIC ANGEL ASSOCIATION,MADISON,WI,,,,,irs_990pf
AVENUE FOR HOMELESS YOUTH,MINNEAPOLIS,MN,,,,,irs_990pf
NORTHSTAR DEVELOP CYCLING,BLAINE,MN,,,,,irs_990pf
BOYS GIRLS CLUB OF DANE COUNTY,MADISON,WI,,,,,irs_990pf
HABITAT FOR HUMANITY LEE COUNTY FL,NORTH FT MYERS,FL,,,,,irs_990pf
NOBLE HEALTH SYSTEMS INC,WESTFIELD,MA,,,,,irs_990pf
HOLE IN THE WALL GANG FUND,NEW HAVEN,CT,,,,,irs_990pf
CHOC HOSPITAL OF ORANGE COUNTY,ORANGE,CA,,,,,irs_990pf
ST JUDES CHILDREN S RESEARCH,MEMPHIS,TN,,,,,irs_990pf
BARKS OF LOVE,FULLERTON,CA,,,,,irs_990pf
SHRINERS INTL,ANAHEIM,CA,,,,,irs_990pf
SEAL BEACH ANIMAL CARE,SEAL BEACH,CA,,,,,irs_990pf
ACTIONPLAY,BROOKLYN,NY,,,,,irs_990pf
ALBERT EINSTEIN COLLEGE OF MEDICINE,BRONX,NY,,,,,irs_990pf
AMERICAN FRIENDS OF HEBREW UNIVERSITY,NEW YORK,NY,,,,,irs_990pf
APRE S WINE PARTY INC,ASPEN,CO,,,,,irs_990pf
BIRCH WATHEN LENOX SCHOOL,NEW YORK,NY,,,,,irs_990pf
BOCA REGIONAL HOSPITAL,BOCA RATON,FL,,,,,irs_990pf
CENTERS FOR PROGRESSIVE JUDAISM,CHEVY CHASE,MD,,,,,irs_990pf
CONGREGATION EMANUEL,NEW YORK,NY,,,,,irs_990pf
INSTITUTE FOR EDUCATIONAL ACHIEVEMENT,NEW MILFORD,NJ,,,,,irs_990pf
JCS JEWISH COLLABORATIVE SERVICES,PROVIDENCE,RI,,,,,irs_990pf
KRAVIS CENTER,WEST PALM BEACH,FL,,,,,irs_990pf
MORSE LIFE FOUNDATION,WEST PALM BEACH,FL,,,,,irs_990pf
ST FRANCIS HOSPITAL,ROSLYN,NY,,,,,irs_990pf
STAND WITH US,LOS ANGELES,CA,,,,,irs_990pf
SYRACUSE UNIVERSITY COLLEGE OF LAW,SYRACUSE,NY,,,,,irs_990pf
THE CHABAD HOUSE,PALM BEACH,FL,,,,,irs_990pf
TRI COUNTY ANIMAL RESCUE,BOCA RATON,FL,,,,,irs_990pf
WASHINGTON UNIVERSITY IN ST LOUIS,ST LOUIS,MO,,,,,irs_990pf
BO S PLACE,HOUSTON,TX,,,,,irs_990pf
HOLOCAUST MUSEUM HOUSTON,HOUSTON,TX,,,,,irs_990pf
HOUSTON JEWISH COMMUNITY FOUNDATION,HOUSTON,TX,,,,,irs_990pf
INSTITUTE FOR SPIRITUALITY AND HEALTH,HOUSTON,TX,,,,,irs_990pf
SEVEN ACRES,HOUSTON,TX,,,,,irs_990pf
JEWISH FEDERATION OF GREATER HOUSTON,HOUSTON,TX,,,,,irs_990pf
TIRR,HOUSTON,TX,,,,,irs_990pf
HOUSTON MUESUM OF NATURAL SCIENCE,HOUSTON,TX,,,,,irs_990pf
THE FORGE FOR FAMILIES,HOUSTON,TX,,,,,irs_990pf
MARY FREE BED HOSPITAL,GRAND RAPIDS,MI,,,,,irs_990pf
GRAND VALLEY STATE UNIVERSITY,Allendale,MI,,,,,irs_990pf
AUSTIN SCIENCE EDUCATION FOUNDATION,AUSTIN,TX,,,,,irs_990pf
BIRDS OF A FEATHER 4-H CLUB,BOISE,ID,,,,,irs_990pf
BLAINE COUNTY EDUCATION FOUNDATION,HAILEY,ID,,,,,irs_990pf
BLAINE COUNTY SCHOOL DISTRICT 61,HAILEY,ID,,,,,irs_990pf
BOISE STATE UNIVERSITY,BOISE,ID,,,,,irs_990pf
BOYS GIRLS CLUB OF GREATER LOWELL,LOWELL,MA,,,,,irs_990pf
CARING HEARTS AND HANDS OF HOPE,BOISE,ID,,,,,irs_990pf
COUNTY OF GOODING SCHOOL DISTRICT 231,GOODING,ID,,,,,irs_990pf
DISCOVERY CENTER OF IDAHO,BOISE,ID,,,,,irs_990pf
DISCOVERY ELEMENTARY SCHOOL PTO,ST CHARLES,MO,,,,,irs_990pf
EDGAR P KABLE FOUNDATION FUND,YORK,PA,,,,,irs_990pf
EDUCATION FOUNDATION FOR THE JOINT SCHOOL DISTRICT NO 2,MERIDIAN,ID,,,,,irs_990pf
ELDER GROVE SCHOOL DISTRICT,BILLINGS,MT,,,,,irs_990pf
EMERSON ELEMENTARY PTA,EMERSON,NJ,,,,,irs_990pf
FAMILY ADVOCATES,BOISE,ID,,,,,irs_990pf
FORT ZUMWALT SCHOOL DISTRICT,OFALLON,MO,,,,,irs_990pf
FRANCIS HOWELL SCHOOL DISTRICT,ST PETERS,MO,,,,,irs_990pf
FRIENDS OF SATURDAY ACADEMY,PORTLAND,OR,,,,,irs_990pf
FUTURE PUBLIC SCHOOL,GARDEN CITY,ID,,,,,irs_990pf
GIRLS IN STEM,HIGHLANDS RANCH,CO,,,,,irs_990pf
IDAHO MUSEUM OF MINING AND GEOLOGY,BOISE,ID,,,,,irs_990pf
IDAHO SOCIETY OF PROFESSIONAL ENGINEERS,BOISE,ID,,,,,irs_990pf
IDAHO STATE UNIVERSITY,POCATELLO,ID,,,,,irs_990pf
IDAHO STATE UNIVERSITY FOUNDATION,POCATELLO,ID,,,,,irs_990pf
IDAHO STEM ACTION CENTER FOUNDATION,BOISE,ID,,,,,irs_990pf
INDEPENDENT SCHOOL DISTRICT OF BOISE,BOISE,ID,,,,,irs_990pf
JOINT SCHOOL DISTRICT NO 2,BOISE,ID,,,,,irs_990pf
MAINE SCHOOL OF SCIENCE AND MATHEMATICS,LIMESTONE,ME,,,,,irs_990pf
MATHCOUNTS FOUNDATION,BILLINGS,MT,,,,,irs_990pf
METROPOLITAN COMMUNITY COLLEGE FOUNDATION,KANSAS CITY,MO,,,,,irs_990pf
PIERCE PARK PTO,BOISE,ID,,,,,irs_990pf
REUSEUM EDUCATIONAL INC,GARDEN CITY,ID,,,,,irs_990pf
RIVERWALK ACADEMY,ROCK HILL,SC,,,,,irs_990pf
ROCKWOOD R-VI SCHOOL DISTRICT,EUREKA,MO,,,,,irs_990pf
SHAWNEE MISSION SCHOOL DISTRICT 512,OVERLAND PARK,KS,,,,,irs_990pf
SUN VALLEY CENTER FOR THE ARTS INC,SUN VALLEY,ID,,,,,irs_990pf
THE MAGIC HOUSE,ST LOUIS,MO,,,,,irs_990pf
TREASURE VALLEY HOMESCHOOL OLYMPIAD TEAM,EAGLE,ID,,,,,irs_990pf
UNION STATION KANSAS CITY INC,KANSAS CITY,MO,,,,,irs_990pf
UNIVERSITY OF IDAHO FOUNDATION,MOSCOW,ID,,,,,irs_990pf
UNIVERSITY OF MAINE FOUNDATION,ORONO,ME,,,,,irs_990pf
US FOUNDATION FOR THE INSPIRATION RECOGNITION SCIENCE TECHNOLOGY,EDEN PRAIRIE,MN,,,,,irs_990pf
VICTORY CHARTER SCHOOL,NAMPA,ID,,,,,irs_990pf
WOOD RIVER COMMUNITY YMCA,KETCHUM,ID,,,,,irs_990pf
WORCESTER POLYTECHNICAL INSTITUTE,WORCESTER,MA,,,,,irs_990pf
YOUNG MENS CHRISTIAN ASSN OF BOISE YMCA,BOISE,ID,,,,,irs_990pf
YWCA ADMINISTRATION,DAYTON,OH,,,,,irs_990pf
US MARINES TOYS FOR TOTS,TRIANGLE,VA,,,,,irs_990pf
ANIMAL FRIENDS ALLIANCE,FORT COLLINS,CO,,,,,irs_990pf
BOYS AND GIRLS CLUBS OF LARIMER COUNTY,FORT COLLINS,CO,,,,,irs_990pf
CHILDSAFE COLORADO INC,FORT COLLINS,CO,,,,,irs_990pf
COURT APPOINTED SPECIAL ADVOCATE INC,FORT COLLINS,CO,,,,,irs_990pf
FINALLY HOME FOUNDATION,FORT COLLINS,CO,,,,,irs_990pf
FOOD BANK FOR LARIMER COUNTY,LOVELAND,CO,,,,,irs_990pf
HOMEWARD ALLIANCE INC,FORT COLLINS,CO,,,,,irs_990pf
LARIMER COUNTY PARTNERS INC,FORT COLLINS,CO,,,,,irs_990pf
PROJECT SELF-SUFFICIENCY OF LOVELAND-FORT COLLINS,LOVELAND,CO,,,,,irs_990pf
SEXUAL ASSAULT VICTIM ADVOCATE CENTER,FORT COLLINS,CO,,,,,irs_990pf
THE BOYS GIRLS CLUBS OF WELD COUNTY INC,GREELEY,CO,,,,,irs_990pf
THE COLORADO YOUTH OUTDOORS CHARITABLE TRUST,FORT COLLINS,CO,,,,,irs_990pf
THE GREELEY DREAM TEAM INCORPORATED,GREELEY,CO,,,,,irs_990pf
WELD FOOD BANK,GREELEY,CO,,,,,irs_990pf
HARDACK INC,ST ALBANS,VT,,,,,irs_990pf
HAVENWOOD HERITAGE HEIGHTS,CONCORD,NH,,,,,irs_990pf
ANN RUTLEDGE CHAPTER 453 - LAKEWOOD MASONIC FOUNDATION,LAKEWOOD,OH,,,,,irs_990pf
JOHN KNOX PRESBYTERIAN CHURCH,NORTH OLMSTED,OH,,,,,irs_990pf
LAKE ERIE NATURE SCIENCE CENTER,BAY VILLAGE,OH,,,,,irs_990pf
THE SALVATION ARMY,CLEVELAND,OH,,,,,irs_990pf
FLEMING CO KIWANIS CLUB,Flemingsburg,KY,,,,,irs_990pf
ALZHEIMER S ASSOC,Philadelphia,PA,,,,,irs_990pf
BRICK LANE COMMUNITY CHURCH,Elverson,PA,,,,,irs_990pf
DISCIPLEMAKERS,State College,PA,,,,,irs_990pf
GLOBAL TRAINING NETWORK,Peoria,AZ,,,,,irs_990pf
HEARTS 4 ORPHANS,N Auburn,WA,,,,,irs_990pf
HOUGHTON COLLEGE,Houghton,NY,,,,,irs_990pf
MISSION COMMUNITY CHURCH,Exton,PA,,,,,irs_990pf
THE PEACEMAKERS CENTER,Downingtown,PA,,,,,irs_990pf
AKILAH INSTITUTE FOR WOMEN,TAMPA,FL,,,,,irs_990pf
CLARE BOOTH LUCE POLICY INSTITUTE,HERNDON,VA,,,,,irs_990pf
FOUNDATION FOR INDIVIDUAL RIGHTS IN EDUCATION,PHILADELPHIA,PA,,,,,irs_990pf
FOUNDATION FOR TEACHING ECONOMICS,DAVIS,CA,,,,,irs_990pf
FRIEDMAN FOUNDATION FOR EDUCATIONAL CHOICE,INDIANAPOLIS,IN,,,,,irs_990pf
INTERCOLLEGIATE STUDIES INSTITUTE,WILMINGTON,DE,,,,,irs_990pf
MEDICAL BENEVOLENCE FOUNDATION,HOUSTON,TX,,,,,irs_990pf
PRESBYTERIAN MO RANCH ASSEMBLY,HUNT,TX,,,,,irs_990pf
THE ADMIRAL NIMITZ FOUNDATIONTHE NATIONAL MUSEUM OF THE PACIFIC WAR,FREDERICKSBURG,TX,,,,,irs_990pf
THE BILL OF RIGHTS INSTITUTE,ARLINGTON,VA,,,,,irs_990pf
WASHINGTON LEGAL FOUNDATION,WASHINGTON,DC,,,,,irs_990pf
WESLAYAN UNIVERSITY,MIDDLETOWN,CT,,,,,irs_990pf
THE PATRIOT FOUNDATION TRUST,LOOKOUT MOUNTAIN,TN,,,,,irs_990pf
FRIENDS OF THE CLEVELAND COUNTY,SHELBY,NC,,,,,irs_990pf
FIRST LUTHERAN CHURCH,WARREN,PA,,,,,irs_990pf
ASBURY THEOLOGICAL SEMINARY,WILMORE,KY,,,,,irs_990pf
AMY HURLEY,SIOUX FALLS,SD,,,,,irs_990pf
MIKAYLA FORSTING,ABERDEEN,SD,,,,,irs_990pf
KAITLYN SCHMEICHEL,BROOKINGS,SD,,,,,irs_990pf
JESSICA SUNDBERG,BROOKINGS,SD,,,,,irs_990pf
CALLIE MICKELSON,ABERDEEN,SD,,,,,irs_990pf
HALEY DORSCHNER,BROOKINGS,SD,,,,,irs_990pf
APRIL HOFFMAN,BROOKINGS,SD,,,,,irs_990pf
SD SCHOOL OF MINES TECHNOLOGY,RAPID CITY,SD,,,,,irs_990pf
TRUSTEES OF BOSTON UNIVERSITY,BOSTON,MA,,,,,irs_990pf
PERKINS SCHOOL FOR THE BLIND,WATERTOWN,MA,,,,,irs_990pf
APPALACHIA SERVICE PROJECT,JOHNSON CITY,TN,,,,,irs_990pf
CAPITOL SQUASH,HARTFORD,CT,,,,,irs_990pf
FOOD SHARE WALK AGAINST HUNGER,BLOOMFIELD,CT,,,,,irs_990pf
FRIENDS OF CALLAWASSIE ISLAND INC,CALLAWASSIE ISLAND,SC,,,,,irs_990pf
GREENFIELD HILLS CONGREGATIONAL CHURCH,FAIRFIELD,CT,,,,,irs_990pf
NORMA PFRIEM BREAST CARE CENTER,FAIRFIELD,CT,,,,,irs_990pf
OE CHARITY GOLF TOURNAMENT,FALL RIVER,MA,,,,,irs_990pf
RECOVERY NETWORK OF PROGRAMS,SHELTON,CT,,,,,irs_990pf
BRIDGEPORT RESCUE MISSION,BRIDGEPORT,CT,,,,,irs_990pf
REACH NEWTOWN,NEWTOWN,CT,,,,,irs_990pf
CT PIECEMAKERS QUILT GUILD,MONROE,CT,,,,,irs_990pf
WAKEMAN BOYS GIRLS CLUB,FAIRFIELD,CT,,,,,irs_990pf
FAIRFIELD CHRISTMAS TREE FESTIVAL,SOUTHPORT,CT,,,,,irs_990pf
OWENSBORO COMMUNITY AND,OWENSBORO,KY,,,,,irs_990pf
CAMPBELLSVILLE UNIVERSITY,CAMPBELLSVILLE,KY,,,,,irs_990pf
EMORY UNIV SCHOOL OF MEDICINE,ATLANTA,GA,,,,,irs_990pf
HOLY FAMILY CATHOLIC HIGH SCHOOL,VICTORIA,MN,,,,,irs_990pf
ST JOSEPH CATHOLIC SCHOOL,WACONIA,MN,,,,,irs_990pf
FLEMINGSBURG CHRISTIAN CHURCH,Flemingsburg,KY,,,,,irs_990pf
564 PARK AVE PRESERVATION FDN,NEW YORK,NY,,,,,irs_990pf
AMERICAN FUND FOR LSE,NEW YORK,NY,,,,,irs_990pf
AMER UNIV WASHINTON COLLEGE OF LAW,WASHINGTON,DC,,,,,irs_990pf
ANDREW K DWYER FOUNDATION,BEDFORD,NY,,,,,irs_990pf
BONEFISH AND TARPON TRUST,MIAMI,FL,,,,,irs_990pf
BUSCH WILDLIFE SANCTURY,JUPITER,FL,,,,,irs_990pf
CCIR FOUNDATION,VERO BEACH,FL,,,,,irs_990pf
CONSERVATION RESOURCE ALLIANCE,TRAVERSE CITY,MI,,,,,irs_990pf
CRANBROOK EDUCATION COMMUNITY,BLOOMFIELD HILLS,MI,,,,,irs_990pf
DEERFIELD ACADEMY,DEERFIELD,MA,,,,,irs_990pf
DETROIT INSTITUTE OF ARTS,DETROIT,MI,,,,,irs_990pf
EVERGLADES FOUNDATION,PALM BEACH GARDENS,FL,,,,,irs_990pf
FRIENDS OF DUNBARTON HOUSE,WASHINGTON,DC,,,,,irs_990pf
GRACE CHURCH,BROOKLYN,NY,,,,,irs_990pf
GROSSE POINTE FARM FOUNDATION,GROSSE POINTE FARMS,MI,,,,,irs_990pf
GROSSE POINTE THEATRE,GROSSE POINTE,MI,,,,,irs_990pf
GROSSE POINTE WAR MEMORIAL,GROSSE POINTE FARMS,MI,,,,,irs_990pf
HAMILTON COLLEGE,CLINTON,NY,,,,,irs_990pf
HARBOR HALL FOUNDATION,HARBOR SPRINGS,MI,,,,,irs_990pf
HARVARD VARSITY CLUB,BOSTON,MA,,,,,irs_990pf
HOLLEY EAR INSTITUTE,DETROIT,MI,,,,,irs_990pf
INDIAN RIVER LAND TRUST,VERO BEACH,FL,,,,,irs_990pf
JUPITER MEDICAL CLINIC,HOBE SOUND,FL,,,,,irs_990pf
LOGGERHEAD MARINE LIFE CENTER,JUNO BEACH,FL,,,,,irs_990pf
MCKEE BOTANICAL GARDEN,VERO BEACH,FL,,,,,irs_990pf
MCLAREN NORTHERN MICHIGAN FDN,PETOSKEY,MI,,,,,irs_990pf
MI DEPT OF NATURAL RESOURCES,LANSING,MI,,,,,irs_990pf
MICHIGAN OPERA THEATRE,DETROIT,MI,,,,,irs_990pf
MONTANA ENVIRONMENTAL INFORMATION CENTER,HELENA,MT,,,,,irs_990pf
MONTANA LAND RELIANCE,HELENA,MT,,,,,irs_990pf
NEW YORK CITY BALLET,NEW YORK,NY,,,,,irs_990pf
NORTH EMMET LITTLE LEAGUE,PELLSTON,MI,,,,,irs_990pf
NW MICHIGAN HABITAT FOR HUMANITY,HARBOR SPRINGS,MI,,,,,irs_990pf
PELSTON FIREFIGHTERS ASSN,PELLSTON,MI,,,,,irs_990pf
PELSTON PUBLIC SCHOOLS,PELLSTON,MI,,,,,irs_990pf
POUND RIDGE VOLUNTEER FIRE DEPT,POUND RIDGE,NY,,,,,irs_990pf
RIVER AND PLAINS SOCIETY INC,FORT BENTON,MT,,,,,irs_990pf
RONALD MCDONALD HOUSE-GREATER HUDSON VALLEY,VALHALLA,NY,,,,,irs_990pf
RUSTICUS GARDEN CLUB,BEDFORD,NY,,,,,irs_990pf
SIGMA GAMMA FOUNDATION,GROSSE POINTE FARMS,MI,,,,,irs_990pf
ST MATTHEWS EPISCOPAL CHURCH,BEDFORD,NY,,,,,irs_990pf
THAYER SCHOOL OF ENGINEERING AT DARTMOUT,HANOVER,NH,,,,,irs_990pf
THE HOTCHKISS SCHOOL,LAKEVILLE,CT,,,,,irs_990pf
THE PROPERTY ENVIRONMENTAL RESEARCH CTR,BOZEMAN,MT,,,,,irs_990pf
UNIVERSITY LIGGETT SCHOOL,GROSSE POINTE WOODS,MI,,,,,irs_990pf
UNIVERSITY OF TEXAS FOUNDATION,AUSTIN,TX,,,,,irs_990pf
VILLAGE OF PELLSTON,PELLSTON,MI,,,,,irs_990pf
WENGER PAVILLION COMMITTEE-VILLAGE OF BALDWIN,BALDWIN,MI,,,,,irs_990pf
WHITNEY MUSEUM OF ART,NEW YORK,NY,,,,,irs_990pf
WNET PUBLIC BROADCASTING,NEW YORK,NY,,,,,irs_990pf
WNYC PUBLIC RADIO,NEW YORK,NY,,,,,irs_990pf
CARY CHAMBER OF COMMERCE,CARY,NC,,,,,irs_990pf
DEMENTIA ALLIANCE OF NORTH CAROLINA,RALEIGH,NC,,,,,irs_990pf
ELDERCARE OF ALACHUA COUNTY INC,GAINSVILLE,FL,,,,,irs_990pf
EXPONENT PHILANTHROPY,WASHINGTON,DC,,,,,irs_990pf
EYES EARS NOSE AND PAWS,CARRBORO,NC,,,,,irs_990pf
NCSU COLLEGE OF ENGINEERING FOUNDATION,RALEIGH,NC,,,,,irs_990pf
RALEIGH BLACKHAWKS,RALEIGH,NC,,,,,irs_990pf
RANDOLPH COUNTY BOARD OF EDUCATION,ASHEBORO,NC,,,,,irs_990pf
WAKEMED FOUNDATION,RALEIGH,NC,,,,,irs_990pf
WILLIAMS HIGH SCHOOL BOOSTER CLUB,BURLINGTON,NC,,,,,irs_990pf
MUHLENBERG COLLEGE,ALLENTOWN,PA,,,,,irs_990pf
SOUTHERN BAPTIST SEMINARY,LOUISVILLE,KY,,,,,irs_990pf
FREDERICK COUNTY MENTAL HLTH ASSOC,FREDERICK,MD,,,,,irs_990pf
DELAPLAINE ARTS CENTER,FREDERICK,MD,,,,,irs_990pf
FREDERICK COMMUNITY ACTION AGENCY,FREDERICK,MD,,,,,irs_990pf
FREDERICK COUNTY PUBLIC LIBRARIES,FREDERICK,MD,,,,,irs_990pf
HERITAGE FREDERICK,FREDERICK,MD,,,,,irs_990pf
TRINITY PASTORAL COUNSELING CENTER,FREDERICK,MD,,,,,irs_990pf
FAITH HOUSE,FREDERICK,MD,,,,,irs_990pf
HOOD COLLEGE,FREDERICK,MD,,,,,irs_990pf
FREDERICK MEMORIAL HOSPITAL,FREDERICK,MD,,,,,irs_990pf
MCDANIEL COLLEGE,WESTMINSTER,MD,,,,,irs_990pf
FREDERICK RESCUE MISSION INC,FREDERICK,MD,,,,,irs_990pf
TRINITY UNITED METHODIST CHURCH,FREDERICK,MD,,,,,irs_990pf
HOSPICE OF FREDERICK COUNTY INC,FREDERICK,MD,,,,,irs_990pf
HEARTLY HOUSE INC,FREDERICK,MD,,,,,irs_990pf
FREDERICK COMMUNITY COLLEGE FDN,FREDERICK,MD,,,,,irs_990pf
RELIGIOUS COALITION FOR EMERGENCY,FREDERICK,MD,,,,,irs_990pf
ADVOCATES FOR HOMELESS FAMILIES INC,FREDERICK,MD,,,,,irs_990pf
NATIONAL MUSEUM FOR CIVIL WAR,FREDERICK,MD,,,,,irs_990pf
FREDERICK COUNTY 4-H THERAPEUTIC,THURMONT,MD,,,,,irs_990pf
HOMEWOOD FOUNDATION INC,WILLIAMSPORT,MD,,,,,irs_990pf
WEINBERG CENTER FOR THE ARTS INC,FREDERICK,MD,,,,,irs_990pf
MISSION OF MERCY,FREDERICK,MD,,,,,irs_990pf
NW WORKS INC,WINCHESTER,VA,,,,,irs_990pf
SHENANDOAH COUNTY SEARCH INC,MT JACKSON,VA,,,,,irs_990pf
SOUTH CONGREGATIONAL SOCIETY,CONCORD,NH,,,,,irs_990pf
CONCORD FAMILY YMCA,CONCORD,NH,,,,,irs_990pf
NEW HAMPSHIRE HISTORICAL SOCIETY,CONCORD,NH,,,,,irs_990pf
SPAULDING YOUTH CENTER,NORTHFIELD,NH,,,,,irs_990pf
BOSCAWEN PUBLIC LIBRARY,BOSCAWEN,NH,,,,,irs_990pf
BOSCAWEN CONGREGATIONAL CHURCH,BOSCAWEN,NH,,,,,irs_990pf
CONCORD HOSPITAL,CONCORD,NH,,,,,irs_990pf
CONCORD PUBLIC LIBRARY,CONCORD,NH,,,,,irs_990pf
UNITARIAN-UNIV CHURCH OF NASHUA,NASHUA,NH,,,,,irs_990pf
ST MARYS SCHOOL CHURCH,Aberdeen,WA,,,,,irs_990pf
SUMMIT PACIFIC HOSPITAL FOUNDATION,Elma,WA,,,,,irs_990pf
GRAYS HARBOR YMCA,Hoquiam,WA,,,,,irs_990pf
ASSUMPTION CATHOLIC CHURCH,Walla Walla,WA,,,,,irs_990pf
ABERDEEN POLICE,Aberdeen,WA,,,,,irs_990pf
HARBOR RESCUE,Cosmopolis,WA,,,,,irs_990pf
TEAM EVOLUTION,Hoquiam,WA,,,,,irs_990pf
AMERICAN LEGION POST 5,Aberdeen,WA,,,,,irs_990pf
GRAYS HARBOR MUSIC TEACHERS ASSOC,Montesano,WA,,,,,irs_990pf
MONTESANO MOOSE,Montesano,WA,,,,,irs_990pf
CENTRAL PARK FIRE DEPT,Aberdeen,WA,,,,,irs_990pf
GRAYS HARBOR CLOTHING BANK,Aberdeen,WA,,,,,irs_990pf
7TH STREET THEATER ASSOCIATION,Hoquiam,WA,,,,,irs_990pf
UNITED WAY OF GRAYS HARBOR,Aberdeen,WA,,,,,irs_990pf
MOOSE INTERNATIONAL,Mooseheart,IL,,,,,irs_990pf
CANDLELIGHTERS FOR CHILDREN WITH CANCER,Portland,OR,,,,,irs_990pf
COASTAL RAPTORS,Hoquiam,WA,,,,,irs_990pf
ABERDEEN HIGH SCHOOL,Aberdeen,WA,,,,,irs_990pf
GRAYS HARBOR SEARCH RESCUE,Hoquiam,WA,,,,,irs_990pf
GRAYS HARBOR COLLEGE FOUNDATION,Aberdeen,WA,,,,,irs_990pf
WESTPORT TIMBERLAND LIBRARY,Westport,WA,,,,,irs_990pf
SALVATION ARMY,Aberdeen,WA,,,,,irs_990pf
TOM FINKEN MEMORIAL CHARITIES,Quincy,WA,,,,,irs_990pf
HOQUIAM ELKS CHARITIES,Hoquiam,WA,,,,,irs_990pf
GREEN LANTERN FOOD BANK,Copalis Beach,WA,,,,,irs_990pf
DRIFTWOOD PLAYERS,Aberdeen,WA,,,,,irs_990pf
ABERDEEN ELKS CHARITIES,Aberdeen,WA,,,,,irs_990pf
COASTAL COMMUNITY ACTION PROGRAM,Aberdeen,WA,,,,,irs_990pf
ABERDEEN LITTLE LEAGUE,Aberdeen,WA,,,,,irs_990pf
ABERDEEN LIONS CHARITABLE FOUNDATION,Aberdeen,WA,,,,,irs_990pf
ST PATRICKS CHURCH,Walla Walla,WA,,,,,irs_990pf
LOVE INC,Shelton,WA,,,,,irs_990pf
ABERDEEN YOUTH FOOTBALL,Aberdeen,WA,,,,,irs_990pf
WE FISH,Westport,WA,,,,,irs_990pf
GRAYS HARBOR HISTORICAL SEAPORT,Aberdeen,WA,,,,,irs_990pf
GRAYS HARBOR COMMUNITY HOSPITAL FOUNDATION,Aberdeen,WA,,,,,irs_990pf
ST PAUL S CHOIR SCHOOL,CAMBRIDGE,MA,,,,,irs_990pf
CATHOLIC SCHOOLS FOUNDATION,BOSTON,MA,,,,,irs_990pf
ALEDA E LUTZ VETERANS AFFAIRS MEDI,SAGINAW,MI,,,,,irs_990pf
BOYS AND GIRLS CLUB,SAGINAW,MI,,,,,irs_990pf
BUENA VISTA COMMUNITY CENTER,SAGINAW,MI,,,,,irs_990pf
CASTLE MUSEUM OF SAGINAW COUNTY,SAGINAW,MI,,,,,irs_990pf
CHILD FAMILY SERVICES OF SAGINAW,SAGINAW,MI,,,,,irs_990pf
CHILD ABUSE AND NEGLECT COUNCIL,SAGINAW,MI,,,,,irs_990pf
CITY OF FRANKENMUTH - BEAUTIFICATIO,FRANKENMUTH,MI,,,,,irs_990pf
DELTA COLLEGE FOUNDATION,UNIVERSITY CENTER,MI,,,,,irs_990pf
DIAPER ALLIANCE,MIDLAND,MI,,,,,irs_990pf
EMMAUS HOUSE,SAGINAW,MI,,,,,irs_990pf
FRANKENMUTH COMMUNITY EDUCATION - C,SAGINAW,MI,,,,,irs_990pf
FRANKENMUTH FARMERS MARKET,FRANKENMUTH,MI,,,,,irs_990pf
FRANKENMUTH LIONS CLUB,FRANKENMUTH,MI,,,,,irs_990pf
FRANKENMUTH ROTARY,FRANKENMUTH,MI,,,,,irs_990pf
GREAT LAKES BAY HEALTH CENTER,SAGINAW,MI,,,,,irs_990pf
LIST ELEMENTARY SCHOOL,FRANKENMUTH,MI,,,,,irs_990pf
MAKE A WISH FOUNDATION,BRIGHTON,MI,,,,,irs_990pf
MID-MICHIGAN CHILDREN MUSEUM,SAGINAW,MI,,,,,irs_990pf
MUSTARD SEED SHELTER,SAGINAW,MI,,,,,irs_990pf
PARISHIONERS ON PATROL,SAGINAW,MI,,,,,irs_990pf
PIT BALCONY,SAGINAW,MI,,,,,irs_990pf
READ ASSOCIATION,SAGINAW,MI,,,,,irs_990pf
SAGINAW BAY SYMPHONY ASSOCIATION,SAGINAW,MI,,,,,irs_990pf
SAGINAW COMMUNITY FOUNDATION - TEGA,SAGINAW,MI,,,,,irs_990pf
SAGINAW COVENANT ACADEMY,SAGINAW,MI,,,,,irs_990pf
SAGINAW INTERMEDIATE SCHOOL DISTRIC,SAGINAW,MI,,,,,irs_990pf
SAGINAW RIVERSIDE FILM FESTIVAL,SAGINAW,MI,,,,,irs_990pf
SAMARITAS,DETROIT,MI,,,,,irs_990pf
SEEDS - WICKES PARK,TRAVERSE CITY,MI,,,,,irs_990pf
SPECIAL NEEDS VISION CLINIC,SAGINAW,MI,,,,,irs_990pf
SVSU - COLLEGE OF BUSINESS,UNIVERSITY CENTER,MI,,,,,irs_990pf
SVSU FOUNDATION,UNIVERSITY CENTER,MI,,,,,irs_990pf
UNDERGROUND RAILROAD,SAGINAW,MI,,,,,irs_990pf
URBAN TENNIS FOUNDATION,SAGINAW,MI,,,,,irs_990pf
WOMEN OF COLOR,SAGINAW,MI,,,,,irs_990pf
YMCA,SAGINAW,MI,,,,,irs_990pf
BANKERS HOUSE FOUNDATIONINC,WASHINGTON,DC,,,,,irs_990pf
WASHINGTON HOSPITAL,WASHINGTON,PA,,,,,irs_990pf
PAYNES CHAPEL CHURCH,WINCHESTER,VA,,,,,irs_990pf
HEALTHY FAMILIES OF NORTHERN,WINCHESTER,VA,,,,,irs_990pf
KIMBERLY LOWER,BRISTOL,NH,,,,,irs_990pf
MATTHEW LIBBY,BRISTOL,NH,,,,,irs_990pf
MADISON GOULD,BRISTOL,NH,,,,,irs_990pf
BIG CITY KIDS MOUNTAINEERS,GOLDEN,CO,,,,,irs_990pf
OPEN DOORS OF WASHINGTON TOWNSHIP,WESTFIELD,IN,,,,,irs_990pf
CAMPTOWN,INDIANAPOLIS,IN,,,,,irs_990pf
CAMP PATRIOT,LIBBY,MT,,,,,irs_990pf
CENTER OF HOPE VICTORY MINISTRIES,COLUMBUS,OH,,,,,irs_990pf
CITY WILDERNESS PROJECT,WASHINGTON,DC,,,,,irs_990pf
EDELWEISS HOUSE INC,GREENSBURG,IN,,,,,irs_990pf
NATIONAL ALLIANCE FOR MENTAL ILLNESS,ARLINGTON,VA,,,,,irs_990pf
GLEANER S FOOD BANK,INDIANAPOLIS,IN,,,,,irs_990pf
HOLY FAMILY SHELTER,INDIANAPOLIS,IN,,,,,irs_990pf
HUMANE SOCIETY OF HAMILTON COUNTY,NOBLESVILLE,IN,,,,,irs_990pf
WARRIOR EXPEDITIONS,ROANOKE,VA,,,,,irs_990pf
MERCIFUL HELP CENTER,CARMEL,IN,,,,,irs_990pf
NATIONWIDE CHILDREN S HOSPITAL,COLUMBUS,OH,,,,,irs_990pf
ST JUDE S CHILDREN S HOSPITAL,MEMPHIS,TN,,,,,irs_990pf
TRINITY FREE CLINIC,CARMEL,IN,,,,,irs_990pf
MUSIC FOR RELIEF,LOS ANGELES,CA,,,,,irs_990pf
CONCORD REGIONAL VISITING,CONCORD,NH,,,,,irs_990pf
CONCORD HOSPICE HOUSE,CONCORD,NH,,,,,irs_990pf
CONCORD PUBLIC LIBRARY FOUNDATION,CONCORD,NH,,,,,irs_990pf
AMERICAN RED CROSS NH,WASHINGTON,DC,,,,,irs_990pf
ALZHEIMER S ASSOCIATION,WASHINGTON,DC,,,,,irs_990pf
AMERICAN CANCER SOCIETY,WASHINGTON,DC,,,,,irs_990pf
ASYLUM ACCESS,OAKLAND,CA,,,,,irs_990pf
AT JACOBS WELL INC,BALTIMORE,MD,,,,,irs_990pf
BALTIMORE HUMANE SOCIETY,REISTERSTOWN,MD,,,,,irs_990pf
BARCS,BALTIMORE,MD,,,,,irs_990pf
CHARITY NAVIGATOR,BELLMAWR,NJ,,,,,irs_990pf
CONVOY OF HOPE,SPRINGFIELD,MO,,,,,irs_990pf
CRISTO REY PHILADELPHIA HS,PHILADELPHIA,PA,,,,,irs_990pf
DIGITAL HARBOR FDN,BALTIMORE,MD,,,,,irs_990pf
FRISKYS WILDLIFE SANCTUARY,WOODSTOCK,MD,,,,,irs_990pf
HELPING HAND FOR RELIEF DEV,SOUTHFIELD,MI,,,,,irs_990pf
KOLMAC FOUNDATION,BURTONSVILLE,MD,,,,,irs_990pf
LIVING CLASSROOMS FDN,BALTIMORE,MD,,,,,irs_990pf
MEALS ON WHEELS OF CENTRAL MD,CATONSVILLE,MD,,,,,irs_990pf
MED SHARE,DECATUR,GA,,,,,irs_990pf
NATIONAL ALLIANCE ON MENTAL ILLNESS,ARLINGTON,VA,,,,,irs_990pf
NATIONAL ALLIANCE TO END HOMELESSNESS,WASHINGTON,DC,,,,,irs_990pf
NATIONAL PARK FDN,WASHINGTON,DC,,,,,irs_990pf
PLANNED PARENTHOOD OF MD,BALTIMORE,MD,,,,,irs_990pf
REHOBOTH BAY FDN,REHOBOTH BCH,DE,,,,,irs_990pf
SHARED HOPE INTL,VANCOUVER,WA,,,,,irs_990pf
SPECIAL OLYMPICS MD,PRINCE FREDERICK,MD,,,,,irs_990pf
SYRIAN AMERICAN MED SOC,WASHINGTON,DC,,,,,irs_990pf
TAHIRIH JUSTICE,FALLS CHURCH,VA,,,,,irs_990pf
THE NETHERLAND AMERICAN FND,NEW YORK,NY,,,,,irs_990pf
MARYLAND FOOD BANK,BALTIMORE,MD,,,,,irs_990pf
PATIENT SERVICES INC,MIDLOTHIAN,VA,,,,,irs_990pf
ACHIEVEMENT CENTERS FOR CHILDREN,HIGHLAND HILLS,OH,,,,,irs_990pf
AKRON CANTON REGIONAL FOODBANK,AKRON,OH,,,,,irs_990pf
ALEPH INSTITUTE,PITTSBURGH,PA,,,,,irs_990pf
ANTI-DEFAMATION LEAGUE OF B NAI B RITH,CLEVELAND,OH,,,,,irs_990pf
BBYO,PITTSBURGH,PA,,,,,irs_990pf
BECK CENTER FOR THE CULTURAL ARTS,LAKEWOOD,OH,,,,,irs_990pf
BEIT ISSIE SHAPIRO,PITTSBURGH,PA,,,,,irs_990pf
BETH SHALOM,PITTSBURGH,PA,,,,,irs_990pf
BHUTANESE COMMUNITY ASSC OF PGH,PITTSBURGH,PA,,,,,irs_990pf
BIG BROTHERS BIG SISTERS OF CLEVELAND,CLEVELAND,OH,,,,,irs_990pf
BLESSING HOUSE,LORAIN,OH,,,,,irs_990pf
BOYS AND GIRLS CLUB OF CLEVELAND,CLEVELAND,OH,,,,,irs_990pf
BOYS AND GIRLS CLUB OF LORAIN COUNTY,OBERLIN,OH,,,,,irs_990pf
BOYS HOPE GIRLS HOPE NE OHIO,GARFIELD HEIGHTS,OH,,,,,irs_990pf
BUSINESS ADVISORS OF CLEVELAND,CLEVELAND,OH,,,,,irs_990pf
CANCER CARING CENTER,PITTSBURGH,PA,,,,,irs_990pf
CARNEGIE MUSEUMS OF PITTSBURGH,PITTSBURGH,PA,,,,,irs_990pf
CATHOLIC CHARITIES-DISABILITY CHARITABLE,ALBANY,NY,,,,,irs_990pf
CATHOLIC DIOCEASE OF PITTSBURGH,PITTSBURGH,PA,,,,,irs_990pf
CENTER FOR FAMILIES AND CHILDREN,CLEVELAND,OH,,,,,irs_990pf
CHILDREN S HOSPITAL FOUNDATION,PITTSBURGH,PA,,,,,irs_990pf
CHILDREN S MUSEUM OF CLEVELAND,CLEVELAND,OH,,,,,irs_990pf
CITY MISSION,CLEVELAND,OH,,,,,irs_990pf
CLASSROOMS WITHOUT BORDERS,PITTSBURGH,PA,,,,,irs_990pf
CLEVELAND BOTANICAL GARDEN,CLEVELAND,OH,,,,,irs_990pf
CLEVELAND CENTRAL CATHOLIC HIGH SCHOOL,CLEVELAND,OH,,,,,irs_990pf
CLEVELAND HEARING AND SPEECH CENTER,CLEVELAND,OH,,,,,irs_990pf
CLEVELAND HOUSING NETWORK INC,CLEVELAND,OH,,,,,irs_990pf
CLEVELAND INSTITUTE OF MUSIC,CLEVELAND,OH,,,,,irs_990pf
CLEVELAND MUSUEM OF ART,CLEVELAND,OH,,,,,irs_990pf
CLEVELAND RAPE CRISIS CENTER,CLEVELAND,OH,,,,,irs_990pf
CLEVELAND STATE UNIVERSITY,CLEVELAND,OH,,,,,irs_990pf
COLLEGE NOW GREATER CLEVELAND,CLEVELAND,OH,,,,,irs_990pf
COMMON THREADS,AUSTIN,TX,,,,,irs_990pf
COMMUNITY CENTER AND LIBRARY,PITTSBURGH,PA,,,,,irs_990pf
COMMUNITY OF LITTLE BROTHERS AND SISTERS,CLEVELAND,OH,,,,,irs_990pf
CONTEMPORARY CRAFT,PITTSBURGH,PA,,,,,irs_990pf
CORNUCOPIA,LAKEWOOD,OH,,,,,irs_990pf
CROHN S AND COLITIS FOUNDATION OF AMERICA,PITTSBURGH,PA,,,,,irs_990pf
CUYAHOGA COUNTY PUBLIC LIBRARY,PARMA,OH,,,,,irs_990pf
DIVERSITY CENTER OF NORTHEAST,CLEVELAND,OH,,,,,irs_990pf
DOMESTIC VIOLENCE CENTER,CLEVELAND,OH,,,,,irs_990pf
EDUCATION PARTNERSHIP,PITTSBURGH,PA,,,,,irs_990pf
EL BARRIO,CLEVELAND,OH,,,,,irs_990pf
ESPERANZA INC,CLEVELAND,OH,,,,,irs_990pf
EXTRA MILE EDUCATION FOUNDATION,PITTSBURGH,PA,,,,,irs_990pf
FAIRHILL PARTNERS,CLEVELAND,OH,,,,,irs_990pf
FAIRVIEW PARK SENIOR LIFE,CLEVELAND,OH,,,,,irs_990pf
FIELDSTONE FARM,CHAGRIN FALLS,OH,,,,,irs_990pf
FRIENDS OF BREAKTHROUGH CHARTER SCHOOLS,CLEVELAND,OH,,,,,irs_990pf
FRONT STEPS HOUSING AND SERVICES,CLEVELAND,OH,,,,,irs_990pf
FRONTLINE SERVICE,CLEVELAND,OH,,,,,irs_990pf
GREAT LAKES SCIENCE CENTER,CLEVELAND,OH,,,,,irs_990pf
GREAT LAKES THEATER FESTIVAL,CLEVELAND,OH,,,,,irs_990pf
GREATER CLEVELAND FOOD BANK,CLEVELAND,OH,,,,,irs_990pf
GREATER CLEVELAND HABITAT FOR HUMANITY,CLEVELAND,OH,,,,,irs_990pf
GREATER CLEVELAND VOLUNTEERS,CLEVELAND,OH,,,,,irs_990pf
HATTIE LARLHAM FOUNDATION,TWINSBURG,OH,,,,,irs_990pf
HILLEL ACADEMY OF PITTSBURGH,PITTSBURGH,PA,,,,,irs_990pf
HOLOCAUST CENTER OF PITTSBURGH,PITTSBURGH,PA,,,,,irs_990pf
IDEASTREAM,CLEVELAND,OH,,,,,irs_990pf
JEWISH ASSISTANCE FUND,PITTSBURGH,PA,,,,,irs_990pf
JEWISH ASSOCIATION ON AGING,PITTSBURGH,PA,,,,,irs_990pf
JEWISH FAMILY CHILDREN S SERVICES,PITTSBURGH,PA,,,,,irs_990pf
JEWISH FAMILY SERVICES ASSOC OF CLEVELAND,BEACHWOOD,OH,,,,,irs_990pf
JEWISH FEDERATION OF CLEVELAND,BEACHWOOD,OH,,,,,irs_990pf
JEWISH FEDERATION OF PITTSBURGH,PITTSBURGH,PA,,,,,irs_990pf
JEWISH NATIONAL FUND,NORTHBROOK,IL,,,,,irs_990pf
JEWISH RESIDENTIAL SERVICES,PITTSBURGH,PA,,,,,irs_990pf
JOB EXPLORATION TRAINING,TALLMADGE,OH,,,,,irs_990pf
JOHN F KENNEDY CATHOLIC SCHOOL,WASHINGTON,PA,,,,,irs_990pf
JOSEPH S HOME,CLEVELAND,OH,,,,,irs_990pf
JULIE BILLIART SCHOOL FOUNDATION,LYNDHURST,OH,,,,,irs_990pf
KOLLEL JEWISH LEARNING CENTER,PITTSBURGH,PA,,,,,irs_990pf
LAKEWOOD DEPARTMENT OF HUMAN SERVICES,LAKEWOOD,OH,,,,,irs_990pf
LATIN JAZZ CAMP THE ROBERTO OCASIO,CLEVELAND,OH,,,,,irs_990pf
LEADERSHIP PITTSBURGH,PITTSBURGH,PA,,,,,irs_990pf
LEUKEMIA LYMPHOMA SOCIETY,PITTSBURGH,PA,,,,,irs_990pf
MAGNIFICAT HIGH SCHOOL,ROCKY RIVER,OH,,,,,irs_990pf
MAKE-A-WISH FOUNDATION OH,CLEVELAND,OH,,,,,irs_990pf
MALACHI CENTER,CLEVELAND,OH,,,,,irs_990pf
MALACHI HOUSE,CLEVELAND,OH,,,,,irs_990pf
MALTZ MUSEUM OF JEWISH HERITAGE,BEACHWOOD,OH,,,,,irs_990pf
MAPLE HEIGHTS DEPT OF HUMAN RESOURCES,MAPLE HEIGHTS,OH,,,,,irs_990pf
MARIA CHILDREN S GLIOMA CANCER FOUNDATION,BAY VILLAGE,OH,,,,,irs_990pf
MEDWORKS,SHAKER HEIGHTS,OH,,,,,irs_990pf
MENORAH PARK CENTER FOR SENIOR CHARITABLE,BEACHWOOD,OH,,,,,irs_990pf
METRO CATHOLIC HIGH SCHOOL,CLEVELAND,OH,,,,,irs_990pf
MUSEUM OF CONTEMPORARY ART,CLEVELAND,OH,,,,,irs_990pf
NATIONAL AVIARY,PITTSBURGH,PA,,,,,irs_990pf
NEAR WEST THEATRE,CLEVELAND,OH,,,,,irs_990pf
NEIGHBORHOOD HOUSING SVCS OF CLEVELAND,CLEVELAND,OH,,,,,irs_990pf
NEW AVENUES TO INDEPENDENCE INC,CLEVELAND,OH,,,,,irs_990pf
NEW HAZLETT THEATER,PITTSBURGH,PA,,,,,irs_990pf
NORTH COAST HEALTH,LAKEWOOD,OH,,,,,irs_990pf
OUR LADY OF THE ELMS FOUNDATION,AKRON,OH,,,,,irs_990pf
PERSAD CENTER,PITTSBURGH,PA,,,,,irs_990pf
PHIPPS CONSERVATORY BOTANICAL GARDENS,PITTSBURGH,PA,,,,,irs_990pf
PITTSBURGH AIDS TASK FORCE ALLIES FOR HEALTH AND WELLBEING,PITTSBURGH,PA,,,,,irs_990pf
PITTSBURGH CLO,PITTSBURGH,PA,,,,,irs_990pf
PITTSBURGH FOUNDATION,PITTSBURGH,PA,,,,,irs_990pf
PITTSBURGH PROMISE,PITTSBURGH,PA,,,,,irs_990pf
PITTSBURGH PUBLIC THEATRE,PITTSBURGH,PA,,,,,irs_990pf
PITTSBURGH YOUTH LEADERSHIP,PITTSBURGH,PA,,,,,irs_990pf
PLAYHOUSE SQUARE FOUNDATION,CLEVELAND,OH,,,,,irs_990pf
PROVIDENCE CONNECTIONS,PITTSBURGH,PA,,,,,irs_990pf
PROVIDENCE HOUSE,CLEVELAND,OH,,,,,irs_990pf
QUANTUM THEATRE,PITTSBURGH,PA,,,,,irs_990pf
RECOVERY RESOURCES,CLEVELAND,OH,,,,,irs_990pf
ROCK AND ROLL HALL OF FAME AND MUSEUM,CLEVELAND,OH,,,,,irs_990pf
ROCKY RIVER SENIOR COUNCIL INC,ROCKY RIVER,OH,,,,,irs_990pf
SALVATION OF ARMY OF GREATER CLEVELAND,CLEVELAND,OH,,,,,irs_990pf
SECOND HARVEST FOODBANK OF MAHONING,YOUNGSTOWN,OH,,,,,irs_990pf
SECOND HARVEST FOODBANK OF NORTH,LORAIN,OH,,,,,irs_990pf
SEEDS OF LITERACY,CLEVELAND,OH,,,,,irs_990pf
ST ANDREWS ESPISCOPAL CHURCH,ELYRIA,OH,,,,,irs_990pf
ST MALACHI CHURCH,CORAOPOLIS,PA,,,,,irs_990pf
ST MARTIN DE PORRES HIGH SCHOOL,CLEVELAND,OH,,,,,irs_990pf
STELLA MARIS INC,CLEVELAND,OH,,,,,irs_990pf
SUSAN G KOMEN PITTSBURGH,PITTSBURGH,PA,,,,,irs_990pf
THE CLEVELAND INSTITUTE OF ART,CLEVELAND,OH,,,,,irs_990pf
THE CLEVELAND MUSEUM OF NATURAL HISTORY,CLEVELAND,OH,,,,,irs_990pf
THE CLEVELAND PLAYHOUSE,CLEVELAND,OH,,,,,irs_990pf
THE FRIENDSHIP CIRCLE,PITTSBURGH,PA,,,,,irs_990pf
THE GATHERING PLACE,BEECHWOOD,OH,,,,,irs_990pf
THE HIRAM HOUSE,CHAGRIN FALLS,OH,,,,,irs_990pf
THE LITTLEST HEROES,SOLON,OH,,,,,irs_990pf
THE MAY DUGAN CENTER,CLEVELAND,OH,,,,,irs_990pf
THE METROHEALTH FOUNDATION,DETROIT,MI,,,,,irs_990pf
TREATMENT WORKS INC,FAIRVIEW PARK,OH,,,,,irs_990pf
UNIVERSITY CIRCLE,CLEVELAND,OH,,,,,irs_990pf
URBAN COMMUNITY SCHOOL,CLEVELAND,OH,,,,,irs_990pf
VALUES IN ACTION,MEDIA,PA,,,,,irs_990pf
VINTAGE,PITTSBURGH,PA,,,,,irs_990pf
VOCATIONAL GUIDANCE SERVICES,CLEVELAND,OH,,,,,irs_990pf
WEST SIDE CATHOLIC CENTER,CLEVELAND,OH,,,,,irs_990pf
WESTERN RESERVE HISTORICAL,CLEVELAND,OH,,,,,irs_990pf
WORKING ANIMALS GIVING SERVICE FOR KIDS,BEREA,OH,,,,,irs_990pf
YESHIVA SCHOOLS,PITTSBURGH,PA,,,,,irs_990pf
YMCA JOHNSTOWN PA,JOHNSTOWN,PA,,,,,irs_990pf
YOUTH CHALLENGE,WESTLAKE,OH,,,,,irs_990pf
YOUTH OPPORTUNITIES UNLIMITED,CLEVELAND,OH,,,,,irs_990pf
YWCA OF GREATER CLEVELAND,CLEVELAND,OH,,,,,irs_990pf
WARDENS VESTRY OF,YOUNGSTOWN,OH,,,,,irs_990pf
BOY SCOUTS OF AMERICA TROOP 24,ADA,OH,,,,,irs_990pf
METHODIST CHILDRENS HOME,COLUMBUS,OH,,,,,irs_990pf
OHIO NORTHERN UNIVERSITY,ADA,OH,,,,,irs_990pf
GIRL SCOUTS OF AMERICA,ADA,OH,,,,,irs_990pf
LUTHERAN THEOLOGICAL SEMINARY,GETTSBURG,PA,,,,,irs_990pf
LUTHERAN THEOLOGICAL SEMINARY,PHILADELPHIA,CT,,,,,irs_990pf
WORCESTER DISTR MEDICAL SOCIETY,WORCESTER,MA,,,,,irs_990pf
SEE ATTACHMENT,SEE ATTACHMENT,RI,,,,,irs_990pf
BUTTE SPIRIT CENTER,WHITEHALL,MT,,,,,irs_990pf
JEFFERSON VALLEY COMMUNITY FOUNDATION,WHITEHALL,MT,,,,,irs_990pf
SANTA CRUZ VALLEY OPPORTUNITIES IN EDUCATION INC,TUBAC,AZ,,,,,irs_990pf
BOYS GIRLS CLUB OF COASTAL PLAIN,WINTERVILLE,NC,,,,,irs_990pf
EAST CAROLINA COUNCIL OF BOY SCOUTS,KINSTON,NC,,,,,irs_990pf
ECU MEDICAL HEALTH SCIENCES FOUND,GREENVILLE,NC,,,,,irs_990pf
HYDE COUNTY FFA,SWAN QUARTER,NC,,,,,irs_990pf
LCC FOUNDATION INC,KINSTON,NC,,,,,irs_990pf
NC COASTAL FEDERATION,NEWPORT,NC,,,,,irs_990pf
OCCONEEHEE COUNCIL,CARY,NC,,,,,irs_990pf
PITT COUNTY EDUCATION FOUNDATION,GREENVILLE,NC,,,,,irs_990pf
THE SALVATION ARMY,WASHINGTON,NC,,,,,irs_990pf
UNIVERSITY OF MOUNT OLIVE,MT OLIVE,NC,,,,,irs_990pf
MARY HITCHCOCK MEM HOSP,LEBANON,NH,,,,,irs_990pf
AGAPE INTERNATIONAL MISSIONS,ROSEVILLE,CA,,,,,irs_990pf
ALLEGRO ORGANIZATIONAL SOLUTIONS INC,HOUSTON,TX,,,,,irs_990pf
ALZHEIMER S DISEASE AND RELATED DISORDERS,WASHINGTON,DC,,,,,irs_990pf
BARNABAS FACTOR,ANTELOPE,CA,,,,,irs_990pf
BOY SCOUTS OF AMERICA - SILICON VALLEY MONTEREY,SAN JOSE,CA,,,,,irs_990pf
CHRISTIAN EDUCATION SOCIETY,TACOMA,WA,,,,,irs_990pf
COMPUTER HISTORY MUSEUM,MOUNTAIN VIEW,CA,,,,,irs_990pf
EDUCATIONAL MEDIA FOUNDATION - K-LOVE RADIO,ROCKLIN,CA,,,,,irs_990pf
EVERGREEN FREEDOM FOUNDATION,OLYMPIA,WA,,,,,irs_990pf
GLOBAL MEDIA OUTREACH,PLANO,TX,,,,,irs_990pf
INTERNATIONAL JUSTICE MISSION,WASHINGTON,DC,,,,,irs_990pf
KAANAPALI BEACH MINISTRY,LAHAINA,HI,,,,,irs_990pf
KQED INC,SAN FRANCISCO,CA,,,,,irs_990pf
MERCY MULTIPLIED AMERICA INC,NASHVILLE,TN,,,,,irs_990pf
NATIONAL CENTER FOR PUBLIC POLICY RESEARCH INC,WASHINGTON,DC,,,,,irs_990pf
NATIONAL RIGHT TO WORK LEGAL DEFENSE EDUCATION,SPRINGFIELD,VA,,,,,irs_990pf
NEW GENERATIONS,SAN JOSE,CA,,,,,irs_990pf
NORTHSIDE CHRISTIAN CHURCH,NEW ALBANY,IN,,,,,irs_990pf
PACIFIC JUSTICE INSTITUTE,SACRAMENTO,CA,,,,,irs_990pf
PRAGER UNIVERSITY FOUNDATION,SHERMAN OAKS,CA,,,,,irs_990pf
SOUTHEASTERN LEGAL FOUNDATION INC,ROSWELL,GA,,,,,irs_990pf
THE REASON FOUNDATION,LOS ANGELES,CA,,,,,irs_990pf
THE SALVATION ARMY - SANTA CLARA COUNTY,SAN JOSE,CA,,,,,irs_990pf
TRUE THE VOTE INC,HOUSTON,TX,,,,,irs_990pf
WYCLIFFE ASSOCIATES INC,ORLANDO,FL,,,,,irs_990pf
WYCLIFFE BIBLE TRANSLATORS INC,ORLANDO,FL,,,,,irs_990pf
SOL R GUGGENHEIM FOUNDATION,NEW YORK,NY,,,,,irs_990pf
PRINCETON UNIVERSITY ART,PRINCETON,NJ,,,,,irs_990pf
A BETTER CHANCE OF WILTON INC,WILTON,CT,,,,,irs_990pf
PREGNANCY AND FAMILY SERVICES,SPANISH FORT,AL,,,,,irs_990pf
ANCHORAGE INC,LEESBURG,GA,,,,,irs_990pf
ANGELS AMONG US PET RESCUE INC,ALPHARETTA,GA,,,,,irs_990pf
ATLANTA BALLET INCORPORATED,ATLANTA,GA,,,,,irs_990pf
ATLANTA CANCER CARE FOUNDATION INC,ATLANTA,GA,,,,,irs_990pf
BENJAMIN FRANKLIN ACADEMY INC,ATLANTA,GA,,,,,irs_990pf
CENTER FOR PUPPETRY ARTS INC,ATLANTA,GA,,,,,irs_990pf
COMMUNITIES OVERCOMING VIOLENT ENCOUNTERS INC,LUDINGTON,MI,,,,,irs_990pf
DAVE KRACHE FOUNDATION INC,KENNESAW,GA,,,,,irs_990pf
EAGLE RANCH INC,FLOWERY BRANCH,GA,,,,,irs_990pf
EXTRA SPECIAL PEOPLE INC,WATKINSVILLE,GA,,,,,irs_990pf
FAST FRIENDS OF HALL COUNTY ANIMAL SHELTER INC,GAINESVILLE,GA,,,,,irs_990pf
FCS URBAN MINISTRIES INC,ATLANTA,GA,,,,,irs_990pf
FERST READERS INC,MADISON,GA,,,,,irs_990pf
FIXGEORGIAPETS INC,ATLANTA,GA,,,,,irs_990pf
FRIENDS TO THE FORLORN PITBULL RESCUE INC,DALLAS,GA,,,,,irs_990pf
FURKIDS INC,ATLANTA,GA,,,,,irs_990pf
GMS EMERGENCY ASSISTANCE FUND INC,TUCKER,GA,,,,,irs_990pf
GROVE CHAPEL MINISTRY INC,EATONTON,GA,,,,,irs_990pf
IMMACULATE HEART OF MARY CATHOLIC CHURCH,ATLANTA,GA,,,,,irs_990pf
KNOX COLLEGE,GALESBURG,IL,,,,,irs_990pf
LIFELINE ANIMAL PROJECT INC,AVONDALE ESTATES,GA,,,,,irs_990pf
MERCY CARE FOUNDATION INC,ATLANTA,GA,,,,,irs_990pf
MICHAELS WAY,FT WASHINGTON,PA,,,,,irs_990pf
MILITARY ORDER OF THE PURPLE HEART SERVICE,ANNANDALE,VA,,,,,irs_990pf
MONROE COUNTY EDUCATION FOUNDATION INC,KEY WEST,FL,,,,,irs_990pf
NORTH PEACHTREE BAPTIST CHURCH,ATLANTA,GA,,,,,irs_990pf
REFUGEE VILLAGE CORP,STONE MTN,GA,,,,,irs_990pf
ROBERT W WOODRUFF ARTS CENTER INC - HIGH MUSEUM,ATLANTA,GA,,,,,irs_990pf
SERVEHAITI INC,ATLANTA,GA,,,,,irs_990pf
SIGSBEE CHARTER SCHOOL INC,KEY WEST,FL,,,,,irs_990pf
ST PIUS X CATHOLIC HIGH SCHOOL,ATLANTA,GA,,,,,irs_990pf
ST THOMAS MORE CATHOLIC SCHOOL,DECATUR,GA,,,,,irs_990pf
THE MEDICAL UNIVERSITY OF SOUTH CAROLINA,CHARLESTON,SC,,,,,irs_990pf
ULTIMATE PEACE INC,SHELBURNE FLS,MA,,,,,irs_990pf
SHALVA,CHICAGO,IL,,,,,irs_990pf
NORTH SHORE SENIOR CENTER,NORTHFIELD,IL,,,,,irs_990pf
PEGASUS THERAPEUTIC RIDING,PALM DESERT,CA,,,,,irs_990pf
BIG BIKES HELPING LITTLE TYKES,CHICAGO,IL,,,,,irs_990pf
MULTIPLE SCLEROSIS SOCIETY,NEW YORK,NY,,,,,irs_990pf
HAVE DREAMS,PARK RIDGE,IL,,,,,irs_990pf
BIRCH CREEK MUSIC PERFORMANCE,EGG HARBOR,WI,,,,,irs_990pf
SAINT VINCENT COLLEGE,Latrobe,PA,,,,,irs_990pf
ALLEGANY ARTS COUNCIL INC,CUMBERLAND,MD,,,,,irs_990pf
B ER CHAYIM CONGREGATION,CUMBERLAND,MD,,,,,irs_990pf
CHICAGO COMMUNITY BOND FUND,CHICAGO,IL,,,,,irs_990pf
CHICAGO PUBLIC MEDIA INC,CHICAGO,IL,,,,,irs_990pf
COUNTY UNITED WAY INC,CUMBERLAND,MD,,,,,irs_990pf
CUMBERLAND SUMMER THEATER,CUMBERLAND,MD,,,,,irs_990pf
EVERGREEN HERITAGE CENTER FOUNDATION INC,FROSTBURG,MD,,,,,irs_990pf
FAMILY CRISIS RESOURCE CENTER INC,CUMBERLAND,MD,,,,,irs_990pf
FOODBANK INC,DAYTON,OH,,,,,irs_990pf
FROSTBURG STATE UNIVERSITY FOUNDATION,FROSTBURG,MD,,,,,irs_990pf
HELLO BABY NFP,CHICAGO,IL,,,,,irs_990pf
HYDE PARK NEIGHBORHOOD CLUB,CHICAGO,IL,,,,,irs_990pf
INVISIBLE INSTITUTE,CHICAGO,IL,,,,,irs_990pf
JANES PLACE INC,CUMBERLAND,MD,,,,,irs_990pf
NIGHT MINISTRY,CHICAGO,IL,,,,,irs_990pf
PRO PUBLICA INC,NEW YORK,NY,,,,,irs_990pf
RONALD MCDONALD HOUSE CHARITIES OF CHICAGOLAND AND,OAK BROOK,IL,,,,,irs_990pf
SOUTHWEST CHICAGO HOMELESS SERVICES,CHICAGO,IL,,,,,irs_990pf
WAMBA CHARITIES INC,CUMBERLAND,MD,,,,,irs_990pf
JEWISH MUSEUM,NEW YORK,NY,,,,,irs_990pf
RYAN HUGHES,MADISON,WI,,,,,irs_990pf
SAM GIDLEY,SUPERIOR,WI,,,,,irs_990pf
KALEB ULLAN,SUPERIOR,WI,,,,,irs_990pf
THE GREATER CLARK FOUNDATION INC,WINCHESTER,KY,,,,,irs_990pf
UPMC MC KEESPORT HOSPITAL,PITTSBURGH,PA,,,,,irs_990pf
CITY OF GLASGOW,GLASGOW,KY,,,,,irs_990pf
GLASGOW BOARD OF EDUCATION,GLASGOW,KY,,,,,irs_990pf
THE COMMUNITY RELIEF FUND FOR,GLASGOW,KY,,,,,irs_990pf
THE ARC OF BARREN COUNTY,GLASGOW,KY,,,,,irs_990pf
BARREN COUNTY SCHOOLS,GLASGOW,KY,,,,,irs_990pf
NEW CASTLE PUBLIC LIBRARY,NEW CASTLE,PA,,,,,irs_990pf
REUBEN MCMILLAN FREE LIBRARY,YOUNGSTOWN,OH,,,,,irs_990pf
AMANDA SHEMRO,FARMVILLE,VA,,,,,irs_990pf
CAMERON BLANKENSHIP,GREENSBORO,NC,,,,,irs_990pf
MEGAN PRICE,FERRUM,VA,,,,,irs_990pf
JOSE HAIRSTON,CLEVELAND,TN,,,,,irs_990pf
MYIAH TERRY,FAIRFAX,VA,,,,,irs_990pf
AISHA ALFAHD,GREENSBORO,NC,,,,,irs_990pf
AUSTIN WITCHER,RADFORD,VA,,,,,irs_990pf
CARA HELBERT,BRIDGEWATER,VA,,,,,irs_990pf
HANNAH MITCHELL,EMORY,VA,,,,,irs_990pf
ABIGAIL LAINE,LYNCHBURG,VA,,,,,irs_990pf
HUNTER CASSADY,BLACKSBURG,VA,,,,,irs_990pf
LEWIS LESTER,FERRUM,VA,,,,,irs_990pf
OLIVIA MANNS,FERRUM,VA,,,,,irs_990pf
SETH MOORE,FERRUM,VA,,,,,irs_990pf
TAYLOR MANNS,FERRUM,VA,,,,,irs_990pf
ASHTYN GAMMONS,BLACKSBURG,VA,,,,,irs_990pf
XAVON STANLEY,CHARLOTTESVILLE,VA,,,,,irs_990pf
MURRAY MCGOVERN,CHARLOTTESVILLE,VA,,,,,irs_990pf
HANNA KENDRICK,WILLIAMSBURG,VA,,,,,irs_990pf
HAILEY KANCHERLA,CHARLOTTESVILLE,VA,,,,,irs_990pf
ANGEL RIVERA-ORTIZ,RADFORD,VA,,,,,irs_990pf
ANNA HATCHETT,HIGH POINT,NC,,,,,irs_990pf
CELIA SHIVELY,FREDERICKSBURG,VA,,,,,irs_990pf
KRISTINE HODGES,LYNCHBURG,VA,,,,,irs_990pf
GABRIELLA BENNETT,LYNCHBURG,VA,,,,,irs_990pf
MACKENZIE MASON,LYNCHBURG,VA,,,,,irs_990pf
MARGARET LEWIS,ASHLAND,VA,,,,,irs_990pf
NIA GRAVELY,RICHMOND,VA,,,,,irs_990pf
DAJONNAE KOGER,NORFOLK,VA,,,,,irs_990pf
ADDISON MERRICKS,BLACKSBURG,VA,,,,,irs_990pf
SEAN ARROYO,BLACKSBURG,VA,,,,,irs_990pf
KATELYNN RENZ,BLACKSBURG,VA,,,,,irs_990pf
YANA EDELEN,LOS ANGELES,CA,,,,,irs_990pf
ROYCE S RESCUE,RICHBORO,PA,,,,,irs_990pf
BCSRC,DOYLESTOWN,PA,,,,,irs_990pf
PEGASUS THERAPEUTIC RIDING INC,PHILADELPHIA,PA,,,,,irs_990pf
CHABAD HOUSE ON WHEELS,MIAMI BEACH,FL,,,,,irs_990pf
MOUNT SINAI MEDICAL,MIAMI BEACH,FL,,,,,irs_990pf
WOMEN OF TOMORROW MENTOR SCHOOL PROGRAM,MIAMI,FL,,,,,irs_990pf
VIZCAYA,MIAMI,FL,,,,,irs_990pf
MIAMI DOLPHINS FOUNDATION,MIAMI GARDENS,FL,,,,,irs_990pf
MIAMI BEACH SENIOR HIGH SCHOOL,MIAMI BEACH,FL,,,,,irs_990pf
JUGGERKNOT THEATRE COMPANY,MIAMI,FL,,,,,irs_990pf
FRIENDS OF THE ISRAEL DEFENSE FORCES,NEW YORK,NY,,,,,irs_990pf
UNITED WAY OF MIAMI,MIAMI,FL,,,,,irs_990pf
BEHEALTHYN,MIAMI,FL,,,,,irs_990pf
NCH FOUNDATION,ARLINGTON HEIGHTS,IL,,,,,irs_990pf
ALL PEOPLE S SYNAGOGUE,MIAMI BEACH,FL,,,,,irs_990pf
AMERICAN PARKINSON DISEASE ASSOCIATION,STATEN ISLAND,NY,,,,,irs_990pf
MIAMI FOUNDATION,MIAMI,FL,,,,,irs_990pf
LOPEZ ISLAND SENIOR SERVICES,Lopez Island,WA,,,,,irs_990pf
LOPEZ EMERGENCY MEDICAL ASSOC,Lopez Island,WA,,,,,irs_990pf
LES FELDICK MINISTRIES,Kinta,OK,,,,,irs_990pf
CALVIN UNIVERSITY,GRAND RAPIDS,MI,,,,,irs_990pf
GREENVILLE UNIVERSITY,GREENVILLE,IL,,,,,irs_990pf
UKRAINE PARTNERSHIP FOUNDATION,CHESTERFIELD,MO,,,,,irs_990pf
IHS,San Francisco,CA,,,,,irs_990pf
THE MARINE MAMMAL CENTER,SAUSALITO,CA,,,,,irs_990pf
CORNELL HILLEL,ITHACA,NY,,,,,irs_990pf
THE HOLOCAUST MEMORIAL,SAN FRANCISO,CA,,,,,irs_990pf
WILD AID,SAN FRANCISCO,CA,,,,,irs_990pf
ALZHEIMERS RESEARCH FOUNDATIONS,New York,NY,,,,,irs_990pf
ALVIN ALLEY DANCE FOUNDATION,New York,NY,,,,,irs_990pf
BETTER ANGELS,New York,NY,,,,,irs_990pf
AMERICAN COMMITTEE FOR THE WEITZMAN INSTITUTE OF SCIENCE,New York,NY,,,,,irs_990pf
HEALTHRIGHT,Charleston,WV,,,,,irs_990pf
IMPACT ISRAEL,North Bethesda,MD,,,,,irs_990pf
AMERICAN RENAISSANCE THEATRE,New York,NY,,,,,irs_990pf
KALW,San Francisco,CA,,,,,irs_990pf
NY TIMES NEEDIEST FUND,New York,NY,,,,,irs_990pf
SERVA FOUNDATIONS,Berkely,CA,,,,,irs_990pf
THE LARK THEATRE,New York,NY,,,,,irs_990pf
CALIFORNIA FILM INSTITUTE,San Rafael,CA,,,,,irs_990pf
WNYC,New York,NY,,,,,irs_990pf
FRIENDS OF THE SAN FRANCISCO SYMPHANY,San Francisco,CA,,,,,irs_990pf
GREENPEACE,Washington,DC,,,,,irs_990pf
HEALTH PROJECTS INTERNATIONAL,,,,,,,irs_990pf
LEUKEMIA AND LYMPHOMIA SOCIETY,White Plains,NY,,,,,irs_990pf
MARIN SHAKESPEARE COMPANY,San Rafael,CA,,,,,irs_990pf
MARIN THEATRE COMPANY,Mill Valley,CA,,,,,irs_990pf
SAN FRANCISCO PLAYHOUSE,San Francisco,CA,,,,,irs_990pf
SHOTGUN PLAYERS,Berkely,CA,,,,,irs_990pf
TEMPLE ISRAEL,White Plains,NY,,,,,irs_990pf
THE MARSH THEATRE SAN FRANCISCO,San Francisco,CA,,,,,irs_990pf
THIRTEEN,New York,NY,,,,,irs_990pf
WHISTLESTOP,Brooklyn,NY,,,,,irs_990pf
SUNGATEKIDS,ENGLEWOOD,CO,,,,,irs_990pf
CANINES FOR SERVICE,WILMINGTON,NC,,,,,irs_990pf
CAROLINA YOUTH DEVELOPMENT CENTER,N CHARLESTON,SC,,,,,irs_990pf
CHARLESTON AREA THERAPEUTIC RIDING,JOHNS ISLAND,SC,,,,,irs_990pf
CHARLESTON BRIDGE CLUB,CHARLESTON,SC,,,,,irs_990pf
CHARLESTON SYMPHONY ORCHESTRA,CHARLESTON,SC,,,,,irs_990pf
COASTAL CONSERVATION LEAGUE,CHARLESTON,SC,,,,,irs_990pf
FISHING CREEK PRESBYTERIAN CHURCH,CHESTER,SC,,,,,irs_990pf
FRIENDS OF BUTLER MEMORIAL LIBRARY,CHASE CITY,VA,,,,,irs_990pf
FRIENDS OF THE FT MITCHELL AND KEYSVILLE DEPOT,CHASE CITY,VA,,,,,irs_990pf
HALLIE HILL,RAVENEL,SC,,,,,irs_990pf
HARVEST FREE MEDICAL CLINIC,N CHARLESTON,SC,,,,,irs_990pf
MACCALLUM MORE MUSEUM AND GARDENS,CHASE CITY,VA,,,,,irs_990pf
PRESTWOOD FOUNDATION,CLARKSVILLE,VA,,,,,irs_990pf
SAVE OUR HERITAGE,CHASE CITY,VA,,,,,irs_990pf
SAVE THE LIGHT,FOLLY BEACH,SC,,,,,irs_990pf
RESPITE CARE OF CHARLESTON,CHARLESTON,SC,,,,,irs_990pf
STRIDES OF STRENGTH THERAPEUTIC RIDING,CHESTER,SC,,,,,irs_990pf
REIN SHINE,AWENDAW,SC,,,,,irs_990pf
TURTLE SURVIVAL ALLICANE,CROSS,SC,,,,,irs_990pf
PET HELPERS,CHARLESTON,SC,,,,,irs_990pf
CASC MEALS ON WHEELS CHARLESTON,CHARLESTON,SC,,,,,irs_990pf
1000 FRIENDS OF WISCONSIN,Madison,WI,,,,,irs_990pf
BAT CONSERVATION INTERNATIONAL,Austin,TX,,,,,irs_990pf
BYRN MAWR COLLEGE,Bryn Mawr,PA,,,,,irs_990pf
CASA ADVOCATES FOR CHILDREN,Aurora,CO,,,,,irs_990pf
CENTRAL CITY OPERA,Denver,CO,,,,,irs_990pf
CHEYENNE FRONTIER DAYS OLD WEST MUSEUM,Cheyenne,WY,,,,,irs_990pf
DENVER CENTER FOR THE PERFORMING ARTS,Denver,CO,,,,,irs_990pf
FOREST HOME HISTORIC PRESERVATION ASSOC,Milwaukee,WI,,,,,irs_990pf
GIRL SCOUTS OF WISCONSIN SE,Milwaukee,WI,,,,,irs_990pf
JUNIOR ACHIEVEMENT OF WISCONSIN,Milwaukee,WI,,,,,irs_990pf
LAYTON ART COLLECTION,Lake Bluff,IL,,,,,irs_990pf
MARQUETTE UNIVERSITY LAW SCHOOL,Milwaukee,WI,,,,,irs_990pf
FRIENDS OF THE MILWAUKEE TENNIS CLASSIC,Milwaukee,WI,,,,,irs_990pf
MILWAUKEE COLLEGE PREP,Milwaukee,WI,,,,,irs_990pf
JUNEAU PARK FRIENDS,Milwaukee,WI,,,,,irs_990pf
MEDICAL COLLEGE OF WISCONSIN,Milwaukee,WI,,,,,irs_990pf
MILWAUKEE ART MUSEUM,Milwaukee,WI,,,,,irs_990pf
NATURAL TRUST FOR HISTORIC PRESERVATION,Washington,DC,,,,,irs_990pf
OPERA COLORADO,Denver,CO,,,,,irs_990pf
PERSERVE OUR PARKS,Milwaukee,WI,,,,,irs_990pf
MITCHELL HAMLIN SCHOOL OF LAW,St Paul,MN,,,,,irs_990pf
ST ANNE S EPISCOPAL SCHOOL,Denver,CO,,,,,irs_990pf
ST PAUL S CHURCH,Milwaukee,WI,,,,,irs_990pf
TALLS PINES CONSERVANCY,Nashotah,WI,,,,,irs_990pf
THE FLORENTINE OPERA,Milwaukee,WI,,,,,irs_990pf
THE GATHERING OF SOUTHEAST WISCONSIN INC,Milwaukee,WI,,,,,irs_990pf
THE SOCIETY OF CINCINNATI,Washington,DC,,,,,irs_990pf
WAR MEMORIAL CENTER,Milwaukee,WI,,,,,irs_990pf
UNIVERSITY SCHOOL OF MILWAUKEE,Milwaukee,WI,,,,,irs_990pf
SOJOUNER FAMILY PEACE CENTER,Milwaukee,WI,,,,,irs_990pf
THE WEBB-DEANE STEVENS MUSEUM,Wethersfield,CT,,,,,irs_990pf
WAUKESHA COUNTY LAND CONSERVANCY,Brookfield,WI,,,,,irs_990pf
NEW ORLEANS MISSION,NEW ORLEANS,LA,,,,,irs_990pf
MAOZ ISRAEL,GRAND PRAIRIE,TX,,,,,irs_990pf
OKLAHOMA CHILDRENS HOSPITAL,OKC,OK,,,,,irs_990pf
ST JUDE CHILDRENS HOSPITAL,MEMPHIS,TN,,,,,irs_990pf
OKLAHOMA BAPTIST CHILDRENS HOME,OKC,OK,,,,,irs_990pf
COMMUNITY FDN FOR THE ALLEGHENIES,JOHNSTOWN,PA,,,,,irs_990pf
AMERICAN CANCER SOCIETY,HOLLIDAYSBURG,PA,,,,,irs_990pf
JOHNSTOWN KIWANIS,JOHNSTOWN,PA,,,,,irs_990pf
GIRL SCOUTS OF WESTERN PA,JOHNSTOWN,PA,,,,,irs_990pf
ARCADIA THEATER,WINDBER,PA,,,,,irs_990pf
EUREKA COAL HERITAGE FND,WINDBER,PA,,,,,irs_990pf
ALZHEIMER S ASSOCIATION,HARRISBURG,PA,,,,,irs_990pf
WINDBER MUNICIPAL AUTHORITY,WINDBER,PA,,,,,irs_990pf
WINDBER PUBLIC LIBRARY,WINDBER,PA,,,,,irs_990pf
BAND OF BROTHERS SHAKESPEARE CO,JOHNSTOWN,PA,,,,,irs_990pf
LAUREL ARTS,SOMERSET,PA,,,,,irs_990pf
WINDBER AREA SCHOOL DISTRICT,WINDBER,PA,,,,,irs_990pf
ALLEGHENY CHRISTIAN SERVICES CORP,DAVIDSVILLE,PA,,,,,irs_990pf
SOMERSET COMM HOSP FOUNDATION,SOMERSET,PA,,,,,irs_990pf
CHILDREN S AID SOCIETY FOUNDATION,SOMERSET,PA,,,,,irs_990pf
WINDBER VOLUNTEER FIRE COMPANY 1,WINDBER,PA,,,,,irs_990pf
PENN STATE WORLD CAMPUS VEAF,STATE COLLEGE,PA,,,,,irs_990pf
PENN STATE THON,STATE COLLEGE,PA,,,,,irs_990pf
MARINE TOYS FOR TOTS FOUNDATION,DES MOINES,IA,,,,,irs_990pf
UPJ CAMPUS MINISTRY,JOHNSTOWN,PA,,,,,irs_990pf
PENNSYLVANIA CHAMBER ORCHESTRA,STATE COLLEGE,PA,,,,,irs_990pf
JUNIATA VALLEY COUNCIL BSA,REEDSVILLE,PA,,,,,irs_990pf
WINDBER BOROUGH POLICE DEPT,WINDBER,PA,,,,,irs_990pf
BLUE HILL PUBLIC LIBRARY,BLUE HILL,ME,,,,,irs_990pf
BRIGHAM AND WOMEN S HOSPITAL BREAST CENTRE,BOSTON,MA,,,,,irs_990pf
BRIGHAM AND WOMEN S HOSPITAL MAT FELLOWSHIP,BOSTON,MA,,,,,irs_990pf
CHASE EMERSON MEMORIAL LIBRARY,DEER ISLE,ME,,,,,irs_990pf
DEDHAM COUNTRY DAY PMT SCHOLARSHIP,DEDHAM,MA,,,,,irs_990pf
DEDHAM COUNTRY DAY TJ SCHOLARSHIP,DEDHAM,MA,,,,,irs_990pf
DOWNEAST COASTAL CONSERVANCY,MACHIAS,ME,,,,,irs_990pf
GIRLS ROCK ASHEVILLE,ASHEVILLE,NC,,,,,irs_990pf
HOMEWARD BOUND,ASHEVILLE,NC,,,,,irs_990pf
ISLAND COMMUNITY CENTER,STONINGTON,ME,,,,,irs_990pf
ISLAND HEALTH AND WELLNESS FOUNDATION,DEER ISLE,ME,,,,,irs_990pf
ISLAND HERITAGE TRUST,DEER ISLE,ME,,,,,irs_990pf
ISLAND READERS WRITERS,MOUNT DESERT,ME,,,,,irs_990pf
LUBEC MEMORIAL LIBRARY,LUBEC,ME,,,,,irs_990pf
MAINE COAST HERITAGE TRUST,TOPSHAM,ME,,,,,irs_990pf
OPERA HOUSE ARTS,STONINGTON,ME,,,,,irs_990pf
RIVERLINK,ASHEVILLE,NC,,,,,irs_990pf
SOUTHERN APPALACHIAN HIGHLANDS CONSERVANCY,ASHEVILLE,NC,,,,,irs_990pf
WELLINGTON MANAGEMENT CHARITABLE FOUNDATION FOR MAT SCHOLARSHIP,BOSTON,MA,,,,,irs_990pf
NICHOLS DAY CAMP,BLUE HILL,ME,,,,,irs_990pf
FAIRMONT STATE UNIVERSITY,FAIRMONT,WV,,,,,irs_990pf
LIBERTY UNIVERSITY,LYNCHBURG,VA,,,,,irs_990pf
POTOMAC STATE COLLEGE,KEYSER,WV,,,,,irs_990pf
WEST VIRGINIA UNIVERSITY,MORGANTOWN,WV,,,,,irs_990pf
WEST VIRGINIA WESLEYAN COLLEGE,BUCKHANNON,WV,,,,,irs_990pf
WILLIAMETTE HUMANE SOCIETY,SALEM,OR,,,,,irs_990pf
SENIOR TOWNHOUSE INC,SALEM,OR,,,,,irs_990pf
SALEM PUBLIC LIBRARY,SALEM,OR,,,,,irs_990pf
SOCIETY FOR THE PREVENTION CRUELTY,MOBILE,AL,,,,,irs_990pf
SOUTHERN BAPTIST THEOLOGICAL SEM,LOUISVILLE,KY,,,,,irs_990pf
EPISCOPAL ACADEMY,NEWTOWN SQUARE,PA,,,,,irs_990pf
ANDERSON UNIVERSITY,ANDERSON,SC,,,,,irs_990pf
CLEMSON UNIVERSITY,CLEMSON,SC,,,,,irs_990pf
UNIVERSITY OF SOUTH CAROLINA,COLUMBIA,SC,,,,,irs_990pf
FAYETTEVILLE STATE UNIVERSITY,FAYETTEVILLE,NC,,,,,irs_990pf
COASTAL CAROLINA UNIVERSITY,CONEAY,SC,,,,,irs_990pf
ALZHEIMERS ASSOC SE WIS CHAPTER,MILWAUKEE,WI,,,,,irs_990pf
FROEDTERT HOSPITAL FOUNDATION,MILWAUKEE,WI,,,,,irs_990pf
ENOCH D UNDERWOOD MEM BAPTIST CH,WAUWATOSA,WI,,,,,irs_990pf
UW-WHITEWATER FOUNDATION INC,WHITEWATER,WI,,,,,irs_990pf
BON AIR PRESBYTERIAN CHURCH,Richmond,VA,,,,,irs_990pf
OLD DOMINION UNIVERSITY,NORFOLK,VA,,,,,irs_990pf
CLASSICAL REVOLUTION RVA,RICHMOND,VA,,,,,irs_990pf
GREATER RICHMOND CHILDREN S HOME,RICHMOND,VA,,,,,irs_990pf
JAMES RIVERS SINGERS,NORTH CHESTERFIELD,VA,,,,,irs_990pf
RICHMOND CHAMBER PLAYERS INC,RICHMOND,VA,,,,,irs_990pf
VICTORY HALL OPERA,CHARLOTTESVILLE,VA,,,,,irs_990pf
VIRGINIA COMMONWEALTH,RICHMOND,VA,,,,,irs_990pf
ART 180 INC,RICHMOND,VA,,,,,irs_990pf
THE VISUAL ARTS CENTER OF RICHMOND,RICHMOND,VA,,,,,irs_990pf
TAMWORTH MUSIC FESTIVAL INC,STAUNTON,VA,,,,,irs_990pf
CHAMBER MUSIC SOCIETY OF CENTRAL VIRGINI,Richmond,VA,,,,,irs_990pf
ATLANTIC CHAMBER ENSEMBLE,Richmond,VA,,,,,irs_990pf
ARTSPACE,Minneapolis,MN,,,,,irs_990pf
1708 GALLERY INC,Richmond,VA,,,,,irs_990pf
COVENANT PRESBYTERIAN CHURCH,ATLANTA,GA,,,,,irs_990pf
PARK PRIDE INC,ATLANTA,GA,,,,,irs_990pf
UNIVERSITY OF WI RIVER FALLS FDN INC,RIVER FALLS,WI,,,,,irs_990pf
MPLS MEDICAL RESEARCH FOUNDATION,MINNEAPOLIS,MN,,,,,irs_990pf
REGENTS OF THE U OF M,MINNEAPOLIS,MN,,,,,irs_990pf
FAIRVIEW PRESBYTERIAN CHURCH,GLENMOORE,PA,,,,,irs_990pf
PAXTON PRESBYTERIAN CHURCH,HARRISBURG,PA,,,,,irs_990pf
CHILDREN S WELFARE LEAGUE,Washington,DC,,,,,irs_990pf
AMERICAN CANCER SOCIETY SOUTHEAST REGIO,New York,NH,,,,,irs_990pf
NORTH CAROLINA INDEPENDENT COLLEGES UN,Raleigh,NC,,,,,irs_990pf
WNC BRIDGE FOUNDATION,Asheville,NC,,,,,irs_990pf
HEBREW UNION COLLEGE-JEWISH,New York,NY,,,,,irs_990pf
CHABAD LUBAVITCH OF WESTERN,ASHEVILLE,NC,,,,,irs_990pf
FRIENDS OF CHABAD OF BOCA RATON INC,BOCA RATON,FL,,,,,irs_990pf
WNC JEWISH FEDERATION INC,ASHEVILLE,NC,,,,,irs_990pf
WINCHESTER MEDICAL CENTER FOUNDATION,WINCHESTER,VA,,,,,irs_990pf
CARL SANDBURG FOUNDATION,GALESBURG,IL,,,,,irs_990pf
VMI FOUNDATION INC,LEXINGTON,VA,,,,,irs_990pf
COLLEGE OF WILLIAM AND MARY,WILLIAMSBURG,VA,,,,,irs_990pf
RECTOR AND VISITORS OF THE UVA,CHARLOTTESVILLE,VA,,,,,irs_990pf
HEADLAND HIGH SCHOOL,HEADLAND,AL,,,,,irs_990pf
PALO ALTO UNIFIED SCHOOL DISTRICT,PALO ALTO,CA,,,,,irs_990pf
FERRUM COLLEGE,FERRUM,VA,,,,,irs_990pf
HUNTINGTON COURT UMC,ROANOKE,VA,,,,,irs_990pf
MASONIC HOME OF VIRGINIA,HENRICO,VA,,,,,irs_990pf
THREE OAKS FELLOWSHIP UMC,VINTON,VA,,,,,irs_990pf
PINNACLE LIVING,GLEN ALLEN,VA,,,,,irs_990pf
BETHANY HALL INC,ROANOKE,VA,,,,,irs_990pf
WOODLAWN UNITED METHODIST CHURCH,ROANOKE,VA,,,,,irs_990pf
FRIENDSHIP MANOR APARTMENT VILLAGE,ROANOKE,VA,,,,,irs_990pf
YOUTH SERVICE INC,PHILADELPHIA,PA,,,,,irs_990pf
PNC ADVISORS FBO CHAPIN MEMORIAL,PITTSBURGH,PA,,,,,irs_990pf
ASSOCIATD SERVICES FOR THE BLIND,PHILADELPHIA,PA,,,,,irs_990pf
OVERBRK SCHL FOR BLIND PA INSTIT,PHILADELPHIA,PA,,,,,irs_990pf
CHILD CRUISE PLAYGROUND SOC,BERWYN,PA,,,,,irs_990pf
EDITH RUDOLPHY RES FOR THE BLIND,PHILADELPHIA,PA,,,,,irs_990pf
1ST TROOP PHILADELPHIA CITY CAVALRY,PHILADELPHIA,PA,,,,,irs_990pf
THE STARR CENTRE ASSOCIATION,PHILADELPHIA,PA,,,,,irs_990pf
PENNSYLVANIA HOSPITAL,PHILADELPHIA,PA,,,,,irs_990pf
ST MARKS EPISCOPAL CHURCH,FORT DODGE,IA,,,,,irs_990pf
FIRST BAPTIST CHURCH IN NY CITY,NEW YORK,NY,,,,,irs_990pf
TOWSON UNIVERSITY,TOWSON,MD,,,,,irs_990pf
LOCK HAVEN 7TH DAY ADVN CH,LOCK HAVEN,PA,,,,,irs_990pf
FIRST BAPTIST CHURCH OF COLUMBIA,COLUMBIA,MO,,,,,irs_990pf
FAMILY GUIDANCE CENTER,WYOMISSING,PA,,,,,irs_990pf
THE ALS ASSOCIATION,ARLINGTON,VA,,,,,irs_990pf
BATTERED PERSONS ADVOCACY INC,ROSEBURG,OR,,,,,irs_990pf
CALAPOOIA REFLECTIONS MUSEUM,SUTHERLIN,OR,,,,,irs_990pf
COLLEGE DREAMS INC,GRANTS PASS,OR,,,,,irs_990pf
ST VINCENT DE PAUL SOCIETY,MYRTLE CREEK,OR,,,,,irs_990pf
DOUGLAS COUNTY HISTORICAL SOCIETY,SUPERIOR,WI,,,,,irs_990pf
PCIT INTERNATIONAL,GAINESVILLE,FL,,,,,irs_990pf
HIV ALLIANCE,EUGENE,OR,,,,,irs_990pf
JOSEPH LANE MIDDLE SCHOOL,ROSEBURG,OR,,,,,irs_990pf
UMPQUA COMMUNITY CENTER INC,UMPQUA,OR,,,,,irs_990pf
LOWER UMPQUA LIBRARY,REEDSPORT,OR,,,,,irs_990pf
RIDDLE CITY LIBRARY,RIDDLE,OR,,,,,irs_990pf
SOUTH UMPQUA HISTORICAL SOCIETY,CANYONVILLE,OR,,,,,irs_990pf
ROSEBURG RESCUE MISSION,ROSEBURG,OR,,,,,irs_990pf
SUTHERLIN VALLEY RECREATION DISTRICT,SUTHERLIN,OR,,,,,irs_990pf
GENERAL ASSEMBLY OF THE CHURCH GOD,CLEVELAND,TN,,,,,irs_990pf
SUTHERLIN-OAKLAND EMERGENCY PANTRY,SUTHERLIN,OR,,,,,irs_990pf
FRIENDS OF FORDS POND,SUTHERLIN,OR,,,,,irs_990pf
ST FRANCIS XAVIER CATHOLIC CHURCH,ROSEBURG,OR,,,,,irs_990pf
BOYS GIRLS CLUB OF THE UMPQUA VALLEY,ROSEBURG,OR,,,,,irs_990pf
ST JOSEPHS CHURCH,SALEM,OR,,,,,irs_990pf
OREGON COAST COMMUNITY ACTION,COOS BAY,OR,,,,,irs_990pf
UNITED COMMUNITY ACTION NETWORK,ROSEBURG,OR,,,,,irs_990pf
FRIENDLY KITCHEN,ROSEBURG,OR,,,,,irs_990pf
SUTHERLIN BOOSTER CLUB,SUTHERLIN,OR,,,,,irs_990pf
OREGON CHILDRENS FOUNDATION,PORTLAND,OR,,,,,irs_990pf
SAFE HAVEN MATERNITY HOME,ROSEBURG,OR,,,,,irs_990pf
REEDSPORT CHURCH OF GOD,REEDSPORT,OR,,,,,irs_990pf
COBB STREET CHILDREN LEARNING CENTER,ROSEBURG,OR,,,,,irs_990pf
UMPQUA DISCOVERY CENTER,REEDSPORT,OR,,,,,irs_990pf
FRIENDS OF THE MILDRED WHIPPLE LIBRARY,DRAIN,OR,,,,,irs_990pf
THE FISH OF ROSEBERG,ROSEBURG,OR,,,,,irs_990pf
SAVING GRACE INC,WINCHESTER,OR,,,,,irs_990pf
THE GLIDE COMMUNITY CLUB,GLIDE,OR,,,,,irs_990pf
PRESBYTERY OF PHILADELPHIA,PHILADELPHIA,PA,,,,,irs_990pf
COMPASSION INTERNATIONAL INC,COLORADO SPRINGS,CO,,,,,irs_990pf
GREATER MINNEAPOLIS CRISIS NURSERY,MINNEAPOLIS,MN,,,,,irs_990pf
GLOBALGIVING FOUNDATION,WASHINGTON,DC,,,,,irs_990pf
CONVERGE NORTH CENTRAL,ARLINGTON HEIGHTS,IL,,,,,irs_990pf
CHARITIES AID FOUNDATION OF AMERICA,ALEXANDRIA,VA,,,,,irs_990pf
MAGEE REHABILITATION HOSPITAL,Philadelphia,PA,,,,,irs_990pf
SHRINERS HOSPITALS FOR CHILDREN,Greenville,SC,,,,,irs_990pf
THOMAS JEFFERSON UNIVERSITY,Philadelphia,PA,,,,,irs_990pf
TEMPLE UNIVERSITY HOSPITAL INC,Philadelphia,PA,,,,,irs_990pf
THE CHILDREN S HOSPITAL OF PHILADELPHIA,Philadelphia,PA,,,,,irs_990pf
THE SALVATION ARMY,ATLANTA,GA,,,,,irs_990pf
ROBERT KEMP,BURLINGTON,IA,,,,,irs_990pf
MARGARET MARY BRUECK,BURLINGTON,IA,,,,,irs_990pf
COURTNEY BRINKLEY,BURLINGTON,IA,,,,,irs_990pf
GRACE JOHANNS,BURLINGTON,IA,,,,,irs_990pf
NATHAN JONES,BURLINGTON,IA,,,,,irs_990pf
GARRET RINGBLUM,BURLINGTON,IA,,,,,irs_990pf
BETHANY SHANE,BURLINGTON,IA,,,,,irs_990pf
ANTHONY LOGAN,BURLINGTON,IA,,,,,irs_990pf
GRANT COUNTY ECONOMIC GROWTH,Marion,IN,,,,,irs_990pf
FAMILY SERVICES SOCIETY,Marion,IN,,,,,irs_990pf
HOSTESS HOUSE,Marion,IN,,,,,irs_990pf
ST PAUL,Marion,IN,,,,,irs_990pf
FOUNDRY EDUCATIONAL FOUNDATION,Schaumburg,IL,,,,,irs_990pf
MARION PARKS,MARION,IN,,,,,irs_990pf
PAL CLUB,MARION,IN,,,,,irs_990pf
LIONS CLUB,FAIRMONT,IN,,,,,irs_990pf
TAYLOR FILM FESTIVAL,UPLAND,IN,,,,,irs_990pf
GILEAD MINISTRIES,JONESBORO,IN,,,,,irs_990pf
LOUISVILLE COMMUNITY FOUNDATION,LOUISVILLE,KY,,,,,irs_990pf
FIRST LIGHT CHILD ADVOCACY,MARION,IN,,,,,irs_990pf
CANCER SERVICES OF GRANT COUNTY,MARION,IN,,,,,irs_990pf
CASA OF GRANT COUNTY INC,MARION,IN,,,,,irs_990pf
COMMUNITY FOUNDATION,LEBANON,IN,,,,,irs_990pf
MARION HIGH ATHLETIC ENDOWMENT,MARION,IN,,,,,irs_990pf
INDIANA MOTORCYCLE PRESERVATION SOCIETY,FAIRMOUNT,IN,,,,,irs_990pf
MARION GRANT COUNTY SENIOR CENTER,MARION,IN,,,,,irs_990pf
MARION HIGH SCHOOL,MARION,IN,,,,,irs_990pf
GAS CITY PARK,Gas City,IN,,,,,irs_990pf
INDIANA WESLEYAN,Marion,IN,,,,,irs_990pf
KINWELL ACADEMY,ELKHART,IN,,,,,irs_990pf
M M LAW ENFORCEMENT SUPPORT,Brazil,IN,,,,,irs_990pf
AMERICAN FOUNDRY SOCIETY,SCHAUMBURG,IL,,,,,irs_990pf
BOYS GIRLS CLUB OF GRANT COUNTY,MARION,IN,,,,,irs_990pf
COMMUNITY SAFETY NET,RALEIGH,NC,,,,,irs_990pf
DODSON LEGACY,INDIANAPOLIS,IN,,,,,irs_990pf
MARION PHILHARMONIC ORCHESTRA,UPLAND,IN,,,,,irs_990pf
KNIGHTS OF COLUMBUS,MARION,IN,,,,,irs_990pf
HERITAGE BAPTIST CHURCH,KNOX,IN,,,,,irs_990pf
INDIANA LEADERSHIP FORUM,INDIANAPOLIS,IN,,,,,irs_990pf
JUSTICE INTERMEDIATE SCHOOL,MARION,IN,,,,,irs_990pf
NAACP FREEDOM FUND,TAMPA,FL,,,,,irs_990pf
ST JOSEPH S COLLEGE,RENSSELAER,IN,,,,,irs_990pf
THE RIVER CHURCH,MARION,IN,,,,,irs_990pf
HOUSE OF WORSHIP,FORT WAYNE,IN,,,,,irs_990pf
DRUG AND ALCOHOL RESOURCE TEAM DART,MARION,IN,,,,,irs_990pf
KID S VOICE OF INDIANA INC,INDIANAPOLIS,IN,,,,,irs_990pf
DESERT ROSE FOUNDATION,MARTINSVILLE,IN,,,,,irs_990pf
RHI FOUNDATION,INDIANAPOLIS,IN,,,,,irs_990pf
HAPPY HOLLOW CHILDREN S CAMP INC,NASHVILLE,IN,,,,,irs_990pf
ST LUKES UNITED METHODIST CHURCH,INDIANAPOLIS,IN,,,,,irs_990pf
EDCHOICE,INDIANAPOLIS,IN,,,,,irs_990pf
BREBEUF JESUIT PREPARATORY SCHOOL,INDIANAPOLIS,IN,,,,,irs_990pf
ASSOCIATION FOR REGENERATIVE CULTUR,WAYNESVILLE,NC,,,,,irs_990pf
350 ORG,WASHINGTON,DC,,,,,irs_990pf
WOODSTOCK HISTORICAL FOUNDATION INC,INDIANAPOLIS,IN,,,,,irs_990pf
THE COLUMBIA CLUB FOUNDATION,INDIANAPOLIS,IN,,,,,irs_990pf
CENTRAL INDIANA LAND TRUST INC,INDIANAPOLIS,IN,,,,,irs_990pf
INDY ALLIANCE OF THE CHRISTIAN,INDIANAPOLIS,IN,,,,,irs_990pf
NATIONAL CHRISTIAN FOUNDATION,INDIANAPOLIS,IN,,,,,irs_990pf
HOOSIER CHRISTAIN FOUNDATION,INDIANAPOLIS,IN,,,,,irs_990pf
CALIFORNIA POLYTECHNIC STATE UNIVERSITY,SAN LUIS OBISPO,CA,,,,,irs_990pf
CAMP MANITO WISH,BOULDER JUNCTION,WI,,,,,irs_990pf
CENTER FOR INDEPENDENT FUTURES,EVANSTON,IL,,,,,irs_990pf
CHICAGO SHAKESPEARE THEATER,CHICAGO,IL,,,,,irs_990pf
EMMA WILLARD SCHOOL,TROY,NY,,,,,irs_990pf
FIELD MUSEUM,CHICAGO,IL,,,,,irs_990pf
GADS HILL CENTER,CHICAGO,IL,,,,,irs_990pf
HOKULOA UNITED CHURCH OF CHRIST,WAIMEA,HI,,,,,irs_990pf
LOYOLA HIGH SCHOOL,WILMETTE,IL,,,,,irs_990pf
OUR LADY OF TAHOE CHURCH,ZEPHYR COVE,NV,,,,,irs_990pf
ST BRENDAN SCHOOL,SAN FRANCISCO,CA,,,,,irs_990pf
ST IGNATIUS COLLEGE PREP,CHICAGO,IL,,,,,irs_990pf
THE CHICAGO HISTORY MUSEUM,CHICAGO,IL,,,,,irs_990pf
V FOUNDATION,CARY,NC,,,,,irs_990pf
WTTW CHANNEL 11,CHICAGO,IL,,,,,irs_990pf
BRADLEY UNIVERISTY,PEORIA,IL,,,,,irs_990pf
HISTORIC PRESERVATION FOUNDATION OF THE FORTNIGHTLY,CHICAGO,IL,,,,,irs_990pf
WBEZ 915 CHICAGO,CHICAGO,IL,,,,,irs_990pf
NORTHSHORE UNIVERSITY HEALTHSYSTEM,CHICAGO,IL,,,,,irs_990pf
SKOKIE CC EDUCATIONAL FOUNDATION,GLENCOE,IL,,,,,irs_990pf
NAPA COUNTY OFFICE OF EDUCATION,NAPA,CA,,,,,irs_990pf
NAPA HIGHSCHOOL OF ROBOTICS,NAPA,CA,,,,,irs_990pf
ST JAMES CHURCH,CHICAGO,IL,,,,,irs_990pf
HOKULANI MASSAGE ACADEMY,WAIMEA,HI,,,,,irs_990pf
SEE ATTACHED SCHEDULE,SADDLE RIVER,NJ,,,,,irs_990pf
CAMP HOPE INC,CASPER,WY,,,,,irs_990pf
CASPER COLLEGE,CASPER,WY,,,,,irs_990pf
CENTRAL WY RESCUE MISSION,CASPER,WY,,,,,irs_990pf
MEALS ON WHEELS,CASPER,WY,,,,,irs_990pf
NATURE CONSERVANCY,LANDER,WY,,,,,irs_990pf
PRISON FELLOWSHIP,ERIE,CO,,,,,irs_990pf
SANCTUARY ZONE,ESTANCIA,NM,,,,,irs_990pf
STAGE III,CASPER,WY,,,,,irs_990pf
UNIVERSITY OF SIOUX FALLS,SIOUX FALLS,SD,,,,,irs_990pf
CENTRAL WY HOSPICE,CASPER,WY,,,,,irs_990pf
MERCY HOSPITAL MEDICAL CENTER,Chicago,IL,,,,,irs_990pf
SAINT XAVIER UNIVERSITY,CHICAGO,IL,,,,,irs_990pf
SAINTS FAITH HOPE CHAIRTY,WINNETKA,IL,,,,,irs_990pf
SAINT PHILLIP S CHURCH,PASADENA,CA,,,,,irs_990pf
HOUSTON FOOD BANK,HOUSTON,TX,,,,,irs_990pf
LORD OF THE STREETS,MERRIFIELD,VA,,,,,irs_990pf
ST JUDE CHILDREN RESEARCH HOSPITAL,MEMPHIS,TN,,,,,irs_990pf
ST THOMAS EPISCOPAL SCHOOL,HOUSTON,TX,,,,,irs_990pf
AMERICAN HEART ASSOCIATION,WALLINGFORD,CT,,,,,irs_990pf
CREC FOUNDATION,HARTFORD,CT,,,,,irs_990pf
HARTFORD FOUNDATION FOR PUBLIC GIVING,HARTFORD,CT,,,,,irs_990pf
HARTFORD HOSPITAL,HARTFORD,CT,,,,,irs_990pf
HARTFORD STAGE COMPANY,HARTFORD,CT,,,,,irs_990pf
THE SALVATION ARMY,HARTFORD,CT,,,,,irs_990pf
TRINITY COLLEGE,HARTFORD,CT,,,,,irs_990pf
UNITED WAY OF CAPITAL AREA INC,HARTFORD,CT,,,,,irs_990pf
WADSWORTH ATHENEUM MUSEUM OF ART,HARTFORD,CT,,,,,irs_990pf
YMCA OF GREATER HARTFORD,HARTFORD,CT,,,,,irs_990pf
AMERICAN FEDERATION OF ARTS,NEW YORK,NY,,,,,irs_990pf
ANDREW ROYS,WEST UNION,IA,,,,,irs_990pf
MAKENNA KOCH,WEST UNION,IA,,,,,irs_990pf
TREVOR ROWRAY,WEST UNION,IA,,,,,irs_990pf
HELENA FANTZ,WEST UNION,IA,,,,,irs_990pf
MATTHEW APPLER,CLERMONT,IA,,,,,irs_990pf
LILY POPPEN,WEST UNION,IA,,,,,irs_990pf
ASHTON JOHNSON,CLERMONT,IA,,,,,irs_990pf
KELLI KOVARIK,HAWKEYE,IA,,,,,irs_990pf
THE UNIVERSITY OF TEXAS MEDICAL BRANCH AT GALVESTON,GALVESTON,TX,,,,,irs_990pf
MILES OF FREEDOM,DALLAS,TX,,,,,irs_990pf
SEATTLE UNIVERSITY,SEATTLE,WA,,,,,irs_990pf
PACIFIC LUTHERAN UNIVERSITY INC,TACOMA,WA,,,,,irs_990pf
ST THOMAS EPISCOPAL CHURCH,MEDINA,WA,,,,,irs_990pf
BOYS GIRLS CLUBS OF BELLEVUE,BELLEVUE,WA,,,,,irs_990pf
SWEDISH MEDICAL CENTER FOUNDATION,SEATTLE,WA,,,,,irs_990pf
OVERLAKE HOSPITAL FOUNDATION,BELLEVUE,WA,,,,,irs_990pf
BELLEVUE COLLEGE FOUNDATION,BELLEVUE,WA,,,,,irs_990pf
SEATTLE CHILDREN S,SEATTLE,WA,,,,,irs_990pf
UNIVERSITY OF WASHINGTON OFFICE OF,SEATTLE,WA,,,,,irs_990pf
ARIZONA HUMANE SOCIETY,Phoenix,AZ,,,,,irs_990pf
ARIZONA ANIMAL WELFARE LEAGUE,Phoenix,AZ,,,,,irs_990pf
GOODWILL INDUSTRIES OF CENTRAL,Phoenix,AZ,,,,,irs_990pf
COMMUNITY FREE CLINIC,CEDAR RAPIDS,IA,,,,,irs_990pf
IOWA UNITED METHODIST FOUNDATION,DES MOINES,IA,,,,,irs_990pf
CHRIST COMMUNITY UNITED METHODIST,MARION,IA,,,,,irs_990pf
MISSION OF HOPE,KNOXVILLE,TN,,,,,irs_990pf
BERKELEY COMMUNITY FUND,BERKELEY,CA,,,,,irs_990pf
FIRST GRADUATE,SAN FRANCISCO,CA,,,,,irs_990pf
LEADERSHIP PUBLIC SCHOOLS,OAKLAND,CA,,,,,irs_990pf
STUDENTS RISING ABOVE,SAN FRANCISCO,CA,,,,,irs_990pf
ALZHEIMERS DISEASE RESEARCH,CLARKSBURG,MD,,,,,irs_990pf
AMERICAN INSTITUTE FOR CANCER RESEA,WASHINGTON,DC,,,,,irs_990pf
AMERICAN ACTION FOR BLIND CHILDREN,BALTIMORE,MD,,,,,irs_990pf
AMERICAN BIBLE SOCIETY,WASHINGTON,DC,,,,,irs_990pf
THE AMERICAN LEGION,TULSA,OK,,,,,irs_990pf
AMERICAN CENTER FOR LAW JUSTICE,WASHINGTON,DC,,,,,irs_990pf
AMERICAN CIVIL RIGHTS UNION,WASHINGTON,DC,,,,,irs_990pf
AMERICAN FAMILY ASSOCIATION,TUPELO,MS,,,,,irs_990pf
THE ANIMAL FRIENDS OF WESTMORELAND,YOUNGWOOD,PA,,,,,irs_990pf
ARTHRITIS FOUNDATION,WASHINGTON,DC,,,,,irs_990pf
BE THE MATCH,MINNEAPOLIS,MN,,,,,irs_990pf
BIG BROTHERS BIG SISTERS,GREENSBURG,PA,,,,,irs_990pf
CHRISTIAN APPALACHIAN PROJECT,LEXINGTON,KY,,,,,irs_990pf
CITIZENS UNITED,WASHINGTON,DC,,,,,irs_990pf
CLELIAN HEIGHTS,GREENSBURG,PA,,,,,irs_990pf
CONQUER CANCER THE ASCO FOUNDATION,CHARLOTTE,NC,,,,,irs_990pf
THE CONSERVATIVE CAUCUS INC,MERRIFIELD,VA,,,,,irs_990pf
DELMONT LIONS CLUB FOUNDATION,DELMONT,PA,,,,,irs_990pf
DISABLED VETS NATIONAL FOUNDATION I,WASHINGTON,DC,,,,,irs_990pf
EASTERSEALS,ORLANDO,FL,,,,,irs_990pf
FAITH FREEDOM COALITION,DULUTH,GA,,,,,irs_990pf
40 DAYS FOR LIFE,BRYAN,TX,,,,,irs_990pf
FOR THE TROOPS,WASHINGTON,DC,,,,,irs_990pf
FRIENDS OF DRAKE WELL INC,TITUSVILLE,PA,,,,,irs_990pf
FREEDOM SERVICE DOGS OF AMERICA,DENVER,CO,,,,,irs_990pf
BILLY GRAHAM EVANGELISTIC ASSO,CHARLOTTE,NC,,,,,irs_990pf
GUIDING EYES FOR THE BLIND INC,WASHINGTON,DC,,,,,irs_990pf
HELP HEAL VETERANS,WASHINGTON,DC,,,,,irs_990pf
DAVID HOROWITZ FREEDOM CENTER,WASHINGTON,DC,,,,,irs_990pf
INTL FELLOWSHIP OF CHRISTIANS JEW,CHICAGO,IL,,,,,irs_990pf
JUMONVILLE,HOPWOOD,PA,,,,,irs_990pf
KISKI AREA YOUTH NETWORK,VANDERGRIFT,PA,,,,,irs_990pf
THE LEUKEMIA LYMPHOMA SOCIETY,WASHINGTON,DC,,,,,irs_990pf
LIFE CHOICES,KITTANNING,PA,,,,,irs_990pf
MARCH OF DIMES,TOPEKA,KS,,,,,irs_990pf
MACULAR DEGENERATION RESEARCH,CLARKSBURG,MD,,,,,irs_990pf
THOMAS MORE SOCIETY,CHICAGO,IL,,,,,irs_990pf
MSAA,WASHINGTON,DC,,,,,irs_990pf
NTL FOUNDATION FOR CANCER RESEARCH,WASHINGTON,DC,,,,,irs_990pf
NATIONAL PRO-LIFE ALLIANCE,SPRINGFIELD,VA,,,,,irs_990pf
OPERATION SMILE,HAGERSTOWN,MD,,,,,irs_990pf
ORLANDO UNION RESCUE MISSION,ORLANDO,FL,,,,,irs_990pf
PARKINSON S FOUNDATION,ALBERT LEA,MN,,,,,irs_990pf
PARALYZED VETERANS OF AMERICA,TOPEKA,KS,,,,,irs_990pf
PILOTS TO THE RESCUE,MERRIFIELD,VA,,,,,irs_990pf
PRISON FELLOWSHIP,MERRIFIELD,VA,,,,,irs_990pf
PROSTATE CANCER FOUNDATION,ALBERT LEA,MN,,,,,irs_990pf
REAGAN RANCH,SANTA BARBARA,CA,,,,,irs_990pf
SAVE THE CHILDREN,WASHINGTON,DC,,,,,irs_990pf
SALVATION ARMY-DISASTER RELIEF,ATLANTA,GA,,,,,irs_990pf
SEMPER K9 ASSISTANCE DOGS,WASHINGTON,DC,,,,,irs_990pf
SLAVIC GOSPEL ASSOCIATION,LOVES PARK,IL,,,,,irs_990pf
SOUTHEASTERN LEGAL FOUNDATION,WASHINGTON,DC,,,,,irs_990pf
STUDENTS FOR LIFE OF AMERICA,MERRIFIELD,VA,,,,,irs_990pf
SUSAN B ANTHONY LIST,ARLINGTON,VA,,,,,irs_990pf
TEEN QUEST,SOMERSET,PA,,,,,irs_990pf
TOYS FOR TOTS,DES MOINES,IA,,,,,irs_990pf
TROOPS FIRST FOUNDATION,GREENSBURG,PA,,,,,irs_990pf
UPMC HILLMAN CANCER CENTER,PITTSBURGH,PA,,,,,irs_990pf
THE USO,WASHINGTON,DC,,,,,irs_990pf
VETERANS OF FOREIGN WARS OF US,TOPEKA,KS,,,,,irs_990pf
WEST GREENE LIONS CLUB,WAYNESBURG,PA,,,,,irs_990pf
WESTMORELAND CTY FOOD BANK INC,MURRYSVILLE,PA,,,,,irs_990pf
WESTMORELAND MUSEUM OF AMERICAN ART,GREENSBURG,PA,,,,,irs_990pf
TRUSTEES OF UNION COLLEGE,SCHENECTADY,NY,,,,,irs_990pf
A BETTER CHANCE,NEW YORK,NY,,,,,irs_990pf
AMERICAN CAMPING ASSOCIATION INC,MARTINSVILLE,IN,,,,,irs_990pf
BETH ISRAEL CONGREGATION OF CHESTER COUNTY,UWCHLAND,PA,,,,,irs_990pf
BOOKTRUST,DENVER,CO,,,,,irs_990pf
CHALLENGER BASEBALL,BERWYN,PA,,,,,irs_990pf
CONGREGATION OR SHALOM,BERWYN,PA,,,,,irs_990pf
DOWNTOWN BOXING GYM YOUTH PROGRAM,DETROIT,MI,,,,,irs_990pf
FRIENDS OF JERRY SEGAL,PHILADELPHIA,PA,,,,,irs_990pf
HAPPINESS IS CAMPING,HARDWICK,NJ,,,,,irs_990pf
HUNTINGDON S DISEASE SOCIETY DELAWARE VALLEY CHAPTER,PLYMOUTH MEETING,PA,,,,,irs_990pf
KESHER ISRAEL SYNAGOGUE-PRE SCHOOOLKINDERGARTEN,WEST CHESTER,PA,,,,,irs_990pf
MICHAEL S WAY,FORT WASHINGTON,PA,,,,,irs_990pf
ONE SIMPLE WISH,TRENTON,NJ,,,,,irs_990pf
PLANT A SEED INSPIRE A DREAM FOUNDATION,YARDLEY,PA,,,,,irs_990pf
RONALD MCDONALD HOUSE,PHILADELPHIA,PA,,,,,irs_990pf
TREDYFFRIN AND EASTTOWN CARE,SOUTHEASTERN,PA,,,,,irs_990pf
AIM YOUTH MENTAL HEALTH,CARMEL,CA,,,,,irs_990pf
ECOLOGY IN CLASSROOMS AND OUTDOORS,PORTLAND,OR,,,,,irs_990pf
GIVING THE BASICS,KANSAS CITY,KS,,,,,irs_990pf
WELLSPRING FAMILY SERVICES,SEATTLE,WA,,,,,irs_990pf
UNIVERSITY OF ROCHESTER FBO,ROCHESTER,NY,,,,,irs_990pf
SEE STATEMENT ATTACHED,Dallas,TX,,,,,irs_990pf
MAIN STREET MEDINA,MEDINA,OH,,,,,irs_990pf
PHILA SCHOOL DISLANKENAU HGH SCHOOL,PHILADELPHIA,PA,,,,,irs_990pf
SE PA SYNOD OF ELCAINNER MISS SOC,PHILADELPHIA,PA,,,,,irs_990pf
APPLEWOOD CENTERS INC,CLEVELAND,OH,,,,,irs_990pf
JEWISH FAMILY SERVICE ASSOC,BEACHWOOD,OH,,,,,irs_990pf
MENORAH PARK FOUNDATION,BEACHWOOD,OH,,,,,irs_990pf
THE MUSICIAL THEATER PROJECT,CLEVELAND,OH,,,,,irs_990pf
CASE WESTERN RESERVE UNIV,CLEVELAND,OH,,,,,irs_990pf
CLEVELAND MUSEUM OF ART,CLEVELAND,OH,,,,,irs_990pf
HAWKEN SCHOOL,LYNDHURST,OH,,,,,irs_990pf
MANDEL JEWISH COMMUNITY CENTER,BEACHWOOD,OH,,,,,irs_990pf
GREAT LAKES THEATER,CLEVELAND,OH,,,,,irs_990pf
MONTCLAIR SCHOLARSHIP FUND INC,MONTCLAIR,NJ,,,,,irs_990pf
FIRST CHRISTIAN CHURCH,SOMERSET,KY,,,,,irs_990pf
SOMERSET COMMUNITY COLLEGE,SOMERSET,KY,,,,,irs_990pf
TEMPLE RODEF SHALOM,Falls Church,VA,,,,,irs_990pf
DC CENTRAL KITCHEN,Washington,DC,,,,,irs_990pf
JEWISH FEDERATION,Rockville,MD,,,,,irs_990pf
WOLF TRAP,Vienna,VA,,,,,irs_990pf
BETHANY BEACH VOL FIRE DEPT,Washington,DC,,,,,irs_990pf
WETA,Washington,DC,,,,,irs_990pf
AMERICAN DEFENSE LEAGUE,New York,NY,,,,,irs_990pf
LAFAYETTE HSA,Washington,DC,,,,,irs_990pf
US HOLOCAUST MUSEUM,Washington,DC,,,,,irs_990pf
NATIONAL CAPITAL POISON CENTER,Washington,DC,,,,,irs_990pf
CAPITAL AREA COMMUNITY FOOD BANK,Washington,DC,,,,,irs_990pf
MCLEAN VOLUNTEER FIRE DEPARTMENT,McLean,VA,,,,,irs_990pf
TOURETTE ASSOCIATION OF AMERICA INC,Bayside,NY,,,,,irs_990pf
ENVIRONMENTAL DEFENSE FUND,Hagerstown,MD,,,,,irs_990pf
JSSA,Pittsburgh,PA,,,,,irs_990pf
NATURE CONSERVANCY,Baltimore,MD,,,,,irs_990pf
DIAN FOSSEY GORILLA FUND INTERNATIONAL INC,Atlanta,GA,,,,,irs_990pf
PRS INC PSYCHIATRIC REHABILITATION SERVICES,Falls Church,VA,,,,,irs_990pf
LEUKEMIA AND LYMPHOMA SOCIETY,Alexandria,VA,,,,,irs_990pf
GIVING TOGETHER,Bethesda,MD,,,,,irs_990pf
SMITHSONIAN,Pittsfield,MA,,,,,irs_990pf
ACLU OF VIRGINIA,Richmond,VA,,,,,irs_990pf
LEGAL SERVICES OF NO VA,Fairfax,VA,,,,,irs_990pf
CHALLENGE ASPEN,Snowmass,CO,,,,,irs_990pf
CAMDEN DISTRICT NURSING ASSN,CAMDEN,ME,,,,,irs_990pf
CAMDEN ROTARY CLUB FOUNDATION,CAMDEN,ME,,,,,irs_990pf
BENT ON LEARNING,New York,NY,,,,,irs_990pf
CIRCLE OF CARE,Wilton,CT,,,,,irs_990pf
ABC OF WILTON,Wilton,CT,,,,,irs_990pf
COMMUNITY CULINARY SCHOOL,New Milford,CT,,,,,irs_990pf
AMERICAN RED CROSS,Phoenix,AZ,,,,,irs_990pf
GLOBAL GIVING FOUNDATION,Washington,DC,,,,,irs_990pf
GIRL BE HEARD,Brooklyn,NY,,,,,irs_990pf
THE JACQUES PPIN FOUNDATION,Barrington,RI,,,,,irs_990pf
KATHARINE HEPBURN CULTURAL AC,Old Saybrook,CT,,,,,irs_990pf
CONNECTICUT PUBLIC TELEVISION,Hartford,CT,,,,,irs_990pf
WILTON YOUTH COUNCIL,Wilton,CT,,,,,irs_990pf
PLANNED DEVELOPMENT ALLIANCE,South Kent,CT,,,,,irs_990pf
FLORENCE GRISWOLD MUSEUM,Old Lyme,CT,,,,,irs_990pf
OLD SAYBROOK FIRE DEPARTMENT,Old Saybrook,CT,,,,,irs_990pf
HEIDELBERG UNITED CHURCH,YORK,PA,,,,,irs_990pf
COMMUNITY FOUNDATION OF WESTMORELAND,GREENSBURG,PA,,,,,irs_990pf
NICKLEVILLE PRESBYTERIAN CHURCH,EMLENTON,PA,,,,,irs_990pf
CRANBERRY UNITED METHODIST,CRANBERRY,PA,,,,,irs_990pf
826NYC,BROOKLYN,NY,,,,,irs_990pf
ACADEMY OF MUSIC,NORTHAMPTON,MA,,,,,irs_990pf
ACLU FOUNDATION OF MASS,BOSTON,MA,,,,,irs_990pf
BALDWIN FOR THE ARTS,BROOKLYN,NY,,,,,irs_990pf
BESS THE BOOK BUS,TAMPA,FL,,,,,irs_990pf
CANCER CONNECTION - MONTE S,NORTHAMPTON,MA,,,,,irs_990pf
CATHOLIC CHARITIES AGENCY,SPRINGFIELD,MA,,,,,irs_990pf
CENTER FOR CARTOON STUDIES,WHITE RIVER JUNCTION,VT,,,,,irs_990pf
CENTER FOR NEW AMERICANS,NORTHAMPTION,MA,,,,,irs_990pf
CISA,SOUTH DEERFIELD,MA,,,,,irs_990pf
CLUBBED THUMB,NEW YORK,NY,,,,,irs_990pf
CONNECTICUT RIVER WATERSHED COUNCIL,MIDDLETOWN,CT,,,,,irs_990pf
DAKIN HUMAN SOCIETY,SPRINGFIELD,MA,,,,,irs_990pf
ERIC CARLE MUSEUM,AMHERST,MA,,,,,irs_990pf
FOOD BANK OF WESTERN MASS,HATFIELD,MA,,,,,irs_990pf
FRIENDS OF FORBES LIBRARY,NORTHAMPTON,MA,,,,,irs_990pf
FRIENDS OF HAMPSHIRE CO HOMELESS,FLORENCE,MA,,,,,irs_990pf
GLSEN,NEW YORK,NY,,,,,irs_990pf
GROW FOOD NORTHAMPTON,FLORENCE,MA,,,,,irs_990pf
HAMPSHIRE REGIONAL YMCA,NORTHAMPTON,MA,,,,,irs_990pf
HIGHLIGHTS FOUNDATION,HONESDALE,PA,,,,,irs_990pf
HISTORIC NORTHAMPTON,NORTHAMPTON,MA,,,,,irs_990pf
INTERNATIONAL RESCUE COMMITTE,NEW YORK,NY,,,,,irs_990pf
LANDMARK WEST,NEW YORK,NY,,,,,irs_990pf
LAWYERS FOR GOOD GOVT FOUNDATION,HOUSTON,TX,,,,,irs_990pf
LGBT BOOKS TO PRISONERS,MADISON,WI,,,,,irs_990pf
LIBRARIES WITHOUT BORDERS,WASHINGTON,DC,,,,,irs_990pf
MANNA SOUP KITCHEN,NORTHAMPTON,MA,,,,,irs_990pf
MASSACHUSETTS AUDUBON SOCIETY,WENHAM,MA,,,,,irs_990pf
MERCY CORPS,CAMBRIDGE,MA,,,,,irs_990pf
NATIONAL CENTER FOR TRANSGENDER,WASHINGTON,DC,,,,,irs_990pf
NEW ENGLAND PUBLIC RADIO,SPRINGFIELD,MA,,,,,irs_990pf
NORTHAMPTON COMMUNITY ARTS TRUST,NORTHAMPTON,MA,,,,,irs_990pf
NORTHAMPTON COMMUNITY MUSIC CENTER,NORTHAMPTON,MA,,,,,irs_990pf
NORTHAMPTON EDUCATION FOUNDATION,NORTHAMPTON,MA,,,,,irs_990pf
NORTHAMPTON SURVIVAL CENTER,NORTHAMPTON,MA,,,,,irs_990pf
PLANNED PARENTHOOD,SPRINGFIELD,MA,,,,,irs_990pf
PLANNED PARENTHOOD OF MA,BOSTON,MA,,,,,irs_990pf
POSSIBILITY PROJECT,NEW YORK,NY,,,,,irs_990pf
READER TO READER,AMHERST,MA,,,,,irs_990pf
READING HOLIDAY PROJECT,NEW YORK,NY,,,,,irs_990pf
SAFE PASSAGE,NORTHAMPTON,MA,,,,,irs_990pf
SCHOOL YEAR ABROAD,ANDOVER,MA,,,,,irs_990pf
SERVICENET INC,NORTHAMPTON,MA,,,,,irs_990pf
SHEA THEATER ARTS CENTER,TURNERS FALLS,MA,,,,,irs_990pf
SIERA CLUB FOUNDATION,BOSTON,MA,,,,,irs_990pf
SOCIETY OF ILLUSTRATORS,LOS ANGELES,CA,,,,,irs_990pf
SPRINGFIELD RESCUE MISSION,SPRINGFIELD,MA,,,,,irs_990pf
TAPESTRY HEALTH SYSTEMS INC,FLORENCE,MA,,,,,irs_990pf
TRANS LIFELINE,OAKLAND,CA,,,,,irs_990pf
WEST SIDE CAMPAIGN AGAINST HUNGER,NEW YORK,NY,,,,,irs_990pf
WILLISTON NORTHAMPTON SCHOOL,EASTHAMPTON,MA,,,,,irs_990pf
MATTHEW HEDSTROM,CHARLOTTESVILLE,VA,,,,,irs_990pf
ELAZAR RIVKIN,BROOKLYN,NY,,,,,irs_990pf
MASON WILLIAMS,WILLIAMSTOWN,MA,,,,,irs_990pf
RACHEL MEACH,,,,,,,irs_990pf
NELSON FLORES,PHILADELPHIA,PA,,,,,irs_990pf
DIVYA SUBRAMANIAN,ITHACA,NY,,,,,irs_990pf
JUNG JUN HO,,,,,,,irs_990pf
MAIS CHRISTOS,,,,,,,irs_990pf
HU CHENG,,,,,,,irs_990pf
DOUG GENENS,SANTA BARBARA,CA,,,,,irs_990pf
TAMAS SCHEIBNER,,,,,,,irs_990pf
ELISABETH PILLER,,,,,,,irs_990pf
KARIN BUGOW,,,,,,,irs_990pf
DYFRIG WYNN JONES,,,,,,,irs_990pf
SANJUKTA DAS GUPTA,,,,,,,irs_990pf
ADRIANA MINOR GARCIA,,,,,,,irs_990pf
JEFFREY CREAN,COLLEGE STATION,TX,,,,,irs_990pf
KELLY GOODMAN,NEW HAVEN,CT,,,,,irs_990pf
ISAIAH DENARD,STATEN ISLAND,NY,,,,,irs_990pf
DAVID HAMMACK,CLEVELAND,OH,,,,,irs_990pf
NICOLAS GUILHOT,BROOKLYN,NY,,,,,irs_990pf
JULIA FOULKES,BROOKLYN,NY,,,,,irs_990pf
AMRYS O WILLIAMS,MIDDLETOWN,CT,,,,,irs_990pf
BENJAMIN HARTLEY,NEWBERG,OR,,,,,irs_990pf
ANDREW SEATON,HYDE PARK,NY,,,,,irs_990pf
JENNIFER JOHNSON,PROVIDENCE,RI,,,,,irs_990pf
DIANA LEAT,,,,,,,irs_990pf
EMILY R GIOIELLI,ST JOSEPH,MO,,,,,irs_990pf
SHAINE SCARMINACH,WILLIMANTIC,CT,,,,,irs_990pf
LEE DAVIS,MODESTO,CA,,,,,irs_990pf
DINESH KATARIA,,,,,,,irs_990pf
FELIPE COLLA DE AMORIM,,,,,,,irs_990pf
MEGAN RABY,AUSTIN,TX,,,,,irs_990pf
JONATHAN COULIS,DECATUR,GA,,,,,irs_990pf
RUISHENG ZHANG,WEST LAFAYETTE,IN,,,,,irs_990pf
SARAH-NEEL SMITH,BALTIMORE,MD,,,,,irs_990pf
SAM HEGE,BROOKLYN,NY,,,,,irs_990pf
HO HEE CHO,,,,,,,irs_990pf
SU LIN LEWIS,,,,,,,irs_990pf
LAURA A MILLER,HADLEY,MA,,,,,irs_990pf
GABRIEL LOPEZ,NEW YORK,NY,,,,,irs_990pf
LIVIO SANSONE,,,,,,,irs_990pf
WENDI MUSE,BALTIMORE,MD,,,,,irs_990pf
RASHNA DARIUS,,,,,,,irs_990pf
MIRE KOIKARI,HONOLULU,HI,,,,,irs_990pf
TAYLOR C ZAJICEK,BRYN MAWR,PA,,,,,irs_990pf
CONNOR S KENASTON,CHARLOTTESVILLE,VA,,,,,irs_990pf
VISHAL KHANDELWAL,ANN ARBOR,MI,,,,,irs_990pf
DALAL MUSAED ALSAYER,PHILADELPHIA,PA,,,,,irs_990pf
ELLIOTT REICHARDT,,,,,,,irs_990pf
EMMA SCHROEDER,OLD TOWN,ME,,,,,irs_990pf
KATHERINE ELIZABETH AMBLER,,,,,,,irs_990pf
ELIZABETH CANCELLI,,,,,,,irs_990pf
TOMAS IRISH,,,,,,,irs_990pf
DAVID JUSTICE,STILLWATER,OK,,,,,irs_990pf
SAN JUAN COLLEGE FOUNDATION,FARMINGTON,NM,,,,,irs_990pf
FRENCH CAMP,FRENCH CAMP,MS,,,,,irs_990pf
PALMER HOME FOR CHILDREN,COLUMBUS,MS,,,,,irs_990pf
ST JUDE CHILDRENS RESEARC,MEMPHIS,TN,,,,,irs_990pf
JOSIAH BETHANY CHILDREN S HOME,HIDALGO,TX,,,,,irs_990pf
EISENHOWER HEALTH FOUNDATION,RANCHO MIRAGE,CA,,,,,irs_990pf
MARION DOWNS CENTER,DENVER,CO,,,,,irs_990pf
TRANS-MISSISSIPPI TURF SCHOLARSHIP,DALLAS,TX,,,,,irs_990pf
FRIENDS OF ACCESS ISRAEL,NEW YORK,NY,,,,,irs_990pf
PASS THRU ENERGY TRANSFER PTRS,DALLAS,TX,,,,,irs_990pf
MARTHA S VILLAGE,INDIO,CA,,,,,irs_990pf
AOC COMMUNITY MEDIA INC,LAFAYETTE,LA,,,,,irs_990pf
NORTHEASTERN PENNSYLVANIA,HAZELTON,PA,,,,,irs_990pf
WAYSIDE CHRISTIAN MISSION,LOUISVILLE,KY,,,,,irs_990pf
PARR-FRANS CEMETERY FUND,BATTLETOWN,KY,,,,,irs_990pf
CONSERVANCY OF SOUTHWEST FLORIDA,NAPLES,FL,,,,,irs_990pf
NAPLES HISTORICAL SOCIETY,NAPLES,FL,,,,,irs_990pf
NORTH SHORE COUNTRY DAY,WINNETKA,IL,,,,,irs_990pf
NAPLES YACHT CLUB BLUE GAVEL,NAPLES,FL,,,,,irs_990pf
ST MATTHEW S HOUSE,NAPLES,FL,,,,,irs_990pf
NEIGHBORHOOD HEALTH CLINIC,NAPLES,FL,,,,,irs_990pf
NAMI OF COLLIER COUNTY,NAPLES,FL,,,,,irs_990pf
COMMUNITY FOUNDATION OF COLLIER,NAPLES,FL,,,,,irs_990pf
PHELPS FIRE STATION 2,PHELPS,KY,,,,,irs_990pf
AMERICAN HEART ASSOCIATION,GLEN ALLEN,VA,,,,,irs_990pf
NEW HAMPSHIRE BOAT MUSEUM,WOLFEBORO FALLS,NH,,,,,irs_990pf
FOOD FOR OTHERS,FAIRFAX,VA,,,,,irs_990pf
CHURCH OF JESUS CHRIST OF LATTER DAY SAINTS,BETHESDA,MD,,,,,irs_990pf
PROTESTANT EPISCOPAL CATHEDRAL FOUNDATION,WASHINGTON,DC,,,,,irs_990pf
BRIGHAM AND WOMEN S HOSPITAL,BOSTON,MA,,,,,irs_990pf
CABIN JOHN PARK VOLUNTEER FIRE DEPARTMENT,BETHESDA,MD,,,,,irs_990pf
EQUIPMENT CONNECTIONS FOR CHILDREN,GAITHERSBURG,MD,,,,,irs_990pf
FOUNDATION FOR BRAIN HEALTH ADVANCES,DALLAS,TX,,,,,irs_990pf
NORTH SHORE COUNTRY DAY SCHOOL,WINNETKA,IL,,,,,irs_990pf
METROPOLITAN CLUB FOUNDATION INC,WASHINGTON,DC,,,,,irs_990pf
TUFTONBORO FIREFIGHTERS ASSOCIATION,MELVIN VILLAGE,NH,,,,,irs_990pf
UNIVERSITY OF UTAH,SALT LAKE CITY,UT,,,,,irs_990pf
HUGH DAMON ACCOUNT,HONOLULU,HI,,,,,irs_990pf
AMERICAN ENDOWMENT FOUNDATION,HUDSON,OH,,,,,irs_990pf
JEWISH FEDERATION OF PALM BEACH COUNTY,WEST PALM BEACH,FL,,,,,irs_990pf
ROGERS YOUTH CENTER,BENTONVILLE,AR,,,,,irs_990pf
OUR LADY OF SORROWS SCHOOL,LADYSMITH,WI,,,,,irs_990pf
SUNY ONEONTA,ONEONTA,NY,,,,,irs_990pf
UNIVERSITY OF MAINE,ORONO,ME,,,,,irs_990pf
BINGHAMTON UNIVERSITY,BINGHAMTON,NY,,,,,irs_990pf
FARMINGDALE STATE COLLEGE,FARMINGDALE,NY,,,,,irs_990pf
UNIVERSITY OF MARYLAND,COLLEGE PARK,MD,,,,,irs_990pf
UNIVERSITY OF NORTH CAROLINA,CHAPEL HILL,NC,,,,,irs_990pf
AMERICAN LEGION POST 166,VICTORIA,TX,,,,,irs_990pf
MUSIC AT MENLO - MENLO SCHOOL,Atherton,CA,,,,,irs_990pf
THE CLARK ART INSTITUTE,Williamstown,MA,,,,,irs_990pf
MERCY HIGH SCHOOL,Burlingame,CA,,,,,irs_990pf
1990 INSTITUTE,San Francisco,CA,,,,,irs_990pf
OUR LADY OF MOUNT CARMEL SCHOOL,Redwood City,CA,,,,,irs_990pf
SMCCCF,San Mateo,CA,,,,,irs_990pf
STANFORD JAZZ WORKSHOP,Stanford,CA,,,,,irs_990pf
STRIVE,South Portland,ME,,,,,irs_990pf
WILBRAHAM MONSON ACADEMY,Wilbraham,MA,,,,,irs_990pf
SAINT JOSEPH S ROMAN CATHOLIC CHURCH,HAZLETON,PA,,,,,irs_990pf
ANNUNCIATION PARISH,HAZLETON,PA,,,,,irs_990pf
RONALD MCDONALD HOUSE OF DELAWARE,Wilmington,DE,,,,,irs_990pf
BAYHEALTH FOUNDATION,Dover,DE,,,,,irs_990pf
113,NEW YORK,NY,,,,,irs_990pf
A FAR CRY,NEW YORK,NY,,,,,irs_990pf
AFRO LATIN JAZZ ALLIANCE OF NY INC,NEW YORK,NY,,,,,irs_990pf
AKROPOLIS QUINTET INC,NEW YORK,NY,,,,,irs_990pf
ALARM WILL SOUND INC,NEW YORK,NY,,,,,irs_990pf
ALBANY SYMPHONY ORCHESTRA,NEW YORK,NY,,,,,irs_990pf
AMERICAS SOCIETY INC,NEW YORK,NY,,,,,irs_990pf
ANGEL CITY ARTS,NEW YORK,NY,,,,,irs_990pf
ARS NOVA WORKSHOP INC,NEW YORK,NY,,,,,irs_990pf
ART RE GRUP INC,NEW YORK,NY,,,,,irs_990pf
ASSOC FOR PROMOTION OF NEW MUSIC,NEW YORK,NY,,,,,irs_990pf
BANG ON A CAN INC,NEW YORK,NY,,,,,irs_990pf
BD OF TRUSTEES LELAND STANDORD U,NEW YORK,NY,,,,,irs_990pf
BENT FREQUENCY,NEW YORK,NY,,,,,irs_990pf
BLUE SAGE CENTER,NEW YORK,NY,,,,,irs_990pf
BOSTON MODERN ORCHESTRA PROJECT,NEW YORK,NY,,,,,irs_990pf
BOSTON MUSICA VIVA INC,NEW YORK,NY,,,,,irs_990pf
BOWERBIRD INC,NEW YORK,NY,,,,,irs_990pf
BROOKLYN ACADEMY OF MUSIC,NEW YORK,NY,,,,,irs_990pf
BROOKLYN ART SONG SOCIETY INC,NEW YORK,NY,,,,,irs_990pf
BROOKLYN YOUTH CHORUS ACADEMY,NEW YORK,NY,,,,,irs_990pf
CABRILLO FESTIVAL OF CONTEMP MUSIC,NEW YORK,NY,,,,,irs_990pf
CAL STATE U SACRAMENTO FDTN,NEW YORK,NY,,,,,irs_990pf
CALDER PERFORMING ARTS ORG,NEW YORK,NY,,,,,irs_990pf
CARLSBAD MUSIC FESTIVAL,NEW YORK,NY,,,,,irs_990pf
CHAMBER MUSIC NORTHWEST,NEW YORK,NY,,,,,irs_990pf
CHAMBER MUSIC SOC LINCOLN CENTER,NEW YORK,NY,,,,,irs_990pf
CHICAGO COMPOSERS ORCHESTRA,NEW YORK,NY,,,,,irs_990pf
CHRIST CHURCH PRESERVATION TRUST,NEW YORK,NY,,,,,irs_990pf
CLEVELAND CHAMBER SYMPHONY,NEW YORK,NY,,,,,irs_990pf
COMMUNITY MUSICWORKS,NEW YORK,NY,,,,,irs_990pf
CONCERTS ARTISTS GUILD INC,NEW YORK,NY,,,,,irs_990pf
CONNECTION WORKS INC,NEW YORK,NY,,,,,irs_990pf
CONTEMPORANEOUS INC,NEW YORK,NY,,,,,irs_990pf
CONTEMPORARY ARTS CENTER,NEW YORK,NY,,,,,irs_990pf
COPLAND HOUSE INC,NEW YORK,NY,,,,,irs_990pf
DA CAPO CHAMBER PLAYERS INC,NEW YORK,NY,,,,,irs_990pf
DAL NIENTE NEW MUSIC NFP,NEW YORK,NY,,,,,irs_990pf
DEL SOL PERFORMING ARTS ORG,NEW YORK,NY,,,,,irs_990pf
DEPAUX UNIVERSITY,NEW YORK,NY,,,,,irs_990pf
DETROIT SYMPHONY ORCHESTRA,NEW YORK,NY,,,,,irs_990pf
DOLCE SUONO CHAMBER MUSIC,NEW YORK,NY,,,,,irs_990pf
DORIAN ARTISTS CORP,NEW YORK,NY,,,,,irs_990pf
EARPLAY,NEW YORK,NY,,,,,irs_990pf
EAST CAROLINA UNIVERSITY,NEW YORK,NY,,,,,irs_990pf
EIGHTH BLACKBIRD PERFORMING ART ASSN,NEW YORK,NY,,,,,irs_990pf
EKMELES,NEW YORK,NY,,,,,irs_990pf
ELAINE KAUFMAN CULTURAL CENTER,NEW YORK,NY,,,,,irs_990pf
ELAINE SUMMERS EXP INTERMEDIA FN,NEW YORK,NY,,,,,irs_990pf
ELISE M CHRISTIANSON YOUNG MUSIC FDN,NEW YORK,NY,,,,,irs_990pf
FRACTURED ATLAS INC,NEW YORK,NY,,,,,irs_990pf
FULCRUM ARTS,NEW YORK,NY,,,,,irs_990pf
GARTH NEWEL MUSIC CENTER,NEW YORK,NY,,,,,irs_990pf
GLIMMERGLASS OPERA INC,NEW YORK,NY,,,,,irs_990pf
GRAND CANYON CHAMBER MUSIC FEST,NEW YORK,NY,,,,,irs_990pf
GREAT LAKES CHAMBER MUSIC FESTIVAL,NEW YORK,NY,,,,,irs_990pf
HALEAKALA INC,NEW YORK,NY,,,,,irs_990pf
HOTEL ELEFANT,NEW YORK,NY,,,,,irs_990pf
HOUSE FOUNDATION FOR THE ARTS,NEW YORK,NY,,,,,irs_990pf
HYPERCUBE ENSEMBLE INC,NEW YORK,NY,,,,,irs_990pf
INT L CONTEMP ENSEMBLE FOUNDATIION,NEW YORK,NY,,,,,irs_990pf
INTERMUSIC SF,NEW YORK,NY,,,,,irs_990pf
ISABELLA STEWART GARDNER MUSEUM,NEW YORK,NY,,,,,irs_990pf
ISSUE PROJECT ROOM INC,NEW YORK,NY,,,,,irs_990pf
JACK MUSIC INC,NEW YORK,NY,,,,,irs_990pf
JAZZ COMPOSERS ALLIANCE,NEW YORK,NY,,,,,irs_990pf
KALEIDOSCOPE CHEMBER ORCHESTRA,NEW YORK,NY,,,,,irs_990pf
KRONOS PERFORMING ARTS ASSOCIATION,NEW YORK,NY,,,,,irs_990pf
KUUMBWA JAZZ SOCIETY,NEW YORK,NY,,,,,irs_990pf
LAKE GEORGE MUSIC FESTIVAL INC,NEW YORK,NY,,,,,irs_990pf
LEAGUE OF COMPOSERS ISCM INC,NEW YORK,NY,,,,,irs_990pf
LEFT COAST CHAMBER ENSEMBLE,NEW YORK,NY,,,,,irs_990pf
LOADBANG INC,NEW YORK,NY,,,,,irs_990pf
LONG BEACH GRAND OPERA,NEW YORK,NY,,,,,irs_990pf
LOOK LISTEN INC,NEW YORK,NY,,,,,irs_990pf
LORELAI ENSEMBLE INC,NEW YORK,NY,,,,,irs_990pf
LOS ANGELES MASTER CHORALE ASSN,NEW YORK,NY,,,,,irs_990pf
LOS ANGELES OPERA COMPANY,NEW YORK,NY,,,,,irs_990pf
LYRIC FEST,NEW YORK,NY,,,,,irs_990pf
MANTRA PERCUSSION INC,NEW YORK,NY,,,,,irs_990pf
METROPOLIS ENSEMBLE,NEW YORK,NY,,,,,irs_990pf
MIVOS QUARTET PERFORMING ARTS,NEW YORK,NY,,,,,irs_990pf
MOAB MUSIC FESTIVAL INC,NEW YORK,NY,,,,,irs_990pf
MONDAY EVENING CONCERTS,NEW YORK,NY,,,,,irs_990pf
MUSIC AT THE ANTHOLOGY INC,NEW YORK,NY,,,,,irs_990pf
MUSIC FROM CHINA INC,NEW YORK,NY,,,,,irs_990pf
MUSICAL TRADITIONS,NEW YORK,NY,,,,,irs_990pf
MUSIQA,NEW YORK,NY,,,,,irs_990pf
MUZIEKGEBOUW AAN T U,NEW YORK,NY,,,,,irs_990pf
NETWORK FOR NEW MUSIC,NEW YORK,NY,,,,,irs_990pf
NEW ENGLAND PHILHARMONIC,NEW YORK,NY,,,,,irs_990pf
NEW MUSIC INSTITUTE OF KANSAS CITY,NEW YORK,NY,,,,,irs_990pf
NEW MUSIC ON THE POINT FESTIVAL,NEW YORK,NY,,,,,irs_990pf
NEW REVOLUTION ARTS INC,NEW YORK,NY,,,,,irs_990pf
NEW YORK NEW MUSIC ENSEMBLE,NEW YORK,NY,,,,,irs_990pf
NIEF-NORF,NEW YORK,NY,,,,,irs_990pf
NOVA SERIES INC,NEW YORK,NY,,,,,irs_990pf
ON SITE OPERA INC,NEW YORK,NY,,,,,irs_990pf
OPERA PHILADELPHIA,NEW YORK,NY,,,,,irs_990pf
ORIGINAL MUSIC WORKSHOP,NEW YORK,NY,,,,,irs_990pf
OTHER MINDS,NEW YORK,NY,,,,,irs_990pf
PAMPLEMOUSSE PRODUCTIONS INC,NEW YORK,NY,,,,,irs_990pf
PARALLELE ENSEMBLE CORPORATION,NEW YORK,NY,,,,,irs_990pf
PERFORMANCE ZONE INC,NEW YORK,NY,,,,,irs_990pf
PHILHARMONIC-SYMPHONY SOC NY,NEW YORK,NY,,,,,irs_990pf
PIANO SPHERES,NEW YORK,NY,,,,,irs_990pf
PITTSBURGH NEW MUSIC ENSEMBLE,NEW YORK,NY,,,,,irs_990pf
PORTLAND CHAMBER MUSIC FESTIVAL,NEW YORK,NY,,,,,irs_990pf
PORTLANT JAZZ COMPOSERS ENSEMBLE,NEW YORK,NY,,,,,irs_990pf
PRESENT MUSIC,NEW YORK,NY,,,,,irs_990pf
PRISM QUARTET INC,NEW YORK,NY,,,,,irs_990pf
QUBIT NEW MUSIC INC,NEW YORK,NY,,,,,irs_990pf
QUINCE NEW MUSIC,NEW YORK,NY,,,,,irs_990pf
RAGA MASSIVE INC,NEW YORK,NY,,,,,irs_990pf
REGENTS OF U CALIFORNIA BERKELEY,NEW YORK,NY,,,,,irs_990pf
RESONANT BODIES FESTIVAL,NEW YORK,NY,,,,,irs_990pf
ROOMFUL OF TEETH,NEW YORK,NY,,,,,irs_990pf
ROULETTE INTERMEDIUM INC,NEW YORK,NY,,,,,irs_990pf
SEM ENSEMBLE INC,NEW YORK,NY,,,,,irs_990pf
SAINT PAUL CHAMBER ORCHESTRA SOC,NEW YORK,NY,,,,,irs_990pf
SAN FRANCISCO CONTEMPORARY MUS,NEW YORK,NY,,,,,irs_990pf
SAN FRANCISCO JAZZ ORGANIZATION,NEW YORK,NY,,,,,irs_990pf
SAN FRANCISCO PERFORMANCES INC,NEW YORK,NY,,,,,irs_990pf
SAN FRANCISCO SYMPHONY,NEW YORK,NY,,,,,irs_990pf
SCOTTISH OPERA,NEW YORK,NY,,,,,irs_990pf
SEAL BAY FESTIVAL,NEW YORK,NY,,,,,irs_990pf
SEATTLE SYMPHONY ORCHESTRA INC,NEW YORK,NY,,,,,irs_990pf
SHUNPIKE ARTS COLLECTIVE,NEW YORK,NY,,,,,irs_990pf
SINFONIETTA PRODUCTIONS LIMITED,NEW YORK,NY,,,,,irs_990pf
SINGERS - MINNESOTA CHORAL ARTISTS,NEW YORK,NY,,,,,irs_990pf
SO PERCUSSION INC,NEW YORK,NY,,,,,irs_990pf
SOCIETY FOR NEW MUSIC SYRACUSE,NEW YORK,NY,,,,,irs_990pf
SOLI CHAMBER ENSEMBLE,NEW YORK,NY,,,,,irs_990pf
SOUTHLAND ENSEMBLE INC,NEW YORK,NY,,,,,irs_990pf
SPEKTRAL QUARTET NFP,NEW YORK,NY,,,,,irs_990pf
ST LUKE S CHAMBER ENSEMBLE INC,NEW YORK,NY,,,,,irs_990pf
STANFORD JAZZ WORKSHOP,NEW YORK,NY,,,,,irs_990pf
STEPHEN PETRONIO DANCE COMPANY,NEW YORK,NY,,,,,irs_990pf
TALEA ENSEMBLE INC,NEW YORK,NY,,,,,irs_990pf
TALUJON INC,NEW YORK,NY,,,,,irs_990pf
THE CROSSING,NEW YORK,NY,,,,,irs_990pf
THE INDUSTRY PRODUCTIONS INC,NEW YORK,NY,,,,,irs_990pf
THE JAZZ GALLERY,NEW YORK,NY,,,,,irs_990pf
THE MINNESOTA OPERA,NEW YORK,NY,,,,,irs_990pf
THE WULF,NEW YORK,NY,,,,,irs_990pf
THINGNY INC,NEW YORK,NY,,,,,irs_990pf
THIRD ANGLE NEW MUSIC ENSEMBLE,NEW YORK,NY,,,,,irs_990pf
THIRD COAST PERCUSSION NFP,NEW YORK,NY,,,,,irs_990pf
TRUSTEES OF COLUMBIA U,NEW YORK,NY,,,,,irs_990pf
UNIVERSITY OF MINNESOTA,NEW YORK,NY,,,,,irs_990pf
UNIVERSITY OF PITTSBURGH,NEW YORK,NY,,,,,irs_990pf
UTAH SYMPHONY,NEW YORK,NY,,,,,irs_990pf
VOCALESSENCE,NEW YORK,NY,,,,,irs_990pf
WET INK MUSIC PRODUCTIONS INC,NEW YORK,NY,,,,,irs_990pf
WILD UP,NEW YORK,NY,,,,,irs_990pf
WORKS PROCESS AT GUGGENHEIM,NEW YORK,NY,,,,,irs_990pf
YARN WIRE INC,NEW YORK,NY,,,,,irs_990pf
YOUNG WOMEN S CHORAL PROJECTS,NEW YORK,NY,,,,,irs_990pf
FRACTURED ATLAS PRODUCTIONS INC,NEW YORK,NY,,,,,irs_990pf
MOBIUS PERFORMING ARTS INC,NEW YORK,NY,,,,,irs_990pf
BIOPHILIA RECORDS INC,NEW YORK,NY,,,,,irs_990pf
BMOP,NEW YORK,NY,,,,,irs_990pf
BRIDGE RECORDS,NEW YORK,NY,,,,,irs_990pf
CINCINATTI MUSIC FESTIVAL ASSOCIATION,NEW YORK,NY,,,,,irs_990pf
CLASSICAL MUSIC INC,NEW YORK,NY,,,,,irs_990pf
ENSEMBLE ECHAPPE,NEW YORK,NY,,,,,irs_990pf
IN A CIRCLE RECORDS,NEW YORK,NY,,,,,irs_990pf
LONGY SCHOOL OF MUSIC BARD,NEW YORK,NY,,,,,irs_990pf
MICROFEST RECORDS,NEW YORK,NY,,,,,irs_990pf
ORIGIN RECORDS,NEW YORK,NY,,,,,irs_990pf
PI RECORDS INC,NEW YORK,NY,,,,,irs_990pf
URBANARIAS,NEW YORK,NY,,,,,irs_990pf
ALL-STAR ORCHESTRA SUMMIT SYMPHONY,NEW YORK,NY,,,,,irs_990pf
AMERICAN ACADEMY IN ROME,NEW YORK,NY,,,,,irs_990pf
AMERICAN COMPOSERS ALLIANCE,NEW YORK,NY,,,,,irs_990pf
AMERICAN COMPOSERS FORUM,NEW YORK,NY,,,,,irs_990pf
AMERICAN COMPOSERS ORCHESTRA INC,NEW YORK,NY,,,,,irs_990pf
AMERICAN LYRIC THEATER CENTER,NEW YORK,NY,,,,,irs_990pf
AMERICAN OPERA PROJECTS INC,NEW YORK,NY,,,,,irs_990pf
AMERICAN SYMPHONY ORCHESTRA LEA,NEW YORK,NY,,,,,irs_990pf
BOSTON SYMPHONY ORCHESTRA,NEW YORK,NY,,,,,irs_990pf
CHAMBER MUSIC AMERICA INC,NEW YORK,NY,,,,,irs_990pf
CHAMBER MUSIC CONF COMPS,NEW YORK,NY,,,,,irs_990pf
CLASSICAL 981,NEW YORK,NY,,,,,irs_990pf
COMPOSERS CONF CHAMBER MUS,NEW YORK,NY,,,,,irs_990pf
FIFTH HOUSE ENSEMBLE,NEW YORK,NY,,,,,irs_990pf
FOUNDATION FOR CONTEMPORARY ARTS,NEW YORK,NY,,,,,irs_990pf
FROM THE TOP INC,NEW YORK,NY,,,,,irs_990pf
HARVESTWORKS INC,NEW YORK,NY,,,,,irs_990pf
JOHN SIMON GUGGENHEIM MEM FN,NEW YORK,NY,,,,,irs_990pf
MACDOWELL COLONY INC,NEW YORK,NY,,,,,irs_990pf
MINNESOTA ORCHESTRAL ASSOCIATION,NEW YORK,NY,,,,,irs_990pf
MINNESOTA PUBLIC RADIO,NEW YORK,NY,,,,,irs_990pf
MUSIC ASSOCIATES OF ASPEN INC,NEW YORK,NY,,,,,irs_990pf
NEW MUSIC USA,NEW YORK,NY,,,,,irs_990pf
NEW YORK YOUTH SYMPHONY,NEW YORK,NY,,,,,irs_990pf
OPERA AMERICA INC,NEW YORK,NY,,,,,irs_990pf
SONGFEST,NEW YORK,NY,,,,,irs_990pf
THE BOGLIASCO FOUNDATION INC,NEW YORK,NY,,,,,irs_990pf
THE CHARLES IVES SOCIETY INC,NEW YORK,NY,,,,,irs_990pf
THE VIRGINIA ARTS FESTIVAL INC,NEW YORK,NY,,,,,irs_990pf
UNIVERSITY OF BUFFALO FOUNDATION,NEW YORK,NY,,,,,irs_990pf
UNIVERSITY OF SOUTHERN CALIFORNIA,NEW YORK,NY,,,,,irs_990pf
WMHT EDUCATIONAL TELECOM,NEW YORK,NY,,,,,irs_990pf
CARNEGIE HALL SOCIETY,NEW YORK,NY,,,,,irs_990pf
NATIONAL SAWDUST,NEW YORK,NY,,,,,irs_990pf
NEW OPERA VENTURE FUND,NEW YORK,NY,,,,,irs_990pf
ORCHESTRA OF ST LUKE S,NEW YORK,NY,,,,,irs_990pf
SERGE KOUSSEVITZKY MUSIC FOUNDATION,NEW YORK,NY,,,,,irs_990pf
YOUNG PEOPLES CHORUS OF NYC,NEW YORK,NY,,,,,irs_990pf
SOCIETY FOR AMERICAN MUSIC,NEW YORK,NY,,,,,irs_990pf
WESBURY UNITED METHODIST,MEADVILLE,PA,,,,,irs_990pf
1ST UNITED METHODIST CHURCH,TITUSVILLE,PA,,,,,irs_990pf
FRENCH CREEK COUNCIL 532,ERIE,PA,,,,,irs_990pf
FIRST PRESBYTERIAN CHURCH SHARON,SHARON,PA,,,,,irs_990pf
BUHL REGIONAL HEALTH FOUNDATION,SHARPSVILLE,PA,,,,,irs_990pf
GRELTON CEMETERY ASSOCIATION,GRELTON,OH,,,,,irs_990pf
RA LONG SCHOOL ALUMNI ASSOCIATION,LONGVIEW,WA,,,,,irs_990pf
LONGVIEW COMMUNITY CHURCH,LONGVIEW,WA,,,,,irs_990pf
COLUMBIA THEATER ASSOCIATION,LONGVIEW,WA,,,,,irs_990pf
RIZAD FOUNDATION,LONGVIEW,WA,,,,,irs_990pf
COMMUNITY HOME HEALTH HOSPICE,LONGVIEW,WA,,,,,irs_990pf
LONGVIEW LIBRARY FOUNDATION,LONGVIEW,WA,,,,,irs_990pf
HUMANE SOCIETY OF COWLITZ COUNTY,LONGVIEW,WA,,,,,irs_990pf
DISCOVERY HIGH SCHOOL,LONGVIEW,WA,,,,,irs_990pf
MARK MORRIS HIGH SCHOOL,LONGVIEW,WA,,,,,irs_990pf
RA LONG HS DITEWIG SCHOLARSHIP,LONGVIEW,WA,,,,,irs_990pf
PRESBYTERIAN EVAN FELLOWSHIP,BRISTOL,TN,,,,,irs_990pf
COVENANT COLLEGE FOUNDATION,LOOKOUT MOUNTAIN,GA,,,,,irs_990pf
COVENANT COLLEGE,LOOKOUT MOUNTAIN,GA,,,,,irs_990pf
REFORMED UNIVERSITY FELLOWSHIP,CHARLOTTE,NC,,,,,irs_990pf
WORLD MAGAZINE,ASHEVILLE,NC,,,,,irs_990pf
PRCC CHAPLAIN MINISTRIES,CHARLOTTE,NC,,,,,irs_990pf
SOCIEDAD LUCAS,DECATUR,AL,,,,,irs_990pf
HELP HOPE LIVE,Radnor,PA,,,,,irs_990pf
NORTHWESTERN MEMORIAL FOUNDATION,Chicago,IL,,,,,irs_990pf
MISERICORDIA HOME,Chicago,IL,,,,,irs_990pf
CITY YEAR INC,Boston,MA,,,,,irs_990pf
ENTRUST,Colorado Springs,CO,,,,,irs_990pf
LAKE FOREST COLLEGE,Lake Forest,IL,,,,,irs_990pf
ST BASIL ACADEMY,Garrison,NY,,,,,irs_990pf
LAWNDALE COMMUNITY CHURCH,Chicago,IL,,,,,irs_990pf
RISE,Winnetka,IL,,,,,irs_990pf
ARMENIAN RELIEF,Winnetka,IL,,,,,irs_990pf
EVANSTON DANCE,Evanston,IL,,,,,irs_990pf
ST PETER AND PAUL,Chicago,IL,,,,,irs_990pf
FRONTIER FELLOWSHIP,Richfield,MN,,,,,irs_990pf
LAWRENCE HALL,Chicago,IL,,,,,irs_990pf
JOHN MALONE FUND FENWICK HS,Oak Park,IL,,,,,irs_990pf
BY THE HAND CLUB FOR KIDS,Chicago,IL,,,,,irs_990pf
CARING FOR ORPHANS - MOZ,TEMECULA,CA,,,,,irs_990pf
SAN LUIS OBISPO CLASSICAL ACADEMY,SAN LUIS OBISPO,CA,,,,,irs_990pf
WHEATSTONE MINISTRIES,FULLERTON,CA,,,,,irs_990pf
TREE OF LIFE,ATASCADERO,CA,,,,,irs_990pf
THE NAVIGATORS,ALBERT LEA,MN,,,,,irs_990pf
CHINO VALLEY YMCA,CHINO,CA,,,,,irs_990pf
THE ST CONSTANTINE CHOOL,BELLAIRE,TX,,,,,irs_990pf
ST ANDREW S ACADEMY,CHESTER,CA,,,,,irs_990pf
CHRISTIAN HEALTH ASSOCIATES,ANCHORAGE,AK,,,,,irs_990pf
CHRISTIAN MEDICAL MINISTRIES,FORT MYERS,FL,,,,,irs_990pf
PEDIATRIC AND FAMILY MEDICAL CENTER,LOS ANGELES,CA,,,,,irs_990pf
SAN DIEGO COUNTY MEDICAL SOCIETY FOUNDATION,SAN DIEGO,CA,,,,,irs_990pf
WESTMINSTER FREE CLINIC,THOUSAND OAKS,CA,,,,,irs_990pf
THE ARC OF MINNESOTA,SAINT PAUL,MN,,,,,irs_990pf
SAMARITAN HOUSE,SAN MATEO,CA,,,,,irs_990pf
PAJARO VALLEY COMMUNITY HEALTH TRUST,WATSONVILLE,CA,,,,,irs_990pf
MANATEE COUNTY MEDICAL SOCIETY,BRADENTON,FL,,,,,irs_990pf
INLAND WELLNESS INFORMATION NETWORK,REDLANDS,CA,,,,,irs_990pf
ILLUMINATION FOUNDATION,ORANGE,CA,,,,,irs_990pf
COALITION OF 100 BLACK WOMEN,LOS ANGELES,CA,,,,,irs_990pf
CAREGIVERS JOURNAL,SALT LAKE CITY,UT,,,,,irs_990pf
ASIAN PACIFIC HEALTH CARE VENTURE INC,LOS ANGELES,CA,,,,,irs_990pf
ENVIRONMENTAL GRANTMAKERS ASSOCIATI,NEW YORK,NY,,,,,irs_990pf
ROCKY MOUNT POLICE DEPARTMENT,ROCKY MOUNT,NC,,,,,irs_990pf
TOWN OF SPRING HOPE,SPRING HOPE,NC,,,,,irs_990pf
CENTRAL SYNAGOGUE,NEW YORK,NY,,,,,irs_990pf
JUPITER MEDICAL CENTER FOUNDATION,JUPITER,FL,,,,,irs_990pf
NICHLAUS HEALTHCARE FOUNDATION,NORTH PALM BEACH,FL,,,,,irs_990pf
OLD OAKS FOUNDATION INC,PURCHASE,NY,,,,,irs_990pf
4AFRICA,FORT WORTH,TX,,,,,irs_990pf
BILD-INTERNATIONAL,AMES,IA,,,,,irs_990pf
BRENTWOOD BAPTIST CHURCH,BRENTWOOD,TN,,,,,irs_990pf
CHILDREN OF CHARACTER INC,OKLAHOMA CITY,OK,,,,,irs_990pf
CONGO INITIATIVE INC,DURHAM,NC,,,,,irs_990pf
CURE INTERNATIONAL INC,CAMP HILL,PA,,,,,irs_990pf
EVERY GENERATION MINISTRIES INC,TEMECULA,CA,,,,,irs_990pf
FORGOTTEN VOICES INTERNATIONAL,DILLSBURG,PA,,,,,irs_990pf
HOPE WALKS,MECHANICSBURG,PA,,,,,irs_990pf
KIJABE CHILDRENS EDUCATIONAL FUND INC,ESSEX,MA,,,,,irs_990pf
KUPENDA FOR THE CHILDREN,HAMPTON,NH,,,,,irs_990pf
LIFE IN ABUNDANCE INTERNATIONAL,LOUISVILLE,KY,,,,,irs_990pf
LIFEWATER INC,SAN LUIS OBISPO,CA,,,,,irs_990pf
MACLELLAN CENTER FOR GLOBAL CHRISTIAN EDUCATION INC DBA GENEROSITY PATH,CHATTANOOGA,TN,,,,,irs_990pf
MEDICAL TEAMS INTERNATIONAL,REDMOND,WA,,,,,irs_990pf
MIDDLE EAST BIBLE OUTREACH,ATLANTA,GA,,,,,irs_990pf
NORTH AMERICA MAINLAND CHINESE MISSION,ALBUQUERQUE,NM,,,,,irs_990pf
REACT SERVICES,MILL CREEK,WA,,,,,irs_990pf
SEED EFFECT,DALLAS,TX,,,,,irs_990pf
THE GENEROSITY TRUST,CHATTANOOGA,TN,,,,,irs_990pf
THE SINAPIS GROUP,WHEATON,IL,,,,,irs_990pf
UGANDA CHRISTIAN UNIVERSITY PARTNERS,SEWICKLEY,PA,,,,,irs_990pf
VERITAS FORUM INC,CAMBRIDGE,MA,,,,,irs_990pf
VSI DBA VILLAGE SCHOOLS INTERNATIONAL,TOMBALL,TX,,,,,irs_990pf
WORLD RELIEF CORP OF NATIONAL ASSOCIATION OF EVANGELICALS,BALTIMORE,MD,,,,,irs_990pf
CARE,ATLANTA,GA,,,,,irs_990pf
DOMINICAN NUNS MONASTERY OF OUR LADY OF THE ROSARY,SUMMIT,NJ,,,,,irs_990pf
FOODBANK-HILLSIDE,HILLSIDE,NJ,,,,,irs_990pf
FULFILL-NEPTUNE,NEPTUNE,NJ,,,,,irs_990pf
FRIENDSHIP TRAIN FOUNDATION,RED BANK,NJ,,,,,irs_990pf
HEIFER INTERNATIONAL,ALBERT LEA,MN,,,,,irs_990pf
HOMES FOR TROOPS,TAUNTON,MA,,,,,irs_990pf
NEW HOPE GIRLS,SPARTANBURG,SC,,,,,irs_990pf
NEWARK FRESH AIR FUND,NEWARK,NJ,,,,,irs_990pf
NEWARK HOLIDAY FUND,NEWARK,NJ,,,,,irs_990pf
OAK KNOLL SCHOOL OF THE HOLY CHILD,SUMMIT,NJ,,,,,irs_990pf
OUR LADY HELP OF CHRISTIAN SCHOOLS,EAST ORANGE,NJ,,,,,irs_990pf
ROSEMONT COLLEGE-EXPERIENCE FUND,ROSEMONT,PA,,,,,irs_990pf
SCHOLARSHIP FUND INNER-CITY CHILDREN,NEWARK,NJ,,,,,irs_990pf
SEABROOK SCHOLARSHIP FUND,TINTON FALLS,NJ,,,,,irs_990pf
THE CONSERVATION FUND,ARLINGTON,VA,,,,,irs_990pf
THE MISSION CONTINUES,ST LOUIS,MO,,,,,irs_990pf
WHAT IF FOUNDATION,BERKELEY,CA,,,,,irs_990pf
JEWISH COMMUNITY CENTER,SCRANTON,PA,,,,,irs_990pf
UNIV OF LOUISVILLE,LOUISVILLE,KY,,,,,irs_990pf
FORT LEWIS COLLEGE FOUNDATION,DURANGO,CO,,,,,irs_990pf
CANINE COMPANIONS FOR INDEPENDENCE,SANTA ROSA,CA,,,,,irs_990pf
CHALLENGED ATHELETES FOUNDATION,SAN DIEGO,CA,,,,,irs_990pf
DENVER ZOOLOGICAL FOUNDATION,DENVER,CO,,,,,irs_990pf
DESERT COMMUNITY FOUNDATION,PALM DESERT,CA,,,,,irs_990pf
HIGH LINE CANAL CONSERVANCY,DENVER,CO,,,,,irs_990pf
MEALS ON WHEELS,CENTENNIAL,CO,,,,,irs_990pf
POLAR BEARS INTERNATIONAL,BOZEMAN,MT,,,,,irs_990pf
SOLDIERS ORGANIZED SERVICES,LA QUINTA,CA,,,,,irs_990pf
VRCC ANIMAL CARE FOUNDATION,ENGLEWOOD,CO,,,,,irs_990pf
WILD ANIMAL SANCTUARY,KEENESBURG,CO,,,,,irs_990pf
BOCA GRANDE COMMUNITY CENTER,BOCA GRANDE,FL,,,,,irs_990pf
BOCA GRANDE HEALTH CLINIC FOUNDATN,BOCA GRANDE,FL,,,,,irs_990pf
BOYS GIRLS CLUB OF HILTON HEAD,HILTON HEAD ISLAND,SC,,,,,irs_990pf
BRAZELTON TOUCHPOINTS FOUNDATION,BOSTON,MA,,,,,irs_990pf
BRIGHAM WOMENS HOSPITAL,BOSTON,MA,,,,,irs_990pf
CATHOLIC UNIVERSITY SCHOOL OF,WASHINGTON,DC,,,,,irs_990pf
CHARLES RIVER WATERSHED ASSOC,WESTON,MA,,,,,irs_990pf
CHURCH OF THE REDEEMER,CHESTNUT HILL,MA,,,,,irs_990pf
COLORADO OUTDOOR EDUCATION CENTER,FLORISSANT,CO,,,,,irs_990pf
CONNECTICUT RIVER CONSERVANCY,GREENFIELD,MA,,,,,irs_990pf
CUMMINGS VETERINARY FUND AT TUFTS,NORTH GRAFTON,MA,,,,,irs_990pf
CURE ALZHEIMERS FUND,WELLESLY HILLS,MA,,,,,irs_990pf
DEXTER SOUTHFIELD SCHOOL,BOSTON,MA,,,,,irs_990pf
ELIHU CLUB,NEW HAVEN,CT,,,,,irs_990pf
EPIPHANY MIDDLE SCHOOL,DORCHESTER,MA,,,,,irs_990pf
FOUNDATION 51,CUMBERLAND,ME,,,,,irs_990pf
GRACE COMMUNITY CHURCH,HILTON HEAD ISLAND,SC,,,,,irs_990pf
HAITI PROJECTS,HANOVER,MA,,,,,irs_990pf
HANDEL HAYDEN SOCIETY,BOSTON,MA,,,,,irs_990pf
HAZELTON BETTY FORD FOUNDATION,CENTER CITY,MN,,,,,irs_990pf
HERREN PROJECT,TIVERTON,RI,,,,,irs_990pf
HFM ROTARY FOUNDATION,HONEOYE FALLS,NY,,,,,irs_990pf
HILTON HEAD DEEP WELL PROJECT,HILTON HEAD ISLAND,SC,,,,,irs_990pf
HILTON HEAD HUMANE SOCIETY,HILTON HEAD ISLAND,SC,,,,,irs_990pf
HILTON HEAD PREPARATORY SCHOOL,HILTON HEAD ISLAND,SC,,,,,irs_990pf
HOSPICE CARE OF THE LOW COUNTRY,BLUFFTON,SC,,,,,irs_990pf
JACKSON LABORATORY,BAR HARBOR,ME,,,,,irs_990pf
JEWISH BIG BROTHERS BIG SISTERS OF,NEWTON,MA,,,,,irs_990pf
LAND S SAKE,WESTON,MA,,,,,irs_990pf
LEEDS COMMUNITY CHURCH,LEEDS,ME,,,,,irs_990pf
LOVE JUSTICE INTERNATIONAL,LINCOLN,NE,,,,,irs_990pf
LOW COUNTRY LEGAL AID,BLUFFTON,SC,,,,,irs_990pf
MAINE COMMUNITY FOUNDATION,PORTLAND,ME,,,,,irs_990pf
MARANATHA FARM,RIDGELAND,SC,,,,,irs_990pf
MILTON ACADEMY,MILTON,MA,,,,,irs_990pf
MSU FOUNDATION,MISSISSIPPI STATE,MS,,,,,irs_990pf
NEW ENGLAND CONSERVATORY,BOSTON,MA,,,,,irs_990pf
NOBLE GREENOUGH SCHOOL,DEDHAM,MA,,,,,irs_990pf
NORTH YARMOUTH ACADEMY,YARMOUTH,ME,,,,,irs_990pf
OLD YORK HISTORICAL SOCIETY,YORK,ME,,,,,irs_990pf
ONE ELEUTHERA US,BEAUFORT,SC,,,,,irs_990pf
PINE COBBLE SCHOOL,WILLIAMSTOWN,MA,,,,,irs_990pf
PROJECT HEALING WATERS FLYFISHING,LA PLATA,MD,,,,,irs_990pf
QUEBEC LABRADOR FOUNDATION,IPSWICH,MA,,,,,irs_990pf
SOUTHERN MAINE AGCY ON AGING,SCARBOROUGH,ME,,,,,irs_990pf
SPAULDING REHAB HOSPITAL FUND,CAMBRIDGE,MA,,,,,irs_990pf
ST PETERS EPISCOPAL CHURCH,WESTON,MA,,,,,irs_990pf
ST TIMOTHY S SCHOOL,STEVENSON,MD,,,,,irs_990pf
SUDBURY VALLEY TRUSTEES,SUDBURY,MA,,,,,irs_990pf
TENACITY,BOSTON,MA,,,,,irs_990pf
TRINITY CHURCH MA,BOSTON,MA,,,,,irs_990pf
TRINITY CHURCH ME,YORK HARBOR,ME,,,,,irs_990pf
WBUR 909 FM,CHELSEA,MA,,,,,irs_990pf
WESTON FOREST TRAIL ASSOCIATION,WESTON,MA,,,,,irs_990pf
WGBH EDUCATIONAL FOUNDATION,BOSTON,MA,,,,,irs_990pf
WOOSTER SCHOOL,DANBURY,CT,,,,,irs_990pf
YALE ALUMNI FUND,NEW HAVEN,CT,,,,,irs_990pf
YALE SCHOOL OF ORG MGTMT,NEW HAVEN,CT,,,,,irs_990pf
YORK HARBOR READING ROOM FOUNDATION,YORK HARBOR,ME,,,,,irs_990pf
YORK LAND TRUST,YORK,ME,,,,,irs_990pf
FRIENDS OF IOWA PUBLIC TELEVISION,JOHNSTON,IA,,,,,irs_990pf
MOBILITY WORLDWIDE- LEIGHTON,PELLA,IA,,,,,irs_990pf
MILTON PUBLIC LIBRARY,MILTON,WI,,,,,irs_990pf
METRO MIX CHORUS,IOWA CITY,IA,,,,,irs_990pf
WESTMINSTER PRSBYTERIAN CHURCH,CEDAR RAPIDS,IA,,,,,irs_990pf
HISTORIC PELLA TRUST,PELLA,IA,,,,,irs_990pf
CROSSROADS OF PELLA,PELLA,IA,,,,,irs_990pf
JUNIOR ACHIEVEMENT OF IOWA,DES MOINES,IA,,,,,irs_990pf
FRIENDS OF THE LIBRARY,PELLA,IA,,,,,irs_990pf
PELLA HISTORICAL SOCIETY,PELLA,IA,,,,,irs_990pf
WONDER SPELEN,PELLA,IA,,,,,irs_990pf
CENTER CONGREGATIONAL CURCH,Torrington,CT,,,,,irs_990pf
SEE ATTACHED,CHICAGO,IL,,,,,irs_990pf
NATL FDN FOR CANCER RESEARCH,ROCKVILLE,MD,,,,,irs_990pf
THE LAWRENCEVILLE SCHOOL,LAWRENCEVILLE,NJ,,,,,irs_990pf
UNIVERSITY OF PENNSYLVANIA LAW SCHOO,PHILADELPHIA,PA,,,,,irs_990pf
YMCA,BERWICK,PA,,,,,irs_990pf
ARTHRITIS FOUNDATION INC NATI OFFI,ATLANTA,GA,,,,,irs_990pf
CENTER FOR FAMILY SERVICES INC,MEADVILLE,PA,,,,,irs_990pf
FAMILY COMMUNITY CHRISTIAN ASSOC,MEADVILLE,PA,,,,,irs_990pf
WESBURY HILLSIDE HOME,MEADVILLE,PA,,,,,irs_990pf
COMMUNITY HEALTH SERVICES,MEADVILLE,PA,,,,,irs_990pf
CRAWFORD CO ASSOC,MEADVILLE,PA,,,,,irs_990pf
PARK CONGREGATIONAL CHURCH,MEADVILLE,PA,,,,,irs_990pf
MEADVILLE MEDICAL CENTER,MEADVILLE,PA,,,,,irs_990pf
SAM STERN UW FOR MEADVILLE,MEADVILLE,PA,,,,,irs_990pf
JEWISH FAMILY SERVICE OF G W-B,WILKESBARRE,PA,,,,,irs_990pf
GIRLSTOWN USA,AMARILLO,TX,,,,,irs_990pf
GOOD SAMARITAN COMMUNITY SERVICES,SAN ANTONIO,TX,,,,,irs_990pf
ZUMIX,EAST BOSTON,MA,,,,,irs_990pf
GREEN CHIMNEYS,BREWSTER,NY,,,,,irs_990pf
THE AMERICAN SOCIETY FOR THE PREVENTION OF CRUELTY,NEW YORK,NY,,,,,irs_990pf
CAMP SUMMIT,DALLAS,TX,,,,,irs_990pf
OPEN ARMS FOR CHILDREN,LITCHFIELD PARK,AZ,,,,,irs_990pf
BLUESKY GLOBAL MINISTRIES INC,PEACHTREE CITY,GA,,,,,irs_990pf
LAUREL HOUSE,STAMFORD,CT,,,,,irs_990pf
INSPIRCA,STAMFORD,CT,,,,,irs_990pf
LUTHERAN SOCIAL SERVICES OF THE VIRGIN ISLANDS,,,,,,,irs_990pf
MY FACE,NEW YORK,NY,,,,,irs_990pf
THE BRIDGE FUND OF NEW YORK,NEW YORK,NY,,,,,irs_990pf
THE WOMEN S COALITION OF ST CROIX,,,,,,,irs_990pf
CATCHING THE DREAM,ALBUQUERQUE,NM,,,,,irs_990pf
ST CROIX ANIMAL WELFARE CENTER,,,,,,,irs_990pf
MY BROTHER S WORKSHOP,,,,,,,irs_990pf
THE DOOR,NEW YORK,NY,,,,,irs_990pf
CENTER FOR ALTERNATIVE SENTENCING AND EMPLOYMENT,BROOKLYN,NY,,,,,irs_990pf
SAN ANTONIO PUBLIC LIBRARY FOUNDATION,SAN ANTONIO,TX,,,,,irs_990pf
ALASKA WILDLIFE CONSERVATION CENTER,GIRDWOOD,AK,,,,,irs_990pf
CENTER FOR REPORDUCTIVE RIGHTS,NEW YORK,NY,,,,,irs_990pf
ANIMAL DEFENSE LEAGUE OF TEXAS,SAN ANTONIO,TX,,,,,irs_990pf
FUZZY FRIENDS RESCUE,WACO,TX,,,,,irs_990pf
MISSION WACOMISSION WORLD,WACO,TX,,,,,irs_990pf
UNION OF CONCERNED SCIENTISTS,CAMBRIDGE,MA,,,,,irs_990pf
RAINN RAPE ABUSE AND INCEST NATIONAL NETWORK,WASHINGTON,DC,,,,,irs_990pf
WOMEN ORGANIZED AGAINST RAPE,PHILADELPHIA,PA,,,,,irs_990pf
PLANNED PARENTHOOD FEDERATION OF AMERICA,WASHINGTON,DC,,,,,irs_990pf
BAYLOR UNIVERSITY SPORT MANAGEMENT PROGRAM,WACO,TX,,,,,irs_990pf
ASSOCIATION OF WRITERS AD WRITING PROGRAMS,RIVERDALE PARK,MD,,,,,irs_990pf
FRIENDS OF ELISABET NEY MUSUEM,AUSTIN,TX,,,,,irs_990pf
FRIENDS OF LIBRARIES AND ARCHIVES OF TEXAS,AUSTIN,TX,,,,,irs_990pf
TEXAS BIOMEDICAL RESEARCH INSTITUTE,SAN ANTONIO,TX,,,,,irs_990pf
THE SOUTHWEST SCHOOL OF ART,SAN ANTONIO,TX,,,,,irs_990pf
RAICES REFUGEE AND IMMIGRANT CENTER,SAN ANTONIO,TX,,,,,irs_990pf
STUDENT PRESS LAW CENTER,WASHINGTON,DC,,,,,irs_990pf
UNIVERSITY ADVANCEMENT AND WOU FOUNDATION,MONMOUTH,OR,,,,,irs_990pf
ABILENE CHRISTIAN UNIVERSITY,ALBIENE,TX,,,,,irs_990pf
ABILENE COOPER HIGH SCHOOL,ABILENE,TX,,,,,irs_990pf
THE NATIONAL GEOGRAPHIC SOCIETY,WASHINGTON,DC,,,,,irs_990pf
ST CROIX FOUNDATION FOR COMMUNITY DEVELOPMENT,CHRISTIANSTED,VI,,,,,irs_990pf
THE CHILDREN S MUSUEM OF ST CROIX,CHRISTIANSTED,VI,,,,,irs_990pf
CRUZAN COWGIRLS HORSE RESCUE,FREDERIKSTED,VI,,,,,irs_990pf
POST-POLIO HEALTH INTERNATIONAL,ST LOUIS,MO,,,,,irs_990pf
NORD NATIONAL ORGANIZATON FOR RARE DISORDERS,WOBURN,MA,,,,,irs_990pf
NAMI-NYC NATIONAL ALLIANCE FOR MENTAL ILLNESS,NEW YORK,NY,,,,,irs_990pf
BRIDGE BUILDERS FOUNDATION,OIL CITY,PA,,,,,irs_990pf
KEYSTONE SMILES COMMUNITY,KNOX,PA,,,,,irs_990pf
THE POINTE,OIL CITY,PA,,,,,irs_990pf
SPCA,WILKESBARRE,PA,,,,,irs_990pf
WYOMING VALLEY MONTESSORI SCHOOL,KINGSTON,PA,,,,,irs_990pf
FINE ARTS FIESTA INC,WILKESBARRE,PA,,,,,irs_990pf
LUZERNE COUNTY HISTORICAL SOCIETY,WILKESBARRE,PA,,,,,irs_990pf
FORTY FORT CEMETERY ASSOCIATION,FORTY FORT,PA,,,,,irs_990pf
OSTERHOUT FREE LIBRARY,WILKESBARRE,PA,,,,,irs_990pf
THE WESTMORELAND CLUB CHARITABLE FDN,WILKESBARRE,PA,,,,,irs_990pf
CASA OF LUZERNE COUNTY,PLAINS,PA,,,,,irs_990pf
NORTHWEST HOSPITAL FOUNDATION,SENECA,PA,,,,,irs_990pf
THE SCHOOL AT CHURCH FARM,EXTON,PA,,,,,irs_990pf
COVENANT HOUSE INC,PHILADELPHIA,PA,,,,,irs_990pf
WINDING WAY FOUNDATION,SAN FRANCISCO,CA,,,,,irs_990pf
IITB HERITAGE FOUNDATION,CUPERTINO,CA,,,,,irs_990pf
CAMPBELL UNIVERSITY LAW SCHOOL,BUIES CREEK,NC,,,,,irs_990pf
CANCER SERVICES OF GASTON COUNTY,GASTONIA,NC,,,,,irs_990pf
CRISIS ASSISTANCE MINISTRY,GASTONIA,NC,,,,,irs_990pf
FIRST BAPTIST CHURCH,GASTONIA,NC,,,,,irs_990pf
GARDNER-WEBB UNIVERSITY,BOILING SPRINGS,NC,,,,,irs_990pf
GASTON ARTS COUNCIL,GASTONIA,NC,,,,,irs_990pf
GASTON LITERACY COUNCIL INC,GASTONIA,NC,,,,,irs_990pf
GASTON SYMPHONIC BAND,GASTONIA,NC,,,,,irs_990pf
GASTON TOGETHER,GASTONIA,NC,,,,,irs_990pf
HOLY ANGELS INC,BELMONT,NC,,,,,irs_990pf
HOUSE OF MERCY,BELMONT,NC,,,,,irs_990pf
MARS HILL UNIVERSITY,MARS HILL,NC,,,,,irs_990pf
SALVATION ARMY,GASTONIA,NC,,,,,irs_990pf
THE GASTON COLLEGE FOUNDATION,DALLAS,NC,,,,,irs_990pf
THE GAZETTE EMPTY STOCKING FUND,GASTONIA,NC,,,,,irs_990pf
UNITED WAY OF GASTON COUNTY,GASTONIA,NC,,,,,irs_990pf
WITH FRIENDS INC,GASTONIA,NC,,,,,irs_990pf
MONTGOMERY COUNTY COMMUNITY COLLEGE,BLUE BELL,PA,,,,,irs_990pf
PENNSYLVANIA STATE UNIVERSITY,UNIVERSITY PARK,PA,,,,,irs_990pf
BOYERTOWN AREA SCHOOL DISTRICT,GILBERTSVILLE,PA,,,,,irs_990pf
ALVERNIA UNIVERSITY,READING,PA,,,,,irs_990pf
WEST CHESTER UNIVERSITY,WEST CHESTER,PA,,,,,irs_990pf
ITHACA COLLEGE,ITHACA,NY,,,,,irs_990pf
ITALIAN-AMERICAN COMMNTY SRVS AGENCY,SAN FRANCISCO,CA,,,,,irs_990pf
PRINCETON UNIVERSITY - OGC,PRINCETON,NJ,,,,,irs_990pf
CAMDEN HEALTH CARE CENTER,CAMDEN,ME,,,,,irs_990pf
CAMDEN PUBLIC LIBRARY,CAMDEN,ME,,,,,irs_990pf
PEN BAY HEALTHCARE FOUNDATION,ROCKPORT,ME,,,,,irs_990pf
JASA CONNELL,RUSSELLVILLE,AR,,,,,irs_990pf
JESSI PARKER,POTTSVILLE,AR,,,,,irs_990pf
MORGAN BURRIS,RUSSELLVILLE,AR,,,,,irs_990pf
SUZANNE CAUSIN,RUSSELLVILLE,AR,,,,,irs_990pf
HARMONY PROJECT,COLUMBUS,OH,,,,,irs_990pf
YMCA,COLUMBUS,OH,,,,,irs_990pf
SQUASHBUSTERS DERBY,Crossing,MA,,,,,irs_990pf
BROAD STREET PRESBYTERIAN CHURCH,COLUMBUS,OH,,,,,irs_990pf
EGAN MARITIME INSTITUTE,Nantucket,MA,,,,,irs_990pf
KENDALL AT GRANVILLE,Granville,OH,,,,,irs_990pf
THE AFFORDABLE HOUSING TRUST OF COLUMBUS AND FRANKLIN COUNTY,COLUMBUS,OH,,,,,irs_990pf
ONE WEST FOUNDATION,New York,NY,,,,,irs_990pf
MARIEMONT SCHOOL FOUNDATION,Cincinnati,OH,,,,,irs_990pf
ST MATTHEW LUTHERAN CHURCH,HANOVER,PA,,,,,irs_990pf
THE UNIVERSITY OF THE ARTS,PHILADELPHIA,PA,,,,,irs_990pf
THE CURTIS INSTITUTE,PHILADELPHIA,PA,,,,,irs_990pf
SETTLEMENT MUSIC SCHOOL,PHILADELPHIA,PA,,,,,irs_990pf
ACADEMY OF VOCAL ARTS,PHILADELPHIA,PA,,,,,irs_990pf
MONTEFIORE NEW ROCHELLE HOSPITAL,TARRYTOWN,NY,,,,,irs_990pf
NORTHWEST COLLEGE FOUNDATION,POWELL,WY,,,,,irs_990pf
FIRST BAPTIST CHURCH OF POWELL,POWELL,WY,,,,,irs_990pf
ASSOCIATION FOR THE DEVELOPMENT OF CARRIZAL APRODECA,BROOKLYN,NY,,,,,irs_990pf
BEIT HANINA CULTURAL CENTER INC,BROOKLYN,NY,,,,,irs_990pf
CANINE COMPANIONS FOR INDEPENDENCE INC,SANTA ROSA,CA,,,,,irs_990pf
CHILDRENS DREAM FOUNDATION,RYE BROOK,NY,,,,,irs_990pf
COMITE DEL DIVINO NINO,MASPETH,NY,,,,,irs_990pf
DANCE PARTY FOR PARKINSONS INC,OLD WESTBURY,NY,,,,,irs_990pf
FOUNDATION FIGHTING BLINDNESS,NEW YORK,NY,,,,,irs_990pf
FRIENDS OF THE FOOD INDUSTRY,HO HO KUS,NJ,,,,,irs_990pf
FUPAC,WOODSIDE,NY,,,,,irs_990pf
GLOBAL FOUNDATION FOR DEMOCRACY AND DEVELOPMENT,NEW YORK,NY,,,,,irs_990pf
GRAN PARADA DOMINICANA DEL BRONX,BRONX,NY,,,,,irs_990pf
KIWANIS CLUB OF HOWARD BEACH FOUNDATION INC,BROOKLYN,NY,,,,,irs_990pf
KNIGHTS OF COLUMBUS,NEW HAVEN,CT,,,,,irs_990pf
MUSLIM COMMUNITY NETWORK INC,NEW YORK,NY,,,,,irs_990pf
MYRTLE AVENUE COMMERCIAL REVITALIZATION AND DEVELOPMENT PROJECT LDC,BROOKLYN,NY,,,,,irs_990pf
QUEENS JEWISH COMMUNITY COUNCIL INC,FOREST HILLS,NY,,,,,irs_990pf
RANCHEROS UNIDOS FD INC,CORONA,NY,,,,,irs_990pf
RESCUING LEFTOVER CUISINE INC,NEW YORK,NY,,,,,irs_990pf
SAINT JOSEPH S UNIVERSITY ACADEMY OF FOOD MARKETING,PHILADELPHIA,PA,,,,,irs_990pf
STATEN ISLAND ZOOLOGICAL SOCIETY INC,STATEN ISLAND,NY,,,,,irs_990pf
STEVE S CAMP AT HORIZON FARMS,BROOKLYN,NY,,,,,irs_990pf
THE BREAST CANCER RESEARCH FOUNDATION,STATEN ISLAND,NY,,,,,irs_990pf
THE FOOD MARKETING EDUCATIONAL FOUNDATION,PHILADELPHIA,PA,,,,,irs_990pf
THE FOOD MARKETING INSTITUTE FOUNDATION,ARLINGTON,VA,,,,,irs_990pf
THE NEW YORK WIND ORCHESTRA,OLD WESTBURY,NY,,,,,irs_990pf
THE SCHOLARSHIP FOUNDATION OF THE NSA INC,FLUSHING,NY,,,,,irs_990pf
TRI STATE ITALIAN AMERICAN CONGRESS,PARAMUS,NJ,,,,,irs_990pf
WATERFRONT ALLIANCE - HEROES OF THE HARBOR,NEW YORK,NY,,,,,irs_990pf
ST BEDES CHURCH,Williamsburg,VA,,,,,irs_990pf
WM CATHOLIC MINISTRY,Williamsburg,VA,,,,,irs_990pf
FIRST TEE OF VA PENINSULA,Newport News,VA,,,,,irs_990pf
CHILD DEVELOPMENT RESOURCES,Norge,VA,,,,,irs_990pf
WILLIAMSBURG SYMPONY,Williamsburg,VA,,,,,irs_990pf
DREAMCATCHERS,Toano,VA,,,,,irs_990pf
VERITAS PREPARATORY SCHOOL,Williamsburg,VA,,,,,irs_990pf
WJCC SCHOOLS FOUNDATION,Williamsburg,VA,,,,,irs_990pf
MCV FOUNDATION,Richmond,VA,,,,,irs_990pf
ONE CHILD CENTER FOR AUTISM,Williamsburg,VA,,,,,irs_990pf
ABRAMSON CANCER CENTER,PHILADELPHIA,PA,,,,,irs_990pf
ALS,WASHINGTON,DC,,,,,irs_990pf
AMERICAN RED CROSS,PHILADELPHIA,PA,,,,,irs_990pf
CYSTIC FIBROSIS FOUNDATION,BROOMALL,PA,,,,,irs_990pf
LITTLE PEOPLE OF AMERICA,TUSTIN,CA,,,,,irs_990pf
MAKE A WISH FOUNDATION,PITTSBURGH,PA,,,,,irs_990pf
MULTIPLE SCLEROSIS ASSOCATION OF AMERICA,PHILADELPHIA,PA,,,,,irs_990pf
MUSCULAR DYSTROPHY ASSOCATION,BROOMALL,PA,,,,,irs_990pf
PHILOPTOCHOS OF ST NICHOLAS,ATLANTIC CITY,NJ,,,,,irs_990pf
SALVATION ARMY WORLD SERVICES,BOSTON,MA,,,,,irs_990pf
SHRINER S HOSPITALS FOR CHILDREN,PHILADELPHIA,PA,,,,,irs_990pf
ST JUDE S CHILDREN S RESEARCH HOSPITAL,MEMPHIS,TN,,,,,irs_990pf
SUSAN G KOMEN FOR THE CURE,DALLAS,TX,,,,,irs_990pf
UNITED WAY OF PHILADELPHIA,PHILADELPHIA,PA,,,,,irs_990pf
WILLIAMSON FREE SCHOOL OF MECHANICAL TRADES,MEDIA,PA,,,,,irs_990pf
WOUNDED WARRIOR PROJECT,PITTSBURGH,PA,,,,,irs_990pf
LAINIE LEITZELL MEMORIAL SCHOLARSHIP FUND,PHILADELPHIA,PA,,,,,irs_990pf
BAYLOR HEALTH CARE SYSTEM FOUNDATIO,Dallas,TX,,,,,irs_990pf
PHOENIX HOUSE,Dallas,TX,,,,,irs_990pf
SOUTHERN METHODIST UN-TATE LECT,DALLAS,TX,,,,,irs_990pf
THE CRYSTAL CHARITY BALL,Dallas,TX,,,,,irs_990pf
NEW FRIENDS NEW LIFE,Dallas,TX,,,,,irs_990pf
SOCIETY OF ST VINCENT DE PAUL,CLEVELAND,OH,,,,,irs_990pf
FIRST PRESBYTERIAN CHURCH - TYLER TX,TYLER,TX,,,,,irs_990pf
1ST PRESBYTERIAN CHURCH OF NILES OHIO,NILES,OH,,,,,irs_990pf
THE SALVATION ARMY,WEIRTON,WV,,,,,irs_990pf
WEIRTON CHRISTIAN CENTER,WEIRTON,WV,,,,,irs_990pf
CHARITY HOSPICE INC,WINTERSVILLE,OH,,,,,irs_990pf
EASTERN GATEWAY COMMUNITY COLLEG,STEUBENVILLE,OH,,,,,irs_990pf
COLEMAN PROFESSIONAL SERVICES IN,RAVENNA,OH,,,,,irs_990pf
CHILDRENS HUNGER ALLIANCE,STEUBENVILLE,OH,,,,,irs_990pf
HANCOCK COUNTY SHELTERED WORKSHOP,WEIRTON,WV,,,,,irs_990pf
OHIO VALLEY HEALTH CENTER,STEUBENVILLE,OH,,,,,irs_990pf
BLUE STREAM FARMS,West Barnstable,MA,,,,,irs_990pf
JEFFERSON COUNTY ANIMAL WELFARE LEAGUE,WINTERSVILLE,OH,,,,,irs_990pf
MARY H WEIR PUBLIC LIBRARY,Weirton,WV,,,,,irs_990pf
SMITHFIELD EVANGELICAL FRIENDS,Smithfield,OH,,,,,irs_990pf
WEIR HIGH SCHOOL,Weirton,WV,,,,,irs_990pf
ST PAUL SCHOOL,Providence,NH,,,,,irs_990pf
WEIRTON BASEBALL ASSOCIATION,Weirton,WV,,,,,irs_990pf
REFUGE FOR WOMEN,Lexington,KY,,,,,irs_990pf
UNITED WAY OF JEFFERSON COUNTY,Steubenville,OH,,,,,irs_990pf
VALLEY HOSPICE INC,Lawrence,MA,,,,,irs_990pf
SOCIEDAD LATINA INC,ROXBURY,MA,,,,,irs_990pf
BOSTON PIRATES YOUTH SPORTS INC,BOSTON,MA,,,,,irs_990pf
YMCA OF GREATER BOSTON,BOSTON,MA,,,,,irs_990pf
EMERALD NECKLACE CONSERVANCY,BOSTON,MA,,,,,irs_990pf
FENWAY COMMUNITY CENTER,BOSTON,MA,,,,,irs_990pf
FENWAY ALLIANCE INC,BOSTON,MA,,,,,irs_990pf
FRIENDS OF RAMLER PARK INC,BOSTON,MA,,,,,irs_990pf
MISSION HILL HEALTH MOVEMENT,ROXBURY CROSSING,MA,,,,,irs_990pf
MISSION HILL NEIGHBORHOOD HOUSING SERVICES,ROXBURY CROSSING,MA,,,,,irs_990pf
MISSIONSAFE A NEW BEGINNING INC,BOSTON,MA,,,,,irs_990pf
OPERATION PEACE,BOSTON,MA,,,,,irs_990pf
PHILLIPS BROOKS HOUSE ASSOCIATION,CAMBRIDGE,MA,,,,,irs_990pf
TOBIN COMMUNITY CENTER,ROXBURY CROSSING,MA,,,,,irs_990pf
TRUSTEES OF THE BOSTON PUBLIC LIBRARY,BOSTON,MA,,,,,irs_990pf
MONTGOMERY AREA COUNCIL ON AGING,MONTGOMERY,AL,,,,,irs_990pf
ST JOHN S EPISCOPAL CHURCH,MONTGOMERY,AL,,,,,irs_990pf
CHICAGO SYMPHONY,CHICAGO,IL,,,,,irs_990pf
STETSON UNIVERSITY -,DELAND,FL,,,,,irs_990pf
ROYAL POINCIANA CHAPEL,PALM BEACH,FL,,,,,irs_990pf
PRESBYTERIAN CHURCH USA FDN,JEFFERSONVILLE,IN,,,,,irs_990pf
WITTENBERG COLLEGE,SPRINGFIELD,OH,,,,,irs_990pf
SCHOLARSHIP RECIPIENT,CLEVELAND,OH,,,,,irs_990pf
BIBLE BROADCASTING,CHARLOTTE,NC,,,,,irs_990pf
HOPE PREGNANCY CENTER,BOONE,NC,,,,,irs_990pf
NORTH HILLS CHRISTIAN SCHOOL,SALISBURY,NC,,,,,irs_990pf
ROWAN HELPING MINISTRIES,SALISBURY,NC,,,,,irs_990pf
SAMARITAN S PURSE INTERNATIONAL RELIEF,BOONE,NC,,,,,irs_990pf
WOODROW KROLL MINISTRIES,LINCOLN,NE,,,,,irs_990pf
CATHOLIC CHARITIES OF CENTRAL COLORADO,COLORADO SPRINGS,CO,,,,,irs_990pf
LA PUENTE HOME,ALAMOSA,CO,,,,,irs_990pf
SAN JUAN PARISH,MONTE VISTA,CO,,,,,irs_990pf
THEATINE FATHERS,DENVER,CO,,,,,irs_990pf
SAN JUAN CATHOLIC COMMUNITY,MONTE VISTA,CO,,,,,irs_990pf
HOLY NAME OF MARY CATHOLIC CHURCH,DEL NORTE,CO,,,,,irs_990pf
HIGHGROUND VETERANS MEMORIAL PARK,Neillsville,WI,,,,,irs_990pf
CLARK COUNTY JAIL MUSEUM,Neillsville,WI,,,,,irs_990pf
WILLARD ATHLETIC CLUB,Neillsville,WI,,,,,irs_990pf
CITY OF NEILLSVILLE,NEILLSVILLE,WI,,,,,irs_990pf
CHRISTMAS ANGEL PROJECT,Granton,WI,,,,,irs_990pf
SPECIAL OLYMPICS,Madison,WI,,,,,irs_990pf
LINCOLN COUNTY UW EXTENSION OFFICE,Merrill,WI,,,,,irs_990pf
CLARK COUNTY FORESTRY PARKS DEPT,Neillsville,WI,,,,,irs_990pf
CLARK COUNTY FOOD PANTRY,Neillsville,WI,,,,,irs_990pf
NEILLSVILLE PUBLIC LIBRARY,Neillsville,WI,,,,,irs_990pf
AMERICAN LEGION POST 73,Neillsville,WI,,,,,irs_990pf
HOUSE OF MERCY,Janesville,WI,,,,,irs_990pf
NEWSTART PROGRAM,Madison,WI,,,,,irs_990pf
ST JOHNS EARLY LEARNING CENTER,Thornton,CO,,,,,irs_990pf
CLARK CO AGRICULTURAL SOCIETY,UNITY,WI,,,,,irs_990pf
MEMORIAL MEDICAL CENTER,NEILSVILLE,WI,,,,,irs_990pf
TRACTORS FOR AUTISM DISABILITIES,LOYAL,WI,,,,,irs_990pf
LEARNING ALLY,PRINCETON,NJ,,,,,irs_990pf
AMERICAN HEART ASSOCIATION,ROBBINSVILLE,NJ,,,,,irs_990pf
CHILDREN S SPECIALIZED HOSP FDN,MOUNTAINSIDE,NJ,,,,,irs_990pf
UNITED WAY OF NORTHERN NJ,CEDAR KNOLLS,NJ,,,,,irs_990pf
MORRISTOWN MEMORIAL HEALTH FDN,MORRISTOWN,NJ,,,,,irs_990pf
JEHOVAH S WITNESSES,RANDOLPH,NJ,,,,,irs_990pf
AMERICAN RED CROSS,SUMMIT,NJ,,,,,irs_990pf
NSCDA IN KY,LOUISVILLE,KY,,,,,irs_990pf
CALIFORNIA POLYTECH STATE UNIVERSITY,SAN LUIS OBISPO,CA,,,,,irs_990pf
CALIFORNIA STATE UNIVERSITY,LOS ANGELES,CA,,,,,irs_990pf
CENTRAL WASHINGTON UNIVERSITY FOUNDATION,ELLENSBURG,WA,,,,,irs_990pf
EASTERN WASHINGTON UNIVERSITY,CHENEY,WA,,,,,irs_990pf
GEORGE FOX UNIVERSITY,NEWBERG,OR,,,,,irs_990pf
GONZAGA UNIVERSITY,SPOKANE,WA,,,,,irs_990pf
KANSAS STATE UNIVERSITY,MANHATTAN,KS,,,,,irs_990pf
LINFIELD COLLEGE,MCMINNVILLE,OR,,,,,irs_990pf
NEW MEXICO STATE UNIVERSITY,LAS CRUCES,NM,,,,,irs_990pf
OREGON STATE UNIVERSITY FOUNDATION,CORVALLIS,OR,,,,,irs_990pf
PORTLAND STATE UNIVERSITY,PORTLAND,OR,,,,,irs_990pf
SAN JOSE STATE UNIVERSITY,SAN JOSE,CA,,,,,irs_990pf
SEATTLE PACIFIC UNIVERSITY,SEATTLE,WA,,,,,irs_990pf
SONOMA STATE UNIVERSITY,ROHNERT PARK,CA,,,,,irs_990pf
UNIVERSITY OF CALIFORNIA BERKELEY,BERKELEY,CA,,,,,irs_990pf
UNIVERSITY OF CALIFORNIA SANTA BARBARA,SANTA BARBARA,CA,,,,,irs_990pf
UNIVERSITY OF MONTANA FOUNDATION,MISSOULA,MT,,,,,irs_990pf
UNIVERSITY OF NEW MEXICO FOUNDATION INCORPORATED,ALBUQUERQUE,NM,,,,,irs_990pf
UNIVERSITY OF OREGON,EUGENE,OR,,,,,irs_990pf
UTAH VALLEY UNIVERSITY,OREM,UT,,,,,irs_990pf
WASHINGTON STATE UNIVERSITY,PULLMAN,WA,,,,,irs_990pf
WESTERN WASHINGTON UNIVERSITY FOUNDATION,BELLINGHAM,WA,,,,,irs_990pf
WOODBURY UNIVERSITY,BURBANK,CA,,,,,irs_990pf
WHITTIER COLLEGE,WHITTIER,CA,,,,,irs_990pf
WHITWORTH UNIVERSITY,SPOKANE,WA,,,,,irs_990pf
OREGON SOCIETY OF CPA S,BEAVERTON,OR,,,,,irs_990pf
THE CAMPANILE FOUNDATION,SAN DIEGO,CA,,,,,irs_990pf
NABA ACCOUNTING AWARENESS PROGRAM,GREENBELT,MD,,,,,irs_990pf
IGNITE SCHOLARSHIPS,SEATTLE,WA,,,,,irs_990pf
AMERICAN RED CROSS,PORTLAND,OR,,,,,irs_990pf
CHAIRSLAYER FOUNDATION,SALT LAKE CITY,UT,,,,,irs_990pf
THE PHD PROJECT ASSOCIATION,MONTVALE,NJ,,,,,irs_990pf
BETA ALPHA PSI,DURHAM,NC,,,,,irs_990pf
PROJECT RUN WITH IT,DURHAM,NC,,,,,irs_990pf
BRYAN FOUNDATION,LINCOLN,NE,,,,,irs_990pf
MIRACLE THEATRE,PORTLAND,OR,,,,,irs_990pf
OREGON CHILDRENS THEATRE,PORTLAND,OR,,,,,irs_990pf
THE INTERNATIONAL SCHOOL,PORTLAND,OR,,,,,irs_990pf
OREGON NARAL FOUNDATION,PORTLAND,OR,,,,,irs_990pf
LITERARY ARTS,PORTLAND,OR,,,,,irs_990pf
OREGON MUSEUM OF SCIENCE INDUSTRY,PORTLAND,OR,,,,,irs_990pf
VERTIGO THEATER,PORTLAND,OR,,,,,irs_990pf
GREENS FARMS ACADEMY,WESTPORT,CT,,,,,irs_990pf
FAIRFIELD COLLEGE PREPARATORY,FAIRFIELD,CT,,,,,irs_990pf
FLORIDA GULF COAST UNIVERSITY,Fort Myers,FL,,,,,irs_990pf
ROGER BACON HIGH SCHOOL,CINCINNATI,OH,,,,,irs_990pf
ELDER HIGH SCHOOL,CINCINNATI,OH,,,,,irs_990pf
MOTHER OF MERCY HIGH SCHOOL,CINCINNATI,OH,,,,,irs_990pf
FOUNDATIONS IN EDUCATION,Bridgeport,CT,,,,,irs_990pf
MOUNTAIN MISSION SCHOOL,GRUNDY,VA,,,,,irs_990pf
ST ANN SCHOOL FOUNDATION,NAPLES,FL,,,,,irs_990pf
ARTIS NAPLES INC,NAPLES,FL,,,,,irs_990pf
BELLA MENTE QUANTUM RACING ASSOCIATION,MINNEAPOLIS,MN,,,,,irs_990pf
AUGSBURG LUTHERAN HOME OF MD,BALTIMORE,MD,,,,,irs_990pf
WYOMING VALLEY HEALTH AND,WILKES BARRE,PA,,,,,irs_990pf
COLUMBIA-PRESBYTERIAN,NEW YORK,NY,,,,,irs_990pf
AVAILABLE UPON REQUEST,AVAILABLE UPON REQUEST,IL,,,,,irs_990pf
FORT WAYNE PHILHARMONIC ORCHESTRA,FORT WAYNE,IN,,,,,irs_990pf
EAST GENESEE REGENT ASSOCIATION,SYRACUSE,NY,,,,,irs_990pf
FIDELITY CHARITABLE,CINCINNATI,OH,,,,,irs_990pf
ONONDAGA VOLUNTEER LAWYERS ASSOCIATION,SYRACUSE,NY,,,,,irs_990pf
ONPOINT FOR COLLEGE,SYRACUSE,NY,,,,,irs_990pf
XERCES SOCIETY FOR INTERVEREBRATE,Portland,OR,,,,,irs_990pf
HUMAN RIGHTS WATCH,New York,NY,,,,,irs_990pf
MONTANA WILDNESS SOCIETY,Havre,MT,,,,,irs_990pf
THE CARTER CENTER,Atlanta,GA,,,,,irs_990pf
TRAMPLED ROSE,Colorado Springs,CO,,,,,irs_990pf
ST MARYS HIGH SCHOOL,Colorado Springs,CO,,,,,irs_990pf
JAMES GRACE LEE BOGGS CCHOOL,Detroit,MI,,,,,irs_990pf
ARC OF THE PIKES PEAK REGION,Colorado Springs,CO,,,,,irs_990pf
MORNING GLORY MINISTRIES,Phenix City,AL,,,,,irs_990pf
SPRINGS RESCUE MISSION,Colorado Springs,CO,,,,,irs_990pf
LE PUETE,La Puente,CA,,,,,irs_990pf
NEW MEXICO WILD,Albuquerque,NM,,,,,irs_990pf
PIKES PEAK HUMANE SOCIETY,Colorado Springs,CO,,,,,irs_990pf
ANIMAL LEAGUE DEFENSE FUND,Albuquerque,NM,,,,,irs_990pf
CONSERVATION COLORADO EDU FUND,Denver,CO,,,,,irs_990pf
PIKES PEAK LIBRARY FOUNDATION,Colorado Springs,CO,,,,,irs_990pf
GREENPEACE CONSERVATION,Washington,DC,,,,,irs_990pf
THE HUMANE FARMING ASSOCIATION,San Rafael,CA,,,,,irs_990pf
TELLER COUNTY REG ANIMAL LEAGUE,Divide,CO,,,,,irs_990pf
THE JANE GOODELL INSTITUTE,Vienna,VA,,,,,irs_990pf
EARTH JUSTICE,San Francisco,CA,,,,,irs_990pf
AFRICAN WIDLIFE FOUNDATION,Washington,DC,,,,,irs_990pf
MCC FOUNDATION,Rochester,NY,,,,,irs_990pf
RAINFOREST ACTION NETWORK,San Francisco,CA,,,,,irs_990pf
PALMER LAND TRUST,Colorado Springs,CO,,,,,irs_990pf
COLORADO SPRINGS PIONEER MUSEUM,Colorado Springs,CO,,,,,irs_990pf
FRIENDS OF MONUMENT VALLEY PARK,Colorado Springs,CO,,,,,irs_990pf
FEED THE EAGLES,ATHENS,AL,,,,,irs_990pf
OPEN HOUSE THEATRE CO,PORTAGE,MI,,,,,irs_990pf
LIMESTONE COUNTY HISTORICAL SOCIETY,ATHENS,AL,,,,,irs_990pf
ATHENS PERFORMING ARTS SERIES,ATHENS,AL,,,,,irs_990pf
TIE FOUNDATION INC,ATHENS,AL,,,,,irs_990pf
LEGG CEMETERY OF LIMESTONE COUNTY,ELKMONT,AL,,,,,irs_990pf
VARIOUS CHARITIES,SEE ATTACHED,PA,,,,,irs_990pf
SCHOHARIE TEACHERS ASSOC,Ballston Spa,NY,,,,,irs_990pf
SCHOHARIE CENTRAL SCHOOL DISTRICT,Schoharie,NY,,,,,irs_990pf
MIDDLEBURG ROTARY,Middleburgh,NY,,,,,irs_990pf
JOSEPH DOYLE,Westmont,IL,,,,,irs_990pf
HILLSBOROUGH SCHOOLS FDTN,Hillsborough CA,CA,,,,,irs_990pf
ALL STARS HELPING KIDS,Redwood City,CA,,,,,irs_990pf
AIM FOR MENTAL HEALTH,Carmel,CA,,,,,irs_990pf
WILDAID,San Francisco,CA,,,,,irs_990pf
BEST DEFENSE FOUNDATION,Solana Beach,CA,,,,,irs_990pf
SOF SUPPORT,Arlington,VA,,,,,irs_990pf
BORN FREE USA,Silver Spring,MD,,,,,irs_990pf
FOUNDATION FOR COLLEGE EDUCATION,East Palo Alto,CA,,,,,irs_990pf
FRIENDLY HOUSE,Los Angeles,CA,,,,,irs_990pf
GO2 FOUNDATION,San Carlos,CA,,,,,irs_990pf
JOHNNY MILLER CHAMP FOUNDATION,Orem,UT,,,,,irs_990pf
ORPHAN S CLUB,Park City,UT,,,,,irs_990pf
PALM VALLEY SCHOOL,Rancho Mirage,CA,,,,,irs_990pf
ST JUDE RESEARCH HOSPITAL,Redondo Beach,CA,,,,,irs_990pf
MAZON,LOS ANGELES,CA,,,,,irs_990pf
LEO BAECK INSTITUTE,New York,NY,,,,,irs_990pf
HEBREW UNION COLLEGE,NEW YORK,NY,,,,,irs_990pf
JEWISH VOCATIONAL SERVICES,Boston,MA,,,,,irs_990pf
THE DRAWING CENTER,NEW YORK,NY,,,,,irs_990pf
GROUNDTRUTH PROJECT,BOSTON,MA,,,,,irs_990pf
AMERICAN HEART ASSOC,NASHVILLE,TN,,,,,irs_990pf
HABITAT FOR HUMANITY,MURFREESBORO,TN,,,,,irs_990pf
MBORO SCHOOL FOUNDATION,MURFREESBORO,TN,,,,,irs_990pf
DOMESTIC VIOLENCE,MURFREESBORO,TN,,,,,irs_990pf
BILL RICE RANCH BLIND,MURFREESBORO,TN,,,,,irs_990pf
UNITED WAY OF RUTH CO,MURFREESBORO,TN,,,,,irs_990pf
BARNABAS VISION,MURFREESBORO,TN,,,,,irs_990pf
NHC FOUNDATION,MURFREESBORO,TN,,,,,irs_990pf
BOY SCOUTS OF AMERICA,MURFREESBORO,TN,,,,,irs_990pf
BOYS AND GIRLS CLUB,MURFREESBORO,TN,,,,,irs_990pf
THE WOMANS CLUB,MURFREESBORO,TN,,,,,irs_990pf
ST THOMAS FOUNDATION,MURFREESBORO,TN,,,,,irs_990pf
PAT SUMMITT FOUNDATION,NASHVILLE,TN,,,,,irs_990pf
COMMUNITY FOUNDATION,MURFREESBORO,TN,,,,,irs_990pf
DOORS OF HOPE,MURFREESBORO,TN,,,,,irs_990pf
READ TO SUCCEED,MURFREESBORO,TN,,,,,irs_990pf
HISTORIC SOC OF RUTHERF,MURFREESBORO,TN,,,,,irs_990pf
TN PARKS GREENWAY,MURFREESBORO,TN,,,,,irs_990pf
INTERFAITH DENTAL CLINI,MURFREESBORO,TN,,,,,irs_990pf
CENTER FOR THE ARTS,MURFREESBORO,TN,,,,,irs_990pf
DISCOVERY CENTER,MURFREESBORO,TN,,,,,irs_990pf
ADULT DAY SERVICE,MURFREESBORO,TN,,,,,irs_990pf
SPECIAL KIDS,MURFREESBORO,TN,,,,,irs_990pf
MID TN CHRISTIAN SCHOOL,MURFREESBORO,TN,,,,,irs_990pf
DISCOVER THE REAL WEST VIRGINIA,CHARLESTON,WV,,,,,irs_990pf
LEGAL AID OF WEST VIRGINIA,CHARLESTON,WV,,,,,irs_990pf
PARKERSBURG AREA COMMUNITY FOUNDATION,PARKERSBURG,WV,,,,,irs_990pf
READ ALOUD,CHARLESTON,WV,,,,,irs_990pf
BETTER TOGETHER OF WALLA WALLA,WALLA WALLA,WA,,,,,irs_990pf
BIG BLUE BOOSTERS,WALLA WALLA,WA,,,,,irs_990pf
BLUE MOUNTAIN ACTION COUNCIL,WALLA WALLA,WA,,,,,irs_990pf
BLUE MOUNTAIN YOUNG LIFE,WALLA WALLA,WA,,,,,irs_990pf
BLUE MT HUMANE SOCIETY,WALLA WALLA,WA,,,,,irs_990pf
CHAMBER MUSIC FESTIVAL,WALLA WALLA,WA,,,,,irs_990pf
CAMPFIRE WALLA WALLA,WALLA WALLA,WA,,,,,irs_990pf
CARNEGIE PICTURE LAB,WALLA WALLA,WA,,,,,irs_990pf
CHILDREN S HOME SOCIETY OF WW,WALLA WALLA,WA,,,,,irs_990pf
JUNIOR ACHIEVENMENT,WALLA WALLA,WA,,,,,irs_990pf
CITY OF WALLA WALLA-PARKS AND REC,WALLA WALLA,WA,,,,,irs_990pf
FORT WALLA WALLA MUSEUM,WALLA WALLA,WA,,,,,irs_990pf
FRIENDS OF CHILDRENT WALLA WALLA,WALLA WALLA,WA,,,,,irs_990pf
HELPLINE,WALLA WALLA,WA,,,,,irs_990pf
LILLIE RICE CENTER,WALLA WALLA,WA,,,,,irs_990pf
LINCOLN HEALTH CENTER,WALLA WALLA,WA,,,,,irs_990pf
SON BRIDGE DENTAL CLINIC,WALLA WALLA,WA,,,,,irs_990pf
TABITHA S CLOSET,WALLA WALLA,WA,,,,,irs_990pf
TRILOGY RECOVERY COMMUNITY,WALLA WALLA,WA,,,,,irs_990pf
VALLEY RESIDENTIAL,WALLA WALLA,WA,,,,,irs_990pf
WALLA WALLA AMERICAN LEGION BASEBAL,WALLA WALLA,WA,,,,,irs_990pf
WALLA WALLA CATHOLIC SCHOOLS,WALLA WALLA,WA,,,,,irs_990pf
WALLA WALLA VALLEY BANDS,WALLA WALLA,WA,,,,,irs_990pf
WALLA WALLA COMMUNITY COLLEGE FOUND,WALLA WALLA,WA,,,,,irs_990pf
WALLA WALLA COMMUNITY COUNCIL,WALLA WALLA,WA,,,,,irs_990pf
WALLA WALLA COUNTY HEALTH DEPARTMEN,WALLA WALLA,WA,,,,,irs_990pf
WALLA WALLA SYMPHONY,WALLA WALLA,WA,,,,,irs_990pf
WALLA WALLA VALLEY EARLY LEARNING C,WALLA WALLA,WA,,,,,irs_990pf
WHITMAN COLLEGE,WALLA WALLA,WA,,,,,irs_990pf
WALLA WALLA EXCHANGE CLUB,WALLA WALLA,WA,,,,,irs_990pf
WATER FROM WINE,WALLA WALLA,WA,,,,,irs_990pf
YWCA,WALLA WALLA,WA,,,,,irs_990pf
YMCA OF WW,WALLA WALLA,WA,,,,,irs_990pf
AWAY HOME,WALLA WALLA,WA,,,,,irs_990pf
WALLA WALLA DISABILITY NETWORK,WALLA WALLA,WA,,,,,irs_990pf
HWW MEDAL OF HONOR FOUNDATION,SEATTLE,WA,,,,,irs_990pf
LITTLE THEATRE OF WALLA WALLA,WALLA WALLA,WA,,,,,irs_990pf
FIRST CONGREGATIONAL CHURCH,WALLA WALLA,WA,,,,,irs_990pf
WALLA WALLA SCHOOL DISTRICT,WALLA WALLA,WA,,,,,irs_990pf
BIG DOG RANCH RESCUE,PALM BEACH GARDENS,FL,,,,,irs_990pf
CAMPBELL UNIVERSITY,BUIES CREEK,NC,,,,,irs_990pf
CARTERET COUNTY COMMUNITY COLLEGE,MOREHEAD CITY,NC,,,,,irs_990pf
CYSTIC FIBROSIS FOUNDATION,WILSON,NC,,,,,irs_990pf
HANLEY FOUNDATION,WEST PALM BEACH,FL,,,,,irs_990pf
HARKERS ISLAND FIRE RESCUE INC,HARKERS ISLAND,NC,,,,,irs_990pf
HOPE MISSION,MOREHEAD CITY,NC,,,,,irs_990pf
MEALS ON WHEELS PALM BEACHES,PORTSMOUTH,VA,,,,,irs_990pf
MOUNT OLIVE COLLEGE,MOUNT OLIVE,NC,,,,,irs_990pf
PALM BEACH COUNTY FISHING FOUNDATIO,WEST PALM BEACH,FL,,,,,irs_990pf
PEGGY ADAMS ANIMAL RESCUE LEAGUE,WEST PALM BEACH,FL,,,,,irs_990pf
THE BRIDGE DOWNEAST,HARKERS ISLAND,NC,,,,,irs_990pf
THE BROAD STREET CLINIC,MOREHEAD CITY,NC,,,,,irs_990pf
WEST PALM BEACH FISHING CLUB,WEST PALM BEACH,FL,,,,,irs_990pf
YOUNG LIFE,NORFOLK,VA,,,,,irs_990pf
AN ACHIEVABLE DREAM,NEWPORT NEWS,VA,,,,,irs_990pf
ST CLARE SCHOOL,NORTH PALM BEACH,FL,,,,,irs_990pf
CARTERET CNTY SCHOOL FNDN FOR DOWNS,BEAUFORT,NC,,,,,irs_990pf
EAST CARTERET HIGH SCHOOL,BEAUFORT,NC,,,,,irs_990pf
EAST CARTERET HS ATHLETIC BOOSTER,BEAUFORT,NC,,,,,irs_990pf
EAST CARTERET HIGH SCHOOL FOOD PANT,BEAUFORT,NC,,,,,irs_990pf
CHILDREN S HEALTHCARE CHARITY,PALM BEACH GARDENS,FL,,,,,irs_990pf
PLACE OF HOPE INC,PALM BEACH GARDENS,FL,,,,,irs_990pf
CARDINAL NEWMAN HIGH SCHOOL,WEST PALM BEACH,FL,,,,,irs_990pf
NAUTICUS FOUNDATION,NORFOLK,VA,,,,,irs_990pf
GLOBAL FRIENDSHIP VENTURES,NORFOLK,VA,,,,,irs_990pf
SEA LEVEL CEMETARY ASSOCIATION,SEA LEVEL,NC,,,,,irs_990pf
FRIENDS OF DOWN EAST LIBRARY,SMYRNA,NC,,,,,irs_990pf
CHASIN A DREAM FOUNDATION,JUPITER,FL,,,,,irs_990pf
THE CHURCH BY THE SEA INC,FT LAUDERDALE,FL,,,,,irs_990pf
THE INTERNATIONAL FOUNDATION,FAIRFIELD,NJ,,,,,irs_990pf
ABACO RELIEF BAHAMAS,,FL,,,,,irs_990pf
IRA DAVENPORT MEMORIAL HOSPITAL,Bath,NY,,,,,irs_990pf
INDIANA UNIVERSITY,BLOOMINGTON,IN,,,,,irs_990pf
MONROE COUNTY HISTORICAL SOCIETY,BLOOMINGTON,IN,,,,,irs_990pf
FOUNDATION OF MONROE COUNTY,BLOOMINGTON,IN,,,,,irs_990pf
BLOOMINGTON HEALTH FOUNDATION INC,BLOOMINGTON,IN,,,,,irs_990pf
RBBSC FOUNDATION,ELLETTSVILLE,IN,,,,,irs_990pf
FRIENDS OF THE LIBRARY,BLOOMINGTON,IN,,,,,irs_990pf
BPOE MUNCIE LODGE,MUNCIE,IN,,,,,irs_990pf
SALVATION ARMY INDIANA DIVISION,INDIANAPOLIS,IN,,,,,irs_990pf
MUNCIE FIRE DEPARTMENT,MUNCIE,IN,,,,,irs_990pf
NATIONAL GRANGE FOUNDATION,WASHINGTON,DC,,,,,irs_990pf
WORD OF LIFE FELLOWSHIP INC,SCHROON LAKE,NY,,,,,irs_990pf
ROCHESTER AREA COMMUNITY FOUNDATION,ROCHESTER,NY,,,,,irs_990pf
BOY SCOUTS OF AMERICA-IROQUOIS,BATAVIA,NY,,,,,irs_990pf
HOLY CHILDHOOD,ROCHESTER,NY,,,,,irs_990pf
DANIEL E RICHARDSON FUND-GREECE CHA,ROCHESTER,NY,,,,,irs_990pf
ERICA JENNINGS - GO FUND ME,EAST AURORA,NY,,,,,irs_990pf
HANDS4HOPE,ALBION,NY,,,,,irs_990pf
BRYCE PRITCHARD - RECIPIENT,ALBION,NY,,,,,irs_990pf
TESS PETTIT-RECIPIENT,ALBION,NY,,,,,irs_990pf
HOMETOWN FOR NICHOLAS,ALBION,NY,,,,,irs_990pf
AVATAR MEHER BABA PPC TRUST,,,,,,,irs_990pf
SHERIAR FOUNDATION INC,MRYTLE BEACH,SC,,,,,irs_990pf
DAVANA CAROL BROWN,,,,,,,irs_990pf
MEREDITH ELLEN KLEIN,,,,,,,irs_990pf
ANN ANDREE MARIE MOREIGNE,,,,,,,irs_990pf
CRAIG RUFF,,,,,,,irs_990pf
JUDY A STEPHENS,,,,,,,irs_990pf
JANICE RIEMAN,,,,,,,irs_990pf
JEANE GOUSSEFF,,,,,,,irs_990pf
MEHER SPIRITUAL CENTER,MYRTLE BEACH,SC,,,,,irs_990pf
MEHER MOUNT,OJAI,CA,,,,,irs_990pf
AVATAR MEHER BABA HEARLAND CENTER,PRAGUE,OK,,,,,irs_990pf
AJ BLAIN FOUNDATION,BILLINGS,MT,,,,,irs_990pf
ALLIANCE HOUSING,MINNEAPOLIS,MN,,,,,irs_990pf
BANYAN FOUNDATION,MINNEAPOLIS,MN,,,,,irs_990pf
BEACON INTERFAITH HOUSING,ST PAUL,MN,,,,,irs_990pf
CHILDREN S HOSPITAL FOUNDATION,MINNEAPOLIS,MN,,,,,irs_990pf
COOKIE CART,MINNEAPOLIS,MN,,,,,irs_990pf
EMERGE COMMUNITY DEVELOPMENT,MINNEAPOLIS,MN,,,,,irs_990pf
GREEN MINNEAPOLIS,MINNEAPOLIS,MN,,,,,irs_990pf
HIGHPOINT CENTER FOR PRINTMAKING,MINNEAPOLIS,MN,,,,,irs_990pf
HOSPITALITY HOUSE YOUTH DEVELOPMENT,MINNEAPOLIS,MN,,,,,irs_990pf
JUXTAPOSITION ARTS,MINNEAPOLIS,MN,,,,,irs_990pf
MINNEAPOLIS COLLEGE OF ART AND DESIGN,MINNEAPOLIS,MN,,,,,irs_990pf
MINNESOTA CITIZENS FOR THE ARTS,ST PAUL,MN,,,,,irs_990pf
PLANNED PARENTHOOD,ST PAUL,MN,,,,,irs_990pf
PROJECT SUCCESS,MINNEAPOLIS,MN,,,,,irs_990pf
READY SET SMILE,MINNEAPOLIS,MN,,,,,irs_990pf
WALKER ARTS CENTER,MINNEAPOLIS,MN,,,,,irs_990pf
WAY TO GROW,MINNEAPOLIS,MN,,,,,irs_990pf
YOUTH FARM,MINNEAPOLIS,MN,,,,,irs_990pf
VIRGINIA BAPTIST CHILDRENS HOME,SALEM,VA,,,,,irs_990pf
DERBYSHIRE BAPTIST CHURCH,RICHMOND,VA,,,,,irs_990pf
GEORGIA BAPT HLTH CARE MINISTRY FDN,DULUTH,GA,,,,,irs_990pf
SECOND PONCE DE LEON BAPTIST CHURCH,ATLANTA,GA,,,,,irs_990pf
GEORGIA BAPTIST CHILDRENS HOME AND FAMIL,Baxley,GA,,,,,irs_990pf
SO BAPTIST FOREIGN MISSION BD,RICHMOND,VA,,,,,irs_990pf
SO BAPTIST HOME MISSION BOARD,ALPHARETTA,GA,,,,,irs_990pf
HENDERSON COMMUNITY COLLEGE,HENDERSON,KY,,,,,irs_990pf
APPLETON EDUCATION FOUNDATION,APPLETON,WI,,,,,irs_990pf
ST JUDE CHILDRENS RESEARCH HOSPITAL,MEMPHIS,TN,,,,,irs_990pf
SLIPPERY ROCK UNIVERSITY,SLIPPERY ROCK,PA,,,,,irs_990pf
WESTERN TECHNICAL COLLEGE FOUNDATIO,LA CROSSE,WI,,,,,irs_990pf
GUNDERSEN LUTHERAN MEDICAL FOUNDATI,LA CROSSE,WI,,,,,irs_990pf
WISCONSIN HISTORICAL FOUNDATION,MADISON,WI,,,,,irs_990pf
SCLERODERMA RESEARCH FOUNDATION,SAN FRANCISCO,CA,,,,,irs_990pf
BOYS GIRLS CLUB OF SPARTA,SPARTA,WI,,,,,irs_990pf
DEKE SLAYTON MEMORIAL SPACE MUSEUM,SPARTA,WI,,,,,irs_990pf
MORROW HOME FOUNDATION,SPARTA,WI,,,,,irs_990pf
THE SALVATION ARMY,LA CROSSE,WI,,,,,irs_990pf
WOMES FUND OF LA CROSSE,LA CROSSE,WI,,,,,irs_990pf
BREADBASKET ECUMENICAL FOOD PANTRY,SPARTA,WI,,,,,irs_990pf
MONROE COUNTY LOCAL HISTORY MUSEUM,SPARTA,WI,,,,,irs_990pf
CONG YETEV LEV D SATMAR,Brooklyn,NY,,,,,irs_990pf
ABWE INTERNATIONAL FOUNDATION,HARRISBURG,PA,,,,,irs_990pf
CHURCH ASSISTANCE MINISTRY,SANTA CLARITA,CA,,,,,irs_990pf
CURING KIDS CANCER,MARIETTA,GA,,,,,irs_990pf
FAM- FIGHTING ALL MONSTERS,MIAMI,FL,,,,,irs_990pf
FRONTIERS,PHOENIX,AZ,,,,,irs_990pf
LOVE GOSPEL CHURCH,APACHE JUNCTION,AZ,,,,,irs_990pf
ETHINOS 360,SANFORD,FL,,,,,irs_990pf
OWEN VALLEY CHRISTIAN FELLOWSHIP,SPENCER,IN,,,,,irs_990pf
SCOTTSDALE BIBLE CHURCH,SCOTTSDALE,AZ,,,,,irs_990pf
TGEN FOUNDATION,PHOENIX,AZ,,,,,irs_990pf
RANDALL K BROWN DDS,EVANSVILLE,IN,,,,,irs_990pf
DEVON COOK DDS,EVANSVILLE,IN,,,,,irs_990pf
MARTIN ORTHODONTICS,EVANSVILLE,IN,,,,,irs_990pf
AMER FRIENDS OF CHOCHMAS HATORAH,BROOKLYN,NY,,,,,irs_990pf
MESIVTA KESSER YISROEL WILLOWBROOK,STATEN ISLAND,NY,,,,,irs_990pf
MORRIS ROSE CASKEY TORAH ACADEMY,WYNNEWOOD,PA,,,,,irs_990pf
MESIVTA HIGH SCHOOL OF GREATER PHIL,BALA CYNWYD,PA,,,,,irs_990pf
KOHELET YESHIVA HIGH SCHOOL INC,MERION STATION,PA,,,,,irs_990pf
OHR TORAH STONE INSTITUTION OF IS,NEW YORK,NY,,,,,irs_990pf
ALBEMARLE HOUSING IMPROVEMENT,CHARLOTTESVILLE,VA,,,,,irs_990pf
COMPUTERS4KIDS,CHARLOTTESVILLE,VA,,,,,irs_990pf
BLUE RIDGE AREA FOOD BANK,VERONA,VA,,,,,irs_990pf
WORKSOURCE,CHARLOTTESVILLE,VA,,,,,irs_990pf
WOMEN S INITIATIVE,CHARLOTTESVILLE,VA,,,,,irs_990pf
BIG BROTHERS BIG SISTERS,CHARLOTTESVILLE,VA,,,,,irs_990pf
READYKIDS,CHARLOTTESVILLE,VA,,,,,irs_990pf
CHARLOTTESVILLE FREE CLINIC,CHARLOTTESVILLE,VA,,,,,irs_990pf
PARAMOUNT THEATER,CHARLOTTESVILLE,VA,,,,,irs_990pf
MADISON HOUSE-UVA,CHARLOTTESVILLE,VA,,,,,irs_990pf
CHARLOTTESVILLE HIGH SCHOOL,CHARLOTTESVILLE,VA,,,,,irs_990pf
CHARLOTTESVILLE TOMORROW,CHARLOTTESVILLE,VA,,,,,irs_990pf
PUBLIC EDUCATION FOUNDATION,CHARLOTTESVILLE,VA,,,,,irs_990pf
FRONT PORCH,CHARLOTTESVILLE,VA,,,,,irs_990pf
UNIVERSITY OF VIRGINIA-WOMEN S CENTER,CHARLOTTESVILLE,VA,,,,,irs_990pf
VIRGINIA INSITUTE OF AUTISM,CHARLOTTESVILLE,VA,,,,,irs_990pf
SOUTHERN ENVRIONMENTAL LAW CENTER,CHARLOTTESVILLE,VA,,,,,irs_990pf
APPALACHIAN VOICES,CHARLOTTESVILLE,VA,,,,,irs_990pf
WILDROCK,CROZET,VA,,,,,irs_990pf
UNITED WAY,CHARLOTTESVILLE,VA,,,,,irs_990pf
COMMUNITY CLIMATE COLLABORATIVE,CHARLOTTESVILLE,VA,,,,,irs_990pf
VIRGINIA DISCOVERY MUSEUM,CHARLOTTESVILLE,VA,,,,,irs_990pf
LIGHT HOUSE STUDIOS INC,CHARLOTTESVILLE,VA,,,,,irs_990pf
VAUGHN PARK CHURCH OF CHRIST,MONTGOMERY,AL,,,,,irs_990pf
FLORIDA BAPTIST CHILDREN S HOMES,LAKELAND,FL,,,,,irs_990pf
METRO ATLANTA BOYS CLUB INC,Atlanta,GA,,,,,irs_990pf
CENTER FOR THE VISUALLY IMPAIRED,Atlanta,GA,,,,,irs_990pf
FAMILIES FIRST,Atlanta,GA,,,,,irs_990pf
PARK AVENUE BAPTISTCHURCH,Atlanta,GA,,,,,irs_990pf
PEACHTREE CHRISTIAN CHURCH,Atlanta,GA,,,,,irs_990pf
OUR LADY OF PERPETUAL HELP HOME,Atlanta,GA,,,,,irs_990pf
CARRIE STEELE-PITTS HOME INC,ATLANTA,GA,,,,,irs_990pf
HEMOPHILIA OF GEORGIA INC,ATLANTA,GA,,,,,irs_990pf
SHILOH BAPTIST CHURCH,NEWBORN,GA,,,,,irs_990pf
AGAPE YOUTH AND FAMILY CENTER,ATLANTA,GA,,,,,irs_990pf
ATLANTA-FULTON COUNTY ZOO INC,ATLANTA,GA,,,,,irs_990pf
ATLANTA MISSION,ATLANTA,GA,,,,,irs_990pf
ATLANTA YOUTH ACADEMIES FOUNDATION,ATLANTA,GA,,,,,irs_990pf
KIDZ2LEADERS INC,MARIETTA,GA,,,,,irs_990pf
ADVOCATES FOR CHILDREN,CARTERSVILLE,GA,,,,,irs_990pf
MONROE-WALTON CENTER FOR THE ARTS,MONROE,GA,,,,,irs_990pf
CATHEDRAL OF ST PHILIP,ATLANTA,GA,,,,,irs_990pf
BOYS GIRLS CLUBS OF METRO ATLANTA,ATLANTA,GA,,,,,irs_990pf
FRIENDSHIP CENTER OF ATLANTA INC,ATLANTA,GA,,,,,irs_990pf
SHELTERING ARMS,ATLANTA,GA,,,,,irs_990pf
HILLSIDE INC,Atlanta,GA,,,,,irs_990pf
ATLANTA LAB RESCUE,ATLANTA,GA,,,,,irs_990pf
SOUTHWEST CHRISTIAN HOSPICE INC,UNION CITY,GA,,,,,irs_990pf
FRIENDS OF THE MORGAN CTY,MADISON,GA,,,,,irs_990pf
CHASTAIN HORSE PARK LTD,ATLANTA,GA,,,,,irs_990pf
THE STUDY HALL,ATLANTA,GA,,,,,irs_990pf
YMCA OF METRO ATLANTA,ATLANTA,GA,,,,,irs_990pf
ACORNS TO OAKS FOUNDATION INC,ATLANTA,GA,,,,,irs_990pf
THE CANCER FOUNDATION,ATHENS,GA,,,,,irs_990pf
THE GOOD SAMARITAN HEALTH CENTER,ATLANTA,GA,,,,,irs_990pf
AMERICAN CANCER SOCIETY,CHICAGO,IL,,,,,irs_990pf
INDIANA STATE UNIV FDN,TERRE HAUTE,IN,,,,,irs_990pf
WABASH COLLEGE,CRAWFORDSVILLE,IN,,,,,irs_990pf
ST FRANCIS OF ASSISI KITCHEN,SCRANTON,PA,,,,,irs_990pf
NATIVITY MIGUEL SCHOOL,DUNMORE,PA,,,,,irs_990pf
UNC CAMP KELLY,TUNKHANNOCK,PA,,,,,irs_990pf
MCGLYNN CENTER,WILKESBARRE,PA,,,,,irs_990pf
ST JOSEPH S CENTER,SCRANTON,PA,,,,,irs_990pf
CATHOLIC CHARITIES,SCRANTON,PA,,,,,irs_990pf
ST FRANCIS COMMONS,SCRANTON,PA,,,,,irs_990pf
AMERICA MAGAZINE,NEW YORK,NY,,,,,irs_990pf
ST VINCENT DEPAUL SOUP KITCHEN,WILKESBARRE,PA,,,,,irs_990pf
BIG BROTHERS AND BIG SISTERS,WILKES BARRE,PA,,,,,irs_990pf
DIOCESE OF SCRANTON,SCRANTON,PA,,,,,irs_990pf
HAZLETON CATHOLIC SOCIAL SERVICE,HAZLETON,PA,,,,,irs_990pf
CATHERINE MCAULEY HOUSE,PLYMOUTH,PA,,,,,irs_990pf
FRIENDS OF THE POOR,SCRANTON,PA,,,,,irs_990pf
SISTERS OF IHM,SCRANTON,PA,,,,,irs_990pf
BIKE MS,GLEN ALLEN,VA,,,,,irs_990pf
BOYS AND GIRLS CLUBS OF NEPA,SCRANTON,PA,,,,,irs_990pf
UNITED WAY OF LACKAWANNA WAYNE CO,SCRANTON,PA,,,,,irs_990pf
SCRANTON DIOCESAN ANNUAL APPEAL,SCRANTON,PA,,,,,irs_990pf
ALL ONE CHARITIES,WILKESBARRE,PA,,,,,irs_990pf
SCRANTON PREPARATORY SCHOOL,SCRANTON,PA,,,,,irs_990pf
IGNATIUS VOLUNTEER CORPS,BALTIMORE,MD,,,,,irs_990pf
ANIMAL WELFARE LEAGUE OF BENZIE,FRANKFORT,MI,,,,,irs_990pf
ST ANDREWS PRESBYTERIAN CHURCH,BEULAH,MI,,,,,irs_990pf
BENZIE CENTRAL HIGH SCHOOL,BENZONIA,MI,,,,,irs_990pf
BENZIE SUNRISE ROTARY FOUNDATION,BEULAH,MI,,,,,irs_990pf
BATH NEW YORK GIRLS MEMORIAL SCHOLARSHIP,Canandaigua,NY,,,,,irs_990pf
HOWARD UNIVERSITY,WASHINGTON,DC,,,,,irs_990pf
PLANNED PARENTHOOD HUDSON PECONIC,HAWTHORNE,NY,,,,,irs_990pf
NEW YORK CITY BALLET INC,NEW YORK,NY,,,,,irs_990pf
COLORECTAL CANCER COALITION INC,SPRINGFIELD,MO,,,,,irs_990pf
PEDIATRIC CANCER FOUNDATION,MAMARONECK,NY,,,,,irs_990pf
BACKYARD SPORTS CARES,WHITE PLAINS,NY,,,,,irs_990pf
ALBION FELLOWS BACON CENTER INC,EVANSVILLE,IN,,,,,irs_990pf
VISITING NURSE ASSOC OF SW INDIANA,EVANSVILLE,IN,,,,,irs_990pf
LAMPION CENTER,EVANSVILLE,IN,,,,,irs_990pf
KEEP EVANSVILLE BEAUTIFUL INC,EVANSVILLE,IN,,,,,irs_990pf
EVANSVILLE JEWISH COMMUNITY COUNCIL,EVANSVILLE,IN,,,,,irs_990pf
UJA - FEDERATION OF NEW YORK,NEW YORK,NY,,,,,irs_990pf
MAKE-A-WISH AMERICA,PHOENIX,AZ,,,,,irs_990pf
ECONOMIC AND COMMUNITY DEVELOPMENT INSTITUTE,COLUMBUS,OH,,,,,irs_990pf
FOUNDATION FOR APPALACHIAN OHIO,NELSONVILLE,OH,,,,,irs_990pf
HABITAT FOR HUMANITY - MID-OHIO,COLUMBUS,OH,,,,,irs_990pf
RIVERSIDEOHIO HEALTH FOUNDATION,COLUMBUS,OH,,,,,irs_990pf
SANTA S SILENT HELPERS,UPPER ARLINGTON,OH,,,,,irs_990pf
METRO PARKS,WESTERVILLE,OH,,,,,irs_990pf
JONES PTO,UPPER ARLINGTON,OH,,,,,irs_990pf
NKU FOUNDATION,HIGHLAND HEIGHTS,KY,,,,,irs_990pf
CINCINNATI STATE TECHNICAL AND COMMUNITY COLLEGE,CINCINNATI,OH,,,,,irs_990pf
SKILLS USA OHIO,COLUMBUS,OH,,,,,irs_990pf
CINCINNATI STATE ASCE,CINCINNATI,OH,,,,,irs_990pf
CHRISTIAN CENTER,PEORIA,IL,,,,,irs_990pf
PEORIA AREA WATER WIZARDS,PEORIA,IL,,,,,irs_990pf
PEORIA PROMISE FOUNDATION,PEORIA,IL,,,,,irs_990pf
RONALD MCDONALD HOUSE CHARITIES,OAK BROOK,IL,,,,,irs_990pf
SISTERS OF ST FRANCIS OF IMMACULATE CONCEPTION,WEST PEORIA,IL,,,,,irs_990pf
SUN FOUNDATION,WASHBURN,IL,,,,,irs_990pf
VALLEYLIFE,PHOENIX,AZ,,,,,irs_990pf
PEORIA FRIENDSHIP HOUSE,PEORIA,IL,,,,,irs_990pf
WD BOYCE COUNCIL BOY SCOUTS OF AMERICA,PEORIA,IL,,,,,irs_990pf
EASTER SEALS,PEORIA,IL,,,,,irs_990pf
PEORIA NOTRE DAME BOOSTERS,PEORIA,IL,,,,,irs_990pf
FIRST BAPTIST CHURCH,MIDLAND,TX,,,,,irs_990pf
KWO MINISTRIES,MIDLAND,TX,,,,,irs_990pf
STONEGATE FELLOWSHIP,MIDLAND,TX,,,,,irs_990pf
VARIOUS,MIDLAND,TX,,,,,irs_990pf
CHRISTMAS IN ACTION,MIDLAND,TX,,,,,irs_990pf
GHANA WEST AFRICA MISSION,SEARCY,AR,,,,,irs_990pf
GRAND COMPANIONS,FORT DAVIS,TX,,,,,irs_990pf
WEST TEXAS FOOD BANK,MIDLAND,TX,,,,,irs_990pf
ADRIANCE UNITED METHODIST CHURCH,PUEBLO,CO,,,,,irs_990pf
BEAVER CREEK YOUTH CAMP,SOUTH FORK,CO,,,,,irs_990pf
PUEBLO FIRST UNITED METHODIST CHRUCH,PUEBLO,CO,,,,,irs_990pf
COMMUNITY UNITED METHODIST CHURCH,SAGUACHE,CO,,,,,irs_990pf
WESLEY UNITED METHODIST CHURCH,PUEBLO,CO,,,,,irs_990pf
FIRST UNITED METHODIST CHURCH,LIMON,CO,,,,,irs_990pf
LAMAR UNITED METHODIST CHURCH,LAMAR,CO,,,,,irs_990pf
SONRISE CHURCH,PUEBLO WEST,CO,,,,,irs_990pf
VINELAND UNITED METHODIST CHURCH,PUEBLO,CO,,,,,irs_990pf
IREC - INTERSTATE RENEWABLE ENERGY COUNCIL,LATHAM,NY,,,,,irs_990pf
BETTER FUTURE PROJECT,CAMBRIDGE,MA,,,,,irs_990pf
AMERICAN JOBS INITIATIVE,BERKELEY,CA,,,,,irs_990pf
CONFLUENCE PHILANTHROPY,NEW YORK,NY,,,,,irs_990pf
VOTE SOLAR,OAKLAND,CA,,,,,irs_990pf
SOLAR COOKERS,SACRAMENTO,CA,,,,,irs_990pf
ATMA CONNECT,OAKLAND,CA,,,,,irs_990pf
PACIFICANS CARE,PACIFICA,CA,,,,,irs_990pf
THE OTHER 98 LAB,PORTLAND,OR,,,,,irs_990pf
PACIFICA RESOURCE CENTER PROJECT OF THE TIDES CENTER,PACIFICA,CA,,,,,irs_990pf
AS YOU SOW,BERKELEY,CA,,,,,irs_990pf
SHOLOM WOMEN,BURLINGAME,CA,,,,,irs_990pf
PENINSULA TEMPLE SHOLOM,BURLINGAME,CA,,,,,irs_990pf
SHARE-A-PET ORGANIZATION INC,FORT LAUDERDALE,FL,,,,,irs_990pf
STANFORD HEALTH CARE,STANFORD,CA,,,,,irs_990pf
SIERRA CLUB,OAKLAND,CA,,,,,irs_990pf
THE WHITE MOUNTAIN SCHOOL,BETHLEHEM,NH,,,,,irs_990pf
ROCKY MOUNTAIN INSTITUTE,NEW YORK,NY,,,,,irs_990pf
YELLOWSTONE TO YUKON CONSERVATION INITIATIVE,BOZEMAN,MT,,,,,irs_990pf
WIND SOLAR ALLIANCE,WASHINGTON,DC,,,,,irs_990pf
NATIONAL CAUCUS OF ENVIORNMENTAL LEGISLATORS,WASHINGTON,DC,,,,,irs_990pf
BEND THE ARC,SAN FRANCISCO,CA,,,,,irs_990pf
ENVIRONMENTAL LAW POLICY CENTER,CHICAGO,IL,,,,,irs_990pf
THE ASPEN INSTITUTE,Washington,DC,,,,,irs_990pf
BERKELEY ART MUSEUM UC REGENTS,Berkeley,CA,,,,,irs_990pf
MILLS COLLEGE ART MUSEUM,Oakland,CA,,,,,irs_990pf
AMERICAN FDN FOR COURTAULD INST OF,New York,NY,,,,,irs_990pf
NOAH PURIFOY FOUNDATION,Culver City,CA,,,,,irs_990pf
LOS ANGELES COUNTY MUSEUM OF ART LA,Los Angeles,CA,,,,,irs_990pf
INTERSECTION FOR THE ARTS-SQUARECYL,San Francisco,CA,,,,,irs_990pf
MISS PORTER S SCHOOL,Farmington,CT,,,,,irs_990pf
TATE GALLERY AMERICAS FOUNDATION,New York,NY,,,,,irs_990pf
ADOPT A VET DENTAL PROGRAM,RENO,NV,,,,,irs_990pf
NORTHERN NEVADA MATH,RENO,NV,,,,,irs_990pf
BOYS AND GIRLS CLUB,RENO,NV,,,,,irs_990pf
CORAL ACADEMY OF SCIENCE,RENO,NV,,,,,irs_990pf
FOOD BANK OF NORTHERN NEVADA,SPARKS,NV,,,,,irs_990pf
THE EDDY HOUSE,RENO,NV,,,,,irs_990pf
NORTHERN NEVADA CHILDRENS CANCER FOUNDATION,RENO,NV,,,,,irs_990pf
NORTHERN NEVADA RAVE FAMILY,RENO,NV,,,,,irs_990pf
RENO RODEO FOUNDATION,RENO,NV,,,,,irs_990pf
VETERANS GUESTHOUSE,RENO,NV,,,,,irs_990pf
PBS RENO - KNPB,RENO,NV,,,,,irs_990pf
AARON SEARON VENOUZIOU CHARITABLE TRUST,WESTMONT,IL,,,,,irs_990pf
GUARDIAN ANGEL CATHOLIC SCHOOL,Clearwater,FL,,,,,irs_990pf
CLEARWATER CENTRAL CATHOLIC HIGH SCHOOL,Clearwater,FL,,,,,irs_990pf
BISHOP MCLAUGHLIN HIGH SCHOOL,Spring Hill,FL,,,,,irs_990pf
ST IGNATIUS ROMAN CATHOLIC CHURCH,TARPON SPRINGS,FL,,,,,irs_990pf
CLARKSVILLE MONTGOMERY CO,CLARKSVILLE,TN,,,,,irs_990pf
GROVE AVENUE BAPTIST CHURCH,RICHMOND,VA,,,,,irs_990pf
SHELTERING ARMS HOSP,MECHANICSVILLE,VA,,,,,irs_990pf
UNITED WAYGRTR R MOND PTRS BURG,RICHMOND,VA,,,,,irs_990pf
CHILDRENS HOME SOCIETY OF VA,RICHMOND,VA,,,,,irs_990pf
CHILDREN S HOSPITAL FDN,RICHMOND,VA,,,,,irs_990pf
VIRGINIA BAPTIST HOME INC,RICHMOND,VA,,,,,irs_990pf
THE VIRGINIA HOME,RICHMOND,VA,,,,,irs_990pf
BETH AHABAH CONGREGATION,RICHMOND,VA,,,,,irs_990pf
YMCA OF MUNICE INDIANA,NORTH WEBSTER,IN,,,,,irs_990pf
FIRST UNITED METHODIST CHURCH,CARBONDALE,IL,,,,,irs_990pf
MISSOURI GOODWILL INDUSTRIES,ST LOUIS,MO,,,,,irs_990pf
CENTRAL CHRISTIAN CHURCH,DANVILLE,IL,,,,,irs_990pf
CHURCH OF THE EPIPHANY,Washington,DC,,,,,irs_990pf
THREE WAY ISD,Stephenville,TX,,,,,irs_990pf
GEORGIA INSTITUTE OF TECHNOLOGY,ATLANTA,GA,,,,,irs_990pf
BOARD OF GLOBAL MINISTRIES,ATLANTA,GA,,,,,irs_990pf
THE UNIVERSITY OF GEORGIA,Athens,GA,,,,,irs_990pf
NORTH FLORIDA COUNCIL BSA,JACKSONVILLE,FL,,,,,irs_990pf
EVANSVILLE PROTESTANT HOME,EVANSVILLE,IN,,,,,irs_990pf
BLACK FEATHER RESCUE,PLYMOUTH,MA,,,,,irs_990pf
HARVARD STEM CELL REGENERATIVE BI,CAMBRIDGE,MA,,,,,irs_990pf
HOWLAND FOUNDATION,PLYMOUTH,MA,,,,,irs_990pf
MA AUDOBON,PLYMOUTH,MA,,,,,irs_990pf
NEW ENGLAND WILDLIFE CENTER,WEYMOUTH,MA,,,,,irs_990pf
PLYMOUTH EDUCATIO FOUNDATION,PLYMOUTH,MA,,,,,irs_990pf
PLYMOUTH PHILHOMONIC,PLYMOUTH,MA,,,,,irs_990pf
WILDLANDS TRUST,PLYMOUTH,MA,,,,,irs_990pf
WOODSIDE SCHOOL COMM RESOURCE CTR,PLYMOUTH,MA,,,,,irs_990pf
BRIGHAM AND WOMENS HOSPITAL,BOSTON,MA,,,,,irs_990pf
PEDRO BANDEIRA,NORTH ARLINGTON,NJ,,,,,irs_990pf
CATHOLIC DIOCESE OF RICHMOND,RICHMOND,VA,,,,,irs_990pf
AHAVAS YISRAEL,BALTIMORE,MD,,,,,irs_990pf
CHIZUK AMUNO CONGREGATION,BALTIMORE,MD,,,,,irs_990pf
NA AMAT USA NATIONAL OFFICE,CANAGO PARK,CA,,,,,irs_990pf
UMBC HILLEL INTERFAITH CENTER,BALTIMORE,MD,,,,,irs_990pf
SEVENTH STREET CHRISTIAN CHURCH,RICHMOND,VA,,,,,irs_990pf
NEW RIVER LAND TRUST,Blacksburg,VA,,,,,irs_990pf
VIRGINIA TECH FOUNDATION,Blacksburg,VA,,,,,irs_990pf
LINCOLN MEDICAL CENTER,FAYETTEVILLE,TN,,,,,irs_990pf
EPISCOPAL HIGH SCHOOL,ALEXANDRIA,VA,,,,,irs_990pf
INTERNATIONAL MISSION BOARD,RICHMOND,VA,,,,,irs_990pf
TEMPLE ADATH B NAI ISRAEL,EVANSVILLE,IN,,,,,irs_990pf
USI FOUNDATION,EVANSVILLE,IN,,,,,irs_990pf
PLANNED PARENTHOOD,EVANSVILLE,IN,,,,,irs_990pf
TRI-STATE FOOD BANK,EVANSVILLE,IN,,,,,irs_990pf
UNITED CARING SERVICES,EVANSVILLE,IN,,,,,irs_990pf
TRI-STATE MULTIPLE SCLEROSIS ASSOC,EVANSVILLE,IN,,,,,irs_990pf
CHURCHES EMBRACING OFFENDERS,EVANSVILLE,IN,,,,,irs_990pf
FOUNDATION ASSISTING IN RECOVERY INC,EVANSVILLE,IN,,,,,irs_990pf
BROTHER S KEEPER,EVANSVILLE,IN,,,,,irs_990pf
INDIANA UNIVERSITY FOUNDATION,BLOOMINGTON,IN,,,,,irs_990pf
COMMUNITY FOUNDATION,STAUNTON,VA,,,,,irs_990pf
REBUILDING TOGETHER PITTSBURGH,PITTSBURGH,PA,,,,,irs_990pf
ROBERT MORRIS UNIVERSITY,MOON TWP,PA,,,,,irs_990pf
VALLEY CARE ASSOCIATION CO LUTHERAN SENIOR LIFE,CRANBERRY TWP,PA,,,,,irs_990pf
EMORY UNIVERSITY,ATLANTA,GA,,,,,irs_990pf
MASONIC HOME OF KY INC,MASONIC HOME,KY,,,,,irs_990pf
CENTRA HEALTH FOUNDATION INC,LYNCHBURG,VA,,,,,irs_990pf
ST MARY S HEALTH FOUNDATION INC,EVANSVILLE,IN,,,,,irs_990pf
ST JAMES UNITED METHODIST CHURCH,DANVILLE,IL,,,,,irs_990pf
DACC FOUNDATION,DANVILLE,IL,,,,,irs_990pf
ACADEMY OF HOPE,WASHINGTON,DC,,,,,irs_990pf
AMERICAN UNIVERSITY WASHINGTON COLLEGE OF LAW,WASHINGTON,DC,,,,,irs_990pf
BERNIE SCHOLARSHIP FUND,ROCKVILLE,MD,,,,,irs_990pf
GARRETT COLLEGE,McHENRY,MD,,,,,irs_990pf
BOWIE STATE UNIVERSITY,BOWIE,MD,,,,,irs_990pf
SHAW UNIVERSITY,RALEIGH,NC,,,,,irs_990pf
LINCOLN UNIVERSITY,LINCOLN UNIVERSITY,PA,,,,,irs_990pf
MARYLAND INSTITUTE COLLEGE OF ART,BALTIMORE,MD,,,,,irs_990pf
UNIVERSITY OF NC AT GREENSBORO,GREENSBORO,NC,,,,,irs_990pf
UNIVERSITY OF MARYLAND UNIVERSITY COLLEGE,COLLEGE PARK,MD,,,,,irs_990pf
SAN DIEGO STATE UNIVERSITY,SAN DIEGO,CA,,,,,irs_990pf
TRINITY WASHINGTON UNIVERSITY,WASHINGTON,DC,,,,,irs_990pf
UNIVERSITY OF COLORADO DENVER,DENVER,CO,,,,,irs_990pf
NORTH CAROLINA A T STATE UNIVERSITY,GREENSBORO,NC,,,,,irs_990pf
UNIVERSITY OF THE DISTRICT OF COLUMBIA,WASHINGTON,DC,,,,,irs_990pf
VIRGINIA COMMONWEALTH UNIVERSITY,RICHMOND,VA,,,,,irs_990pf
GONZAGA COLLEGE HIGH SCHOOL,WASHINGTON,DC,,,,,irs_990pf
HABITAT FOR HUMANITY DC,WASHINGTON,DC,,,,,irs_990pf
IUPUI,INDIANAPOLIS,IN,,,,,irs_990pf
AMERICAN CANCER SOCIETY,EVANSVILLE,IN,,,,,irs_990pf
AMERICAN HEART ASSOCIATION,CHICAGO,IL,,,,,irs_990pf
HOLLY S HOUSE,EVANSVILLE,IN,,,,,irs_990pf
MEALS ON WHEELS OF EVANSVILLE,EVANSVILLE,IN,,,,,irs_990pf
BOY SCOUTS OF AMERICA BUFFALO TRACE,EVANSVILLE,IN,,,,,irs_990pf
YWCA OF EVANSVILLE IN INC,EVANSVILLE,IN,,,,,irs_990pf
EVANSVILLE MUSEUM OF ARTS SCIENCE,EVANSVILLE,IN,,,,,irs_990pf
GIRL SCOUTS OF RAINTREE COUNCIL,EVANSVILLE,IN,,,,,irs_990pf
ROSE HILL CEMETERY - JEWISH CEMETERY,EVANSVILLE,IN,,,,,irs_990pf
EVANSVILLE ASSOCIATION FOR THE BLIND,EVANSVILLE,IN,,,,,irs_990pf
EVANSVILLE PHILHARMONIC ORCHESTRA,EVANSVILLE,IN,,,,,irs_990pf
BOYS AND GIRLS CLUB OF EVANSVILLE,EVANSVILLE,IN,,,,,irs_990pf
ADATH B NAI ISRAEL TEMPLE,EVANSVILLE,IN,,,,,irs_990pf
EASTER SEALS REHABILITATION CENTER,EVANSVILLE,IN,,,,,irs_990pf
WNIN TRI-STATE PUBLIC MEDIA INC,EVANSVILLE,IN,,,,,irs_990pf
ARK CRISIS CHILD CARE CENTER,EVANSVILLE,IN,,,,,irs_990pf
JUNIOR ACHIEVEMENT OF SOUTHWESTERN,EVANSVILLE,IN,,,,,irs_990pf
AMERICAN RED CROSS,EVANSVILLE,IN,,,,,irs_990pf
ISU OFFICE OF THE CONTROLLER,TERRE HAUTE,IN,,,,,irs_990pf
ALZHEIMER S ASSOCIATION GREATER PA CHAPTER,WILKES BARRE,PA,,,,,irs_990pf
AMERICAN RED CROSS NEPA CHAPTER,WILKES BARRE,PA,,,,,irs_990pf
BOYS GIRLS CLUBS OF NORTHEASTERN PENNSYLVANIA,SCRANTON,PA,,,,,irs_990pf
CATHOLIC SOCIAL SERVICES OF THE DIOCESE OF SCRANTON,SCRANTON,PA,,,,,irs_990pf
CENTER FOR VISION LOSS,STROUDSBURG,PA,,,,,irs_990pf
CHILDRENS ADVOCACY CENTER OF NORTH EASTERN PENNSYLVANIA,SCRANTON,PA,,,,,irs_990pf
COMMISSION ON ECONOMIC OPPORTUNITY,WILKES BARRE,PA,,,,,irs_990pf
DIAKON CHILD FAMILY COMMUNITY MINISTRIES,MIDDLETOWN,PA,,,,,irs_990pf
EVERHART MUSEUM OF NATURAL HISTORY SCIENCE OF ART,SCRANTON,PA,,,,,irs_990pf
FM KIRBY CENTER FOR THE PERFORMING ARTS,WILKES BARRE,PA,,,,,irs_990pf
GOODWILL INDUSTRIES OF NORTHEASTERN PA,SCRANTON,PA,,,,,irs_990pf
GREATER CARBONDALE YMCA,CARBONDALE,PA,,,,,irs_990pf
GREATER PITTSTON YWCA,PITTSTON,PA,,,,,irs_990pf
IGNATION VOLUNTEER CORPS OF NORTHEASTERN PENNSYLVANIA,SCRANTON,PA,,,,,irs_990pf
JEWISH COMMUNITY CENTER OF SCRANTON PA,SCRANTON,PA,,,,,irs_990pf
JEWISH FAMILY SERVICE OF NORTHEASTERN PENNSYLVANIA,SCRANTON,PA,,,,,irs_990pf
JOHNSON COLLEGE,SCRANTON,PA,,,,,irs_990pf
LACKAWANNA BLIND ASSOCIATION,SCRANTON,PA,,,,,irs_990pf
LACKAWANNA COLLEGE,SCRANTON,PA,,,,,irs_990pf
LACKAWANNA COUNTY DISTRICT ATTORNEY S OFFICE,SCRANTON,PA,,,,,irs_990pf
LEADERSHIP LACKAWANNA,SCRANTON,PA,,,,,irs_990pf
LUZERNE COUNTY HEAD START,WILKES BARRE,PA,,,,,irs_990pf
MARYWOOD UNIVERSITY,SCRANTON,PA,,,,,irs_990pf
MEALS ON WHEELS OF NORTHEASTERN PA,SCRANTON,PA,,,,,irs_990pf
MOM-N-PA,SHIPPENSBURG,PA,,,,,irs_990pf
MONROE COUNTY AREA AGENCY ON AGING,STROUDSBURG,PA,,,,,irs_990pf
MONROE COUNTY MEALS ON WHEELS,STROUDSBURG,PA,,,,,irs_990pf
NEIGHBORWORKS NORTHEASTERN PENNSYLVANIA,SCRANTON,PA,,,,,irs_990pf
NEPA COMMUNITY HEALTH CARE,SUSQUEHANNA,PA,,,,,irs_990pf
NORTHEAST REGIONAL CANCER INSTITUTE,SCRANTON,PA,,,,,irs_990pf
NORTHEAST SIGHT SERVICES,EXTER,PA,,,,,irs_990pf
PA TREATMENT HEALING,EAST STROUDSBURG,PA,,,,,irs_990pf
PITTSTON MEMORIAL LIBRARY,PITTSTON,PA,,,,,irs_990pf
POCONO ALLIANCE INC,STROUDSBURG,PA,,,,,irs_990pf
POCONO SERVICES FOR FAMILIES AND CHILDREN,EAST STROUDSBURG,PA,,,,,irs_990pf
ROMAN CATHOLIC DIOCESE OF SCRANTON,SCRANTON,PA,,,,,irs_990pf
SAINT JOSEPH S CENTER,SCRANTON,PA,,,,,irs_990pf
SCRANTON AREA COMMUNITY FOUNDATION,SCRANTON,PA,,,,,irs_990pf
SCRANTON COUNSELING CENTER,SCRANTON,PA,,,,,irs_990pf
SCRANTON SCHOOL DISTRICT,SCRANTON,PA,,,,,irs_990pf
SERVING SENIORS INC,SCRANTON,PA,,,,,irs_990pf
THE ADVOCACY ALLIANCE,SCRANTON,PA,,,,,irs_990pf
THE COOPERAGE PROJECT,HONESDALE,PA,,,,,irs_990pf
THE INSTITUTE FOR PUBLIC POLICY ECONOMIC DEVELOPMENT,WILKES BARRE,PA,,,,,irs_990pf
UNITED CERBRAL PALSY OF NORTHEASTERN PA,SCRANTON,PA,,,,,irs_990pf
UNITED NEIGHBORHOOD CENTERS OF NORTHEASTERN PENNSYLVANIA,SCRANTON,PA,,,,,irs_990pf
UNIVERSITY OF SCRANTON,SCRANTON,PA,,,,,irs_990pf
VALLEY YOUTH HOUSE,BETHLEHEM,PA,,,,,irs_990pf
VICTIMS RESOURCE CENTER,WILKES BARRE,PA,,,,,irs_990pf
VOLUNTARY ACTION CENTER OF NORTHEASTERN PENNSYLVANIA,SCRANTON,PA,,,,,irs_990pf
VOLUNTEERS IN MEDICINE,WILKES BARRE,PA,,,,,irs_990pf
WAVERLY COMMUNITY HOUSE,WAVERLY TWP,PA,,,,,irs_990pf
WILKES UNIVERSITY,WILKES BARRE,PA,,,,,irs_990pf
WILKES-BARRE AREA SCHOOL DISTRICT,WILKES BARRE,PA,,,,,irs_990pf
WILKES-BARRE FAMILY YMCA,WILKES BARRE,PA,,,,,irs_990pf
WOMEN S RESOURCE CENTER,SCRANTON,PA,,,,,irs_990pf
WRIGHT CENTER MEDICAL GROUP PC,SCRANTON,PA,,,,,irs_990pf
YMCA OF GREATER SCRANTON,DUNMORE,PA,,,,,irs_990pf
ALZHEIMER S ASSOC OF CINCINNATI,CINCINNATI,OH,,,,,irs_990pf
AMERICAN HEART SOCIETY,PITTSBURGH,PA,,,,,irs_990pf
BEECH ACRES PARENTING CENTER,CINCINNATI,OH,,,,,irs_990pf
BRIGHTON CENTER,NEWPORT,KY,,,,,irs_990pf
CHILDREN S HOSPITAL OF CINCINNATI,CINCINNATI,OH,,,,,irs_990pf
CRAYONS TO COMPUTERS,CINCINNATI,OH,,,,,irs_990pf
DAN BEARD COUNCIL-BOY SCOUTS OF AMERICA,CINCINNATI,OH,,,,,irs_990pf
EMBRY RIDDLE AERONAUTICAL UNIVERSITY BUSINESS SCHOOL,DAYTONA BEACH,FL,,,,,irs_990pf
FLORIDA ATLANTIC UNIVERSITY,BOCA RATON,FL,,,,,irs_990pf
FREESTORE FOODBANK,CINCINNATI,OH,,,,,irs_990pf
INDIAN HILL CHURCH,CINCINNATI,OH,,,,,irs_990pf
LADD,CINCINNATI,OH,,,,,irs_990pf
MADISONVILLE EDUCATION ASSISTANCE,CINCINNATI,OH,,,,,irs_990pf
MAKE-A-WISH,PHOENIX,AZ,,,,,irs_990pf
NORTH SHORE ANIMAL LEAGUE AMERICA,PORT WASHINGTON,NY,,,,,irs_990pf
QUELL FOUNDATION,NORTH FALMOUTH,MA,,,,,irs_990pf
SPCA CINCINNATI,CINCINNATI,OH,,,,,irs_990pf
SPORTY S FOUNDATION,BATAVIA,OH,,,,,irs_990pf
STEPPING STONES,CINCINNATI,OH,,,,,irs_990pf
THE CURE STARTS NOW,CINCINNATI,OH,,,,,irs_990pf
TRI-STATE WARBIRD MUSEUM,CLERMONT COUNTY,OH,,,,,irs_990pf
UNITED SERVICE ORGANIZATION USO,WASHINGTON,DC,,,,,irs_990pf
LANCASTER MENNONITE HIGH SCHOOL,LANCASTER,PA,,,,,irs_990pf
EAST MENNONITE BD MISSIONS AND CHAR,SALUNGA,PA,,,,,irs_990pf
BACK TO THE BIBLETHE GOOD NEWS,LINCOLN,NE,,,,,irs_990pf
EASTERN MENNONITE UNIVERSITY,HARRISONBURG,VA,,,,,irs_990pf
SHEPHERD OF THE HILLS,EVANSVILLE,IN,,,,,irs_990pf
NC STATE NATURAL RESOURCES FOUNDATION,RALEIGH,NC,,,,,irs_990pf
THE COMMUNITY SCHOOL,Sun Valley,ID,,,,,irs_990pf
MONTERO MEDICAL MISSIONS,CHESAPEAKE,VA,,,,,irs_990pf
THE FRIENDS OF THE LAKEVILLE HERITAGE LIBRARY,LAKEVILLE,MN,,,,,irs_990pf
DOUGLAS COUNTY LIBRARY FRIENDS AND FOUNDATION,ALEXANDRIA,MN,,,,,irs_990pf
FRIENDS OF THE GRAND RAPIDS AREA LIBRARY,GRAND RAPIDS,MN,,,,,irs_990pf
FRIENDS OF THE AUSTIN PUBLIC LIBRARY INC,AUSTIN,MN,,,,,irs_990pf
FRIENDS OF THE RED WING PUBLIC LIBRARY,RED WING,MN,,,,,irs_990pf
FRIENDS OF THE BRAINERD PUBLIC LIBRARY,BRAINERD,MN,,,,,irs_990pf
ANCIENT ACCEPTED SCOTTISH RITE,NEW YORK,NY,,,,,irs_990pf
STATE ST PRESBYTERIAN CHURCH,SCHENECTADY,NY,,,,,irs_990pf
TRUSTEES OF THE MASONIC HOME AND,UTICA,NY,,,,,irs_990pf
FIRST PRESBYTERIAN CHURCH,FORT LAUDERDALE,FL,,,,,irs_990pf
ECKERD COLLEGE,ST PETERSBURG,FL,,,,,irs_990pf
ORDER OF MALTA,San Francisco,CA,,,,,irs_990pf
CATHOLIC DIOCESE OF EVANSVILLE,EVANSVILLE,IN,,,,,irs_990pf
UNIVERSITY OF CINCINNATI,Cincinnati,OH,,,,,irs_990pf
WITTENBERG UNIVERSITY,Springfield,OH,,,,,irs_990pf
CAPITAL UNIVERSITY,Bexley,OH,,,,,irs_990pf
RHODES STATE COLLEGE,Lima,OH,,,,,irs_990pf
MIAMI UNIVERSITY HAMILTON,Hamilton,OH,,,,,irs_990pf
MARSHALL UNIVERSITY,Huntington,WV,,,,,irs_990pf
PENN STATE FAYETTE,Lemont Furnance,PA,,,,,irs_990pf
OTTERBIEN UNIVERSITY,Westerville,OH,,,,,irs_990pf
MOUNT CARMEL COLLEGE OF NURSING,Columbus,OH,,,,,irs_990pf
UNIVERSITY OF CINCINNATI BLUE ASH,Blue Ash,OH,,,,,irs_990pf
LANSING COMMUNITY COLLEGE,Lansing,MI,,,,,irs_990pf
ROCK VALLEY COLLEGE,Rockford,IL,,,,,irs_990pf
CROSS TRAIL OUTFITTERS OF ARKANSAS,MOUNTAIN HOME,AR,,,,,irs_990pf
BROWN UNIVERSITY,BOSTON,MA,,,,,irs_990pf
BUZZARDS BAY COALITION,NEW BEDFORD,MA,,,,,irs_990pf
DOCTORS WITHOUT BORDERS USA,HAGERSTOWN,MD,,,,,irs_990pf
EDUCATION PARTNERS NIGERIA,BROOKLINE,MA,,,,,irs_990pf
HIGHFIELD HALL,FALMOUTH,MA,,,,,irs_990pf
HORIZONS FOR THE HOMELESS CHILDREN,ROXBURY,MA,,,,,irs_990pf
MARINE BIOLOGICAL LABS,WOODS HOLE,MA,,,,,irs_990pf
MCMULLEN MUSEUM,BOSTON,MA,,,,,irs_990pf
NOTRE DAME ACADEMY,WORCESTER,MA,,,,,irs_990pf
ROSE KENNEDY GREENWAY,BOSTON,MA,,,,,irs_990pf
SAINT JOHNS,SHREWSBURY,MA,,,,,irs_990pf
SAINT PETER TEEN CENTER,DORCHESTER,MA,,,,,irs_990pf
SAINT VINCENT DE PAUL SOCIETY,WORCESTER,MA,,,,,irs_990pf
WOODS HOLE COMMUNITY ASSOCIATION,WOODS HOLE,MA,,,,,irs_990pf
WOODS HOLE LIBRARY,WOODS HOLE,MA,,,,,irs_990pf
BARBARA SINATRA CHILDREN S CENTER,RANCHO MIRAGE,CA,,,,,irs_990pf
BEBER CAMP ANNUAL FUND,SKOKIE,IL,,,,,irs_990pf
BOARD OF JEWISH EDUCATION BJE,NORTHBROOK,IL,,,,,irs_990pf
CANCER WELLNESS CENTER,NORTHBROOK,IL,,,,,irs_990pf
DANIEL MURPHY SCHOLARSHIP FUND,CHICAGO,IL,,,,,irs_990pf
JEWISH ADOPTION FOSTER CARE JAFCO,SUNRISE,FL,,,,,irs_990pf
JEWISH FAMILY SERVICES JFS,CHICAGO,IL,,,,,irs_990pf
JEWISH FEDERATION OF THE DESERT,RANCHO MIRAGE,CA,,,,,irs_990pf
JEWISH UNITED FUND OF METRO CHICAGO JUF,CHICAGO,IL,,,,,irs_990pf
LYNN SAGE CANCER RESEARCH FOUNDATION,CHICAGO,IL,,,,,irs_990pf
UNIVERSITY OF CHICAGO MEDICINE,CHICAGO,IL,,,,,irs_990pf
SCHREIBER PEDIATRIC REHAB CENTER,LANCASTER,PA,,,,,irs_990pf
LANCASTER YMCA FOUNDATION,LANCASTER,PA,,,,,irs_990pf
NATIONAL MARITIME HISTORICAL SOCIETY,PEEKSKILL,NY,,,,,irs_990pf
THE SEAMEN S CHURCH INSTITUTE OF NY AND NJ,NEW YORK,NY,,,,,irs_990pf
HERRESHOFF MARINE MUSEUM,BRISTOL,RI,,,,,irs_990pf
ADIRONDACK ARCHITECTURAL HERITAGE,KEESEVILLE,NY,,,,,irs_990pf
STORM TRYSAIL FOUNDATION,LARCHMONT,NY,,,,,irs_990pf
ADIRONDACK COUNCIL,ALBANY,NY,,,,,irs_990pf
NATIONAL SAILING HALL OF FAME,ANNAPOLIS,MD,,,,,irs_990pf
US COAST GUARD FOUNDATION,STONNINGTON,CT,,,,,irs_990pf
FRIENDS OF GEORGETOWN SAILING,WASHINGTON,DC,,,,,irs_990pf
NEW YORK YACHT CLUB FOUNDATION,NEW YORK,NY,,,,,irs_990pf
INCARNATION CENTER,IVORYTON,CT,,,,,irs_990pf
FORT SCHUYLER MARITIME ALUMNI ASSOC INC,PARLIN,NJ,,,,,irs_990pf
SUNY MARITIME COLLEGE,THROGGS NECK,NY,,,,,irs_990pf
LARCHMONT MAMARONECK HUNGER TASK FORCE,LARCHMONT,NY,,,,,irs_990pf
SPIRIT OF BERMUDA SLOOP FOUNDATION,,,,,,,irs_990pf
LAURI STRAUSS LEUKEMIA FOUNDATION,PORT WASHINGTON,NY,,,,,irs_990pf
CGM INGHAM NATIONAL MUSEUM,KEY WEST,FL,,,,,irs_990pf
BONNELL COVE FOUNDATION,MILTON,MA,,,,,irs_990pf
SAIL TO PREVAIL,NEWPORT,RI,,,,,irs_990pf
SOUND WATERS,STAMFORD,CT,,,,,irs_990pf
THE OYSTER BAY SAILING FOUNDATION INC,OYSTER BAY,NY,,,,,irs_990pf
NATIONAL MUTLIPLE SCLEROSIS SOCIETY,NEW YORK,NY,,,,,irs_990pf
COMMON CAUSE,WASHINGTON,DC,,,,,irs_990pf
ADIRONDACK MOUNTAIN CLUB,ALBANY,NY,,,,,irs_990pf
HUNGER TASK FORCE,MILWAUKEE,WI,,,,,irs_990pf
LARCHMONT FRIENDS OF THE FAMILY,LARCHMONT,NY,,,,,irs_990pf
COMMUNITY FUND FOR THE HUDSON REGION,POUGHKEEPSIE,NY,,,,,irs_990pf
RENEW REBUILD ST AUGISTINE,LARCHMONT,NY,,,,,irs_990pf
PACIFIC PARKINSON S RESEARCH INSTITUTE,,,,,,,irs_990pf
STANDFORD FOUNDATION,RESTON,VA,,,,,irs_990pf
UNION SETTLEMENT,NEW YORK,NY,,,,,irs_990pf
GREEN SPACE,PHILADELPHIA,PA,,,,,irs_990pf
COMMUNICATION RESOURCE CENTER SAMFORD UNIVERSITY,BIRMINGHAM,AL,,,,,irs_990pf
OAKCLIFF SAILING,OYSTER BAY,NY,,,,,irs_990pf
MINERVA BACKPACK PROGRAM,MINERVA,NY,,,,,irs_990pf
MUDRATZ,STONINGTON,CT,,,,,irs_990pf
MONMOUTH COUNTY SPCA,EATONTOWN,NJ,,,,,irs_990pf
WASHINGTON HOUSING ALLIANCE,SEATTLE,WA,,,,,irs_990pf
LARCHMONT MAMARONECK HUNGER,MAMARONECK,NY,,,,,irs_990pf
PENNYSLVANIA COLLEGE OF TECHNOLOGY,WILLIAMSPORT,PA,,,,,irs_990pf
ARTS COUNCIL OF BIG SKY,BIG SKY,MT,,,,,irs_990pf
BIGFORK CENTER FOR THE PERFORMING ARTS FOUNDATION,BIGFORK,MT,,,,,irs_990pf
BOYS GIRLS CLUB OF RICHLAND COUNTY,SIDNEY,MT,,,,,irs_990pf
CHRISTIKON,BILLINGS,MT,,,,,irs_990pf
EAGLE FOUNDATION,SIDNEY,MT,,,,,irs_990pf
EASTERN MT MENTAL HEALTH CENTER,SIDNEY,MT,,,,,irs_990pf
FAIRVIEW FOOD BANK,FAIRVIEW,MT,,,,,irs_990pf
FEDERATION OF FLY FISHERS,LIVINGSTON,MT,,,,,irs_990pf
FLATHEAD LAKERS,POLSON,MT,,,,,irs_990pf
FLATHEAD LUTHERAN BIBLE CAMP,KALISPELL,MT,,,,,irs_990pf
FORT PECK FINE ARTS COUNCIL,GLASGOW,MT,,,,,irs_990pf
FOUNDATION FOR COMMUNITY CARE,SIDNEY,MT,,,,,irs_990pf
GREATER GLENDIVE COMMUNITY FOUNDATION,GLENDIVE,MT,,,,,irs_990pf
INTERMOUNTAIN,HELENA,MT,,,,,irs_990pf
MON-DAK HISTORICAL ARTS SOCIETY,SIDNEY,MT,,,,,irs_990pf
MONTANA HIGH SCHOOL BUSINESS CHALLENGE,HELENA,MT,,,,,irs_990pf
NORTHEASTERN ARTS NETWORK,SIDNEY,MT,,,,,irs_990pf
PELLA LUTHERAN CHURCH,SIDNEY,MT,,,,,irs_990pf
PHEASANTS FOREVER,SIDNEY,MT,,,,,irs_990pf
PUBLIC LANDWATER ACCESS ASSOCIATION,BILLINGS,MT,,,,,irs_990pf
R C COALITION AGAINST DOMESTIC VIOLENCE,SIDNEY,MT,,,,,irs_990pf
R C EMERGENCY SHELTER COALITION,SIDNEY,MT,,,,,irs_990pf
RICHLAND COUNTY FOOD BANK,SIDNEY,MT,,,,,irs_990pf
RICHLAND COUNTY PUBLIC LIBRARY FOUNDATION,SIDNEY,MT,,,,,irs_990pf
ROI FOUNDATION INC,SIDNEY,MT,,,,,irs_990pf
SAVE THE MAAH DAAH HEY,WATFORD CITY,ND,,,,,irs_990pf
SIDNEY AREA DOLLARS FOR SCHOLARS,SIDNEY,MT,,,,,irs_990pf
SIDNEY FIRE DEPARTMENT,SIDNEY,MT,,,,,irs_990pf
SIDNEY FIRE FOUNDATION,SIDNEY,MT,,,,,irs_990pf
SIDNEY GYMNASTICS CLUB,SIDNEY,MT,,,,,irs_990pf
SIDNEY PUBLIC SCHOOLS,SIDNEY,MT,,,,,irs_990pf
SIDNEY SOCCER ASSOCIATION,SIDNEY,MT,,,,,irs_990pf
ST JOHN S HOME FOUNDATION,BILLINGS,MT,,,,,irs_990pf
SUNRISE PREGNANCY RESOURCE CENTER,SIDNEY,MT,,,,,irs_990pf
UPPER MISSOURI MINISTRIES,EPPING,ND,,,,,irs_990pf
VALLEY COUNTY COMMUNITY FOUNDATION,GLASGOW,MT,,,,,irs_990pf
NAT L COUNCIL OF YMCA OF USA,CHICAGO,IL,,,,,irs_990pf
UNIVERSITY OF NEBRASKA AT OMAHA,OMAHA,NE,,,,,irs_990pf
CREIGHTON UNIVERSITY,OMAHA,NE,,,,,irs_990pf
MERCY FLIGHT CENTRAL,CANANDAIGUA,NY,,,,,irs_990pf
PORTER CORNERS VOL FIRE CO,PORTER CORNERS,NY,,,,,irs_990pf
GPS LIFE COACHING,ST THOMAS,VI,,,,,irs_990pf
HELDERBERG AMBULANCE SQUAD,EAST BERNE,NY,,,,,irs_990pf
OPERATION BUILDUP,AVON,NY,,,,,irs_990pf
TICK REPORT,AMHERST,MA,,,,,irs_990pf
RIP MEDICAL DEBT,RYE,NY,,,,,irs_990pf
RONALD MCDONALD,NEW YORK,NY,,,,,irs_990pf
SISKIYOU MOUNTAIN CLUB,ASHLAND,OR,,,,,irs_990pf
GLOW YMCA,BATAVIA,NY,,,,,irs_990pf
EAST AREA VOLUNTEER EMG,EAST SYRACUSE,NY,,,,,irs_990pf
HOSPICE OF VIRGINIA,RICHMOND,VA,,,,,irs_990pf
GORDON CONWELL THEOLOGICAL SEMINARY,SOUTH HAMILTON,MA,,,,,irs_990pf
WESTWOOD FIRST PRESBYTERIAN CHURCH,CINCINNATI,OH,,,,,irs_990pf
COVENANT FIRST PRESBYTERIAN GENL FD,CINCINNATI,OH,,,,,irs_990pf
BATAVIA LOCAL SCHOOL DISTRICT,BATAVIA,OH,,,,,irs_990pf
CINCINNATI CITY SCHOOL DISTRICT,CINCINNATI,OH,,,,,irs_990pf
THE GIDEONS INTERNATIONAL,NASHVILLE,TN,,,,,irs_990pf
SOLID GROUND,WHITE BEAR LAKE,MN,,,,,irs_990pf
MICROGRANTS,MINNEAPOLIS,MN,,,,,irs_990pf
ARC OF GREATER TWIN CITIES,SAINT PAUL,MN,,,,,irs_990pf
CATHOLIC CHARITES-ST JOSEPH S HOME,MINNEAPOLIS,MN,,,,,irs_990pf
CATHOLIC CHARITIES-DOROTHY DAY CNTR,MINNEAPOLIS,MN,,,,,irs_990pf
FRIENDS IN NEED FOOD SHELF,SAINT PAUL,MN,,,,,irs_990pf
LITTLE SISTERS OF THE POOR,SAINT PAUL,MN,,,,,irs_990pf
OUR LADY OF PEACE HOME,SAINT PAUL,MN,,,,,irs_990pf
PRESBYTERIAN HOMES FOUNDATION,ROSEVILLE,MN,,,,,irs_990pf
SAINT FRANCIS DE SALES OF SAINT PAUL,SAINT PAUL,MN,,,,,irs_990pf
SECOND HARVEST HEARTLAND-ST PAUL,SAINT PAUL,MN,,,,,irs_990pf
SHARING AND CARING HANDS,MINNEAPOLIS,MN,,,,,irs_990pf
THE FOOD GROUP,NEW HOPE,MN,,,,,irs_990pf
THE SALVATION ARMY,ROSEVILLE,MN,,,,,irs_990pf
UNION GOSPEL MISSION ASSOC ST PAUL,SAINT PAUL,MN,,,,,irs_990pf
URBAN VENTURES LEADERSHIP FOUNDATION,MINNEAPOLIS,MN,,,,,irs_990pf
SERBIAN ORTHODOX METROPOLITANATE,GRAYSLAKE,IL,,,,,irs_990pf
FALLEN WOUNDED SOLDIERS FUND INC,BLOOMFIELD HILLS,MI,,,,,irs_990pf
HUMANE SOCIETY OF MONROE COUNTY INC,MONROE,MI,,,,,irs_990pf
SPECIAL OLYMPICS OHIO,COLUMBUS,OH,,,,,irs_990pf
GIRLS INCORPORATED SARASOTA COUNTY,SARASOTA,FL,,,,,irs_990pf
CEDARBURG HIGH SCHOOL,CEDARBURG,WI,,,,,irs_990pf
TRINITY LUTHERAN CHURCH,CEDARBURG,WI,,,,,irs_990pf
SEE STATEMENT 11,HARRISBURG,PA,,,,,irs_990pf
SUNY BINGHAMTON,BINGHAMTON,NY,,,,,irs_990pf
THE UNIVERSITY AT BUFFALO,BUFFALO,NY,,,,,irs_990pf
THE COLLEGE OF BROCKPORT,BROCKPORT,NY,,,,,irs_990pf
ROOSEVELT UNIVERSITY,CHICAGO,IL,,,,,irs_990pf
BETSY ROSS FOUNDATION INC,PARIS,TN,,,,,irs_990pf
BOYS GIRLS CLUBS OF AMERICA,ATLANTA,GA,,,,,irs_990pf
DANA FARBER CANCER INSTITUTE,PALM BEACH,FL,,,,,irs_990pf
MARINE CORPS LAW ENFORCEMENT FOUNDATION,TUCKAHOE,NY,,,,,irs_990pf
OPERATION 300 INC,PORT SALERNO,FL,,,,,irs_990pf
VARIOUS 501 C 3 ORGANIZATIONS,Various,FL,,,,,irs_990pf
MIT-SCH OFARCHITECTURE,CAMBRIDGE,MA,,,,,irs_990pf
YWCA CUMBERLAND CAPE ATLANTIC,VINELAND,NJ,,,,,irs_990pf
CHILD FEDERATION OF ATLANTIC CTY,PLEASANTVILLE,NJ,,,,,irs_990pf
AM SOC FT PREVENTIONOF CRUELTY TO ANIMALS,NEW YORK,NY,,,,,irs_990pf
BEST FREINDS ANIMAL SOC,KANAB,UT,,,,,irs_990pf
ADVENTHEALTH WATERMAN FOUNDATION,TAVARES,FL,,,,,irs_990pf
FLORIDA WILDLIFE FEDERATION,TALLAHASSEE,FL,,,,,irs_990pf
GUIDE DOG FOUNDATION FOR THE BLIND,SMITHTOWN,NY,,,,,irs_990pf
HABITAT FOR HUMANITY FO LAKE-SUMTER FL,THE VILLAGES,FL,,,,,irs_990pf
HUMANE SOCIETY OF LAKE COUNTY,EUSTIS,FL,,,,,irs_990pf
LAKE-SUMTER STATE COLLEGE FOUNDATION INC,LEESBURG,FL,,,,,irs_990pf
PARKINSONS DISEASE FOUNDATION,MIAMI,FL,,,,,irs_990pf
THE SALVATION ARMY A GA CORP,LUTZ,FL,,,,,irs_990pf
ALZHEIMER S DEMENTIA RESOURCE CENTER,ALTAMONTE SPRINGS,FL,,,,,irs_990pf
DIABETES RESEARCH WELLNESS FOUNDATION,WASHINGTON,DC,,,,,irs_990pf
1N10 INC,Phoenix,AZ,,,,,irs_990pf
ACCESS ESPERANZA CLINICS INC,McAllen,TX,,,,,irs_990pf
ACTION WELLNESS,Philadelphia,PA,,,,,irs_990pf
AFRICAN SERVICES COMMITTEE INC,New York,NY,,,,,irs_990pf
AID FOR AIDS OF NEVADA,Las Vegas,NV,,,,,irs_990pf
AIDS ACTION COMMITTEE OF MASSACHUSETTS INC,Boston,MA,,,,,irs_990pf
AIDS ALABAMA INC,Birmingham,AL,,,,,irs_990pf
AIDS ALABAMA SOUTH LLC,Mobile,AL,,,,,irs_990pf
AIDS ATHENS INC,Athens,GA,,,,,irs_990pf
AIDS CENTER OF QUEENS COUNTY ACQC,Jamaica,NY,,,,,irs_990pf
AIDS COUNCIL OF NORTHEASTERN NEW YORK,Albany,NY,,,,,irs_990pf
AIDS FOUNDATION HOUSTON,Houston,TX,,,,,irs_990pf
AIDS LAW PROJECT OF PENNSYLVANIA,Philadelphia,PA,,,,,irs_990pf
AIDS LEGAL REFERRAL PANEL,San Francisco,CA,,,,,irs_990pf
AIDS OUTREACH CENTER,Fort Worth,TX,,,,,irs_990pf
AIDS PROJECT NEW HAVEN,New Haven,CT,,,,,irs_990pf
AIDS PROJECT OF SOUTHERN VERMONT APSV,Brattleboro,VT,,,,,irs_990pf
AIDS PROJECT OF THE OZARKS,SPRINGFIELD,MO,,,,,irs_990pf
AIDS SERVICE CENTER OF LOWER MANHATTAN INC,New York,NY,,,,,irs_990pf
AIDS SERVICES COALITION INC,Hattiesburg,MS,,,,,irs_990pf
AIDS SERVICES OF AUSTIN,Austin,TX,,,,,irs_990pf
AIDS SERVICES OF DALLAS,Dallas,TX,,,,,irs_990pf
AIDS TASKFORCE OF GREATER CLEVELAND,Cleveland,OH,,,,,irs_990pf
AIDS UNITED,Washington,DC,,,,,irs_990pf
ALAMO AREA RESOURCE CENTER INC,San Antonio,TX,,,,,irs_990pf
ALBANY DAMIEN CENTER,Albany,NY,,,,,irs_990pf
ALEXIAN BROTHERS HOUSING AND HEALTH ALLIANCE,Chicago,IL,,,,,irs_990pf
ALI FORNEY CENTER,New York,NY,,,,,irs_990pf
ALIVENESS PROJECT,Minneapolis,MN,,,,,irs_990pf
ALLIANCE FOR HOUSING AND HEALING,Los Angeles,CA,,,,,irs_990pf
ALLIES FOR HEALTH WELLBEING,Pittsburgh,PA,,,,,irs_990pf
APLA HEALTH WELLNESS,Los Angeles,CA,,,,,irs_990pf
ATLANTA HARM REDUCTION COALITION INC,Atlanta,GA,,,,,irs_990pf
AUNT RITA S FOUNDATION,Phoenix,AZ,,,,,irs_990pf
BAILEY HOUSE,New York,NY,,,,,irs_990pf
BAILEY-BOUSHAY HOUSE,Seattle,WA,,,,,irs_990pf
BEBASHI TRANSITION TO HOPE,Philadelphia,PA,,,,,irs_990pf
BILL S KITCHEN INC,San Juan,PR,,,,,irs_990pf
BOULDER COUNTY AIDS PROJECT,Boulder,CO,,,,,irs_990pf
BROADWAY CARES EQUITY FIGHTS AIDS INC,New York City,NY,,,,,irs_990pf
BRONXWORKS,Bronx,NY,,,,,irs_990pf
BROWARD HOUSE INC,Fort Lauderdale,FL,,,,,irs_990pf
CAMDEN AREA HEALTH EDUCATION CENTER INC,Camden,NJ,,,,,irs_990pf
CAPITAL CITY AIDS FUND,sacramento,CA,,,,,irs_990pf
CARACOLE INC,Cincinnati,OH,,,,,irs_990pf
CASCADE AIDS PROJECT,Portland,OR,,,,,irs_990pf
CENTER FOR HEALTH AND GENDER EQUITY,Washington,DC,,,,,irs_990pf
CENTER FOR HIV LAW AND POLICY,BROOKLYN,NY,,,,,irs_990pf
CENTRAL FLORIDA HAVEN OF HOPE MINISTRIES,Orlando,FL,,,,,irs_990pf
CHICAGO HOUSE AND SOCIAL SERVICE AGENCY,Chicago,IL,,,,,irs_990pf
CHICANOS POR LA CAUSA INC,Phoenix,AZ,,,,,irs_990pf
CLARE HOUSING,Minneapolis,MN,,,,,irs_990pf
COLLABORATIVE SOLUTIONS INC,Birmingham,AL,,,,,irs_990pf
COLORADO AIDS PROJECT,Denver,CO,,,,,irs_990pf
COMMUNITY KITCHEN OF MONROE COUNTY,Bloomington,IN,,,,,irs_990pf
COMMUNITY SERVINGS,Boston,MA,,,,,irs_990pf
COMPREHENSIVE CARE CENTER DBA COMM AIDS NETWK,Sarasota,FL,,,,,irs_990pf
COMUNILIFEORG,New York,NY,,,,,irs_990pf
CRESCENTCARE NOAIDS TASK FORCE,New Orleans,LA,,,,,irs_990pf
DESC DOWNTOWN EMERGENCY SERVICE CENTER,Seattle,WA,,,,,irs_990pf
DOORWAYS,Saint Louis,MO,,,,,irs_990pf
DOWNTOWN EMERGENCY SERVICE CENTER,Seattle,WA,,,,,irs_990pf
DRUG POLICY ALLIANCE,New York,NY,,,,,irs_990pf
EAC INC,Hempstead,NY,,,,,irs_990pf
ECUMENICAL MINISTRIES OF OREGON,Portland,OR,,,,,irs_990pf
EL PUNTO EN LA MONTANA INC CO PR CONCRA,San Juan,PR,,,,,irs_990pf
ELTON JOHN AIDS FOUNDATION,New York,NY,,,,,irs_990pf
EVERGREEN HEALTH SERVICES INC,Buffalo,NY,,,,,irs_990pf
FAMILY AND MEDICAL COUNSELING SERVICE INC,Washington,DC,,,,,irs_990pf
FAMILY HEALTH CENTERS OF SAN DIEGO,San Diego,CA,,,,,irs_990pf
FAMILY SERVICE OF RI - AIDS PROJECT RHODE ISLAND,Providence,RI,,,,,irs_990pf
FOOD FRIENDS INC,Washington,DC,,,,,irs_990pf
FOOD BANK OF CONTRA COSTA AND SOLANO,Concord,CA,,,,,irs_990pf
FOOD FOR THOUGHT,Forestville,CA,,,,,irs_990pf
FOOD OUTREACH INC,Saint Louis,MO,,,,,irs_990pf
FOOTHILL AIDS PROJECT,Claremont,CA,,,,,irs_990pf
FOUNDATION FOR RESEARCH ON STD S FROST D,New York,NY,,,,,irs_990pf
FOUNDCARE INC,West Palm Beach,FL,,,,,irs_990pf
FRIENDS OF THE GLOBAL FIGHT AGAINST AIDS,Washington,DC,,,,,irs_990pf
FUNDERS CONCERNED ABOUT AIDS,Washington,DC,,,,,irs_990pf
GAY MEN S HEALTH CRISIS INC,New York,NY,,,,,irs_990pf
GLAAD INC,New York,NY,,,,,irs_990pf
GRASSROOT SOCCER SOUTH AFRICA,Hanover,NH,,,,,irs_990pf
GREGORY HOUSE PROGRAMS,Honolulu,HI,,,,,irs_990pf
HANDS ON HARTFORD,Hartford,CT,,,,,irs_990pf
HARM REDUCTION ACTION CENTER,Denver,CO,,,,,irs_990pf
HARM REDUCTION COALITION,New York,NY,,,,,irs_990pf
HAWAII HEALTH HARM REDUCTION CENTER,Honolulu,HI,,,,,irs_990pf
HAWAII ISLAND HIVAIDS FOUNDAITION,Kailua Kona,HI,,,,,irs_990pf
HEALTH GLOBAL ACCESS PROJECT INC,BROOKLYN,NY,,,,,irs_990pf
HEARTLAND ALLIANCE HEALTH,Chicago,IL,,,,,irs_990pf
HEARTLAND HUMAN CARE SERVICES,Chicago,IL,,,,,irs_990pf
HEROES,Columbia,LA,,,,,irs_990pf
HETRICK-MARTIN INSTITUTE INC,New York,NY,,,,,irs_990pf
HIPS,Washington,DC,,,,,irs_990pf
HIV LAW PROJECT,BROOKLYN,NY,,,,,irs_990pf
HIV RESOURCE CONSORTIUM DBA TULSA CARES,Tulsa,OK,,,,,irs_990pf
HOPE AND HELP CENTER OF CENTRAL FLORIDA INC,Orlando,FL,,,,,irs_990pf
HOUSE OF MERCY INC,Belmont,NC,,,,,irs_990pf
HOUSE OF RUTH INC,Louisville,KY,,,,,irs_990pf
HOUSING WORKS INC,BROOKLYN,NY,,,,,irs_990pf
HUNGER FOR SUCCESS,Vancouver,WA,,,,,irs_990pf
HYACINTH AIDS FOUNDATION,New Brunswick,NJ,,,,,irs_990pf
HYACINTH FOUNDATION A NEW JERSEY NON-PROFIT CORP,New Brunswick,NJ,,,,,irs_990pf
INSPIRICA,Stamford,CT,,,,,irs_990pf
INTERFAITH AIDS MINISTRY OF GREATER DANBURY INC,Danbury,CT,,,,,irs_990pf
INTERNATIONAL AIDS SOCIETY,,,,,,,irs_990pf
INTERNATIONAL ASSOC OF PROVIDERS IN AIDS CARE,Washington,DC,,,,,irs_990pf
IRIS HOUSE,New York,NY,,,,,irs_990pf
IU HEALTH BLOOMINGTON,Bloomington,IN,,,,,irs_990pf
JACKSONVILLE AREA SEXUAL MINORITY YOUTH NETWORK,Jacksonville,FL,,,,,irs_990pf
JERUSALEM HOUSE INC,Atlanta,GA,,,,,irs_990pf
JOAN SANDY WEILL MEDICAL COLLEGE OF CORNELL UNI,New York,NY,,,,,irs_990pf
JOSEPH S HOUSE INC,Washington,DC,,,,,irs_990pf
LA COMM HEALTH PROJ FORMERLY CLEAN NEEDLES NOW,Los Angeles,CA,,,,,irs_990pf
LANSING AREA AIDS NETWORK,Lansing,MI,,,,,irs_990pf
LARKIN STREET YOUTH SERVICES,San Francisco,CA,,,,,irs_990pf
LAW FOUNDATION OF SILICON VALLEY,San Jose,CA,,,,,irs_990pf
LEGAL AID SERVICE OF BROWARD COUNTY INC,Plantation,FL,,,,,irs_990pf
LIFECARE ALLIANCE,Columbus,OH,,,,,irs_990pf
LIFELONG AIDS ALLIANCE,Seattle,WA,,,,,irs_990pf
LIVING ROOM INC,Atlanta,GA,,,,,irs_990pf
LOS ANGELES LGBT CENTER,Los Angeles,CA,,,,,irs_990pf
LOWCOUNTRY AIDS SERVICES,North Charleston,SC,,,,,irs_990pf
MAITRI COMPASSIONATE CARE,San Francisco,CA,,,,,irs_990pf
MAMA S KITCHEN,San Diego,CA,,,,,irs_990pf
MARICOPA HEALTH FOUNDATION,Phoenix,AZ,,,,,irs_990pf
MATTHEW 25 AIDS SERVICES INC,Henderson,KY,,,,,irs_990pf
MAZZONI CENTER,Philadelphia,PA,,,,,irs_990pf
MEMPHIS CENTER FOR REPRODUCTIVE HEALTH,Memphis,TN,,,,,irs_990pf
MERCY HOUSING AND SHELTER CORPORATION,Hartford,CT,,,,,irs_990pf
METROPOLITAN AREA NEIGHBORHOOD NUTRITION ALLIANCE,Philadelphia,PA,,,,,irs_990pf
MONTEFIORE MEDICAL CENTER,Bronx,NY,,,,,irs_990pf
MOTHERS2MOTHERS,Los Angeles,CA,,,,,irs_990pf
MOVEABLE FEAST INC,Baltimore,MD,,,,,irs_990pf
N STREET VILLAGE,Washington,DC,,,,,irs_990pf
NASHVILLE CARES,Nashville,TN,,,,,irs_990pf
NATIONAL AIDS HOUSING COALITION,Washington,DC,,,,,irs_990pf
NETWORK FOR GOOD,Washington,DC,,,,,irs_990pf
NEW JERSEY AIDS SERVICES,Morris Plains,NJ,,,,,irs_990pf
NEW MEXICO AIDS SERVICES INC,Albuquerque,NM,,,,,irs_990pf
NEW YORK CITY GAY LESBIAN ANTI-VIOLENCE PROJECT,New York,NY,,,,,irs_990pf
NEW YORK COMMON PANTRY,New York,NY,,,,,irs_990pf
NORTH CAROLINA HARM REDUCTION COALITION,Wilmington,NC,,,,,irs_990pf
NORTH JERSEY COMMUNITY RESEARCH INITIATIVE,Newark,NJ,,,,,irs_990pf
NORTHEAST INDIANA POSITIVE RESOURCE CONN INC,Fort Wayne,IN,,,,,irs_990pf
OPEN ARMS OF MINNESOTA,Minneapolis,MN,,,,,irs_990pf
OPEN HANDATLANTA INC,Atlanta,GA,,,,,irs_990pf
OPTIONS FOR COMMUNITY LIVING INC,Smithtown,NY,,,,,irs_990pf
OUR HOUSE OF PORTLAND INC,Portland,OR,,,,,irs_990pf
PETER PAUL COMMUNITY SERVICES INC,Saint Louis,MO,,,,,irs_990pf
PHILANTHROPY NEW YORK,New York,NY,,,,,irs_990pf
PLANNED PARENTHOOD FEDERATION OF AMERICA,New York,NY,,,,,irs_990pf
POINT DEFIANCE AIDS PROJECTS,Tacoma,WA,,,,,irs_990pf
POSITIVE WOMEN S NETWORK - USA CO MOVEMENT STRAT,Oakland,CA,,,,,irs_990pf
PRESIDENT FELLOWS OF HARVARD COLLEGE,Cambridge,MA,,,,,irs_990pf
PRISM HEALTH N TEXAS FORMERLY AIDS ARMS INC,Dallas,TX,,,,,irs_990pf
PROJECT ANGEL HEART,Denver,CO,,,,,irs_990pf
PROJECT HARD HAT,Scottsdale,AZ,,,,,irs_990pf
PROJECT HOSPITALITY INC,Staten Island,NY,,,,,irs_990pf
PROJECT OPEN HAND,San Francisco,CA,,,,,irs_990pf
RADIANT HEALTH CNTRS AIDS SVCS FDN ORANGE CTY,Irvine,CA,,,,,irs_990pf
RAIN OKLAHOMA - REGIONAL AIDS INTERCOMMUNITY NTWK,Oklahoma City,OK,,,,,irs_990pf
RAIN INC,Charlotte,NC,,,,,irs_990pf
RECLAIM PRIDE COALITION,BROOKLYN,NY,,,,,irs_990pf
RESOURCE CENTER OF DALLAS INC,Dallas,TX,,,,,irs_990pf
ROPER ST FRANCIS FOUNDATION,Charleston,SC,,,,,irs_990pf
SAFE HORIZON INC,New York,NY,,,,,irs_990pf
SAMARITAN MINISTRY CENT BAPTIST CHURCH OF BEARDEN,Knoxville,TN,,,,,irs_990pf
SAN ANTONIO AIDS FOUNDATION,San Antonio,TX,,,,,irs_990pf
SAN DIEGO LGBT COMMUNITY CENTER,San Diego,CA,,,,,irs_990pf
SAN FRANCISCO DRUG USERS UNION,San Francisco,CA,,,,,irs_990pf
SEAN HUMPHREY HOUSE,Bellingham,WA,,,,,irs_990pf
SERVICES AND ADVOCACY FOR GLBT ELDERS SAGE,New York,NY,,,,,irs_990pf
SHANTI ORANGE COUNTY,Laguna Hills,CA,,,,,irs_990pf
SHELTERING ARMS CHILDREN AND FAMILY SERVICES INC,New York,NY,,,,,irs_990pf
SISTERHOOD MOBILIZED FOR AIDSHIV RESEARCH TRMT,New York,NY,,,,,irs_990pf
SOMEONE CARES INC OF ATLANTA,Marietta,GA,,,,,irs_990pf
SOUTH CENTRAL EDUCATIONAL DEVELOPMENT INC,Bluefield,WV,,,,,irs_990pf
SOUTHERN ARIZONA AIDS FOUNDATION,Tucson,AZ,,,,,irs_990pf
SOUTHWEST CENTER FOR HIVAIDS,Phoenix,AZ,,,,,irs_990pf
SOUTHWEST RESEARCH AND INFORMATION CENTER,Albuquerque,NM,,,,,irs_990pf
SPECIAL DELIVERY SAN DIEGO,San Diego,CA,,,,,irs_990pf
ST ANN S CORNER OF HARM REDUCTION,Bronx,NY,,,,,irs_990pf
ST BONIFACE HAITI FOUNDATION,Newton,MA,,,,,irs_990pf
ST JAMES SOCIAL SERVICE CORPORATION,Newark,NJ,,,,,irs_990pf
STRATEGIES FOR CHANGE,sacramento,CA,,,,,irs_990pf
TARRANT COUNTY SAMARITAN HOUSING INC,Fort Worth,TX,,,,,irs_990pf
THE AIDS FOUNDATION OF CHICAGO,Chicago,IL,,,,,irs_990pf
THE AIDS INSTITUTE INC,Tampa,FL,,,,,irs_990pf
THE CENTER IN ASBURY PARK,Asbury Park,NJ,,,,,irs_990pf
THE CHILDREN S PLACE ASSOCIATION,Chicago,IL,,,,,irs_990pf
THE DAMIEN CENTER,Indianapolis,IN,,,,,irs_990pf
THE ESTEE LAUDER COMPANIES CHARITABLE FOUNDATION,New York,NY,,,,,irs_990pf
THE FAMILY CENTER INC,New York,NY,,,,,irs_990pf
THE FORTUNE SOCIETY INC,Long Island City,NY,,,,,irs_990pf
THE GRANT FDN DBA HOPITAL ALBERT SCHWEITZER HAITI,Pittsburgh,PA,,,,,irs_990pf
THE HEALTH FOUNDATION OF GREATER INDIANAPOLIS,Indianapolis,IN,,,,,irs_990pf
THE HEALTH TRUST,San Jose,CA,,,,,irs_990pf
THE HOSPICE FDN OF THE FLORIDA SUNCOAST INC,Clearwater,FL,,,,,irs_990pf
THE LEGAL AID SOCIETY,New York,NY,,,,,irs_990pf
THE LESBIAN GAY BISEXUAL TRANSGENDER COMM,New York,NY,,,,,irs_990pf
THE METROHEALTH FOUNDATION,Cleveland,OH,,,,,irs_990pf
THE RIGHT PLACE INC,Anniston,AL,,,,,irs_990pf
THE YOUNG CENTER FOR IMMIGRANT CHILDREN S RIGHTS,Chicago,IL,,,,,irs_990pf
THRIVE ALABAMA,Huntsville,AL,,,,,irs_990pf
THRIVE SUPPORT SERVICES,Atlanta,GA,,,,,irs_990pf
TOUCH- TOGETHER OUR UNITY CAN HEAL INC,Congers,NY,,,,,irs_990pf
TREATMENT ACTION GROUP,New York,NY,,,,,irs_990pf
TRIAD HEALTH PROJECT,Greensboro,NC,,,,,irs_990pf
TRILLIUM HEALTH,Rochester,NY,,,,,irs_990pf
TRUE COLORS FUND INC,New York,NY,,,,,irs_990pf
UNITED WAY OF KING COUNTY,Seattle,WA,,,,,irs_990pf
UNITY HOUSE OF TROY INC,Troy,NY,,,,,irs_990pf
UNIVERSITY OF MIAMI SCHOOL OF MEDICINE,Miami,FL,,,,,irs_990pf
URSULINE CENTERURSULINE SISTERS HIVAIDS MINISTRY,Canfield,OH,,,,,irs_990pf
UTAH AIDS FOUNDATION,Salt Lake City,UT,,,,,irs_990pf
VERMONT CARES,Burlington,VT,,,,,irs_990pf
VICTORY PROGRAMS INC,Boston,MA,,,,,irs_990pf
VOCES LATINAS INC,Jackson Heights,NY,,,,,irs_990pf
VOICES OF COMMUNITY ACTIVISTS LEADERS VOCAL-NY,BROOKLYN,NY,,,,,irs_990pf
WASHINGTON HEIGHTS CORNER PROJECT,New York,NY,,,,,irs_990pf
WEST ALABAMA AIDS OUTREACH,Tuscaloosa,AL,,,,,irs_990pf
WHITMAN-WALKER HEALTH,Washington,DC,,,,,irs_990pf
WORLD AIDS MUSEUM,Wilton Manors,FL,,,,,irs_990pf
YOUR MOM CARES LLC,Beverly Hills,CA,,,,,irs_990pf
POETRY SOCIETY OF AMERICA,NEW YORK,NY,,,,,irs_990pf
THE MERWIN CONSERVANCY,HAIKU,HI,,,,,irs_990pf
AUXILIARY TO THE ISABELLA MCCOSH INFIRMARY,PRINCETON,NJ,,,,,irs_990pf
CHILDREN S BRAIN TUMOR FAMILY FOUNDATION,MOUNT TABOR,NJ,,,,,irs_990pf
CHOATE ROSEMARY HALL FOUNDATION,WALLINGFORD,CT,,,,,irs_990pf
DARDEN SCHOOL FOUNDATION,CHARLOTTESVILLE,VA,,,,,irs_990pf
GARY KLINSKY CHILDREN CENTERS,BROOKLYN,NY,,,,,irs_990pf
HARLEM CHILDREN S ZONE,NEW YORK,NY,,,,,irs_990pf
INTERNATIONAL TENNIS HALL OF FAME,NEWPORT,RI,,,,,irs_990pf
JAMES B LEE JR SCHOLARSHIP FUND,SOUTHAMPTON,NY,,,,,irs_990pf
KEVIN WILLIAMS MEMORIAL FUND,WADING RIVER,NY,,,,,irs_990pf
LOST TREE VILLAGE CHARITABLE FOUNDATION,NORTH PALM BEACH,FL,,,,,irs_990pf
MCINTIRE SCHOOL OF COMMERCE FOUNDATION,CHARLOTTESVILLE,VA,,,,,irs_990pf
NATIONAL MULTIPLE SCLEROSIS SOCIETY,KING OF PRUSSIA,PA,,,,,irs_990pf
SAINT JAMES EPISCOPAL CHURCH,LANCASTER,PA,,,,,irs_990pf
SAINT JOHN S EPISCOPAL CHURCH,SOUTHAMPTON,NY,,,,,irs_990pf
SANKATY HEAD FOUNDATION,SIASCONSET,MA,,,,,irs_990pf
SECOND STAGE THEATRE,NEW YORK,NY,,,,,irs_990pf
SOCIETY OF MEMORIAL SLOAN KETTERING CANCER CENTER,NEW YORK,NY,,,,,irs_990pf
SOUTHAMPTON CHRISTMAS DECORATIONS COMMITTEE,SOUTHAMPTON,NY,,,,,irs_990pf
STUDENT SPONSOR PARTNERSHIP INC,NEW YORK,NY,,,,,irs_990pf
THE BENJAMIN SCHOOL,NORTH PALM BEACH,FL,,,,,irs_990pf
THE BUCKLEY SCHOOL,NEW YORK,NY,,,,,irs_990pf
THE EPISCOPAL SCHOOL IN THE CITY OF NEW YORK,NEW YORK,NY,,,,,irs_990pf
USSGA MEMORIAL FUND INC,ELMSFORD,NY,,,,,irs_990pf
LOST TREE CHAPEL,NORTH PALM BEACH,FL,,,,,irs_990pf
JOHN BURROUGHS SCHOOL,ST LOUIS,MO,,,,,irs_990pf
THE INTERNATIONAL DOCUMENTARY ASSOCIATION,LOS ANGELES,CA,,,,,irs_990pf
PARK-REEVES SYRINGOMYELIA RESEARCH CONSORTIUM,ST LOUIS,MO,,,,,irs_990pf
TEACH FOR AMERICA,NEW YORK,NY,,,,,irs_990pf
IRA SOHN CONFERENCE FOUNDATION INC,NEW YORK,NY,,,,,irs_990pf
PGA REACH,PALM BEACH GARDENS,FL,,,,,irs_990pf
MUSIC FOR EVERYONE,LANCASTER,PA,,,,,irs_990pf
CENTRAL PARK CONSERVANCY INC,NEW YORK,NY,,,,,irs_990pf
SOUTHAMPTON ASSOCIATION,SOUTHAMPTON,NY,,,,,irs_990pf
SHINNECOCK HILLS EDUCATION FUND,SOUTHAMPTON,NY,,,,,irs_990pf
EAST END HOSPICE,WESTHAMPTON BEACH,NY,,,,,irs_990pf
HOLY TRINITY EPISCOPAL CHURCH,GREENSBORO,NC,,,,,irs_990pf
THE SCARLETT FUND MEMORIAL SLOAN KETTERING CANCER CENTER,NEW YORK,NY,,,,,irs_990pf
COLEL CHABAD,BROOKLYN,NY,,,,,irs_990pf
JUNO BEACH FOUNDATION,JUNO BEACH,FL,,,,,irs_990pf
ARLINGTON CENTRAL SCHOOL DISTRICT,Lagrangeville,NY,,,,,irs_990pf
BARDAVON 1869 OPERA HOUSE INC,Poughkeepsie,NY,,,,,irs_990pf
CHILDREN S HOME OF POUGHKEEPSIE,Poughkeepsie,NY,,,,,irs_990pf
HUDSON VALLEY HOSPICE,Poughkeepsie,NY,,,,,irs_990pf
LITERACY CONNECTION OF THE HUDSON VALLEY,Poughkeepsie,NY,,,,,irs_990pf
MEALS ON WHEELS AMERICA,Arlington,VA,,,,,irs_990pf
MILES OF HOPE BREAST CANCER FOUNDATION,Lagrangeville,NY,,,,,irs_990pf
TOWN COUNTRY K9 RESQ,Mohegan Lake,NY,,,,,irs_990pf
FRIENDS OF SENIORS OF DUTCHESS COUNTY,Poughkeepsie,NY,,,,,irs_990pf
NEW HORIZONS RESOURCES INC,Pleasant Valley,NY,,,,,irs_990pf
FAMILY SERVICES,Poughkeepsie,NY,,,,,irs_990pf
HOPEWELL HOSE FIRE COMPANY,Hopewell Junction,NY,,,,,irs_990pf
DUTCHESS COMMUNITY COLLEGE,Poughkeepsie,NY,,,,,irs_990pf
GREYSTONE PROGRAMS,Hopewell Junction,NY,,,,,irs_990pf
EAST FISHKILL COMMUNITY LIBRARY,Hopewell Junction,NY,,,,,irs_990pf
WALKWAY OVER THE HUDSON,Poughkeepsie,NY,,,,,irs_990pf
THE FOUNDATION FOR VBMC,Lagrangeville,NY,,,,,irs_990pf
ARTS MID HUDSON,Poughkeepsie,NY,,,,,irs_990pf
YOUTH MISSION OUTREACH,Poughkeepsie,NY,,,,,irs_990pf
POUGHKEEPSIE FARM PROJECT,Poughkeepsie,NY,,,,,irs_990pf
THE CHILD ABUSE PREVENTION CENTER,Arlington,NY,,,,,irs_990pf
LUCKY ORHPANS HORSE RESCUE,Dover Plains,NY,,,,,irs_990pf
HUDSON VALLEY HOUSE OF HOPE,Wappingers Falls,NY,,,,,irs_990pf
BLUE PATH SERVICE DOGS,Hopewell Junction,NY,,,,,irs_990pf
MID HUDSON CHILDREN S MUSEUM,Poughkeepsie,NY,,,,,irs_990pf
REBUILDING TOGETHER DUTCHESS,Poughkeepsie,NY,,,,,irs_990pf
PRESBYTERIAN MEDICAL SERVICES,Santa Fe,NM,,,,,irs_990pf
MORA VALLEY COMMUNITY HEALTH,Mora,NM,,,,,irs_990pf
MENTAL HEALTH ASSOC OF NM,Las Vegas,NM,,,,,irs_990pf
EL CENTRO FAMILY HEALTH,Espanola,NM,,,,,irs_990pf
INTERFAITH OUTREACH,MINNEAPOLIS,MN,,,,,irs_990pf
METRO MEALS ON WHEELS,MINNEAPOLIS,MN,,,,,irs_990pf
THE SHERIDAN STORY,ROSEVILLE,MN,,,,,irs_990pf
CHILDRENS HOME SOCIETY,SAINT PAUL,MN,,,,,irs_990pf
TOYS FOR TOTS,TRIANGLE,VA,,,,,irs_990pf
COLTON SCHOOL,COLTON,WA,,,,,irs_990pf
COLUMBIA SCHOOL DISTRICT,HUNTERS,WA,,,,,irs_990pf
DAVENPORT HIGH SCHOOL,DAVENPORT,WA,,,,,irs_990pf
EAST FARMS MAGNET ELEMENTARY,NEWMAN LAKE,WA,,,,,irs_990pf
EAST VALLEY HIGH SCHOOL,NEWMAN LAKE,WA,,,,,irs_990pf
FIRST WASHINGTON,KENT,WA,,,,,irs_990pf
FREEMAN SCHOOL DISTRICT,ROCKFORD,WA,,,,,irs_990pf
HEARING ORAL PROGRAM OF EXCELLENCE,SPOKANE,WA,,,,,irs_990pf
LACROSSE HIGH SCHOOL,LACROSSE WA,WA,,,,,irs_990pf
LUMEN PUBLIC SCHOOL,SPOKANE,WA,,,,,irs_990pf
MILLWOOD IMPACT,SPOKANE VALLEY,WA,,,,,irs_990pf
OAKSEDALE SCHOOL DISTRICT,OAKESDALE,WA,,,,,irs_990pf
PASADENA ELEMENTARY SCHOOL,SPOKANE VALLEY,WA,,,,,irs_990pf
REPUBLIC SCHOOL DISTRICT,REPUBLIC,WA,,,,,irs_990pf
RURAL ALLIANCE SCHOOL DISTRICTS,DEER PARK,WA,,,,,irs_990pf
SPOKANE SYMPHONY,SPOKANE,WA,,,,,irs_990pf
ST JOHN SCHOOL DISTRICT,ST JOHN,WA,,,,,irs_990pf
TEKOA HIGH SCHOOL,TEKOA,WA,,,,,irs_990pf
THE ARC OF SPOKANE,SPOKANE,WA,,,,,irs_990pf
TRENTWOOD ELEMENTARY LANGUAGE ARTS,SPOKANE VALLEY,WA,,,,,irs_990pf
WELLPINIT SCHOOL DISTRICT,WELLPINIT,WA,,,,,irs_990pf
WEST VALLEY HIGH SCHOOL SCIENCE,SPOKANE,WA,,,,,irs_990pf
WSU COLLEGE OF MEDICINE,PULLMAN,WA,,,,,irs_990pf
YWCA OF SPOKANE COUNTY,SPOKANE,WA,,,,,irs_990pf
HUTTON SETTLEMENT,SPOKANE,WA,,,,,irs_990pf
LAKE SPOOKANE NINE MILE FALLS SD,NINE MILE FALLS,WA,,,,,irs_990pf
LOGAN ELEMENTARY,SPOKANE,WA,,,,,irs_990pf
VALLEY SCIENCE EDUCATION PARTNERSHIP,SPOKANE VALLEY,WA,,,,,irs_990pf
CONNECTICUT FOOD BANK,NEW HAVEN,CT,,,,,irs_990pf
TRINITY EVANGELICAL LUTHERAN CHURCH,CAMP HILL,PA,,,,,irs_990pf
WILSON COLLEGE,CHAMBERSBURG,PA,,,,,irs_990pf
JESUS THE GOOD SHEPHERD PARISH,BEVERLY,NJ,,,,,irs_990pf
CENTRAL FLORIDA COMMUNITY FOR THE ARTS,ORLANDO,FL,,,,,irs_990pf
EL BETHEL CHRISTIAN ACADEMY,ORLANDO,FL,,,,,irs_990pf
FIRST TEE OF CENTRAL FL,WINTER PARK,FL,,,,,irs_990pf
FLORIDA S HOMETOWN USA,FRUITLAND PARK,FL,,,,,irs_990pf
MUSIK THEATER BAVARIA INC,ORLANDO,FL,,,,,irs_990pf
OPERA ORLANDO YOUTH COMPANY,ORLANDO,FL,,,,,irs_990pf
ORLANDO SCHOLARSHIP ORGANIZATION INC,ORLANDO,FL,,,,,irs_990pf
ORLANDO SHAKESPEARE THEATER,ORLANDO,FL,,,,,irs_990pf
WINTER PARK PLAYHOUSE,WINTER PARK,FL,,,,,irs_990pf
ADAT ARI EL,VALLEY VILLAGE,CA,,,,,irs_990pf
ADAT ARI EL- TORAH FUND,VALLEY VILLAGE,CA,,,,,irs_990pf
AMERICAN JEWISH UNIVERSITY,LOS ANGELES,CA,,,,,irs_990pf
BUREAU OF JEWISH EDUCATION,LOS ANGELES,CA,,,,,irs_990pf
CAMP RAMAH CALIFORNIA,OJAI,CA,,,,,irs_990pf
DE TOLEDO HIGH SCHOOL,WEST HILLS,CA,,,,,irs_990pf
FRIENDS OF MEEI INC,BOSTON,MA,,,,,irs_990pf
HIDE AND SEEK FOUNDATION,LONG BEACH,CA,,,,,irs_990pf
JEWISH FAMILY SERVICE,LOS ANGELES,CA,,,,,irs_990pf
JEWISH FREE LOAN ASSOCIATION,LOS ANGELES,CA,,,,,irs_990pf
LOS ANGELES HEBREW HIGH SCHOOL,ENCINO,CA,,,,,irs_990pf
MAIMONIDES SCHOOL,LOS ANGELES,CA,,,,,irs_990pf
MASORTI FOUNDATION,NEW YORK,NY,,,,,irs_990pf
MILKEN COMMUNITY HIGH SCHOOL,LOS ANGELES,CA,,,,,irs_990pf
PROVIDENCE TARZANA FOUNDATION,TARZANA,CA,,,,,irs_990pf
SOLOMON SCHECHTER DAY SCHOOL,NEWTON,MA,,,,,irs_990pf
THE JEWISH FEDERATION,LOS ANGELES,CA,,,,,irs_990pf
YESHIVA UNIVERSITY,NEW YORK,NY,,,,,irs_990pf
TAFT MUSEUM OF ART,CINCINNATI,OH,,,,,irs_990pf
405 OAK ST CENTER INC,CINCINNATI,OH,,,,,irs_990pf
EPISCOPAL SOCIETY OF CHRIST CHURCH,CINCINNATI,OH,,,,,irs_990pf
CITY GOSPEL MISSION,CINCINNATI,OH,,,,,irs_990pf
SOCIETY FOR THE PREVENTION OF,CINCINNATI,OH,,,,,irs_990pf
ANIMAL FRIENDS HUMANE SOCIETY,HAMILTON,OH,,,,,irs_990pf
LEAGUE FOR ANIMAL WELFARE,BATAVIA,OH,,,,,irs_990pf
TRUSTEES OF THE MASONIC HALL,NEW YORK,NY,,,,,irs_990pf
FIRST PRESBYTERIAN CHURCH,MEDINA,NY,,,,,irs_990pf
LEE-WHEDON MEMORIAL LIBRARY,MEDINA,NY,,,,,irs_990pf
NY STATE DAUGHTERS OF AMERICAN,WATERPORT,NY,,,,,irs_990pf
THE SALVATION ARMY-FLDHQ,LEESBURG,FL,,,,,irs_990pf
GOODWILL INDUSTRIES OF CENTRAL,ORLANDO,FL,,,,,irs_990pf
LEESBURG HUMANE SOCIETY INC,LEESBURG,FL,,,,,irs_990pf
GUADALUPE CENTER,ALLENTOWN,PA,,,,,irs_990pf
NODCC,WASHINGTON,DC,,,,,irs_990pf
NORTHERN VA THERAPEUTIC RIDING PROGRAM,CLIFTON,VA,,,,,irs_990pf
NORTHERN VA THERAPEUTIC RIDING PROGRAM POLO CLASSIC,CLIFTON,VA,,,,,irs_990pf
TUCK SCHOOL,HANOVER,MA,,,,,irs_990pf
USO,WASHINGTON,DC,,,,,irs_990pf
WPI,WORCESTER,MA,,,,,irs_990pf
SAINT WILLIAM CATHOLIC CHURCH,NAPLES,FL,,,,,irs_990pf
ARUNDEL RIVERS FEDERATION,EDGEWATER,MD,,,,,irs_990pf
CURE JM FOUNDATION,Encinitas,CA,,,,,irs_990pf
RONALD MCDONALD HOUSE,Columbus,OH,,,,,irs_990pf
K E EVENTS,Grove City,OH,,,,,irs_990pf
THE ELIZABETH DEAN FOUNDATION,Grove City,OH,,,,,irs_990pf
A KID AGAIN,Columbus,OH,,,,,irs_990pf
BOCA GRANDE HEALTH CLINIC,BOCA GRANDE,FL,,,,,irs_990pf
FIELDSTONE FARM THERAPEUTIC RIDING CTR,CHAGRIN FALLS,OH,,,,,irs_990pf
HATHAWAY BROWN SCHOOL,SHAKER HEIGHTS,OH,,,,,irs_990pf
HOPEWELL INN,MESOPOTAMIA,OH,,,,,irs_990pf
ST HUBERT S EPISCOPAL CHURCH,KIRTLAND HILLS,OH,,,,,irs_990pf
THE CLEVELAND CLINIC FOUNDATION,CLEVELAND,OH,,,,,irs_990pf
THE HOLDEN FOREST GARDENS,KIRTLAND,OH,,,,,irs_990pf
RAINBOW BABIES CHILDRENS HOSPITAL,CLEVELAND,OH,,,,,irs_990pf
HOSPICE OF WESTERN RESERVE,CLEVELAND,OH,,,,,irs_990pf
KAREN WELLINGTON FDN,CLEVELAND,OH,,,,,irs_990pf
KIRTLAND CADDIES SCHOLARSHIP FD,WILLOUGHBY,OH,,,,,irs_990pf
NATURAL HISTORY MUSEUM,CLEVELAND,OH,,,,,irs_990pf
BOCA GRANDE CHARITIES,BOCA GRANDE,FL,,,,,irs_990pf
JOHANN FUST LIBRARY FDN,BOCA GRANDE,FL,,,,,irs_990pf
FLYING HORSE FARMS,MT GILEAD,OH,,,,,irs_990pf
ST ANDREW EPISCOPAL CHURCH,BOCA GRANDE,FL,,,,,irs_990pf
LIFE ACT,CHAGRIN FALLS,OH,,,,,irs_990pf
OHIO STATE UINIV STAR PROGRAM,COLUMBUS,OH,,,,,irs_990pf
TRAVIS MILLS FOUNDATION,MANCHESTER,ME,,,,,irs_990pf
WINOUS POINT MARSH CONSERVANCY,PORT CLINTON,OH,,,,,irs_990pf
GASPARILLA ISLAND CONSERVANCY,BOCA GRANDE,FL,,,,,irs_990pf
ASSOCIATION FOR THE BLIND,Washington,DC,,,,,irs_990pf
AMERICAN HEART ASSN,Charleston,SC,,,,,irs_990pf
AMERICAN LUNG ASSN,Charleston,SC,,,,,irs_990pf
BOYS FARM,Newberry,SC,,,,,irs_990pf
CHILDRENS CANCER RESEARCH,Oklahoma City,OK,,,,,irs_990pf
ETV ENDOWMENT,Columbia,SC,,,,,irs_990pf
FLORENCE CRITTENDTON HOME,Charleston,SC,,,,,irs_990pf
GERMAN FRIENDLY SOCIETY FOUNDATION,Charleston,SC,,,,,irs_990pf
HABITAT FOR HUMANITY,Charleston,SC,,,,,irs_990pf
MACULAR DGENERATON,Clarksburg,MD,,,,,irs_990pf
MARCH OF DIMES,Myrtel Beach,SC,,,,,irs_990pf
MUSCULAR DYSTHROPY ASSN,Charleston,SC,,,,,irs_990pf
MY SISTERS HOUSE,North Charleston,SC,,,,,irs_990pf
NATIONAL CHILDRENS CANCER SOCIETY,StLouis,MO,,,,,irs_990pf
PARALYZED VETS OF AMERICA,Washington,DC,,,,,irs_990pf
PRIESTS FOR LIFE,Titusville,FL,,,,,irs_990pf
RONALD MCDONALD HOUSE,Charleston,SC,,,,,irs_990pf
SALVATION ARMY,Charleston,SC,,,,,irs_990pf
SC SHERIFFS ASSN,Columbia,SC,,,,,irs_990pf
SC SPECIAL OLYMPICS,Irmo,SC,,,,,irs_990pf
SETON SHRINE,Emmitsburg,MD,,,,,irs_990pf
ST JOSEPH INDIAN SCHOOL,Chamberlain,SD,,,,,irs_990pf
US DEPUTY SHERIFFS ASSN,Wichita,KS,,,,,irs_990pf
ADOPT A PLATOON,Lozano,TX,,,,,irs_990pf
AMERICA NEEDS FATIMA,Hanover,PA,,,,,irs_990pf
AMERICAN KIDNEY FOUNDATION,Columbia,SC,,,,,irs_990pf
BARRIER ISLANDS,Gulf Breesze,FL,,,,,irs_990pf
BLESSED SACRAMENT CHURCH,Charleston,SC,,,,,irs_990pf
CAMP HAPPY DAYS,Charleston,SC,,,,,irs_990pf
CHRISTIAN APPALACIAN,Paintsville,KY,,,,,irs_990pf
DISABLED VETERANS,Charleston,SC,,,,,irs_990pf
EAST COOPER MEALS ON WHEELS,Mount Pleasant,SC,,,,,irs_990pf
FATHER MCCARTHY EDUCATION FOUNDATIO,Charleston,SC,,,,,irs_990pf
GUIDE DOG FOR THE BLIND,San Rafael,CA,,,,,irs_990pf
INDIAN COLLEGE FUND,Denver,CO,,,,,irs_990pf
JAMES ISLAND OUTREACH,Charleston,SC,,,,,irs_990pf
LEADERSHIP INSTITURE,Arlington,VA,,,,,irs_990pf
LUKEMIA LYMPNOMA SOCIETY,Mount Pleasant,SC,,,,,irs_990pf
LUPUS FOUNDATION,Washington,DC,,,,,irs_990pf
MULTIPLE SCLEROSIS FOUNDATION,Fort Lauderdale,FL,,,,,irs_990pf
MUTTS WITH A MISSION,Portsmouth,VA,,,,,irs_990pf
NATIONAL GLAUCOMA RESEARCH,Clarksburg,MD,,,,,irs_990pf
OPERATON FINALLY HOME,New Braunfels,TX,,,,,irs_990pf
PARKINSONS DISEASE ASSOCIATION,Staten Island,NY,,,,,irs_990pf
PAWS OF WAR,Nesconset,NY,,,,,irs_990pf
PRIESTS OF THE SACRED HEART,Hales Corner,WI,,,,,irs_990pf
PROJECT K9 HERO,Detroit,MI,,,,,irs_990pf
SALUTE AMERICAN HEROS,Springfield,VA,,,,,irs_990pf
SOCIETY OF LITTLE FLOWER,Darien,IL,,,,,irs_990pf
ST BENEDICT ABBEY,Mount Pleasant,SC,,,,,irs_990pf
THE CITADEL,Charleston,SC,,,,,irs_990pf
WINDWOOD FARM,Awendaw,SC,,,,,irs_990pf
WORLD VILLAGE FOR CHILDREN,Annapolis,MD,,,,,irs_990pf
ASSOCIATION OF BLIND VETS,Alexandria,VA,,,,,irs_990pf
CITYTEAM,SAN JOSE,CA,,,,,irs_990pf
LOS ALTOS COMMUNITY FOUNDATION,LOS ALTOS,CA,,,,,irs_990pf
STANFORD UNIVERSITY HOOVER INSTITUTION,STANFORD,CA,,,,,irs_990pf
HUMANE SOCIETY OF PULASKI COUNTY,LITTLE ROCK,AR,,,,,irs_990pf
HUMANE SOCIETY OF SEBASTIAN COUNTY,FORT SMITH,AR,,,,,irs_990pf
ST PAUL S LUTHERAN CEMETERY,LAMAR,AR,,,,,irs_990pf
NEEDY PAWS ANIMAL SHELTER INC,CLARKSVILLE,AR,,,,,irs_990pf
RUSSELLVILLE ANIMAL SHELTER,RUSSELLVILLE,AR,,,,,irs_990pf
JOHNS HOPKINS UNIV SCH OF MEDICINE,BALTIMORE,MD,,,,,irs_990pf
TREVOR RAFFERTY,UXBRIDGE,MA,,,,,irs_990pf
MOLLY CARMAN,FRAMINGHAM,MA,,,,,irs_990pf
FERAL CAT COALITION,Portland,OR,,,,,irs_990pf
PORTLAND RESCUE MISSION,Portland,OR,,,,,irs_990pf
ANIMAL AID OF PORTLAND,Portland,OR,,,,,irs_990pf
HOWARD S HEART,Portland,OR,,,,,irs_990pf
AVERY ELFERING,NEW ULM,MN,,,,,irs_990pf
100 CLUB,Phoenix,AZ,,,,,irs_990pf
BARROW FOUNDATION,Phoenix,AZ,,,,,irs_990pf
TGEN,PHOENIX,AZ,,,,,irs_990pf
DOVES,PHOENIX,AZ,,,,,irs_990pf
SOLANA BEACH PRESBYTERIAN CHURCH,SOLANA BEACH,CA,,,,,irs_990pf
NEW PATHWATYS FOR YOUTH,PHOENIZ,AZ,,,,,irs_990pf
GRACE COMMUNITY CHURCH,WESTCHESTER,IL,,,,,irs_990pf
JEWISH NATIONAL FUND,PHOENIZ,AZ,,,,,irs_990pf
AZ AGENCY ON AGING,PHOENIZ,AZ,,,,,irs_990pf
JUDICIAL WATCH VERDICT,WASHINGTON,DC,,,,,irs_990pf
ELEVATE PHOENIX,PHOENIX,AZ,,,,,irs_990pf
INTERMOUNTAIN CHRISTIAN SCHOOL,HOLLADAY,UT,,,,,irs_990pf
CONGREGATION BETH ISRAEL,SCOTTSDALE,AZ,,,,,irs_990pf
ST VINCENT DE PAUL,PHOENIX,AZ,,,,,irs_990pf
LEUKEMIA LYMPHOMA,Phoenix,AZ,,,,,irs_990pf
EXECUTIVE COUNCIL CHARITIES,Phoenix,AZ,,,,,irs_990pf
FEEDING MATTERS,Phoenix,AZ,,,,,irs_990pf
CANINE COMPANIONS,Phoenix,AZ,,,,,irs_990pf
HOPE EQUESTRIAN CENTER,ASHLAND,OR,,,,,irs_990pf
FORWARD STRIDE,BEAVERTON,OR,,,,,irs_990pf
ALBERTINA KERR CENTERS,PORTLAND,OR,,,,,irs_990pf
WHEEL TO WALK FOUNDATION,PORTLAND,OR,,,,,irs_990pf
HORSES OF HOPE OREGON,Turner,OR,,,,,irs_990pf
MISTLETOE HUT GIRL SCOUTS,STEPHENVILLE,TX,,,,,irs_990pf
FIRST UNITED METHODIST TREE,STEPHENVILLE,TX,,,,,irs_990pf
STEPHENVILLE ISD,STEPHENVILLE,TX,,,,,irs_990pf
HOPE INC,STEPHENVILLE,TX,,,,,irs_990pf
WESLEY FOUNDATION,STEPHENVILLE,TX,,,,,irs_990pf
TEXAS TRAILS COUNCIL BOY SCOUTS AME,ABILENE,TX,,,,,irs_990pf
ERATH COUNTY HUMANE SOCIETY,STEPHENVILLE,TX,,,,,irs_990pf
FUMC COMMUNITY SCHOOL SUPPLIES,STEPHENVILLE,TX,,,,,irs_990pf
PETS ARE WORTH SAVING INC,STEPHENVILLE,TX,,,,,irs_990pf
STEPHENVILLE COC FOUNDATION,STEPHENVILLE,TX,,,,,irs_990pf
ERATH COUNTY SENIOR CITIZENS MOW,STEPHENVILLE,TX,,,,,irs_990pf
ERATH COUNTY CHILD WELFARE BD,STEPHENVILLE,TX,,,,,irs_990pf
CROSS TIMBERS FINE ARTS COUNCIL,STEPHENVILLE,TX,,,,,irs_990pf
STEPHENVILLE SOCCER ASSOCIATION,STEPHENVILLE,TX,,,,,irs_990pf
ERATH COUNTY HABITAT FOR HUMANITY,STEPHENVILLE,TX,,,,,irs_990pf
MEMORIAL SLOAN-KETTERING CANCER CENTER,NEW YORK,NY,,,,,irs_990pf
TONY BLAIR FOUNDATION,NEW YORK,NY,,,,,irs_990pf
WASHINGTON PARK FOUNDATION,WASHINGTON DEPOT,CT,,,,,irs_990pf
FIVE COLLEGE SCHOLARSHIPS,BROOKINGS,OR,,,,,irs_990pf
BEYOND TYPE 1,SAN CARLOS,CA,,,,,irs_990pf
CORMARIA RETREAT CENTER IN,SAG HARBOR,NY,,,,,irs_990pf
EAST TENNESSEE ALLIANCE FOR ANIMALS,HIXSON,TN,,,,,irs_990pf
UNITED WAY OF GREATER CHATTANOOGA,CHATTANOOGA,TN,,,,,irs_990pf
UNIVERSITY OF CHATTANOOGA FOUNDATION INC,CHATTANOOGA,TN,,,,,irs_990pf
WILLIAM DEAN FAUSETT FOUNDATION,MANCHESTER,VT,,,,,irs_990pf
THE CENTRAL BAPTIST CHURCH,SPRINGFIELD,IL,,,,,irs_990pf
WASHINGTON ST MISSION,SPRINGFIELD,IL,,,,,irs_990pf
IMMANUEL BAPTIST CHURCH,LITTLE ROCK,AR,,,,,irs_990pf
BOYS GIRLS CLUB OF DEWITT,CUERO,TX,,,,,irs_990pf
CUERO VOLUNTEER FIRE DEPARTMENT,CUERO,TX,,,,,irs_990pf
CY-HOPE,CYPRESS,TX,,,,,irs_990pf
DONUM DEI,NURSERY,TX,,,,,irs_990pf
FORT BEND CTY WOMEN S CTR,RICHMOND,TX,,,,,irs_990pf
FRIENDS OF GONZALES ANIMAL SHELTER,GONZALES,TX,,,,,irs_990pf
GONZALES REGIONAL CHILDREN S ADV,GONZALES,TX,,,,,irs_990pf
GONZALES VOLUNTEER FIRE DEPT,GONZALES,TX,,,,,irs_990pf
HOPE OF SOUTH TEXAS,VICTORIA,TX,,,,,irs_990pf
HOUSTON LIVESTOCK SHOW RODEO,HOUSTON,TX,,,,,irs_990pf
JUDY S ARK,PEARSALL,TX,,,,,irs_990pf
NAY NAYS WILDLIFE REHABILITATION,YOAKUM,TX,,,,,irs_990pf
SOUTH TEXAS ZOOLOGICAL SOCIETY,VICTORIA,TX,,,,,irs_990pf
THE CHISHOLM TRAIL HERITAGE MUSEUM,CUERO,TX,,,,,irs_990pf
THE WILDLIFE CENTER OF TEXAS INC,HOUSTON,TX,,,,,irs_990pf
VIRGINIA THOMPSON PEARSALL EDUC,PEARSALL,TX,,,,,irs_990pf
YOAKUM VOLUNTEER FIRE DEPARTMENT,YOAKUM,TX,,,,,irs_990pf
CENTRAL COLLEGE,PELLA,IA,,,,,irs_990pf
DRAKE UNIVERSITY,DES MOINES,IA,,,,,irs_990pf
GRAND VIEW COLLEGE,DES MOINES,IA,,,,,irs_990pf
SIMPSON COLLEGE,INDIANOLA,IA,,,,,irs_990pf
SEE ATTACHED LISTING,See Attached Listing,DC,,,,,irs_990pf
PAN-MASS CHALLENGE,Needham,MA,,,,,irs_990pf
VITAS COMMUNITY CONNECTION,Cincinnati,OH,,,,,irs_990pf
LAFAYETTE COLLEGE,EASTON,PA,,,,,irs_990pf
COLBY SAWYER COLLEGE,NEW LONDON,NH,,,,,irs_990pf
THE PRESBYTERIAN CHURCH,DANVILLE,KY,,,,,irs_990pf
EPHRAIM MCDOWELL HLTH CARE FND,DANVILLE,KY,,,,,irs_990pf
GOLDEN VILLA ADULT DAY CARE,PONCA CITY,OK,,,,,irs_990pf
ACE SCHOLARSHIPS,DENVER,CO,,,,,irs_990pf
DELMAR FOUNDATION,DEL MAR,CA,,,,,irs_990pf
FACE FOUNDATION,SAN DIEGO,CA,,,,,irs_990pf
HEARTS HANDS,AMHERST,NY,,,,,irs_990pf
JUDD GOLDMAN ADAPTIVE SAILING FOUNDATION,CHICAGO,IL,,,,,irs_990pf
MENTAL HEALTH COLORADO,DENVER,CO,,,,,irs_990pf
MONARCH SCHOOL,SAN DIEGO,CA,,,,,irs_990pf
NYU LANGONE HOSPITALS,NEW YORK,NY,,,,,irs_990pf
RADY CHILDREN S HOSPITAL FUND,SAN DIEGO,CA,,,,,irs_990pf
TEMPLE EMANUEL,DENVER,CO,,,,,irs_990pf
THE DENVER HOSPICE,DENVER,CO,,,,,irs_990pf
UNIVERSITY OF COLORADO,DENVER,CO,,,,,irs_990pf
LOVING ONE BY ONE MINISTRIES,Torrance,CA,,,,,irs_990pf
KAYS FOUNDATION,Newark,DE,,,,,irs_990pf
CHRIST FELLOWSHIP CHURCH INC,Palm Beach Gardens,FL,,,,,irs_990pf
JOE DIMAGGIO CHILDREN S HOSPITAL,Hollywood,FL,,,,,irs_990pf
SOUL SHOPPE PROGRAM,OAKLAND,CA,,,,,irs_990pf
CAHABA SHRINE,HUNTSVILLE,AL,,,,,irs_990pf
CHURCH TONIGHT MINISTRIES,SEVIERVILLE,TN,,,,,irs_990pf
NORTH ALABAMA SPAYNEUTER ASSIS,HUNTSVILLE,AL,,,,,irs_990pf
CENTRAL PRESBYTRIAN CHURC,HUNTSVILLE,AL,,,,,irs_990pf
SCOTTISH RITE OF ALABAMA,HUNTSVILLE,AL,,,,,irs_990pf
THE HORSE SHELTER,SANTA FE,NM,,,,,irs_990pf
SUNDAY IN THE PARK,NASHVILLE,TN,,,,,irs_990pf
CUMBERLAND HEIGHTS,NASHVILLE,TN,,,,,irs_990pf
ST AEMILIAN-LAKESIDE FOUNDATION,MILWAUKEE,WI,,,,,irs_990pf
HIGHLANDS-CASHIERS HOSPITAL FDN,HIGHLANDS,NC,,,,,irs_990pf
UNIVERSITY OF GEORGIA FOUNDATION,ATHENS,GA,,,,,irs_990pf
UNIVIRSITY OF MARYLAND,COLLEGE PARK,MD,,,,,irs_990pf
SARAH BOULCH GRAND CANYON UNIVERSIT,CARROLLTON,IL,,,,,irs_990pf
ASHLEY SCHMIDT LEWIS CLARK CC,CARROLLTON,IL,,,,,irs_990pf
MADLYN CUSTER SIUE,CARROLLTON,IL,,,,,irs_990pf
TYLER BARNETT OTTAWA UNIVERSITY,CARROLLTON,IL,,,,,irs_990pf
LUKE GILLINGHAM ILL COLLEGE,CARROLLTON,IL,,,,,irs_990pf
CHARLENE HELTON SIUC,CARROLLTON,IL,,,,,irs_990pf
SYDNEY PETRY LEWIS CLARK CC,CARROLTON,IL,,,,,irs_990pf
BRODY HOWARD SIUE,CARROLLTON,IL,,,,,irs_990pf
CHRISTEN POND EVANGEL UNIVERSITY,CARROLLTON,IL,,,,,irs_990pf
CHASE MCADAMS JOHN HOPKINS UNIV,CARROLLTON,IL,,,,,irs_990pf
CLAIRE MEYER SIUE,CARROLLTON,IL,,,,,irs_990pf
JAYCE ARNETT RANKEN TECHNICAL COLLE,CARROLLTON,IL,,,,,irs_990pf
KYLIE MEUTH BLACKBURN COLLEGE,CARROLLTON,IL,,,,,irs_990pf
ERICA NORD WESTERN ILLINOIS U,CARROLLTON,IL,,,,,irs_990pf
CHRISTIE SETTLES QUINCY UNIVERSITY,ELDRED,IL,,,,,irs_990pf
HALLEY SCHNETGOECKE LEWIS CLARK CC,CARROLLTON,IL,,,,,irs_990pf
MARIAH SHARROW BOYCE COLLEGE,CARROLLTON,IL,,,,,irs_990pf
GRACE STURGEON BRADLEY UNIVERSITY,CARROLLTON,IL,,,,,irs_990pf
ELIZABETH STURGEON LEWIS CLARK CC,CARROLLTON,IL,,,,,irs_990pf
KARA TEPEN MARYVILLE UNIVERSITY,CARROLLTON,IL,,,,,irs_990pf
CARSON WOLLENWEBER BLACKBURN COLLEG,CARROLLTON,IL,,,,,irs_990pf
ZACHARY FLOWERS COLORADO MOUNTAIN C,CARROLTON,IL,,,,,irs_990pf
SHANNON GRIDER ILLINOIS STATE U,CARROLTON,IL,,,,,irs_990pf
HALEY HARR SIUE,CARROLLTON,IL,,,,,irs_990pf
MOLLY POHLMAN SIUE,CARROLLTON,IL,,,,,irs_990pf
MORGAN FRIEDRICKSON SIUE,ELDRED,IL,,,,,irs_990pf
SHELBY BOCKSTRUCK LEWIS CLARK CC,CARROLLTON,IL,,,,,irs_990pf
KAYLEA MOSS BLACKBURN COLLEGE,ELDRED,IL,,,,,irs_990pf
CLAIRE WILLIAMS SIUE,CARROLLTON,IL,,,,,irs_990pf
LINDSEY LAKE LEWIS CLARK CC,CARROLLTON,IL,,,,,irs_990pf
PAYTON WOLENWEBER MIDWEST TECH INST,CARROLLTON,IL,,,,,irs_990pf
ASHLEY FESSLER UNIV OF MISSOURI,CARROLLTON,IL,,,,,irs_990pf
ALLYSE BLAND LEWIS CLARK CC,ELDRED,IL,,,,,irs_990pf
CHRISTIIAN CURTNER BLACKBURN COLLEG,CARROLLTON,IL,,,,,irs_990pf
JESSICA LAKE SIUE,CARROLLTON,IL,,,,,irs_990pf
CURTIS LAKE LEWIS CLARK CC,CARROLLTON,IL,,,,,irs_990pf
ADAM SCHNETTGOECKE RANKEN TECHNICAL,CARROLLTON,IL,,,,,irs_990pf
MACY POHLMAN ILL STATE UNIVERSITY,CARROLLTON,IL,,,,,irs_990pf
ALEXANDER BOKER LEWIS CLARK CC,CARROLLTON,IL,,,,,irs_990pf
CAILEE SCHMIDT LEWIS CLARK CC,CARROLLTON,IL,,,,,irs_990pf
PAYTON WOLENWEBER BLACKBURN COLLEGE,CARROLLTON,IL,,,,,irs_990pf
HEATHER BOKER ILLINOIS COLLEGE,CARROLLTON,IL,,,,,irs_990pf
MARLEY MULLINK UNIVERSITY OF ILLINO,CARROLLTON,IL,,,,,irs_990pf
BRANDON SCHMIDT SIUC,CARROLLTON,IL,,,,,irs_990pf
ERICKA GRIDER MARYVILLE UNIVERSITY,CARROLLTON,IL,,,,,irs_990pf
GRACE COX LEWIS CLARK CC,CARROLLTON,IL,,,,,irs_990pf
KATIE HEATH LEWIS CLARK CC,CARROLLTON,IL,,,,,irs_990pf
CAMERON PENNELL LEWIS CLARK CC,CARROLLTON,IL,,,,,irs_990pf
NATHAN LEONARD SIUE,CARROLTON,IL,,,,,irs_990pf
BLAKE STRUBLE SIUE,CARROLLTON,IL,,,,,irs_990pf
TORI CASELTON LEWIS CLAKR CC,CARROLLTON,IL,,,,,irs_990pf
BRENDON STEINACHER LEWIS CLARK CC,CARROLTON,IL,,,,,irs_990pf
BRENDEN CUSTER LEWIS CLARK CC,CARROLLTON,IL,,,,,irs_990pf
HANNAH KRUMWIEDE ILLINOIS COLLEGE,CARROLLTON,IL,,,,,irs_990pf
CARLEY PYATT LEWIS CLARK CC,CARROLLTON,IL,,,,,irs_990pf
CALEB WADE BLACKBURN COLLEGE,CARROLLTON,IL,,,,,irs_990pf
SAVANNAH WATTS U OF SOUTHERN INDIAN,CARROLLTON,IL,,,,,irs_990pf
WADE PROUGH WESTERN ILLINOIS UNIV,CARROLLTON,IL,,,,,irs_990pf
MADISON MOUNTAIN LINCOLN LAND CC,CARROLTON,IL,,,,,irs_990pf
NOAH SHARROW SIUE,CARROLLTON,IL,,,,,irs_990pf
CHARLES HELTON IV LEWIS CLARK CC,CARROLLTON,IL,,,,,irs_990pf
ISAAC E COX LEADVILLECOLORADO MTN C,CARROLLTON,IL,,,,,irs_990pf
NOAH ROBINSON LEWIS CLARK CC,ELDRED,IL,,,,,irs_990pf
PHILLIP WATERS WESTERN GOVERNORS UN,NORMAL,IL,,,,,irs_990pf
KAYLA SCHMIDT UNIVERSITY OF ILLINOI,CARROLLTON,IL,,,,,irs_990pf
EMILY MORAN BLACKBURN COLLEGE,CARROLLTON,IL,,,,,irs_990pf
EMMA CURTNER SIUE,CARROLLTON,IL,,,,,irs_990pf
MCKAYLA SCHNETTGOECKE SIUE,CARROLLTON,IL,,,,,irs_990pf
KYLE WATERS LEWIS CLARK CC,CARROLLTON,IL,,,,,irs_990pf
JACOB DECKER LEWIS CLARK CC,CARROLLTON,IL,,,,,irs_990pf
HOPE HENSON LEWIS CLARK CC,CARROLLTON,IL,,,,,irs_990pf
KASANDRA REITER LEWIS CLARK CC,KANE,IL,,,,,irs_990pf
HOLLY SCHNETTGOECKE U OF SPA COSMET,CARROLLTON,IL,,,,,irs_990pf
LANE SCHNETTGOECKE SIUE,CARROLLTON,IL,,,,,irs_990pf
BRENDAN SETTLES RANKEN TECHNICAL CO,CARROLLTON,IL,,,,,irs_990pf
KOLTON BOTTOM ILLINOIS COLLEGE,CARROLLTON,IL,,,,,irs_990pf
JERRETT SMITH QUINCY UNIVERSITY,CARROLLTON,IL,,,,,irs_990pf
ALEXIS CARROLL LINCOLN LAND CC,CARROLLTON,IL,,,,,irs_990pf
JACOB STENDEBACK SIUE,CARROLLTON,IL,,,,,irs_990pf
EMILY STRUBLE ROSE HULMAN INST OF T,CARROLLTON,IL,,,,,irs_990pf
KAITLYN GRAY MARYVILLE UNIVERSITY,CARROLLTON,IL,,,,,irs_990pf
MACY WADE EVANGEL UNIVERSITY,CARROLLTON,IL,,,,,irs_990pf
NATHAN WALKER ROSE HULMAN INST OF T,CARROLLTON,IL,,,,,irs_990pf
JASON CROCHETT WESTERN MICHIGAN UNI,CARROLLTON,IL,,,,,irs_990pf
MELIA SIBLEY WESTEN GOVERNOR S UNIV,CARROLLTON,IL,,,,,irs_990pf
EMILY SCHMIDT LINCOLN LAND CC,CARROLLTON,IL,,,,,irs_990pf
ALAMEDA COUNTY COMMUNITY FOOD BANK,OAKLAND,CA,,,,,irs_990pf
GOLDEN GATE AUDUBON SOCIETY,BERKELEY,CA,,,,,irs_990pf
SOCIETY FOR SCIENCE PUBLIC,WASHINGTON,DC,,,,,irs_990pf
THE PENN FUND,PHILADELPHIA,PA,,,,,irs_990pf
THE STANFORD FUND,STANFORD,CA,,,,,irs_990pf
UNIVERSITY OF PENNSYLVANIA SCHOOL OF MEDICINE,PHILADELPHIA,PA,,,,,irs_990pf
SCHWAB CHARITABLE,ORLANDO,FL,,,,,irs_990pf
WALLY OAKLAND MEMORIAL FUND,HAMPTON BAYS,NY,,,,,irs_990pf
THE LEXIEBEAN FOUNDATION,PLAINVIEW,NY,,,,,irs_990pf
THE CAUMSETT FOUNDATION,HUNTINGTON,NY,,,,,irs_990pf
SHOE4AFRICA,NEW YORK,NY,,,,,irs_990pf
METAVIVOR RESEARCH AND SUPPORT INC,ANNAPOLIS,MD,,,,,irs_990pf
WESTHAMPTON BEACH LACROSSE CLUB INC,WESTHAMPTON BEACH,NY,,,,,irs_990pf
BROOKLYN CHILDREN S MUSEUM,BROOKLYN,NY,,,,,irs_990pf
THE GUILD OF ST FRANCIS HOSPITAL,ROSLYN,NY,,,,,irs_990pf
LIVEONNY FOUNDATION - DONATE EIGHT,NEW YORK,NY,,,,,irs_990pf
SPECIAL OLYMPICS OF NEW YORK,ALBANY,NY,,,,,irs_990pf
FARMINGDALE COLLEGE FOUNDATION,FARMINGDALE,NY,,,,,irs_990pf
A MOTHER S KISS,RIDGE,NY,,,,,irs_990pf
AGC SCHOLARSHIP FUND,ARLINGTON,VA,,,,,irs_990pf
SUFFOLK COUNTY POLICE MEMORIAL FUND,HOLBROOK,NY,,,,,irs_990pf
UNIVERSITY SPORTS PUBLICATIONS,ELMONT,NY,,,,,irs_990pf
FPWR,WALNUT,CA,,,,,irs_990pf
PINK AID INC,WESTPORT,CT,,,,,irs_990pf
OASIS - A HAVEN FOR WOMEN CHILDREN,PATERSON,NJ,,,,,irs_990pf
OLD TAPPAN FIRE DEPARTMENT,OLD TAPPAN,NJ,,,,,irs_990pf
TSLI - HOUSING,BRENTWOOD,NY,,,,,irs_990pf
LOCAL 282 SCHOLARSHIP FUND,LAKE SUCCESS,NY,,,,,irs_990pf
KIDS OF LOCAL 14,FLUSHING,NY,,,,,irs_990pf
ST ANTHONY S HIGH SCHOOL,SOUTH HUNTINGTON,NY,,,,,irs_990pf
IUOE LOCAL 137 SCHOLARSHIP FUND,BRIARCLIFF MANOR,NY,,,,,irs_990pf
HUNTINGTON YMCA,HUNTINGTON,NY,,,,,irs_990pf
NASSAU COUNTY DETECTIVES ASSOCIATION,PLAINVIEW,NY,,,,,irs_990pf
CITIZENS CAMPAIGN FOR THE ENVIRONMENT,FARMINGDALE,NY,,,,,irs_990pf
ASCE METROPOLITAN SECTION AMERICAN SOCIETY OF ENGINEERS,NEW YORK,NY,,,,,irs_990pf
LICADD,MINEOLA,NY,,,,,irs_990pf
OUTREACH PROJECT,RICHMOND HILL,NY,,,,,irs_990pf
ADSC,IRVING,TX,,,,,irs_990pf
GILDA S CLUB OF NEW YORK CITY,NEW YORK,NY,,,,,irs_990pf
CATHOLIC FAITH NETWORK,UNIONDALE,NY,,,,,irs_990pf
THE PBA OF THE NEW YORK STATE TROOPERS,ALBANY,NY,,,,,irs_990pf
RIVAL SPORTS GROUP,BEVERLY HILLS,CA,,,,,irs_990pf
SCO FAMILY SERVICES,GLEN COVE,NY,,,,,irs_990pf
ALEX S LEMONADE STAND FOUNDATION FOR CHILDHOOD CANCER,BALA CYNWYD,PA,,,,,irs_990pf
COOLEY S ANEMIA FOUNDATION INC,NEW YORK,NY,,,,,irs_990pf
IUOE LOCAL 15 CHARITABLE TRUST,LONG ISLAND CITY,NY,,,,,irs_990pf
STAR LEGACY FOUNDATION,EDEN PRAIRIE,MN,,,,,irs_990pf
CYCLE FOR SURVIVAL,NEW YORK,NY,,,,,irs_990pf
ROCKVILLE CENTRE AMERICAN LEGION,ROCKVILLE CENTRE,NY,,,,,irs_990pf
HUNTERS POINT PARKS CONSERVANCY,LONG ISLAND CITY,NY,,,,,irs_990pf
SOUTHSIDE HOSPITAL,BAY SHORE,NY,,,,,irs_990pf
MILITARY FRIENDS FOUNDATION,BOSTON,MA,,,,,irs_990pf
CROHN S COLITIS FOUNDATION,GARDEN CITY,NY,,,,,irs_990pf
THE CHILDREN S HEART FOUNDATION,NORTHBROOK,IL,,,,,irs_990pf
ST JUDE CHILDREN S RESEARCH HOSPITAL,NEW YORK,NY,,,,,irs_990pf
UNITED WAY OF LONG ISLAND,DEER PARK,NY,,,,,irs_990pf
LABORERS LOCAL 66 CHARITABLE CORP,MELVILLE,NY,,,,,irs_990pf
JTM FOUNDATION,PORT JEFFERSON,NY,,,,,irs_990pf
MANHATTAN COLLEGE,BRONX,NY,,,,,irs_990pf
LOCAL UNION 1556,NEW YORK,NY,,,,,irs_990pf
THE JEWISH BOARD OF FAMILY AND CHILDREN S SERVICES,NEW YORK,NY,,,,,irs_990pf
NORTHSIDE CENTER FOR CHILD DEVELOPMENT INC,NEW YORK,NY,,,,,irs_990pf
NEPHCURE KIDNEY INTERNATIONAL INC,KING OF PRUSSIA,PA,,,,,irs_990pf
ST JOHN S OF LATTINGTOWN,LOCUST VALLEY,NY,,,,,irs_990pf
NYU WINTHROP HOSPITAL,MINEOLA,NY,,,,,irs_990pf
NEW YORK BUILDING FOUNDATION,NEW YORK,NY,,,,,irs_990pf
FAMILY SERVICE LEAGUE,HUNTINGTON,NY,,,,,irs_990pf
LOCAL 138 CLEARANCE ACCOUNT,FARMINGDALE,NY,,,,,irs_990pf
KIDS FOR KIDS FOUNDATION,NEW YORK,NY,,,,,irs_990pf
GREATER NEW YORK COUNCILS BSA,NEW YORK,NY,,,,,irs_990pf
CHILDREN S SPECIALIZED HOSPITAL FOUNDATION,MOUNTAINSIDE,NJ,,,,,irs_990pf
NONTRADITIONAL EMPLOYMENT FOR WOMEN,NEW YORK,NY,,,,,irs_990pf
THE MAURER FOUNDATION,MELVILLE,NY,,,,,irs_990pf
TOWN OF BABYLON INDUSTRIAL DEVELOPMENT,BABYLON,NY,,,,,irs_990pf
STONY BROOK FOUNDATION,STONY BROOK,NY,,,,,irs_990pf
NASSAU COUNTY MUSEUM OF ART,ROSLYN HARBOR,NY,,,,,irs_990pf
SPORTSMEN FOR CHARITY,NEW YORK,NY,,,,,irs_990pf
CU FOUNDATION,DENVER,CO,,,,,irs_990pf
PAL-O-MINE EQUESTRIAN INC,ISLANDIA,NY,,,,,irs_990pf
NYLCV EDUCATION FUND,NEW YORK,NY,,,,,irs_990pf
HOSPICE CARE NETWORK,WOODBURY,NY,,,,,irs_990pf
AMARILLO AREA FOUNDATION,AMARILLO,TX,,,,,irs_990pf
AMARILLO MUSEUM OF ART,AMARILLO,TX,,,,,irs_990pf
AMARILLO COLLEGE FOUNDATION,AMARILLO,TX,,,,,irs_990pf
AMARILLO OPERA,AMARILLO,TX,,,,,irs_990pf
CAL FARLEY S BOYS RANCH,AMARILLO,TX,,,,,irs_990pf
CARE NET,AMARILLO,TX,,,,,irs_990pf
CITY CHURCH OUTREACH MINISTRY,AMARILLO,TX,,,,,irs_990pf
DOWNTOWN WOMEN S CENTER,AMARILLO,TX,,,,,irs_990pf
GREATER EUROPE MISSION,MONUMENT,CO,,,,,irs_990pf
HEAL THE CITY,AMARILLO,TX,,,,,irs_990pf
MEALS ON WHEELS OF AMARILLO,AMARILLO,TX,,,,,irs_990pf
NAVIGATORS,AMARILLO,TX,,,,,irs_990pf
NEW TRIBES MISSION INC,SANFORD,FL,,,,,irs_990pf
OPPORTUNITY SCHOOL,AMARILLO,TX,,,,,irs_990pf
PANHANDLE PLAINS HISTORICAL MUSEUM,CANYON,TX,,,,,irs_990pf
SAMARITAN S PURSE INTL RELIEF,BOONE,NC,,,,,irs_990pf
SIM USA INC,CHARLOTTE,NC,,,,,irs_990pf
SPECIAL OLYMPICS TEXAS-WEST REGION,AMARILLO,TX,,,,,irs_990pf
SPEIRO LEGACIES,AMARILLO,TX,,,,,irs_990pf
UNITED WAY,AMARILLO,TX,,,,,irs_990pf
THE INSTITUTE FOR PALESTINE STUDIES USA INC,WASHINGTON,DC,,,,,irs_990pf
MORAVIAN CH NORTHERN PROVINCE,BETHLEHEM,PA,,,,,irs_990pf
UNVERSITY OF FLORIDA,GAINESVILLE,FL,,,,,irs_990pf
INDIAN RIVER STATE COLLEGE,FORT PIERCE,FL,,,,,irs_990pf
DARTHMOUTH COLLEGE,HANOVER,NH,,,,,irs_990pf
CARROLL COUNTY ECONOMIC DEVELOPMENT,CARROLLTON,GA,,,,,irs_990pf
UNIVERSITY OF WEST GEORGIA FOUNDATI,CARROLLTON,GA,,,,,irs_990pf
FERST FOUNDATION OF HARALSON CO,BREMEN,GA,,,,,irs_990pf
TANNER MEDICAL FOUNDATION,CARROLLTON,GA,,,,,irs_990pf
LAKE JUNALUSKA,LAKE JUNALUSKA,NC,,,,,irs_990pf
YOUNG LIFE,PRESCOTT,AZ,,,,,irs_990pf
UNITED WAY OF NEW YORK CITY,New York,NY,,,,,irs_990pf
BOYS AND GIRLS CLUB AMERICA,Atlanta,GA,,,,,irs_990pf
CHILDRENS DEFENSE FUND,Washington,DC,,,,,irs_990pf
AKIVA HEBREW DAY SCHOOL,SOUTHFIELD,MI,,,,,irs_990pf
CONGREGATION SHOMREI EMUNAH,SOUTHFIELD,MI,,,,,irs_990pf
FREE,OAK PARK,MI,,,,,irs_990pf
JARC,FARMINGTON HILLS,MI,,,,,irs_990pf
JEWISH DENTAL CLINIC,SOUTHFIELD,MI,,,,,irs_990pf
KOLLEL INSTITUTE,OAK PARK,MI,,,,,irs_990pf
MATAN B SETER DETROIT,OAK PARK,MI,,,,,irs_990pf
TZEDAKA ENHANCEMENT PROJECT,OAK PARK,MI,,,,,irs_990pf
YAD EZRA,BERKLEY,MI,,,,,irs_990pf
YOUNG ISRAEL OF AVENTURA,AVENTURA,FL,,,,,irs_990pf
VARIOUS CHARITIES UNDER 500,SOUTHFIELD,MI,,,,,irs_990pf
JCS KOSHER FOOD BANK,NORTH MIAMI BEACH,FL,,,,,irs_990pf
YOUNG ISRAEL OF OAK PARK,OAK PARK,MI,,,,,irs_990pf
YAD L ACHIM,NEW YORK,NY,,,,,irs_990pf
NCSY,SOUTHFIELD,MI,,,,,irs_990pf
BONEI OLAM,BROOKLYN,NY,,,,,irs_990pf
BETH OLOTH,BROOKLYN,NY,,,,,irs_990pf
AVENTURA SHUL,AVENTURA,FL,,,,,irs_990pf
ATARA GIRLS SCHOOL,CINCINNATI,OH,,,,,irs_990pf
AHAVAS YISROEL,BALTIMORE,MD,,,,,irs_990pf
MISSOURI TORAH INSTITUTE,CHESTERFIELD,MO,,,,,irs_990pf
JEWISH FAMILY SERVICE,WEST BLOOMFIELD,MI,,,,,irs_990pf
DETROIT CHESSED PROJECT,SOUTHFIELD,MI,,,,,irs_990pf
AGUDAS YISROEL,AVENTURA,FL,,,,,irs_990pf
LEV SIMCHA,MONSEY,NY,,,,,irs_990pf
LEV LALEV ORPHANS HOME,MONSEY,NY,,,,,irs_990pf
ZICHRON FOUNDATION,SOUTHFIELD,MI,,,,,irs_990pf
COMMUNITY FOUNDATION OF SLO COUNTY,SAN LUIS OBISPO,CA,,,,,irs_990pf
AM YISRAEL,NORTHFIELD,IL,,,,,irs_990pf
AUDITORIUM THEATRE ROOSEVELT UNIVERSITY,CHICAGO,IL,,,,,irs_990pf
CJE SENIOR LIFE,CHICAGO,IL,,,,,irs_990pf
FOR AUTISTIC KIDS,GLENVIEW,IL,,,,,irs_990pf
GIRF,CHICAGO,IL,,,,,irs_990pf
GLENKIRK,NORTHBROOK,IL,,,,,irs_990pf
IBIS CHARITIES FOUNDATION,WEST PALM BEACH,FL,,,,,irs_990pf
ILLINOIS PGA FOUNDATION,GLENVIEW,IL,,,,,irs_990pf
JUF,CHICAGO,IL,,,,,irs_990pf
KESHET,NORTHBROOK,IL,,,,,irs_990pf
LES TURNER ALS FOUNDATION,SKOKIE,IL,,,,,irs_990pf
THE ARK,NORTHBROOK,IL,,,,,irs_990pf
THE HELPING HANDS NETWORK,NORTHBROOK,IL,,,,,irs_990pf
THE NEW REFORM CONGREGATION KADIMA,DEERFIELD,IL,,,,,irs_990pf
THE NORA PROJECT,HIGHLAND PARK,IL,,,,,irs_990pf
THE Y-NOT PROJECT,CINCINNATI,OH,,,,,irs_990pf
TRUE BLUE DOGS,WOODSTOCK,IL,,,,,irs_990pf
VETERANS IN NEED FOUNDATION,POMPANO BEACH,FL,,,,,irs_990pf
AMERICAN CANCER SOCIETY,JACKSON,MS,,,,,irs_990pf
BIG BROTHERS,LEBANON,TN,,,,,irs_990pf
BROOKS HOUSE,LEBANON,TN,,,,,irs_990pf
CEDAR SENIORS,LEBANON,TN,,,,,irs_990pf
CUMBERLAND UNIVERSITY,LEBANON,TN,,,,,irs_990pf
LEBANON SENIOR CITIZENS,LEBANON,TN,,,,,irs_990pf
MUSCULAR DYSTROPHY ASSOCIATION,NASHVILLE,TN,,,,,irs_990pf
RONALD MCDONALD HOUSE,NASHVILLE,TN,,,,,irs_990pf
WILSON CO COMMUNITY HELP CENTER,LEBANON,TN,,,,,irs_990pf
WILSON COUNTY CHRISTMAS FOR ALL,LEBANON,TN,,,,,irs_990pf
MIDDLE TENNESSEE STATE UNIVERSITY,MURFREESBORO,TN,,,,,irs_990pf
VOLUNTEER STATE COMMUNITY COLLEGE,GALLATIN,TN,,,,,irs_990pf
UNIVERSITY OF TENNESSEE,KNOXVILLE,TN,,,,,irs_990pf
BOOKS FROM BIRTH,LEBANON,TN,,,,,irs_990pf
HIWASSEE COLLEGE,MADISONVILLE,TN,,,,,irs_990pf
SHERRY S RUN,LEBANON,TN,,,,,irs_990pf
JOSEPH S STOREHOUSE,LEBANON,TN,,,,,irs_990pf
SPOON RIVER COLLEGE FOUNDATION,Canton,IL,,,,,irs_990pf
WILLOW GLEN SCHOOL MEDIA CTR,SAN JOSE,CA,,,,,irs_990pf
AMERICAN HEART ASSOC ORE AFFILIATE,BURLINGAME,CA,,,,,irs_990pf
IMAGINEPOSSIBILITIES INC,ALOHA,OR,,,,,irs_990pf
MUSCULAR DYSTROPHY ASSN-PORTLAND,PORTLAND,OR,,,,,irs_990pf
PACIFIC NORTHWEST COLLEGE OF ART,PORTLAND,OR,,,,,irs_990pf
ST JUDES,Memphis,TN,,,,,irs_990pf
KANKAKEE COUNTY HUMANE SOCIETY,St Anne,IL,,,,,irs_990pf
HERSCHER COMMUNITY UNIT DISTRICT 2,Herscher,IL,,,,,irs_990pf
MAKE A WISH,Chicago,IL,,,,,irs_990pf
HERSCHER FOUNTATION,Herscher,IL,,,,,irs_990pf
NM STATE FAIRS,Albuquerque,NM,,,,,irs_990pf
6 SCHOLARSHIPS,Albuquerque,NM,,,,,irs_990pf
PARKINSON ASSN OF THE ROCKIES,DENVER,CO,,,,,irs_990pf
TEL AVIV UNIVERSITY AMERFRIENDS,NEW YORK,NY,,,,,irs_990pf
ST GERTRUDE PARISH,CINCINNATI,OH,,,,,irs_990pf
WHEATON COLLEGE,NORTON,MA,,,,,irs_990pf
VILLANOVA UNIVERSITY,VILLANOVA,PA,,,,,irs_990pf
UNITED WAY,CINCINNATI,OH,,,,,irs_990pf
CINCINNATI ART MUSEUM,CINCINNATI,OH,,,,,irs_990pf
CIVIC GARDEN CENTER,CINCINNATI,OH,,,,,irs_990pf
NATL UNDERGRD RR FREEDOM CTR,CINCINNATI,OH,,,,,irs_990pf
SISTERS OF NOTRE DAME DE NAMUR,READING,OH,,,,,irs_990pf
ST XAVIER HIGH SCHOOL,CINCINNATI,OH,,,,,irs_990pf
GREGORIAN UNIVERSITY FOUNDATION,WASHINGTON,DC,,,,,irs_990pf
KENZIE S CLOSET,CINCINNATI,OH,,,,,irs_990pf
KEEP AMERICA BEAUTIFUL,CINCINNATI,OH,,,,,irs_990pf
LA SOUPE CINCINNATI,CINCINNATI,OH,,,,,irs_990pf
CINCINNATI SYMPHONY,CINCINNATI,OH,,,,,irs_990pf
HEARING SPEECH DEAF CENTER OF CINTI,CINCINNATI,OH,,,,,irs_990pf
CINCINNATI COUNTRY DAY SCHOOL,CINCINNATI,OH,,,,,irs_990pf
SUMMIT COUNTRY DAY SCHOOL,CINCINNATI,OH,,,,,irs_990pf
CISE FUND,CINCINNATI,OH,,,,,irs_990pf
ST FRANCIS-ST JOSEPH CATHOLIC WORKE,CINCINNATI,OH,,,,,irs_990pf
CINCINNATI WORKS,CINCINNATI,OH,,,,,irs_990pf
LIGHTHOUSE YOUTH SERVICES,CINCINNATI,OH,,,,,irs_990pf
MULTIPLE SCLEROSIS SOCIETY,CINCINNATI,OH,,,,,irs_990pf
CENTRAL CLINIC,CINCINNATI,OH,,,,,irs_990pf
KENNEBUNKPORT RIVER CLUB - ANCHOR F,KENNEBUNKPORT,ME,,,,,irs_990pf
EVANS SCHOLARSHIP,CINCINNATI,OH,,,,,irs_990pf
BOYS HOPE GIRLS HOPE OF CINCINNATI,CINCINNATI,OH,,,,,irs_990pf
CINCINNATI YOUTH COLLABORATIVE,CINCINNATI,OH,,,,,irs_990pf
KENNEBUNKPORT CONSERVATION TRUST,KENNEBUNKPORT,ME,,,,,irs_990pf
LADD INC,CINCINNATI,OH,,,,,irs_990pf
ST VINCENT DEPAUL,CINCINNATI,OH,,,,,irs_990pf
AMERICAN CANCER SOCIETY,CINCINNATI,OH,,,,,irs_990pf
CET,CINCINNATI,OH,,,,,irs_990pf
SHELTER FOR ABUSED WOMEN AND CHILDR,NAPLES,FL,,,,,irs_990pf
FRIARS CLUB OF CINCINNATI,CINCINNATI,OH,,,,,irs_990pf
CINCINNATI CHILDRENS HOSPITAL,CINCINNATI,OH,,,,,irs_990pf
GOODWILL IND OF THE INLAND NORTHWEST,Spokane,WA,,,,,irs_990pf
UNION GOSPEL MISSION ASSOCIATION,Spokane,WA,,,,,irs_990pf
INNOVIA FOUNDATION,Spokane,WA,,,,,irs_990pf
MONMOUTH COLLEGE,MONMOUTH,IL,,,,,irs_990pf
SINAI TEMPLE,LOS ANGELES,CA,,,,,irs_990pf
LOS ANGELES OPERA,LOS ANGELES,CA,,,,,irs_990pf
BOYS GIRLS CLUBS OF CENTRAL WYOMING,CASPER,WY,,,,,irs_990pf
CENTRAL WYOMING COUNCIL BOY SCOUTS,CASPER,WY,,,,,irs_990pf
FIRST UNITED METHODIST CHURCH,CASPER,WY,,,,,irs_990pf
GIRL SCOUTS OF MONTANA AND WYOMING,CASPER,WY,,,,,irs_990pf
WILLIAM AND CARRIE GOTTSCHE FOUNDATION,THERMOPOLIS,WY,,,,,irs_990pf
NATRONA COUNTY BLUE ENVELOPE HEALTH FUND,CASPER,WY,,,,,irs_990pf
WASHBURN ENDOWMENT ASSOCIATION,Topeka,KS,,,,,irs_990pf
JILL LUCAS,LAS VEGAS,NV,,,,,irs_990pf
ANA HALVERSON,STORY CITY,IA,,,,,irs_990pf
AUBURN PRESBYTERIAN CHURCH,AUBURN,IN,,,,,irs_990pf
CAMPUS CRUSADE FOR CHRIST BRIDGES INTERNATIONAL,ORLANDO,FL,,,,,irs_990pf
CHRISTIAN YOUTH THEATER OF WICHITA,WICHITA,KS,,,,,irs_990pf
CHURCH RESOURCE MINISTRIES,ANAHEIM,CA,,,,,irs_990pf
CLASSICAL SCHOOL OF WICHITA,WICHITA,KS,,,,,irs_990pf
DM STEARNS MISSIONARY FOUNDATION,NORTH WALES,PA,,,,,irs_990pf
EVANGELICAL COVENANT CHURCH,WICHITA,KS,,,,,irs_990pf
FAITH MAPPINGS,HIGHLANDS RANCH,CO,,,,,irs_990pf
FIRST COVENANT CHURCH,SALINA,KS,,,,,irs_990pf
FIRST EVANGELICAL FREE CHURCH,WICHITA,KS,,,,,irs_990pf
GLOBAL SIGNET GROUP,WICHITA,KS,,,,,irs_990pf
NORTH PARK UNIVERSITY,CHICAGO,IL,,,,,irs_990pf
OC INTERNATIONAL,COLORAD SPRINGS,CO,,,,,irs_990pf
PAUL CARLSON PARTNERSHIP,CHICAGO,IL,,,,,irs_990pf
THREE CANDELABRAS,MORRISON,CO,,,,,irs_990pf
UNION RESCUE MISSION,WICHITA,KS,,,,,irs_990pf
WHEATON COLLEGE DEPARTMENT OF PLANNED GIVING,WHEATON,IL,,,,,irs_990pf
WICHITA SYMPHONY SOCIETY,WICHITA,KS,,,,,irs_990pf
STEVENSON SCHOOL,PEBBLE BEACH,CA,,,,,irs_990pf
WILLY SCHAEFFLER SCHOLARSHIP FUND,DENVER,CO,,,,,irs_990pf
SKATE JOURNEYS,SEATTLE,WA,,,,,irs_990pf
AMERICAN LEGISLATIVE EXCHANGE COUNC,ARLINGTON,VA,,,,,irs_990pf
WATSONVILLE FILM FESTIVAL,WATSONVILLE,CA,,,,,irs_990pf
THE CENTER FOR THE BLUE ECONOMY FUN,MONTEREY,CA,,,,,irs_990pf
PANETTA INSTITUTE,MONTEREY BAY,CA,,,,,irs_990pf
RANCHO CIELO YOUTH CAMP,SALINAS,CA,,,,,irs_990pf
BAYLEAF BAPTIST CHURCH,RALEIGH,NC,,,,,irs_990pf
COMMUNITY MUSIC SCHOOL,RALEIGH,NC,,,,,irs_990pf
HUMAN COALITION FIRST CHOICE,FRISCO,TX,,,,,irs_990pf
INTERLOCKING MINISTRY,RALEIGH,NC,,,,,irs_990pf
NATIONAL CHRISTIAN FOUNDATION,RALEIGH,NC,,,,,irs_990pf
NEW LIFE CAMP,RALEIGH,NC,,,,,irs_990pf
NEW LIGHT BAPTIST CHURCH,WAKE FOREST,NC,,,,,irs_990pf
PLEASANT GROVE BAPTIST CHURCH,CREEDMOOR,NC,,,,,irs_990pf
SAVING GRACE ANIMALS FOR ADOPTION,WAKE FOREST,NC,,,,,irs_990pf
SOUTHEASTERN BAPTIST THEOLOGICAL SEMINARY,WAKE FOREST,NC,,,,,irs_990pf
TURNING POINT MINISTRIES,SAN DIEGO,CA,,,,,irs_990pf
UNC TV,RESEARCH TRIANGLE PARK,NC,,,,,irs_990pf
WAKE UNION BAPTIST CHURCH,WAKE FOREST,NC,,,,,irs_990pf
WINGATE UNIVERSITY,WINGATE,NC,,,,,irs_990pf
WOODLAND BAPTIST CHURCH,WAKE FOREST,NC,,,,,irs_990pf
LONG HOLLOW BAPTIST CHURCH,Hendersonville,TN,,,,,irs_990pf
UNIVERSITY OF TENNESSEE FOUNDATION,Knoxville,TN,,,,,irs_990pf
BELMONT UNIVERSITY BRUIN CLUB,NASHVILLE,TN,,,,,irs_990pf
THE BRIDGE MINISTRY,Nashville,TN,,,,,irs_990pf
BOYS AND GIRLS CLUB OF GREATER DBD,DUBUQUE,IA,,,,,irs_990pf
ST MARK YOUTH ENRICHMENT,DUBUQUE,IA,,,,,irs_990pf
ST PATRICKS CHURCH,DUBUQUE,IA,,,,,irs_990pf
RADIUS CHURCH DBA DBQ DREAM CENTER,DUBUQUE,IA,,,,,irs_990pf
OPENING DOORSMARIA HOUSE,DUBUQUE,IA,,,,,irs_990pf
OPENING DOORSTERESA SHELTER,DUBUQUE,IA,,,,,irs_990pf
DUBUQUE CO VETERAN AFFAIRS,DUBUQUE,IA,,,,,irs_990pf
MISC UNDER 5K EACH,VARIOUS,CA,,,,,irs_990pf
GRACE ST PETER S CHURCH,BALTIMORE,MD,,,,,irs_990pf
SOC FOR PREV OF CRUELTY ANIMALS,PHILADELPHIA,PA,,,,,irs_990pf
NORTH PHILADELPHIA HEALTH SYSTEM,PHILADELPHIA,PA,,,,,irs_990pf
PINNACLEHEALTH,HARRISBURG,PA,,,,,irs_990pf
CHRISTIANA CARE HLTH SERVICES,NEWARK,DE,,,,,irs_990pf
WEST POLICE DEPT,WEST,TX,,,,,irs_990pf
WEST ISD,WEST,TX,,,,,irs_990pf
WEST MINISTERIAL ALLIANCE,WEST,TX,,,,,irs_990pf
AQUILLA ISD,AQUILLA,TX,,,,,irs_990pf
WEST PUBLIC LIBRARY,WEST,TX,,,,,irs_990pf
ST MARY S CHURCHSCHOOL,WEST,TX,,,,,irs_990pf
WEST SENIOR MINISTRY,WEST,TX,,,,,irs_990pf
WEST VOLUNTEER FIRE DEPT,WEST,TX,,,,,irs_990pf
WEST KIWANIS CLUB,WEST,TX,,,,,irs_990pf
LEGACY WEST EDUCATION,WEST,TX,,,,,irs_990pf
WEST AMBULANCE SERVICE,WEST,TX,,,,,irs_990pf
HISTORY OF WEST MUSEUM,WEST,TX,,,,,irs_990pf
MMCLENNAN COUNTY LIVESTOCK,WACO,TX,,,,,irs_990pf
BOLD SPRINGS CEMETERY,WEST,TX,,,,,irs_990pf
WEST GIRL SCOUTS,WEST,TX,,,,,irs_990pf
WEST BOY SCOUTS,WEST,TX,,,,,irs_990pf
E H MAY ENVIRONMENTAL PARK ENDOWMENT FUND,SHEBOYGAN,WI,,,,,irs_990pf
FIRST CONGREGATIONAL CHURCH,SHEBOYGAN,WI,,,,,irs_990pf
JOHN MICHAEL KOHLER ARTS CENTER,SHEBOYGAN,WI,,,,,irs_990pf
NATURE CONSERVANCY OF WISCONSIN,MADISON,WI,,,,,irs_990pf
PLANNED PARENTHOOD OF WISCONSIN,MILWAUKEE,WI,,,,,irs_990pf
SHEBOYGAN COUNTY HUMANE SOCIETY,SHEBOYGAN,WI,,,,,irs_990pf
SHEBOYGAN RIVER BASIN,CLEVELAND,WI,,,,,irs_990pf
SHEBOYGAN SYMPHONY ORCHESTRA,SHEBOYGAN,WI,,,,,irs_990pf
STEFANIE WEILL CENTER FOR THE PERFORMING ARTS,SHEBOYGAN,WI,,,,,irs_990pf
WISCONSIN PUBLIC RADIO,MADISON,WI,,,,,irs_990pf
GOLDMAN SACHS PHILANTROPHY FUND,ALBANY,NY,,,,,irs_990pf
OHSU FOUNDATION,PORTLAND,OR,,,,,irs_990pf
SALVADOR BADILLO-RIOS,UPLAND,CA,,,,,irs_990pf
OPERATION FOOTPRINT,LOS ANGELES,CA,,,,,irs_990pf
UCI SAMUELI SCH OF ENGINEERING,IRVINE,CA,,,,,irs_990pf
VISIONS GLOBAL,LOS ANGELES,CA,,,,,irs_990pf
JDRF,SEATTLE,WA,,,,,irs_990pf
SEATTLE CHILDREN S HOSPITAL,SEATTLE,WA,,,,,irs_990pf
WE BELIEVE GUILD SEATTLE CHILDREN S HOSPITAL,SEATTLE,WA,,,,,irs_990pf
UNIVERSITY OF WASHINGTON SINEGAL FELLOWSHIP,SEATTLE,WA,,,,,irs_990pf
RAINIER SCHOLARS,SEATTLE,WA,,,,,irs_990pf
NORTHWEST AFRICAN AMERICAN MUSEUM,SEATTLE,WA,,,,,irs_990pf
STOLEN YOUTH,SEATTLE,WA,,,,,irs_990pf
MARY S PLACE,SEATTLE,WA,,,,,irs_990pf
RADY CHILDREN S HOSPITAL FOUNDATION,SAN DIEGO,CA,,,,,irs_990pf
APPALACHIAN VOICES,BOONE,VT,,,,,irs_990pf
INSTITUTE FOR SUSTAINABLE COMMUNITIES,MONTPELIER,VT,,,,,irs_990pf
FAIRBANKS MUSEUM AND PLANETARIUM,JOHNSBURY,VT,,,,,irs_990pf
HINESBURG COMMUNITY RESOURCE CENTER,HINESBURG,VT,,,,,irs_990pf
RESOURCE,BURLINGTON,VT,,,,,irs_990pf
CHAMPLAIN HOUSING TRUST,BURLINGTON,VT,,,,,irs_990pf
NATURE CONSERVANCY,Tucson,AZ,,,,,irs_990pf
HEARD MUSEUM,Phoenix,AZ,,,,,irs_990pf
CHURCH OF THE BEATITUDES,Phoenix,AZ,,,,,irs_990pf
UNIVERSITY OF NEVADA - LV,LAS VEGAS,NV,,,,,irs_990pf
UNIV OF HAWAII - MANOA,HONOLULU,HI,,,,,irs_990pf
PACIFIC LUTHERAN UNIVERSITY,TACOMA,WA,,,,,irs_990pf
UTAH STATE UNIVERSITY,LOGAN,UT,,,,,irs_990pf
SEE ATTACHED SCHEDULE,See Attached Sch,CA,,,,,irs_990pf
THE FISH OF ROSEBURG,ROSEBURG,OR,,,,,irs_990pf
YONCALLA YOUTH SPORTS,YONCALLA,OR,,,,,irs_990pf
CASA OF DOUGLAS COUNTY INC,ROSEBURG,OR,,,,,irs_990pf
UMPQUA VALLEY ARTS ASSOCIATION,ROSEBURG,OR,,,,,irs_990pf
CANYONVILLE CITY LIBRARY,CANYONVILLE,OR,,,,,irs_990pf
ST JOSEPH S COMMUNITY,ROSEBURG,OR,,,,,irs_990pf
THE FRIENDLY KITCHENMEALS ON WHEELS,ROSEBURG,OR,,,,,irs_990pf
OREGON CHILDREN S FDN DBA SMART,ROSEBURG,OR,,,,,irs_990pf
MERCY FOUNDATION,ROSEBURG,OR,,,,,irs_990pf
GLENDALE COMMUNITY LIBRARY,GLENDALE,OR,,,,,irs_990pf
AMERICAN LEGION UMPQUA POST 16,ROSEBURG,OR,,,,,irs_990pf
BOYS GIRLS CLUB OF UMPQUA VALLEY,ROSEBURG,OR,,,,,irs_990pf
VA PALO ALTO HEALTH CARE SYSTEM,PALO ALTO,CA,,,,,irs_990pf
BREAKTHROUGH SILICON VALLEY,SAN JOSE,CA,,,,,irs_990pf
BE A LEADER FOUNDATION,PHOENIX,AZ,,,,,irs_990pf
BELLARMINE COLLEGE PREPATORY,SAN JOSE,CA,,,,,irs_990pf
ST FRANCIS HIGH SCHOOL,MOUNTAIN VIEW,CA,,,,,irs_990pf
SCHOLARSHIP FUND OF SANTA BARBARA,SANTA BARBARA,CA,,,,,irs_990pf
SUNSHINE ACRES,MESA,AZ,,,,,irs_990pf
A21 CAMPAIGN OF CHARLOTTE,CHARLOTTE,NC,,,,,irs_990pf
AMERICAN CANCER SOCIETY CHARLESTON,NORTH CHARLESTON,SC,,,,,irs_990pf
BOYS CLUB OF WAKE COUNTY INC,RALEIGH,NC,,,,,irs_990pf
CHARLESTON PROMISE NEIGHBORHOOD,CHARLESTON,SC,,,,,irs_990pf
CHILDREN S MUSEUM OF THE LOWCOUNTRY,CHARLESTON,SC,,,,,irs_990pf
COASTAL COMMUNITY FOUNDATION,CHARLESTON,SC,,,,,irs_990pf
DEE NORTON LOWCOUNTRY CHILDREN S CENTER INC,CHARLESTON,SC,,,,,irs_990pf
FOOD BANK OF CENTRAL AND EASTERN NORTH CAROLINA INC,RALEIGH,NC,,,,,irs_990pf
LOURIE CENTER FOR CHILDREN S SOCIAL AND EMOTIONAL WELLNESS,ROCKVILLE,MD,,,,,irs_990pf
LOWCOUNTRY ORPHAN RELIEF,NORTH CHARLESTON,SC,,,,,irs_990pf
OPEN ARMS CHILDCARE MINISTRIES,CHULA VISTA,CA,,,,,irs_990pf
READING PARTNERS - SOUTH CAROLINA,NORTH CHARLESTON,SC,,,,,irs_990pf
SECOND HARVEST FOOD BANK OF COASTAL GEORGIA INC,SAVANNAH,GA,,,,,irs_990pf
TRIDENT UNITED WAY INC,NORTH CHARLESTON,SC,,,,,irs_990pf
TULSA HILLS YOUTH RANCH,TULSA,OK,,,,,irs_990pf
FLORENCE CRITTENTION PROGRAM OF SOUTH CAROLINA,CHARLESTON,SC,,,,,irs_990pf
FOUNDATION FOR APPALACHIAN KENTUCKY,HAZARD,KY,,,,,irs_990pf
SEE LIST OF GRANTS PAID FOR 2019,Brooklyn,OH,,,,,irs_990pf
NAT L MULTIPLE SCLEROSIS SOCIETY -,CHICAGO,IL,,,,,irs_990pf
GOODMAN THEATRE,CHICAGO,IL,,,,,irs_990pf
CYSTIC FIBROSIS FOUNDATION,CHICAGO,IL,,,,,irs_990pf
JUNIOR ACHIEVEMENT OF CHICAGO,CHICAGO,IL,,,,,irs_990pf
CLEVELAND CLINIC,CLEVELAND,OH,,,,,irs_990pf
YMCA OF METRO CHICAGO,CHICAGO,IL,,,,,irs_990pf
GLENWOOD ACADEMY,GLENWOOD,IL,,,,,irs_990pf
THE BLUE CARD,NEW YORK,NY,,,,,irs_990pf
BUTTERFIELD SCHOLARSHIP FOUNDATION,,,,,,,irs_990pf
MISERICORDIA,CHICAGO,IL,,,,,irs_990pf
BRAIN RESEARCH FOUNDATION,CHICAGO,IL,,,,,irs_990pf
LA ASOCIATION DE HOSPITALES Y CLINICAS CHRISTIANAS DE QUATEMALA,,,,,,,irs_990pf
ISLAMIC FOUNDATION,VILLA PARK,IL,,,,,irs_990pf
CITIZENS USA FOUNDATION,ELK GROVE VILLAGE,IL,,,,,irs_990pf
FREE SPEECH TV,DENVER,CO,,,,,irs_990pf
INDIAN AMERICAN COUNCIL,MORTON GROVE,IL,,,,,irs_990pf
ISLAMIC SOCIETY OF MICHINA,SOUTH BEND,IN,,,,,irs_990pf
SISTERHOOD OF SALAAM SHALOM,NORT HBRUNSWICK,NJ,,,,,irs_990pf
LEUKEMIA LYMPHOMA SOCIETY,CHICAGO,IL,,,,,irs_990pf
ELMHURST ROTARY CHARITABLE TRUST FUND,ELMHURST,IL,,,,,irs_990pf
CHILDREN UP,CHICAGO,IL,,,,,irs_990pf
MASJID AL-FAROOQ MOSQUE,CHICAGO,IL,,,,,irs_990pf
COUNCIL FOR AMERICAN ISLAMIC RELATIONS,CHICAGO,IL,,,,,irs_990pf
INDIAN MUSLIM EDUCATION FOUNDATION,DOWNERS GROVE,IL,,,,,irs_990pf
HELPING HANDS,CHICAGO,IL,,,,,irs_990pf
ISLAMIC RELIEF,PALOS HILLS,IL,,,,,irs_990pf
JUSTICE FOR ALL,CHICAGO,IL,,,,,irs_990pf
HELP THE WORLD,INDIANAPOLIS,IN,,,,,irs_990pf
MOSQUE OF OMER,CHICAGO,IL,,,,,irs_990pf
URDU INSTITUTE,STREAMWOOD,IL,,,,,irs_990pf
SOUND VISION FOUNDATION,CHICAGO,IL,,,,,irs_990pf
ALIGARH ALUMNI ASSOCIATION,CLARKSVILLE,MD,,,,,irs_990pf
COSLEY FOUNDATION,WHEATON,IL,,,,,irs_990pf
AARA,MOLINE,IL,,,,,irs_990pf
BOYS AND GIRLS CLUBS,CHICAGO,IL,,,,,irs_990pf
AMERICAN ASSOCIATIONS OF UNIVERSITY,WASHINGTON,DC,,,,,irs_990pf
AMERICAN ASSOCIATION OF UNIVERSITY WOMEN,CRYSTAL LAKE,IL,,,,,irs_990pf
FAMILY TOUCH INC,LITTLE FERRY,NJ,,,,,irs_990pf
GARDEN STATE OPERA,CLIFTON,NJ,,,,,irs_990pf
KOREAN COMMUNITY CENTER,TENAFLY,NJ,,,,,irs_990pf
NEW YORK CLASSICAL PLAYERS,UNION CITY,NJ,,,,,irs_990pf
HANNAH JU,NEW YORK,NY,,,,,irs_990pf
BEL CANTO SOCIETY INC,NEW YORK,NY,,,,,irs_990pf
BERGEN COUNTY PLOICE CHIEFS ASSOCIA,PARAMUS,NJ,,,,,irs_990pf
JENNA KO,FORT LEE,NJ,,,,,irs_990pf
JM INSPIRED DESIGN CORPORATION,LOS ANGELES,CA,,,,,irs_990pf
SHOW ME YOUR HEART FOUNDATION INC,FRANKLIN LAKES,NJ,,,,,irs_990pf
VISION CARE USA INC,NEW YORK,NY,,,,,irs_990pf
YTN RADIO USA INC,LOS ANGELES,CA,,,,,irs_990pf
BRIDGES - PREGNANCY CLINIC CARE CEN,SANTA ROSA,CA,,,,,irs_990pf
REDWOOD EMPIRE FOOD BANK,SANTA ROSA,CA,,,,,irs_990pf
HABITAT FOR HUMANITY,SANTA ROSA,CA,,,,,irs_990pf
THE ROCKEFELLER UNIVERSITY,NEW YORK,NY,,,,,irs_990pf
TUFTS UNIV SCHOOL OF MEDICINE,BOSTON,MA,,,,,irs_990pf
HEALTH RESEARCH INC,MENANDS,NY,,,,,irs_990pf
NEW HAMPSHIRE PUBLIC RADIO,CONCORD,NH,,,,,irs_990pf
CITIZEN CLIMATE EDUCATION,CORONADO,CO,,,,,irs_990pf
SOUTH CHURCH UNITARIAN UNIVERSALIST,PORTSMOUTH,NH,,,,,irs_990pf
MCLEAN HOSPITAL,BELMONT,MA,,,,,irs_990pf
NAMI,ARLINGTON,VA,,,,,irs_990pf
LESS SCHOLARSHIPS RETURNED,NASHVILLE,TN,,,,,irs_990pf
SEE ATTACHMENT 3,NASHVILLE,TN,,,,,irs_990pf
COMFORT CARES,ROCKVILLE,MD,,,,,irs_990pf
LONG ISLAND CARES,HAUPPAUGE,NY,,,,,irs_990pf
WELCOME HOME HEROES,FARMINGDALE,NY,,,,,irs_990pf
BLACK HORSE FORGE,STAFFORD,VA,,,,,irs_990pf
THE NY FOUNDLING,NEW YORK,NY,,,,,irs_990pf
FAITH IN ACTION,GREENSBORO,NC,,,,,irs_990pf
UNIVERSITY OF NC AT CHAPEL HILL,CHAPEL HILL,NC,,,,,irs_990pf
BLOWING ROCK CHARITY HORSE SHOW FOUNDATION,BLOWING ROCK,NC,,,,,irs_990pf
NCCJ OF THE PIEDMONT TRIAD INC,GREENSBORO,NC,,,,,irs_990pf
PAUL J CIENER BOTANICAL GARDEN,KERNERSVILLE,NC,,,,,irs_990pf
GREENSBORO CHILDREN S MUSEUM,GREENSBORO,NC,,,,,irs_990pf
FIRST PRESBYTERIAN CHURCH,GREENSBORO,NC,,,,,irs_990pf
HOSPICE AT GREENSBORO INC,GREENSBORO,NC,,,,,irs_990pf
ANIMAL FOSTER RESCUE PROGRAM INC,GREENSBORO,NC,,,,,irs_990pf
SHELTERING HANDS INC,WILLISTON,FL,,,,,irs_990pf
MUSTARD SEED COMMUNITY HEALTH,GREENSBORO,NC,,,,,irs_990pf
RED DOG FARM ANIMAL RESCUE NETWORK,GREENSBORO,NC,,,,,irs_990pf
MISCELLANEOUS ORGANIZATIONS,DULUTH,GA,,,,,irs_990pf
CITY OF ONEONTA,ONEONTA,NY,,,,,irs_990pf
SEE ATTACHED - INDIVIDUALS,VARIOUS,NC,,,,,irs_990pf
SEE ATTACHED - ORGANIZATIONS,VARIOUS,NC,,,,,irs_990pf
SEE ATTACHED - SCHOLARSHIPS,VARIOUS,NC,,,,,irs_990pf
NATIONAL MULTIPLE SCLEROSIS SOCIETY,DENVER,CO,,,,,irs_990pf
LAKES AREA FOOD SHELF INC,NISSWA,MN,,,,,irs_990pf
NEVADA COUNTY HABITAT FOR HUMANITY,GRASS VALLEY,CA,,,,,irs_990pf
BEAR YUBA LAND TRUST,GRASS VALLEY,CA,,,,,irs_990pf
GULL CHAIN OF LAKES ASSOCIATION,NISSWA,MN,,,,,irs_990pf
LAKES AREA HABITAT FOR HUMANITY,BRAINERD,MN,,,,,irs_990pf
GUILD INCORPORATED,ST PAUL,MN,,,,,irs_990pf
HEARTLAND ANIMAL RESCUE TEAM,BRAINERD,MN,,,,,irs_990pf
SURFRIDER FOUNDATION,SAN CLEMENTE,CA,,,,,irs_990pf
BOYS GIRLS CLUB OF SAN DIEGUITO,SOLANA BEACH,CA,,,,,irs_990pf
NAMI MINNESOTA,ST PAUL,MN,,,,,irs_990pf
UNITED STATES EQUESTRIAN FEDERATION INC,LEXINGTON,KY,,,,,irs_990pf
LAKESHORE CONSERVATION CLUB INC,NISSWA,MN,,,,,irs_990pf
CHILDREN S CANCER RESEARCH,MINNEAPOLIS,MN,,,,,irs_990pf
THE EDINA COMMUNITY FOUNDATION,EDINA,MN,,,,,irs_990pf
SKI GULL INC,NISSWA,MN,,,,,irs_990pf
BABINSKI FOUNDATION,PEQUOT LAKES,MN,,,,,irs_990pf
ANTI-DEFANATION LEAGUE,NEW YORK,NY,,,,,irs_990pf
BRYN MAWR FILM INSTITUTE,BRYN MAWR,PA,,,,,irs_990pf
FREE LIBRARY FOUNDATION - FREE LIBRARY OF PHILADELPHIA,PHILADELPHIA,PA,,,,,irs_990pf
PLANNED PARENTHOOD OF SOUTHEASTERN PENNSYLVANIA,PHILADELPHIA,PA,,,,,irs_990pf
THE BALDWIN SCHOOL,BRYN MAWR,PA,,,,,irs_990pf
WHYY INC,PHILADELPHIA,PA,,,,,irs_990pf
SEE,SIOUX CITY,IA,,,,,irs_990pf
CHILDREN S TUMOR FOUNDATI,LITTLE ROCK,AR,,,,,irs_990pf
CHS FOUNDATION,LITTLE ROCK,AR,,,,,irs_990pf
SCULPTURE AT THE RIVER MARKET,LITTLE ROCK,AR,,,,,irs_990pf
MOUNT ST MARY FOUNDATION,LITTLE ROCK,AR,,,,,irs_990pf
HOLY SOULS SCHOOL PTO,LITTLE ROCK,AR,,,,,irs_990pf
MIRACLE LEAGUE OF ARKANSAS,LITTLE ROCK,AR,,,,,irs_990pf
COSMOPOLITAN FOUNDATION,LITTLE ROCK,AR,,,,,irs_990pf
CAMP ALDERSGATE,LITTLE ROCK,AR,,,,,irs_990pf
GIRL SCOUTS,LITTLE ROCK,AR,,,,,irs_990pf
QUAPAW COUNCIL OF BOY SCOUTS OF AME,LITTLE ROCK,AR,,,,,irs_990pf
ARKANSAS ZOOLOGICAL FOUNDATION,LITTLE ROCK,AR,,,,,irs_990pf
POTLUCK,LITTLE ROCK,AR,,,,,irs_990pf
ADOPT A FAMILY OF MARIN,SAN RAFAEL,CA,,,,,irs_990pf
ASPIRE PUBLIC SCHOOL,OAKLAND,CA,,,,,irs_990pf
BRIDGE THE GAP COLLEGE PREP,MARIN CITY,CA,,,,,irs_990pf
GLIDE MEMORIAL FOUNDATION,SAN FRANCISCO,CA,,,,,irs_990pf
LITTLE MOUNTAIN PRESCHOOL,SAN ANSELMO,CA,,,,,irs_990pf
MARIN ART GARDEN CENTER,ROSS,CA,,,,,irs_990pf
MEMORIAL SLOAN KETTERING CANCER,HAGERSTOWN,MD,,,,,irs_990pf
NEWYORK-PRESBYTERIAN HOSPITAL,NEW YORK,NY,,,,,irs_990pf
OREGON SHAKESPEARE FESTIVAL,ASHLAND,OR,,,,,irs_990pf
POSSE FOUNDATION OF BAY AREA,SAN FRANCISCO,CA,,,,,irs_990pf
ROSS PROPERTY OWNERS ASSOCIATION,ROSS,CA,,,,,irs_990pf
ROSS SCHOOL FOUNDATION,ROSS,CA,,,,,irs_990pf
ROSS VALLEY NURSERY SCHOOL,KENTFIELD,CA,,,,,irs_990pf
ROYA DEL PINO LIBRARY,ROSS,CA,,,,,irs_990pf
SAN DOMENICO SCHOOL ANNUAL FUND,SAN ANSELMO,CA,,,,,irs_990pf
SF MARIN FOOD BANK,SAN FRANCISCO,CA,,,,,irs_990pf
ST JOHNS EPISCOPAL CHURCH,ROSS,CA,,,,,irs_990pf
SUCCESS ACADEMY CHARTER SCHOOLS,NEW YORK,NY,,,,,irs_990pf
THE BRANSON SCHOOL,NOVATO,CA,,,,,irs_990pf
UC BERKELEY FOUNDATION FOOD PANTRY,BERKELEY,CA,,,,,irs_990pf
WHEATON FUND,NORTON,MA,,,,,irs_990pf
ARKANSAS ARTS CENTER,LITTLE ROCK,AR,,,,,irs_990pf
RONALD MCDONALD HOUSE,PROVIDENCE,RI,,,,,irs_990pf
SALVATION ARMY,CRANSTON,RI,,,,,irs_990pf
WOMEN S INFANTS DEV FUND,PROVIDENCE,RI,,,,,irs_990pf
R I COMMUNITY FOOD BANK,PROVIDENCE,RI,,,,,irs_990pf
SAN MIGUEL SCHOOL,PROVIDENCE,RI,,,,,irs_990pf
HASBRO CHILDRENS HOSPITAL,PROVIDENCE,RI,,,,,irs_990pf
INTERFAITH COMMMMUNITY DIRE EMERGEN,PROVIDENCE,RI,,,,,irs_990pf
RISE,PROVIDENCE,RI,,,,,irs_990pf
CROSSROADS RI,PROVIDENCE,RI,,,,,irs_990pf
SAVE THE BAY,PROVIDENCE,RI,,,,,irs_990pf
BROWN UNIVERSITY MEDICAL SCHOOL,PROVIDENCE,RI,,,,,irs_990pf
AMOS HOUSE,PROVIDENCE,RI,,,,,irs_990pf
THE LEARNING COMMUNITY,CENTRAL FALLS,RI,,,,,irs_990pf
RISPCA,RIVERSIDE,RI,,,,,irs_990pf
DANA FABER CANCER INSTITUTE,BOSTON,MA,,,,,irs_990pf
RI COALITION AGAINST GUN VIOLENCE,South Kingstown,RI,,,,,irs_990pf
JDRF,NEW YORK,NY,,,,,irs_990pf
JOSLIN DIABETES CENTER,BOSTON,MA,,,,,irs_990pf
PORTSMOUTH ABBEY SCHOOL,PORTSMOUTH,RI,,,,,irs_990pf
RI GOOD NEIGHBOR ENERGY FUND,PROVIDENCE,RI,,,,,irs_990pf
DRAMATISTS GUILD FUND,NEW YORK,NY,,,,,irs_990pf
LA THEATRE WORKS,VENICE,CA,,,,,irs_990pf
LIBRARY OF AMERICA,NEW YORK,NY,,,,,irs_990pf
THE O NEILL THEATRE CENTER,WATERFORD,CT,,,,,irs_990pf
HOLLYWOOD FOOD COALITION,LOS ANGELES,CA,,,,,irs_990pf
CHAPPAQUIDDICK COMMUNITY CENTER,EDGARTOWN,MA,,,,,irs_990pf
DISMAS HOUSE,HARTFORD,VT,,,,,irs_990pf
FRIENDS OF NORRIS COTTON CANCER CENTER,LEBANON,NH,,,,,irs_990pf
SALVADOR DALI MUSEUM,ST PETERSBURG,FL,,,,,irs_990pf
SHERIFF S MEADOW FOUNDATION,VINEYARD HAVEN,MA,,,,,irs_990pf
ALBERT WHITTED AIRPORT PRESERVATION SOCIETY,ST PETERSBURG,FL,,,,,irs_990pf
MARTHA S VINEYARD MEDIATION PROGRAM,VINEYARD HAVEN,MA,,,,,irs_990pf
COVER,WHITE RIVER JUNCTION,VT,,,,,irs_990pf
OLD SCULPIN GALLERY,EDGARTOWN,MA,,,,,irs_990pf
WEDU,TAMPA,FL,,,,,irs_990pf
FRIENDS OF THE EDGARTOWN COUNCIL ON AGING,EDGARTOWN,MA,,,,,irs_990pf
NHPBS,DURHAM,NH,,,,,irs_990pf
UNIVERSIY OF MICHIGAN,ANN ARBOR,MI,,,,,irs_990pf
JEWISH FEDERATION OF METROWEST,FLORHAM PARK,NJ,,,,,irs_990pf
SAGE ELDERCARE,SUMMIT,NJ,,,,,irs_990pf
BOYS AND GIRLS CLUB OF CLIFTON NJ,CLIFTON,NJ,,,,,irs_990pf
SUMMIT BOARD OF EDUCATION,SUMMITI,NJ,,,,,irs_990pf
TEAM SUMMIT ASSOCIATION INC,SUMMIT,NJ,,,,,irs_990pf
MT PLEASANT ANIMAL SHELTER,EAST HANOVER,NJ,,,,,irs_990pf
COLUMBIA SCHOOL OF NURSING,NEW YORK,NY,,,,,irs_990pf
SCOPE,NEW YORK,NY,,,,,irs_990pf
COLGATE UNIVERSITY,HAMILTON,NY,,,,,irs_990pf
HUMANE SOCIETY INTERNATIONAL,WASHINGTON,DC,,,,,irs_990pf
HUMANE SOCIETY US,WASHINGTON,DC,,,,,irs_990pf
WILDLIFE SOS,SALT LAKE CITY,UT,,,,,irs_990pf
BORP,BERKELEY,CA,,,,,irs_990pf
PHYSICIANS COMMITTEE FOR,WASHINGTON,DC,,,,,irs_990pf
MV HEBREW CENTER,VINEYARD HAVEN,MA,,,,,irs_990pf
TEMPLE BETH SHOLOM,PARK RIDGE,NJ,,,,,irs_990pf
JEWISH FEDERATION OF METROWEST NJ,FLORHAM PARK,NJ,,,,,irs_990pf
SOI DOG,SAN FRANCISCO,CA,,,,,irs_990pf
PETA,NORFOLK,VA,,,,,irs_990pf
MAGEN DAVID ADOM,NEW YORK,NY,,,,,irs_990pf
BEACON ANIMAL RESCUE,OCEAN VIEW,NJ,,,,,irs_990pf
VOICE FOR ASIAN ELEPHANTS,LOS ANGELES,CA,,,,,irs_990pf
FRENCH CREEK VALLEY CHRISTIAN SCHOOL,SAEGERTOWN,PA,,,,,irs_990pf
LEMON BAY SUNRISE ROTARY,ENGLEWOOD,FL,,,,,irs_990pf
SAEGERTOWN AREA LIBRARY ASSOCIATION INC,SAEGERTOWN,PA,,,,,irs_990pf
SAEGERTOWN BOROUGH,SAEGERTOWN,PA,,,,,irs_990pf
SAEGERTOWN WOMEN S IMPROVEMENT CLUB,SAEGERTOWN,PA,,,,,irs_990pf
SAEGERTOWN VOLUNTEER FIRE DEPARTMENT,SAEGERTOWN,PA,,,,,irs_990pf
FINNELL CEMETERY,Salisbury,MO,,,,,irs_990pf
ANACORTES FAMILY CENTER,ANACORTES,WA,,,,,irs_990pf
APPLEGATE VALLEY FIRE DISTRICT 9,JACKSONVILLE,OR,,,,,irs_990pf
BRISTOL HOSPITAL DEVELOPMENT FOUNDATION,BRISTOL,CT,,,,,irs_990pf
BUSHNELL,HARTFORD,CT,,,,,irs_990pf
CASA OF JACKSON COUNTY,MEDFORD,OR,,,,,irs_990pf
ENCOMPASS,NORTH BEND,WA,,,,,irs_990pf
ENVIRONMENTAL LEARNING CENTERS CT,BRISTOL,CT,,,,,irs_990pf
EVERGREEN MOUNTAIN BIKE ALLIANCE,SEATTLE,WA,,,,,irs_990pf
FALL CITY COMMUNITY FOOD PANTRY,FALL CITY,WA,,,,,irs_990pf
FAMILY NURTURING CENTER,MEDFORD,OR,,,,,irs_990pf
FIREFIGHTERS CANCER SUPPORT NETWORK,BURBANK,CA,,,,,irs_990pf
GALES CREEK CAMP,TIGER,OR,,,,,irs_990pf
HARTT INC,GLENDALE,AZ,,,,,irs_990pf
HERITAGE FLIGHT MUSEUM,BURLINGTON,WA,,,,,irs_990pf
HUMANE SOCIETY OF SKAGIT VALLEY,BURLINGTON,WA,,,,,irs_990pf
INTERNATIONAL SMILE POWER FRIENDS OF ECHO GLEN,SAMMAWISH,WA,,,,,irs_990pf
JEWISH FAMILY SERVICE,SEATTLE,WA,,,,,irs_990pf
LEE ARTS FOUNDATION,CARNATION,WA,,,,,irs_990pf
LOST RIVER HIGH SCHOOL,MERRILL,OR,,,,,irs_990pf
MAIN ST COMMUNITY FOUNDATION,BRISTOL,CT,,,,,irs_990pf
MAMA S HANDS HOUSE OF HOPE,BELLEVUE,WA,,,,,irs_990pf
MULTIPLE MYELOMA RESEARCH FOUNDATION,NORWALK,CT,,,,,irs_990pf
NATURE CONSERVANCY OF WASHINGTON,MOUNT VERNON,WA,,,,,irs_990pf
NORTH BEND ART INDUSTRY,NORTH BEND,WA,,,,,irs_990pf
PADILLA BAY FOUNDATION,MOUNT VERNON,WA,,,,,irs_990pf
SEADOC SOCIETY,EASTSOUND,WA,,,,,irs_990pf
SNOQUALMIE VALLEY ALLIANCE,NORTH BEND,WA,,,,,irs_990pf
SNOQUALMIE VALLEY SCHOOLS FOUND,FALL CITY,WA,,,,,irs_990pf
SNOQUALMIE VALLEY SHELTER SERVICES,SNOQUALMIE,WA,,,,,irs_990pf
SOROPTIMIST INTERN OF KLAMATH FALLS,KLAMATH FALLS,OR,,,,,irs_990pf
THE MARIETTA SCHOOLS FOUNDATION,MARIETTA,GA,,,,,irs_990pf
WINDSOR BULLDOGS LACROSSE,WINDSOR,CO,,,,,irs_990pf
YOUR STORY FOUNDATION,ANACORTES,WA,,,,,irs_990pf
FISHER CENTER ALZHEIMER RESEARCH,NEW YORK,NY,,,,,irs_990pf
GREELEY-WELD HABITAT FOR HUMANITY,GREELEY,CO,,,,,irs_990pf
BERKS COUNTY COMMUNITY FOUNDATION,READING,PA,,,,,irs_990pf
BETHEL-TULPEHOCKEN PUBLIC LIBRARY,BETHEL,PA,,,,,irs_990pf
BOYS AND GIRLS CLUB OF MONMOUTH COUNTY,ASBURY PARK,NJ,,,,,irs_990pf
BROOKDALE COMMUNITY COLLEGE,LINCROFT,NJ,,,,,irs_990pf
CALVARY HOSPITAL,BRONX,NY,,,,,irs_990pf
CHANNEL THIRTEEN WNET,NEW YORK,NY,,,,,irs_990pf
FAMILY AND CHILDREN S SERVICES,LONG BRANCH,NJ,,,,,irs_990pf
INTERFAITH NEIGHBORS OF ASBURY PARK,ASBURY PARK,NJ,,,,,irs_990pf
KATERI DAY CAMP AT THE COLLIER SCHOOL,WICKATUNK,NJ,,,,,irs_990pf
LONG ISLAND UNIVERSITY,BROOKVILLE,NY,,,,,irs_990pf
PRESTON HIGH SCHOOL,BRONX,NY,,,,,irs_990pf
SALVATION ARMY HAMBURG SERVICE CENTER,HAMBURG,PA,,,,,irs_990pf
SISTERS ACADEMYMERCY CENTER,ASBURY PARK,NJ,,,,,irs_990pf
ST ATHANASIUS CHURCH,BROOKLYN,NY,,,,,irs_990pf
FOUNDATION OF THE YONKER S PUBLIC LIBRARY,YONKERS,NY,,,,,irs_990pf
YOUNG PEOPLE S CHORUS,NEW YORK,NY,,,,,irs_990pf
PARTNERSHIP WITH NATIVE AMERICANS,ADDISON,TX,,,,,irs_990pf
ACADEMY OF MT ST URSULA,BRONX,NY,,,,,irs_990pf
ANNUNCIATION SCHOOL,YONKERS,NY,,,,,irs_990pf
NEW YORK PUBLIC LIBRARY,YONKERS,NY,,,,,irs_990pf
MOUNT VERNON PUBLIC LIBRARY,MOUNT VERNON,NY,,,,,irs_990pf
PARKER FAMILY HEALTH CENTER,RED BANK,NJ,,,,,irs_990pf
BIG BROTHERS BIG SISTERS OF MONMOUTH AND MIDDLESEX,ASBURY PARK,NJ,,,,,irs_990pf
VNA HEALTH GROUP,HOLMDEL,NJ,,,,,irs_990pf
RALLYCAP SPORTS,SEA GIRT,NJ,,,,,irs_990pf
ARC OF MONMOUTH,TINTON FALLS,NJ,,,,,irs_990pf
SALEM LUTHERAN CHURCH,BETHEL,PA,,,,,irs_990pf
FLORIDA SCHOOL FOR THE DEAF BLIND,St Augustine,FL,,,,,irs_990pf
FRIENDS OF YEMIN ORDE,Rockville,MD,,,,,irs_990pf
ASSOCIATION TO PRESERVE CAPE COD,DENNIS,MA,,,,,irs_990pf
CENTER FOR COASTAL STUDIES,PROVINCETOWN,MA,,,,,irs_990pf
COOLIDGE CORNER THEATRE FOUNDATION,BROOKLINE,MA,,,,,irs_990pf
EASTHAM PUBLIC LIBRARY,N EASTHAM,MA,,,,,irs_990pf
EMERSON COLLEGE,BOSTON,MA,,,,,irs_990pf
HISPANIC FEDERATION,NEW YORK,NY,,,,,irs_990pf
INTERNATIONAL FUND FOR ANIMAL WELFARE IFAW,YARMOUTH PORT,MA,,,,,irs_990pf
JACOB BURNS FILM CENTER,PLEASANTVILLE,NY,,,,,irs_990pf
LEWISBORO LIBRARY,SOUTH SALEM,NY,,,,,irs_990pf
MASS AUDUBON,LINCOLN,MA,,,,,irs_990pf
NATURAL RESOURCES DEFENSE COUNCIL NRDC,NEW YORK,NY,,,,,irs_990pf
PARENTS FOUNDATION FOR TRANSITIONAL LIVING,NEW HAVEN,CT,,,,,irs_990pf
RIVERKEEPER,OSSINING,NY,,,,,irs_990pf
ROAR,RIDGEFIELD,CT,,,,,irs_990pf
SILVERMINE ARTS CENTER,NEW CANAAN,CT,,,,,irs_990pf
TEMPLE SHOLOM,GREENWICH,CT,,,,,irs_990pf
THIRD SECTOR NEW ENGLAND,BOSTON,MA,,,,,irs_990pf
TRUSTEES OF TUFTS COLLEGE,BOSTON,MA,,,,,irs_990pf
VIEQUES HUMANE SOCIETY ANIMAL,VIEQUES,PR,,,,,irs_990pf
WBAI,NEW YORK,NY,,,,,irs_990pf
WELLFLEET PRESERVATION HALL,WELLFLEET,MA,,,,,irs_990pf
BELLAMY MANSION MUSEUM,WILMINGTON,NC,,,,,irs_990pf
BNAI ISRAEL CONGREGATION,WILMINGTON,NC,,,,,irs_990pf
CAMERON ART MUSEUM,WILMINGTON,NC,,,,,irs_990pf
CAPE FEAR MUSEUM,WILMINGTON,NC,,,,,irs_990pf
CHABAD OF WILMINGTON,WILMINGTON,NC,,,,,irs_990pf
CUCALORUS FILM FOUNDATION,WILMINGTON,NC,,,,,irs_990pf
FREIRE FOUNDATION,PHILADELPHIA,PA,,,,,irs_990pf
KENAN CHAPEL AT LANDFALL,WILMINGTON,NC,,,,,irs_990pf
LANDFALL FOUNDATION,WILMINGTON,NC,,,,,irs_990pf
WHQR,WILMINGTON,NC,,,,,irs_990pf
OXFORD-LAFAYETTE HUMANE SOCIETY,OXFORD,MS,,,,,irs_990pf
SPECIAL OLYMPICS NORTH CAROLINA,WILMINGTON,NC,,,,,irs_990pf
B NAI B RITH INTERNATIONAL,WASHINGTON,DC,,,,,irs_990pf
UNC-TV,RESEARCH TRIANGLE PARK,NC,,,,,irs_990pf
UNITED WAY OF THE CAPE FEAR AREA,WILMINGTON,NC,,,,,irs_990pf
PJ LIBRARY,AGAWAM,MA,,,,,irs_990pf
COASTAL CAROLINA COMMUNITY COLLEGE FOUNDATION INC,JACKSONVILLE,NC,,,,,irs_990pf
ABRAMSON CENTER FOR JEWISH LIFE,NORTH WALES,PA,,,,,irs_990pf
AMERICAN HEART ASSOCIATION,MORRISVILLE,NC,,,,,irs_990pf
UNITED JEWISH APPEAL OF WILMINGTON NC,LELAND,NC,,,,,irs_990pf
TEMPLE OF ISRAEL,WILMINGTON,NC,,,,,irs_990pf
THE JEWISH FEDERATIONS OF NORTH AMERICA,NEW YORK,NY,,,,,irs_990pf
PORT CITY MUSIC FESTIVAL,WILMINGTON,NC,,,,,irs_990pf
WILMINGTON JEWISH FILM FESTIVAL,WILMINGTON,NC,,,,,irs_990pf
THALIAN ASSOCIATION,WILMINGTON,NC,,,,,irs_990pf
NC JAZZ FESTIVAL,WILMINGTON,NC,,,,,irs_990pf
HADASSAH OF WILMINGTON,NEW YORK,NY,,,,,irs_990pf
JEWISH EDUCATIONAL LOAN FUND,ATLANTA,GA,,,,,irs_990pf
DEVELOPMENT FOUNDATION OF NCCAT INC,CULLOWHEE,NC,,,,,irs_990pf
OPERA HOUSE,WILMINGTON,NC,,,,,irs_990pf
SPOLETO FESTIVAL,CHARLESTON,SC,,,,,irs_990pf
KENAN COLBERT KOLL SCHOLARSHIP,CHARLESTON,SC,,,,,irs_990pf
MAINE PUBLIC,LEWISTON,ME,,,,,irs_990pf
NATURAL RESOURCES COUNCIL OF MAINE,AUGUSTA,ME,,,,,irs_990pf
TOWN OF GLENBURN,GLENBURN,ME,,,,,irs_990pf
WOMEN S CARE CENTER,COLUMBUS,OH,,,,,irs_990pf
HOLY FAMILY SOUP KITCHEN,COLUMBUS,OH,,,,,irs_990pf
COLUMBUS FOUNDATION,COLUMBUS,OH,,,,,irs_990pf
LUTHERAN SOCIETY SERVICES,WORTHINGTON,OH,,,,,irs_990pf
ST FRANCIS CENTER,MCARTHUR,OH,,,,,irs_990pf
PREVENT BLINDNESS OHIO,COLUMBUS,OH,,,,,irs_990pf
WARM,WESTERVILLE,OH,,,,,irs_990pf
COMMUNITY KITCHEN INC,COLUMBUS,OH,,,,,irs_990pf
UNITED WAY OF CENTRAL OHIO,COLUMBUS,OH,,,,,irs_990pf
CRISTO REY COLUMBUS HIGH SCHOOL,COLUMBUS,OH,,,,,irs_990pf
LOWER LIGHTS MINISTRY,COLUMBUS,OH,,,,,irs_990pf
EPILEPSY FOUNDATION OF GREATER,CINCINNATI,OH,,,,,irs_990pf
TOGETHER WE GROW,NEWARK,OH,,,,,irs_990pf
COLUMBUS HOUSING PARTNERSHIP,COLUMBUS,OH,,,,,irs_990pf
THE SALVATION ARMY OF CENTRAL OHIO,COLUMBUS,OH,,,,,irs_990pf
ASSOCIATION FOR THE DEV DISABLED,WESTERVILLE,OH,,,,,irs_990pf
FLAT ROCK HOMES,FLAT ROCK,OH,,,,,irs_990pf
TIMOTHY HERBERGER,HUBBARD,OH,,,,,irs_990pf
SYDNEY NEWELL,HUBBARD,OH,,,,,irs_990pf
JACQUELYN KESLAR,HUBBARD,OH,,,,,irs_990pf
MT VERNON PRESBYTERIAN SCHOOL,ATLANTA,GA,,,,,irs_990pf
TYLER BUELTEL,Templeton,IA,,,,,irs_990pf
PAIGE CALTRIDER,Carroll,IA,,,,,irs_990pf
MARIAH HEISTERKAMP,Carroll,IA,,,,,irs_990pf
ALEXA MUHLBAUER,Carroll,IA,,,,,irs_990pf
SOMMER SINNARD,Carroll,IA,,,,,irs_990pf
EMMA TUNNING,Coon Rapids,IA,,,,,irs_990pf
SAMMI HUTCHINSON,Carroll,IA,,,,,irs_990pf
ARRINGTON JENSEN,Carroll,IA,,,,,irs_990pf
KYLA BOES,Carroll,IA,,,,,irs_990pf
MARIAH CLAUSEN,Carroll,IA,,,,,irs_990pf
SARAH RIESBERG,Carroll,IA,,,,,irs_990pf
AMBER RICKERS,Carroll,IA,,,,,irs_990pf
COOPER ROSS,Carroll,IA,,,,,irs_990pf
JULIA LARUE,Carroll,IA,,,,,irs_990pf
GRACE MCCARTAN,Carroll,IA,,,,,irs_990pf
NATE REILING,Carroll,IA,,,,,irs_990pf
KAYD NISSEN,Carroll,IA,,,,,irs_990pf
REED JENSEN,Manson,IA,,,,,irs_990pf
ALEXIS SCHUUR,Carroll,IA,,,,,irs_990pf
ARTHUR M NEU,Carroll,IA,,,,,irs_990pf
MEGAN SCHIEFFER,Carroll,IA,,,,,irs_990pf
TARYN LAWLER,Carroll,IA,,,,,irs_990pf
BRITTANY TRECKER,Halbur,IA,,,,,irs_990pf
BIRCH CREEK MUSIC PERFORMANCE CENTER,EGG HARBOR,WI,,,,,irs_990pf
RADIO MILWAUKEE,MILWAUKEE,WI,,,,,irs_990pf
FRANKLY MUSIC,MILWAUKEE,WI,,,,,irs_990pf
FRIENDS OF LAKESHORE PARK,MILWAUKEE,WI,,,,,irs_990pf
TRICKLEBEE CAFE,MILWAUKEE,WI,,,,,irs_990pf
MILWAUKEE YOUTH SYMPHONY ORCHESTRA,MILWAUKEE,WI,,,,,irs_990pf
MAKE A WISH WISCONSIN,WAUWATOSA,WI,,,,,irs_990pf
FIRST STAGE,MILWAUKEE,WI,,,,,irs_990pf
DOOR COUNTY MEDICAL CENTER FOUNDATION,STURGEON BAY,WI,,,,,irs_990pf
DANCEWORKS INC,MILWAUKEE,WI,,,,,irs_990pf
RIVER REVITALIZATION,MILWAUKEE,WI,,,,,irs_990pf
ARTISTS WORKING IN EDUCATION INC,MILWAUKEE,WI,,,,,irs_990pf
TALL PINES CONSERVANCY INC,NASHOTAH,WI,,,,,irs_990pf
KATHY S HOUSE,MILWAUKEE,WI,,,,,irs_990pf
GOLD IN SEPTEMBER,DELAFIELD,WI,,,,,irs_990pf
NEIGHBORS CARE INC,BAYSIDE,WI,,,,,irs_990pf
COLORODO MUSIC FESTIVAL,BOULDER,CO,,,,,irs_990pf
UNITED SOCCER CLUB,LOVELAND,CO,,,,,irs_990pf
BESSIE S HOPE,DENVER,CO,,,,,irs_990pf
OPEN DOOR BIRD SANCTUARY,STURGEON BAY,WI,,,,,irs_990pf
HOSPICE ALLIANCE FOUNDATION,PLEASANT PRAIRIE,WI,,,,,irs_990pf
PLEASANT PRAIRIE HISTORICAL SOCIETY,PLEASANT PRAIRIE,WI,,,,,irs_990pf
BASILICA OF THE SACRED HEART OF JESUS,HANOVER,PA,,,,,irs_990pf
HANOVER COUNCIL OF CHURCHES,HANOVER,PA,,,,,irs_990pf
NEW HOPE MINISTRIES,DILLSBURG,PA,,,,,irs_990pf
ADAMS RESCUE MISSION,GETTYSBURG,PA,,,,,irs_990pf
UNDEFEATED COURAGE,SHERMANS DALE,PA,,,,,irs_990pf
GUILDERHAVEN,ALTAMONT,NY,,,,,irs_990pf
OCS EDUCATION FOUNDATION,NEDROW,NY,,,,,irs_990pf
ANTHONY LAROSSA,Escalon,CA,,,,,irs_990pf
SARAH MCPHERRIN,Escalon,CA,,,,,irs_990pf
DANNY BAVA,Escalon,CA,,,,,irs_990pf
ALONDRA MARTINEZ,Escalon,CA,,,,,irs_990pf
JUSTIN JERICOTT,Oakdale,CA,,,,,irs_990pf
GRACE VERDEGAAL,Oakdale,CA,,,,,irs_990pf
ANNIE WINTON,Livingston,CA,,,,,irs_990pf
BRANDEN KARP,Escalon,CA,,,,,irs_990pf
LEILA PHILLIPS,Modesto,CA,,,,,irs_990pf
TRENTON BERCHTOLD,Escalon,CA,,,,,irs_990pf
MIKAYLA VEGA,Escalon,CA,,,,,irs_990pf
SYLVIA GUEVARA,Escalon,CA,,,,,irs_990pf
LEXY UNDERWOOD,Escalon,CA,,,,,irs_990pf
MADISYN WIDMER,Escalon,CA,,,,,irs_990pf
FRANKLIN CENTRAL SCHOOL GENERAL SCHOLARSHIP FUND,FRANKLIN,NY,,,,,irs_990pf
PAWS CHICAGO,CHICAGO,IL,,,,,irs_990pf
THE HARBOUR,PARK RIDGE,IL,,,,,irs_990pf
SISTERS OF HOLY CROSS,NOTRE DAME,IN,,,,,irs_990pf
RONALD MCDONALD S HOUSE,OAK BROOK,IL,,,,,irs_990pf
NORTHERN ILLINOIS BANK,GENEVA,IL,,,,,irs_990pf
THE NIGHT MINISTRY,CHICAGO,IL,,,,,irs_990pf
BLUE CAP,BLUE ISLAND,IL,,,,,irs_990pf
LURIE CHILDREN S HOSPITAL,CHICAGO,IL,,,,,irs_990pf
OFF THE STREET CLUB,CHICAGO,IL,,,,,irs_990pf
BIG SHOULDERS FUND,CHICAGO,IL,,,,,irs_990pf
CATHOLIC EDUCATION FOUNDATION,CREST HILL,IL,,,,,irs_990pf
SPECIAL OLYMPICS-CHICAGO,CHICAGO,IL,,,,,irs_990pf
THE HARBOUR KPMG,CHICAGO,IL,,,,,irs_990pf
HINSDALE COMMUNITY HOUSE,HINSDALE,IL,,,,,irs_990pf
CANINE THERAPY,CHICAGO,IL,,,,,irs_990pf
CENTER FOR INDEPENDENCE,COUNTRYSIDE,IL,,,,,irs_990pf
YAI TARRYTOWN,TARRYTOWN,NY,,,,,irs_990pf
THE HARBOUR INC,PARK RIDGE,IL,,,,,irs_990pf
CITIZENS POLICE ACADEMY ALUMNI ASSOC OF SCHAUMBURG,SCHAUMBURG,IL,,,,,irs_990pf
ASHLEY ANN PERRIGO TRUST,GAHANNA,OH,,,,,irs_990pf
TRENTON WEPPLER TRUST,SAN ANTONIO,TX,,,,,irs_990pf
VINCENT FORSTER UTMA ACCT,LOVELAND,OH,,,,,irs_990pf
COMMUNITY VNA,ATTLEBORO,MA,,,,,irs_990pf
FRIENDS OF THE REVEREND LARSON SENI,ATTLEBORO,MA,,,,,irs_990pf
YMCA ATTLEBORO,ATTLEBORO,MA,,,,,irs_990pf
THE ARC OF BRISTOL COUNTY,ATTLEBORO,MA,,,,,irs_990pf
THE LITERACY CENTER,Attleboro,MA,,,,,irs_990pf
ATTLEBORO INTERFAITH COLLABORATIVE,ATTLEBORO,MA,,,,,irs_990pf
HEBRON FOOD PANTRY,Attleboro,MA,,,,,irs_990pf
CONNECTICUT FREEMASON S,WALLINGFORD,CT,,,,,irs_990pf
HORACE WELLS CLUB TRUST FUND,NORWICH,CT,,,,,irs_990pf
RIVERSIDE CEMETERY ASSOCIATION,GUILFORD,CT,,,,,irs_990pf
CHRIST EPISCOPAL CHURCH,WATERBURY,CT,,,,,irs_990pf
ST MARYS HOSPITAL,WATERBURY,CT,,,,,irs_990pf
TRINITY COLLEGE OF HARTFORD,HARTFORD,CT,,,,,irs_990pf
MASONIC CHARITY FOUNDATION OF CT,WALLINGFORD,CT,,,,,irs_990pf
THE CT COMMUNITY FOUNDATION,WATERBURY,CT,,,,,irs_990pf
DENTAL SOCIETY GREATER WTBY INC,WATERBURY,CT,,,,,irs_990pf
ST ANTHONY S HOSPITAL,ST PETERSBURG,FL,,,,,irs_990pf
GIRLS INC OF SOUTHWESTERN CT,WATERBURY,CT,,,,,irs_990pf
VARIOUS MEXICO MISSOURI HIGH SCHOOL STUDENTS AND COLLEGES THEY ATTEND,MEXICO,MO,,,,,irs_990pf
ALCOHOLICS ANONYMOUS WORLD SERVICES INC,NEW YORK,NY,,,,,irs_990pf
BRECK SCHOOL,GOLDEN VALLEY,MN,,,,,irs_990pf
GREATER TWIN CITIES UNITED WAY,MINNEAPOLIS,MN,,,,,irs_990pf
GUTHRIE THEATER,MINNEAPOLIS,MN,,,,,irs_990pf
HAMMER MUSEUM,LOS ANGELES,CA,,,,,irs_990pf
JEWISH FAMILY CHILDREN S SERVICE OF MPLS,GOLDEN VALLEY,MN,,,,,irs_990pf
JUNGLE THEATER,MINNEAPOLIS,MN,,,,,irs_990pf
LITERACY FOR INCARCERATED TEENS,NEW YORK,NY,,,,,irs_990pf
NATIONAL COUNCIL OF JEWISH WOMEN INCORPORATED,WASHINGTON,DC,,,,,irs_990pf
NATIONAL COUNCIL OF JEWISH WOMEN MN,MINNETONKA,MN,,,,,irs_990pf
PLANNED PARENTHOOD OF LOS ANGELES,LOS ANGELES,CA,,,,,irs_990pf
PLAYWRIGHTS CENTER INC,MINNEAPOLIS,MN,,,,,irs_990pf
PUBLIC THEATERNEW YORK SHAKESPEARE FESTIVAL,NEW YORK,NY,,,,,irs_990pf
SHOLOM FOUNDATION,ST LOUIS PARK,MN,,,,,irs_990pf
SIGNATURE THEATER,NEW YORK,NY,,,,,irs_990pf
ST PETER CLAVER SCHOOL,ST PAUL,MN,,,,,irs_990pf
TEMPLE ISRAEL FOUNDATION,MINNEAPOLIS,MN,,,,,irs_990pf
THEATRE LATTE DA,MINNEAPOLIS,MN,,,,,irs_990pf
TWIN CITIES RISE,MINNEAPOLIS,MN,,,,,irs_990pf
WALKER ART CENTER,MINNEAPOLIS,MN,,,,,irs_990pf
CORPUS CHRISTI METRO MINISTRIES,CORPUS CHRISTI,TX,,,,,irs_990pf
FOSTER ANGELS OF SOUTH TEXAS,CORPUS CHRISTI,TX,,,,,irs_990pf
PALMER DRUG ABUSE PROGRAM,CORPUS CHRISTI,TX,,,,,irs_990pf
ST JAMES EPISCOPAL SCHOOL,CORPUS CHRISTI,TX,,,,,irs_990pf
HALO - FLIGHT,CORPUS CHRISTI,TX,,,,,irs_990pf
THE UNIVERSITY OF TEXAS AUSTIN,AUSTIN,TX,,,,,irs_990pf
AMERICAN DIABETES ASSOCIATION INC,Arlington,VA,,,,,irs_990pf
WOMEN S CENTER FOR ADVANCEMENT,Omaha,NE,,,,,irs_990pf
NEBRASKA CHILDREN S HOME SOCIETY,Omaha,NE,,,,,irs_990pf
MACKINZIE CRANDALL,GRANTSBURG,WI,,,,,irs_990pf
OLIVIA BROCK,GRANTSBURG,WI,,,,,irs_990pf
DAVID MACKEAN,GRANTSBURG,WI,,,,,irs_990pf
LUKE ANDERSON,GRANTSBURG,WI,,,,,irs_990pf
MEALS ON WHEELS,GRANTSBURG,WI,,,,,irs_990pf
HUMAN SOCIETY BURNETT,WEBSTER,WI,,,,,irs_990pf
DOWN SYNDROME ASSOC,CINCINNATI,OH,,,,,irs_990pf
BURNETT COUNTY FOOD PAN,SIREN,WI,,,,,irs_990pf
GRANTSBURG FOOD SHELF,GRANTSBURG,WI,,,,,irs_990pf
VILLAGE OF GRANTSBURG,GRANTSBURG,WI,,,,,irs_990pf
GRANTSBURG CEMETERY,GRANTSBURG,WI,,,,,irs_990pf
FRIENDS OF THE LIBRARY,GRANTSBURG,WI,,,,,irs_990pf
GRANTSBURG SCHOOLS,GRANTSBURG,WI,,,,,irs_990pf
SKONEWOOD CHRISTIAN RET,LUCK,WI,,,,,irs_990pf
RUBYS FOOD SHELF,GRANTSBURG,WI,,,,,irs_990pf
ALL SAINTS EPISCOPAL SCHOOL,TYLER,TX,,,,,irs_990pf
ATHENS COUNTY FOOD BANK OF OH,ATHENS,OH,,,,,irs_990pf
BOYS GIRLS CLUB OF EAST TEXAS,TYLER,TX,,,,,irs_990pf
CHOIR SCHOOL OF EAST TEXAS,TYLER,TX,,,,,irs_990pf
CHRIST EPISCOPAL CHURCH,TYLER,TX,,,,,irs_990pf
CITY KIDS ADVENTURES PROGRAM,SAN ANTONIO,TX,,,,,irs_990pf
LITERACY COUNCIL OF TYLER,TYLER,TX,,,,,irs_990pf
MOTHERS AGAINST DRUNK DRIVING,TYLER,TX,,,,,irs_990pf
MENTORING ALLIANCE OF EAST TEXAS,TYLER,TX,,,,,irs_990pf
PATH,TYLER,TX,,,,,irs_990pf
SMITH CO CHAMPIONS FOR CHILDREN,TYLER,TX,,,,,irs_990pf
SPAY-NUETER-INJECT-PROJECT OF,SAN ANTONIO,TX,,,,,irs_990pf
TYLER MUSEUM OF ART,TYLER,TX,,,,,irs_990pf
WASHINGTON UNIV OF ST LOUIS,ST LOUIS,MO,,,,,irs_990pf
NORTH TEXAS FOOD BANK,PLANO,TX,,,,,irs_990pf
PETSMART CHARITIES,PHOENIX,AZ,,,,,irs_990pf
NO KID HUNGRY,WASHINGTON,DC,,,,,irs_990pf
WILKINSON CENTER,DALLAS,TX,,,,,irs_990pf
IMMACULATE HEART OF MARY CHURCH,CINCINNATI,OH,,,,,irs_990pf
HOPE FOR KABINGO,CINCINNATI,OH,,,,,irs_990pf
HEALTHY MOMS AND BABES,CINCINNATI,OH,,,,,irs_990pf
ONESOURCE CENTER FOR NONPROFIT EXCELLENCE,CINCINNATI,OH,,,,,irs_990pf
BOYS HOME OF VIRGINIA,COVINGTON,VA,,,,,irs_990pf
FRIENDS OF BATAHOLA,CINCINNATI,OH,,,,,irs_990pf
UNIVERSITY OF IOWA CENTER OF ADVANCEMENT,IOWA CITY,IA,,,,,irs_990pf
TAHIRIH JUSTICE CENTER,FALLS CHURCH,VA,,,,,irs_990pf
THE BERNARDINE CENTER,CHESTER,PA,,,,,irs_990pf
ANUNCIATION HOUSE,EL PASO,TX,,,,,irs_990pf
CORINTHIAN BAPTIST CHURCH,CINCINNATI,OH,,,,,irs_990pf
ESPERAZNA LATINO CENTER OF NORTHERN KENTUCKY,COVINGTON,KY,,,,,irs_990pf
ARCHBISHOP MCNICHOLAS HIGH SCHOOL,CINCINNATI,OH,,,,,irs_990pf
MARYKNOLL LAY MISSIONERS,MARYKNOLL,NY,,,,,irs_990pf
CATHOLIC CHARITIES OF SOUTHWEST OHIO,CINCINNATI,OH,,,,,irs_990pf
CAPUCHIN FRANCISCAN VOLUNTEER CORPS,CLEVELAND,OH,,,,,irs_990pf
ST FRANCISST VINCENT HOMES FOR CHILDREN,BENSALEM,PA,,,,,irs_990pf
WOMEN S JUSTICE INITIATIVE,NEW YORK,NY,,,,,irs_990pf
GETTY SQUARE CONGREGATION OF JEHOVAH S WITNESSES,YONKERS,NY,,,,,irs_990pf
METROPOLITAN BROADCASTING,NEW YORK,NY,,,,,irs_990pf
WATCHTOWER BIBLE TRACT SOCIETY OF PENNSYLVANIA,BROOKLYN,NY,,,,,irs_990pf
WEILL CORNELL MEDICAL COLLEGE,NEW YORK,NY,,,,,irs_990pf
WILD LIFE CONSERVATION SOCIETY,BRONX,NY,,,,,irs_990pf
FAMILY SCHOLAR HOUSE,LOUISVILLE,KY,,,,,irs_990pf
LIMA COMMUNITY FUND,LIMA,OH,,,,,irs_990pf
ALLEN LIMA LEADERSHIP,LIMA,OH,,,,,irs_990pf
APOLLO CAREER CENTER,LIMA,OH,,,,,irs_990pf
AVE MARIA SCHOOL OF LAW,NAPLES,FL,,,,,irs_990pf
BIG BROTHERS BIG SISTERS OF OK,TULSA,OK,,,,,irs_990pf
BUCKEYE INST FOR PUBLIC POL SOL,COLUMBUS,OH,,,,,irs_990pf
CATHOLIC CAMPUS MINISTRY,CINCINNATI,OH,,,,,irs_990pf
CATHOLIC LEAGUE,NEW YORK,NY,,,,,irs_990pf
CUMBERLAND COLLEGE,WILLIAMSBURG,KY,,,,,irs_990pf
FAMILY AND CHILDRENS PLACE,LOUISVILLE,KY,,,,,irs_990pf
DIOCESE OF TOLEDO,TOLEDO,OH,,,,,irs_990pf
EQUESTRIAN THERAPY,CRIDERSVILLE,OH,,,,,irs_990pf
FATHER STEPHEN BLUM,LIMA,OH,,,,,irs_990pf
HABITAT FOR HUMANITY,LIMA,OH,,,,,irs_990pf
HEARTBEAT OF LIMA,LIMA,OH,,,,,irs_990pf
HENRI NOUWEN SOCIETY,ST LOUIS,MO,,,,,irs_990pf
HOPE RURAL SCHOOL,LOUISVILLE,KY,,,,,irs_990pf
INTERFAITH WORKER JUSTICE,INDIANTOWN,FL,,,,,irs_990pf
JBTM GIFTING,CHICAGO,IL,,,,,irs_990pf
LIMA RESCUE MISSION,LIMA,OH,,,,,irs_990pf
LIMA MEMORIAL FOUNDATION,LIMA,OH,,,,,irs_990pf
LITTLE SISTERS OF THE POOR,OREGON,OH,,,,,irs_990pf
MARIANISTS,DAYTON,OH,,,,,irs_990pf
MISSION TEACHING FOUNDATION,LOS ANGELES,CA,,,,,irs_990pf
PARENTS TELEVISION COUNCIL,LOS ANGELES,CA,,,,,irs_990pf
SALVATION ARMY,LIMA,OH,,,,,irs_990pf
SERRA INTERNATIONAL,CHICAGO,IL,,,,,irs_990pf
SERVANT LEADERSHIP,TOLEDO,OH,,,,,irs_990pf
SISTERS OF NOTRE DAME,TOLEDO,OH,,,,,irs_990pf
SOCIETY FOR PROPAGATION OF FAITH,TOLEDO,OH,,,,,irs_990pf
SOCIETY OF THE PRECIOUS BLOOD,DAYTON,OH,,,,,irs_990pf
ST ANN SCHOOL,CHICAGO,IL,,,,,irs_990pf
ST CHARLES SCHOOL,BEXLEY,OH,,,,,irs_990pf
ST JOHNS HIGH SCHOOL,PLAQUEMINE,LA,,,,,irs_990pf
THOMAS MORE LAW,ANN ARBOR,MI,,,,,irs_990pf
URSULINE SISTERS OF CLEVELAND,CLEVELAND,OH,,,,,irs_990pf
VARGHESE KURIAN INDIA PARISH,LIMA,OH,,,,,irs_990pf
VATICAN OBSERVATORY,TUSCON,AZ,,,,,irs_990pf
WERNIE YOUTH FAMILY CENTER,RICHMOND,IN,,,,,irs_990pf
WEST OHIO FOOD BANK,LIMA,OH,,,,,irs_990pf
WTLW,LIMA,OH,,,,,irs_990pf
YMCA SAFE PLACE SERVICES,LOUISVILLE,KY,,,,,irs_990pf
UNIVERSITY OF LOUISVILLE - SCHOOL OF MEDICINE,LOUISVILLE,KY,,,,,irs_990pf
AGING CARE CONNECTIONS,La Grange,IL,,,,,irs_990pf
BENET ACADEMY,Lisle,IL,,,,,irs_990pf
CRISTO REY JESUIT HIGH SCHOOL,Chicago,IL,,,,,irs_990pf
EVANS SCHOLAR FOUNDATION,Golf,IL,,,,,irs_990pf
GIVE ME A CHANCE FOUNDATION,Naperville,IL,,,,,irs_990pf
LEGACY GUILD,La Grange,IL,,,,,irs_990pf
MERCYHURST UNIVERSITY,Erie,PA,,,,,irs_990pf
PILLARS COMMUNITY HEALTH,La Grange Park,IL,,,,,irs_990pf
ST FRANCIS XAVIER,La Grange,IL,,,,,irs_990pf
ST FRANCIS XAVIER MUSIC MINISTRY,La Grange,IL,,,,,irs_990pf
VOCEL,Chicago,IL,,,,,irs_990pf
YORKSHIRE TERRIER NATIONAL RESCUE,Shapmansboro,TN,,,,,irs_990pf
STS PETER AND PAUL SCHOOL,Naperville,IL,,,,,irs_990pf
HEALTHCARE CHAPLAINS MINISTRY,PLACENTIA,CA,,,,,irs_990pf
CRISTA MINISTRIES,SEATTLE,WA,,,,,irs_990pf
UPPER VALLEY CONNECTION,LEAVENWORTH,WA,,,,,irs_990pf
MONTESSORI INSTITUTE NW,PORTLAND,OR,,,,,irs_990pf
MUSIC THEATER OF WENATCHEE,WENATCHEE,WA,,,,,irs_990pf
NORTHWEST MONTESSORI SCHOOL,SEATTLE,WA,,,,,irs_990pf
WENATCHEE VALLEY MUSEUM,WENATCHEE,WA,,,,,irs_990pf
STAGE KIDS OF WASHINGTON,WENATCHEE,WA,,,,,irs_990pf
ANCIENT ACCEPTED SCOTTISH RITE,WENATCHEE,WA,,,,,irs_990pf
VETERANS SERVING VETS,WENATCHEE,WA,,,,,irs_990pf
GRAND IGLOO FOUNDATION,ANCHORAGE,AK,,,,,irs_990pf
FORWARD ARTS FOUNDATION,ATLANTA,GA,,,,,irs_990pf
FANNIN COUNTY FAMILY CONNECTION,BLUE RIDGE,GA,,,,,irs_990pf
GOIZUETA ALZHEIMER S DISEASE RESEAR,ATLANTA,GA,,,,,irs_990pf
HIGH MUSEUM OF ART,ATLANTA,GA,,,,,irs_990pf
LA JOLLA COUNTRY DAY SCHOOL,LA JOLLA,CA,,,,,irs_990pf
SALVATION ARMY,NORCROSS,GA,,,,,irs_990pf
COLLEGE FOUNDATION,RALEIGH,NC,,,,,irs_990pf
THE WOMAN S AUXILIARY,ATLANTA,GA,,,,,irs_990pf
DIOCESE OF SHREVEPORT,SHREVEPORT,LA,,,,,irs_990pf
KNIGHTS OF COLUMBUS COUNCIL 4873,BOSSIER CITY,LA,,,,,irs_990pf
DIOCESE OF LAFAYETTE,LAFAYETTE,LA,,,,,irs_990pf
AMERICAN HEART ASSOCIATION,DES MOINES,IA,,,,,irs_990pf
OUR LADY OF MERCY CHURCH,HENDERSON,LA,,,,,irs_990pf
AMERICAN WRITERS MUSEUM,CHICAGO,IL,,,,,irs_990pf
BRAIN CHEMISTRY LABS,JACKSON,WY,,,,,irs_990pf
CHICAGO CARES,CHICAGO,IL,,,,,irs_990pf
CHURCH OF THE HOLY SPIRIT,LAKE FOREST,IL,,,,,irs_990pf
CINCINNATI COUNTY DAY SCHOOL,CINCINNATI,OH,,,,,irs_990pf
FOREST PARK PRESERVATION CORPORATION,LAKE FOREST,IL,,,,,irs_990pf
FRIENDS OF BOCA GRANDE COM CENTER,BOCA GRANDE,FL,,,,,irs_990pf
GOLDEN APPLE FOUNDATION,CHICAGO,IL,,,,,irs_990pf
ILLINOIS POLICY INSTITUE,CHICAGO,IL,,,,,irs_990pf
KEEWAYDIN FOUNDATION,SALISBURY,VA,,,,,irs_990pf
LAKE FOREST OPEN LANDS ASSOCIATION,LAKE FOREST,IL,,,,,irs_990pf
NATIONAL PARKS CONSERVATION ASSOCIATION,WASHINGTON,DC,,,,,irs_990pf
NORTHWESTERN LAKE FOREST HOSPITAL,LAKE FOREST,IL,,,,,irs_990pf
OLD ST PATRICKS CHURCH,CHICAGO,IL,,,,,irs_990pf
OPEN THE BOOKS,BURR RIDGE,IL,,,,,irs_990pf
OPENLANDS,CHICAGO,IL,,,,,irs_990pf
SHIRLY RYAN ABILITY LAB,CHICAGO,IL,,,,,irs_990pf
ST ELMO FOUNDATION,NEW YORK,NY,,,,,irs_990pf
ST ANDREW S EPISCOPAL CHURCH,CHICAGO,IL,,,,,irs_990pf
TEACH FOR AMERICA,SAN FRANCISCO,CA,,,,,irs_990pf
THE GEORGE MASON UNIVERSITY FOUNDATION,ARLINGTON,VA,,,,,irs_990pf
THE HEARTLAND INSTITUTION,ARLINGTON HEIGHTS,IL,,,,,irs_990pf
THE ISLAND SCHOOL FOUNDATION,BOSTON,MA,,,,,irs_990pf
THE JACK MILLER CENTER,BALA CYNWYD,PA,,,,,irs_990pf
WOODLANDS ACADEMY,LAKE FOREST,IL,,,,,irs_990pf
CFWNCCASHIERS COMMUNITY FUND,ASHEVILLE,NC,,,,,irs_990pf
COMMUNITY FOUNDATION OF WESTERN NORTH CAROLINA,ASHEVILLE,NC,,,,,irs_990pf
COLONY CLUB COMMUNITY FUND,CASHIERS,NC,,,,,irs_990pf
LITERACY ACTION INC,ATLANTA,GA,,,,,irs_990pf
ST SIMONS LAND TRUST,ST SIMONS ISLAND,GA,,,,,irs_990pf
BOYS GIRLS CLUB OF THE PLATEAU,CASHIERS,NC,,,,,irs_990pf
CHICAGO JESUIT ACADEMY,CHICAGO,IL,,,,,irs_990pf
SAFE HARBOR CENTER,BRUNSWICK,GA,,,,,irs_990pf
AMP CONCERTS,ALBUQUERQUE,NM,,,,,irs_990pf
CASA FIRST NM,SANTA FE,NM,,,,,irs_990pf
CENTER FOR ELDER LAW JUSTICE,BUFFALO,NY,,,,,irs_990pf
COALITION TO STOP VIOLENCE AGAINST NATIVE WOMEN,ALBUQUERQUE,NM,,,,,irs_990pf
COMING HOME CONNECTION,SANTA FE,NM,,,,,irs_990pf
COMMUNITIES IN SCHOOLS,SANTA FE,NM,,,,,irs_990pf
FOREST STEWARDS GUILD NM,SANTA FE,NM,,,,,irs_990pf
HIMALAYAN STOVE PROJECT,TAOS,NM,,,,,irs_990pf
INDIGENOUS SOLUTIONS,SANTA FE,NM,,,,,irs_990pf
KSFR PUBLIC RADIO,SANTA FE,NM,,,,,irs_990pf
LAKOTA FUNDS,KYLE,SD,,,,,irs_990pf
MASCOMUNIDAD - PENASCO THEATRE,PENASCO,NM,,,,,irs_990pf
NATIVE AMERICAN RIGHTS FUND,ARVADA,CO,,,,,irs_990pf
NATIVE VILLAGE OF KWIGILLINKOK,KWIGILLIGNGOK,AK,,,,,irs_990pf
NEW MEXICO CANCER FOUNDATION,ALBUQUERQUE,NM,,,,,irs_990pf
NEW MEXICO WATER DIALOGUE,ALBUQUERQUE,NM,,,,,irs_990pf
NM POLITICAL REPORT- ENVIRONMENT PROJECT,SANTA FE,NM,,,,,irs_990pf
NORTH VALLEY COMM FOUNDATION,CHICO,CA,,,,,irs_990pf
RED CROSS,SANTA FE,NM,,,,,irs_990pf
RESOLANA FARMS,COYOTE,NM,,,,,irs_990pf
SEARCHLIGHT,SANTA FE,NM,,,,,irs_990pf
SKY CENTER,SANTA FE,NM,,,,,irs_990pf
TEAM RUBICON,LOS ANGELOS,CA,,,,,irs_990pf
THE CAJUN NAVY RELIEF INC,NEW ORLEANS,LA,,,,,irs_990pf
TIBETAN ASSOCIATION OF SANTA FE,SANTA FE,NM,,,,,irs_990pf
UTTON TRANSBOUNDARY RESOURCE CENTER-UNM,ALBUQUERQUE,NM,,,,,irs_990pf
WHEELWRIGHT MUSEUM,SANTA FE,NM,,,,,irs_990pf
COLUMBUS BIBLE STUDENTS ECCLESIA,COLUMBUS,OH,,,,,irs_990pf
BIBLE STUDENTS CONGREGATION OF,FREEHOLD,NJ,,,,,irs_990pf
CHILDRENS HOSPITAL FOUNDATION,LOUISVILLE,KY,,,,,irs_990pf
NEW ALBANY-LOU BIBLE STUDENTS,NEW ALBANY,IN,,,,,irs_990pf
FT WORTH BIBLE STUDENTS ECCLESIA,WESTERVILLE,OH,,,,,irs_990pf
GAGE BARTLETT,SARATOGA,WY,,,,,irs_990pf
CRUZ ESCOBEDO,SARATOGA,WY,,,,,irs_990pf
JAXON KING,SARATOGA,WY,,,,,irs_990pf
KONNAR KNOTWELL,ENCAMPMENT,WY,,,,,irs_990pf
KAYLA WAGY,ENCAMPMENT,WY,,,,,irs_990pf
WYATT COX,ENCAMPMENT,WY,,,,,irs_990pf
COWBOYS AGAINST CANCER,ROCK SPRINGS,WY,,,,,irs_990pf
ANONYMOUS,SARATOGA,WY,,,,,irs_990pf
SMHS TECH CLASS CANCER WALK,SARATOGA,WY,,,,,irs_990pf
MOBILIZATION FOR JUSTICE,NEW YORK,NY,,,,,irs_990pf
TEMPLE ISRAEL CENTER,WHITE PLAINS,NY,,,,,irs_990pf
UJA FEDERATION,NEW YORK,NY,,,,,irs_990pf
WESTCHESTER JEWISH COMMUNITY SERVICES INC,WHITE PLAINS,NY,,,,,irs_990pf
CATHOLICS COME HOME,Roswell,GA,,,,,irs_990pf
ADULT LITERACY LEAGUE,Orlando,FL,,,,,irs_990pf
SECOND HARVEST FOOD BANK,Orlando,FL,,,,,irs_990pf
ORLANDO RESCUE MISSION,Orlando,FL,,,,,irs_990pf
UNITED ARTS,Orlando,FL,,,,,irs_990pf
UNDER THE STARS MISSION INC,New Smyrna Beach,FL,,,,,irs_990pf
ST JAMES CATHEDRAL,Orlando,FL,,,,,irs_990pf
ARCHDIOCESE FOR THE MILITARY SERVICE,Washington,DC,,,,,irs_990pf
HEALTH CARE CENTER FOR THE HOMELESS,Orlando,FL,,,,,irs_990pf
BOYS AND GIRLS CLUB,Orlando,FL,,,,,irs_990pf
CHILDREN S HOME SOCIETY OF FL,Orlando,FL,,,,,irs_990pf
COMMUNITY OF 100,Winter Park,FL,,,,,irs_990pf
OUR LADY OF THE MOUNTAINS CATHOLIC CHURCH,Highlands,NC,,,,,irs_990pf
THE CENTER FOR MEDICAL PROGRESS,Irvine,CA,,,,,irs_990pf
FIRST LIBERTY,Plano,TX,,,,,irs_990pf
AUGUSTINE INSTITUTE,Greenwood Village,CO,,,,,irs_990pf
AMERICAN PARKINSON DISEASE ASSOC,Staten Island,NY,,,,,irs_990pf
DYNAMIC CATHOLIC,Erlanger,KY,,,,,irs_990pf
LA AMISTAD FOUNDATION INC,Fern Park,FL,,,,,irs_990pf
MERCY CORPS,Portland,OR,,,,,irs_990pf
WORLD WAR II VETERANS COMMITTEE,Arlington,VA,,,,,irs_990pf
LEGATUS,Immokalee,FL,,,,,irs_990pf
LIFE CHOICES WOMEN S CENTER,Altamonte Springs,FL,,,,,irs_990pf
EAGLE ROCK,Maryville,TN,,,,,irs_990pf
PRISION FELLOWSHIP,Merrifield,VA,,,,,irs_990pf
ALZHEIMER S ASSOCIATION,Longwood,FL,,,,,irs_990pf
CARENET,Lansdowne,VA,,,,,irs_990pf
CATHOLIC LEADERSHIP INSTITUTE,Wayne,PA,,,,,irs_990pf
CONCERTS FOR HOPE,Simpsonville,KY,,,,,irs_990pf
HARBOR HOUSE OF CENTRAL FL,Orlando,FL,,,,,irs_990pf
ON THIS ROCK COMMUNICATION,Orlando,FL,,,,,irs_990pf
OUR LADY STAR OF THE SEA,New Smyrna Beach,FL,,,,,irs_990pf
THE FINLEY PROJECT,Maitland,FL,,,,,irs_990pf
THE CATHOLIC FOUNDATION,Orlando,FL,,,,,irs_990pf
ONE PURSE,Orlando,FL,,,,,irs_990pf
MORNINGSIDE SCHOOL PTA,Atlanta,GA,,,,,irs_990pf
JR LEAGUE OF ORLANDO,Orlando,FL,,,,,irs_990pf
FELLOWSHIP OF CATHOLIC UNIVERSITY STUDENTS,Genesee,CO,,,,,irs_990pf
COALITION FOR THE HOMELESS,Orlando,FL,,,,,irs_990pf
STRENTHEN ORLANDO,Orlando,FL,,,,,irs_990pf
LEATHERSTOCKING COUNCIL INC BOY SCOUTS OF AMERICA,ONEONTA,NY,,,,,irs_990pf
BOYS GIRLS CLUB WASHINGTON CNTY,BRENHAM,TX,,,,,irs_990pf
CATHOLIC CHARITIES RIO GRANDE,SAN JUAN,TX,,,,,irs_990pf
CHRISTIAN FAMILY CENTER,SUGAR LAND,TX,,,,,irs_990pf
DEPELCHIN CHILDREN S CENTER,HOUSTON,TX,,,,,irs_990pf
ETERNAL WORLD TELEVISION NETWORK,IRONDALE,AL,,,,,irs_990pf
HOSPICE BRAZOS VALLEY INC,BRYAN,TX,,,,,irs_990pf
HOUSTON CATHOLIC WORKERS CASA,HOUSTON,TX,,,,,irs_990pf
HOUSTON HUMANE SOCIETY,HOUSTON,TX,,,,,irs_990pf
HOUSTON PUBLIC MEDIA FOUNDATION,HOUSTON,TX,,,,,irs_990pf
HOWARD CENTER INC,BURLINGTON,VT,,,,,irs_990pf
MAGNIFICAT HOUSE,HOUSTON,TX,,,,,irs_990pf
PORTLAND LEADERSHIP FOUNDATION,PORTLAND,OR,,,,,irs_990pf
SALESIAN MISSIONS INC,NEW ROCHELLE,NY,,,,,irs_990pf
SPECIAL OLYMPICS TEXAS,AUSTIN,TX,,,,,irs_990pf
ST MAXIMILIAN KOLBE,HOUSTON,TX,,,,,irs_990pf
SUMMERHOUSE,HOUSTON,TX,,,,,irs_990pf
UNIVERSITY OF ST THOMAS,HOUSTON,TX,,,,,irs_990pf
UNITED OSTOMY ASSOC OF AMERICA,NORTHFIELD,MN,,,,,irs_990pf
WASHINGTON COUNTY HEALTHFUL LIVING,BRENHAM,TX,,,,,irs_990pf
WSKG PUBLIC RADIO,Binghamton,NY,,,,,irs_990pf
DELHI CENTRAL SCHOOL,Delhi,NY,,,,,irs_990pf
MERIDALE FIRE DEPT EMERGENCY SQUA,Meridale,NY,,,,,irs_990pf
DELAWARE COUNTY HISTORICAL ASSN,Delhi,NY,,,,,irs_990pf
PINE GROVE CEMETERY ASSN,East Meredith,NY,,,,,irs_990pf
HANFORD MILLS MUSEUM,East Meredith,NY,,,,,irs_990pf
THE WEST KORTRIGHT CENTER,East Meredith,NY,,,,,irs_990pf
MEREDITH HISTORICAL SOCIETY,Meridale,NY,,,,,irs_990pf
WORCHESTER POLUTECNIC INSTITUTE,Worcester,MA,,,,,irs_990pf
SOWW,Myrtle Beach,SC,,,,,irs_990pf
DELTA WATERFOWL,Myrtle Beach,SC,,,,,irs_990pf
BOYKIN SPANIEL RESCUE,Charlottesville,VA,,,,,irs_990pf
CONWAY MEDICAL FOUNDATION,Conway,SC,,,,,irs_990pf
BARBARA GREEN,SAN DIEGO,CA,,,,,irs_990pf
CHUC LE,SAN DIEGO,CA,,,,,irs_990pf
FEZZE KAZIMI,SAN DIEGO,CA,,,,,irs_990pf
KATHERINE GARDUNO,SAN DIEGO,CA,,,,,irs_990pf
KIM SUNGHUI,SAN DIEGO,CA,,,,,irs_990pf
LEANDRA HAMILTON,LA MESA,CA,,,,,irs_990pf
LUCIE SAMARKOVA,SAN DIEGO,CA,,,,,irs_990pf
ADRIANA LAGUNA,SAN DIEGO,CA,,,,,irs_990pf
MAYRA RUIZ,SAN DIEGO,CA,,,,,irs_990pf
REBECCA SUTCLIFFE,SAN DIEGO,CA,,,,,irs_990pf
CHEMESE DEMPSEY,SAN DIEGO,CA,,,,,irs_990pf
LESLIE LOPEZ,LEMON GROVE,CA,,,,,irs_990pf
YUSRA UWASE HASSAN,SAN DIEGO,CA,,,,,irs_990pf
KASSANDRA MUNOZ,SAN DIEGO,CA,,,,,irs_990pf
CYNTHIA NAVA,SAN DIEGO,CA,,,,,irs_990pf
BETHANY CENTER,PIQUA,OH,,,,,irs_990pf
PIQUA EDIUCATION FPUNDATION,PIQUA,OH,,,,,irs_990pf
UNITED WAY OF MIAMI COUNTY,TROY,OH,,,,,irs_990pf
JAIN CENTER OF CINCINNATI DAYTON,LIBERTY TOWNSHIP,OH,,,,,irs_990pf
GANDHI MEMORIAL SOCIETY,JACKSONVILLE,FL,,,,,irs_990pf
ELIC ENGLISH LANGUAGE INSTITUTE CHINA,FORT COLLINS,CO,,,,,irs_990pf
GENERATION TO GENERATION NETWORK,GILBERT,AZ,,,,,irs_990pf
GLOBAL PARTNERS,FISHERS,IN,,,,,irs_990pf
JOHN SCHINDLER MINISTRIES,STEVENSVILLE,MI,,,,,irs_990pf
POTTERS HOUSE,PEWAUKEE,WI,,,,,irs_990pf
SIM USA,CHARLOTTE,NC,,,,,irs_990pf
THE EVANGELICAL ALLIANCE MISSION TEAM,GRAPEVINE,TX,,,,,irs_990pf
DAMON RUNYON CANCER RESEARCH FOUNDATION,NEW YORK,NY,,,,,irs_990pf
ENDEAVOR THERAPEUTIC HORSEMANSHIP INC,MOUNT KISCO,NY,,,,,irs_990pf
STAR INC,NORWALK,CT,,,,,irs_990pf
IMAGINE A CENTER FOR COPING WITH LOSS,WESTFIELD,NJ,,,,,irs_990pf
PLANNED PARENTHOOD OF SOUTH EAST AND NORTH FLORIDA,WEST PALM BEACH,FL,,,,,irs_990pf
HAMMER RESIDENCES,WAYZATA,MN,,,,,irs_990pf
HELPING PAWS,HOPKINS,MN,,,,,irs_990pf
MINNEAPOLIS HEART INSTITUTE FOUNDATION,MINNEAPOLIS,MN,,,,,irs_990pf
MINNESOTA WILLS FOR HEROES,MINNEAPOLIS,MN,,,,,irs_990pf
RESOURCE WEST,HOPKINS,MN,,,,,irs_990pf
SENIOR COMMUNITY SERVICES,MINNETONKA,MN,,,,,irs_990pf
US ELECTRIC WHEELCHAIR HOCKEY ASSOCIATION,MINNEAPOLIS,MN,,,,,irs_990pf
HEARTS AND HANDS,ST LOUIS PARK,MN,,,,,irs_990pf
DUNMAC GOLF FOR VETS,BLAINE,MN,,,,,irs_990pf
HOMEWARD BOUND INC,PLYMOUTH,MN,,,,,irs_990pf
CRESCENT COVE,ST LOUIS PARK,MN,,,,,irs_990pf
LEARNING LINKS MN,EXCELSIOR,MN,,,,,irs_990pf
MAJESTIC HILLS RANCH FOUNDATION,BLOOMINGTON,MN,,,,,irs_990pf
MINNESOTA ASSISTANCE COUNCIL FOR VETS,ST PAUL,MN,,,,,irs_990pf
SARAH HELMS,Richmond,VA,,,,,irs_990pf
LOGAN HALL,Bassett,VA,,,,,irs_990pf
ST JUDES RESEARCH HOSPITAL,MEMPHIS,TN,,,,,irs_990pf
KAPPA ALPHA THETA FOUNDATION,INDIANAPOLIS,IN,,,,,irs_990pf
SOUTHWEST FLORIDA PASTEL SOCIETY,NAPLES,FL,,,,,irs_990pf
FLORIDA SHERIFFS YOUTH RANCHES INC,LIVE OAK,FL,,,,,irs_990pf
AMERICAN LUNG ASSOCIATION,FORT MYERS,FL,,,,,irs_990pf
NAPLES ART ASSOCIATION,NAPLES,FL,,,,,irs_990pf
CENTER FOR THE ARTS BONITA SPRINGS,BONITA SPRINGS,FL,,,,,irs_990pf
BRIGHTFOCUS FOUNDATION,CLARKSBURG,MD,,,,,irs_990pf
VETERANS OF FOREIGN WARS PROCESSING,TOPEKA,KS,,,,,irs_990pf
BRIGHTHOUSE FOUNDATION,CLARKSBURG,MD,,,,,irs_990pf
AMERICAN ASSOCIATION OF UNIVERSITY WOMEN,SANTA BARBARA,CA,,,,,irs_990pf
AMERICAN FILM INSTITUTE CONSERVATORY,LOS ANGELES,CA,,,,,irs_990pf
BOY SCOUTS OF AMERICA - TROOP 179,VENTURA,CA,,,,,irs_990pf
COUNCIL ON ALCOHOLISM AND DRUG ABUSE,SANTA BARBARA,CA,,,,,irs_990pf
DON BOSCO TECH,ROSEMEAD,CA,,,,,irs_990pf
FOOD FROM THE HEART,SANTA BARBARA,CA,,,,,irs_990pf
FOUNDATION FOR SBCC,SANTA BARBARA,CA,,,,,irs_990pf
GIRLS INC,CARPINTERIA,CA,,,,,irs_990pf
GRANADA THEATER - SANTA BARBARA CENTER FOR THE PERFORMING ARTS INC,SANTA BARBARA,CA,,,,,irs_990pf
GROVE CHURCH,ALBANY,OR,,,,,irs_990pf
KINDERING,BELLEVUE,WA,,,,,irs_990pf
MAPS,SANTA CRUZ,CA,,,,,irs_990pf
MOXI - THE WOLF MUSEUM,SANTA BARBARA,CA,,,,,irs_990pf
RANCHO EL CHORRO OUTDOOR SCHOOL,SAN LUIS OBISPO,CA,,,,,irs_990pf
ROCKY MOUNTAIN WOLF PROJECT,DENVER,CO,,,,,irs_990pf
SAN FRANCISCO MUSEUM OF MODERN ART,SAN FRANCISCO,CA,,,,,irs_990pf
SANTA BARBARA HIGH SCHOOL COMPUTER SCIENCE ACADEMY FOUNDATION,SANTA BARBARA,CA,,,,,irs_990pf
SANTA BARBARA HIGH SCHOOL,SANTA BARBARA,CA,,,,,irs_990pf
SAVE THE REDWOODS,SAN FRANCISCO,CA,,,,,irs_990pf
SCHOLARSHIP FOUNDATION OF SB,SANTA BARBARA,CA,,,,,irs_990pf
ST CATHERINE BY THE SEA,VENTURA,CA,,,,,irs_990pf
THE GREATER CONTRIBUTION,THOUSAND OAKS,CA,,,,,irs_990pf
UCSB FOUNDATION,SANTA BARBARA,CA,,,,,irs_990pf
UNITY SHOPPE INC,SANTA BARBARA,CA,,,,,irs_990pf
UNIVERSITY OF CALIFORNIA MERCED,MERCED,CA,,,,,irs_990pf
UNIVERSITY OF WASHINGTON FOUNDATION,SEATTLE,WA,,,,,irs_990pf
CONGREGATION ANSHE MOTELE,CHICAGO,IL,,,,,irs_990pf
WORLD OF CHILDREN,DUBLIN,CA,,,,,irs_990pf
ADMIRAL S COVE FOUNDATION,JUPITER,FL,,,,,irs_990pf
BNAI BRITH SPORTS LODGE,HAWTHORN WOODS,IL,,,,,irs_990pf
JEWISH FEDERATION CALIFORNIA FIRE R,CHICAGO,IL,,,,,irs_990pf
JEWISH FEDERATION OF METROPOLITAN C,CHICAGO,IL,,,,,irs_990pf
WARRIOR MISFITSNO WARRIOR LEFT BEHI,SATELLITE BEACH,FL,,,,,irs_990pf
FRIENDS OF THE ISRAEL DEFENSE FORCE,NEW YORK,NY,,,,,irs_990pf
ILLINOIS HOLOCAUST MUSEUM EDUCATION,SKOKIE,IL,,,,,irs_990pf
ARIE CROWN HEBREW DAY SCHOOL ENDOWM,CHICAGO,IL,,,,,irs_990pf
FACE OF TODAY FOUNDATION,,,,,,,irs_990pf
HILLELS OF ILLINOIS ENDOWMENT FOUND,CHICAGO,IL,,,,,irs_990pf
IDA CROWN JEWISH ACADEMY,SKOKIE,IL,,,,,irs_990pf
NO SHAME ON U,CHICAGO,IL,,,,,irs_990pf
THE JOHN MARSHALL LAW SCHOOL,CHICAGO,IL,,,,,irs_990pf
CAMP RAMAH IN WISCONSIN,CHICAGO,IL,,,,,irs_990pf
SOLOMON SCHECHTER DAY SCHOOL,NORTHBROOK,IL,,,,,irs_990pf
CAMP MOSHAVA OF WILD ROSE,SKOKIE,IL,,,,,irs_990pf
OHR TORAH STONE,NEW YORK,NY,,,,,irs_990pf
WE FOUNDATION,CHICAGO,IL,,,,,irs_990pf
FRIENDS OF UNITED HATZALAH,NEW YORK,NY,,,,,irs_990pf
HADASSAH,NORTHBROOK,IL,,,,,irs_990pf
KID SANCTUARY,WEST PALM BEACH,FL,,,,,irs_990pf
METRO CHICAGO HILLEL,CHICAGO,IL,,,,,irs_990pf
NEEMAN FOUNDATION USA,BOSTON,MA,,,,,irs_990pf
BUTTONWOOD PARK ZOO,NEW BEDFORD,MA,,,,,irs_990pf
PRINCE S TRUST CANADA,,,,,,,irs_990pf
UR HARMONY,APPLETON,WI,,,,,irs_990pf
PAN MASS CHALLENGE - DANA FARBER,NEEDHAM,MA,,,,,irs_990pf
THE JEWISH FEDERATION OF GREATER ATLANTA,ATLANTA,GA,,,,,irs_990pf
ALPHA OMEGA MIRACLE HOME,ST AUGUSTINE,FL,,,,,irs_990pf
SALVATION ARMY SJC,ST AUGUSTINE,FL,,,,,irs_990pf
CATHEDERAL PARISH SCHOOL,Saint Augustine,FL,,,,,irs_990pf
BOY SCOUTS OF AMERICA,JACKSONVILLE,FL,,,,,irs_990pf
MEMORIAL LUTHERAN CHURCH,SAINT AUGUSTINE,FL,,,,,irs_990pf
ST AUGUSTINE HISTORICAL LIBRARY,SAINT AUGUSTINE,FL,,,,,irs_990pf
WOMENS EXCHANGE OF ST AUGUSTINE,SAINT AUGUSTINE,FL,,,,,irs_990pf
DIAMONDS IN THE ROUGH,ST AUGUSTINE,FL,,,,,irs_990pf
AYLA S ACRES NO KILL ANIMAL RESCUE,ST AUGUSTINE,FL,,,,,irs_990pf
CATHOLIC CHARITIES,ST AUGUSTINE,FL,,,,,irs_990pf
ST GERARD CAMPUS,ST AUGUSTINE,FL,,,,,irs_990pf
ST FRANCIS HOUSE,ST AUGUSTINE,FL,,,,,irs_990pf
BAY MEADOWS JEHOVA WHITNESSES,JACKSONVILLE,FL,,,,,irs_990pf
LEARN TO READ ST JOHNS COUNTY,ST AUGUSTINE,FL,,,,,irs_990pf
PORT IN THE STORM HOMELESS YOUTH CTR,ST AUGUSTINE,FL,,,,,irs_990pf
FICPA SCHOLARSHIP FOUNDATION,GAINESVILLE,FL,,,,,irs_990pf
LORD S TEMPLE CITY OF REFUSE SOUP KITCHEN,HASTINGS,FL,,,,,irs_990pf
BOYS GIRLS CLUB OF THE SM,SEVIERVILLE,TN,,,,,irs_990pf
FELICIAN SISTERS OF NORTH AM,BEAVER FALLS,PA,,,,,irs_990pf
INSURANCE INDUSTRY CHARITABLE FDN,LOS ANGELES,CA,,,,,irs_990pf
A KIDS AGAIN,COLUMBUS,OH,,,,,irs_990pf
FRESH START WOMENS FOUNDATION,PHOENIX,AZ,,,,,irs_990pf
HOSPICE OF CENTRAL OHIO,NEWARK,OH,,,,,irs_990pf
LEGACY HOSPICE,PLANO,TX,,,,,irs_990pf
RUTH ANN STEPP MEMORIAL,TEMPE,AZ,,,,,irs_990pf
SCOTTSDALE SISTER CITIES ASSN,SCOTTSDALE,AZ,,,,,irs_990pf
ST JOHNS LUTHERAN CHURCH,Black River Falls,WI,,,,,irs_990pf
ZION LUTHERAN CHURCH,ROCKFORD,IL,,,,,irs_990pf
JACKSON COUNTY INTERFAITH VOLUNTEER,BLACK RIVER FALLS,WI,,,,,irs_990pf
JACKSON COUNTY RIGHT TO LIFE,MILWAUKEE,WI,,,,,irs_990pf
EPAMEINONDAS DOGEAS,DALLAS,TX,,,,,irs_990pf
AUDRA CLARK,DALLAS,TX,,,,,irs_990pf
WHITNEY HUDDLESTON,DALLAS,TX,,,,,irs_990pf
JULIANNE ALLEN,DALLAS,TX,,,,,irs_990pf
DYLAN JASON,DALLAS,TX,,,,,irs_990pf
ERIKA BISGAARD,DALLAS,TX,,,,,irs_990pf
VIRGINIA BAILEY,DALLAS,TX,,,,,irs_990pf
JOSHUA WEIS,DALLAS,TX,,,,,irs_990pf
RUTH JONES,DALLAS,TX,,,,,irs_990pf
MARYANNE PICKETT,DALLAS,TX,,,,,irs_990pf
ST MARY SCHOOL,SIMSBURY,CT,,,,,irs_990pf
LEGAL AID FOUNDATION OF COLORADO,DENVER,CO,,,,,irs_990pf
MI CASA RESOURCE CENTER FOR WOMEN,DENVER,CO,,,,,irs_990pf
SAFEHOUSE DENVER INC,DENVER,CO,,,,,irs_990pf
SAVE OUR YOUTH,DENVER,CO,,,,,irs_990pf
VOLUNTEERS FOR OUTDOOR COLORADO,DENVER,CO,,,,,irs_990pf
WESTERN MUSEUM OF MINING INDUSTRY,COLORADO SPRINGS,CO,,,,,irs_990pf
THE KEMPE CHILDRENS FOUNDATION,AURORA,CO,,,,,irs_990pf
COLORADO CENTER ON LAW AND POLICY,DENVER,CO,,,,,irs_990pf
HISTORY COLORADO CENTER,DENVER,CO,,,,,irs_990pf
COLORADO SYMPHONY ASSOCIATION,DENVER,CO,,,,,irs_990pf
THE DENVER ART MUSEUM,DENVER,CO,,,,,irs_990pf
DENVER MUSUEM OF NATURE AND SCIENCE,DENVER,CO,,,,,irs_990pf
KARIS COMMUNITY HOME,DENVER,CO,,,,,irs_990pf
CAPITAL HILL UNITED MINISTRIES WOMENS HOMELESS,DENVER,CO,,,,,irs_990pf
SCHOLARS UNLIMITED,DENVER,CO,,,,,irs_990pf
JEWISH FAMILY SERVICES OF DENVER,DENVER,CO,,,,,irs_990pf
CONFLICT CENTER,DENVER,CO,,,,,irs_990pf
VOLUNTEERS OF AMERICA,DENVER,CO,,,,,irs_990pf
WEBB-WARING INSTITUTE FOR CANCER,DENVER,CO,,,,,irs_990pf
INVEST IN KIDS,DENVER,CO,,,,,irs_990pf
DEER HILL FOUNDATION,MANCOS,CO,,,,,irs_990pf
WILDERNESS WORKSHOP,CARBONDALE,CO,,,,,irs_990pf
FRIENDS OF BROOMFIELD,BROOMFIELD,CO,,,,,irs_990pf
DENVER INNER CITY PARISH,DENVER,CO,,,,,irs_990pf
BESSIES HOPE,DENVER,CO,,,,,irs_990pf
ENERGY OUTREACH COLORADO,DENVER,CO,,,,,irs_990pf
SAME CAFE,DENVER,CO,,,,,irs_990pf
SPECIAL OLYMPICS OF COLORADO,ENGLEWOOD,CO,,,,,irs_990pf
EKAR FARMS,DENVER,CO,,,,,irs_990pf
HABITAT FOR HUMANITY OF METRO DENVER,DENVER,CO,,,,,irs_990pf
VALLEY SETTLEMENT PROJECT,CARBONDALE,CO,,,,,irs_990pf
COLFAX COMMUNITY NETWORK,AURORA,CO,,,,,irs_990pf
CAPITAL HILL COMMUNITY SERVICES,DENVER,CO,,,,,irs_990pf
DENVER HOSPICE,DENVER,CO,,,,,irs_990pf
EMILY GRIFFITH FOUNDATION,LAKEWOOD,CO,,,,,irs_990pf
SECOND WIND FUND,LAKEWOOD,CO,,,,,irs_990pf
JUNIOR ACHIEVEMENT-ROCKY MOUNTAIN,DENVER,CO,,,,,irs_990pf
ANTI-DEFAMATION LEAGUE OF COLORADO,DENVER,CO,,,,,irs_990pf
ACES,ASPEN,CO,,,,,irs_990pf
ACTORS AND OTHERS FOR ANIMALS,NORTH HOLLYWOOD,CA,,,,,irs_990pf
AMERICAN JEWISH COMMITTEE,MILWAUKEE,WI,,,,,irs_990pf
AMERICAN SONGBOOK ASSOCIATION,NEWYORK,NY,,,,,irs_990pf
ANDREW DREYER MEMORIAL FUND,NEW YORK,NY,,,,,irs_990pf
ASPEN INSTITUTE,ASPEN,CO,,,,,irs_990pf
ASPEN MIDDLE SCHOOL,ASPEN,CO,,,,,irs_990pf
ASPEN VALLEY HOSPITAL FOUNDATION,ASPEN,CO,,,,,irs_990pf
ASPEN YOUTH CENTER,ASPEN,CO,,,,,irs_990pf
ASPEN PUBLIC RADIO,ASPEN,CO,,,,,irs_990pf
BEDFORD PLAYHOUSE,BEDFORD,NY,,,,,irs_990pf
BEDFORD VILLAGE CHOWDER AND MARCHIN,BEDFORD,NY,,,,,irs_990pf
BRUCE MUSEUM,GREENWICH,CT,,,,,irs_990pf
CALVERT MARINE MUSEUM,SOLOMONS,MD,,,,,irs_990pf
CAMPFIRE,KANSAS CITY,MO,,,,,irs_990pf
CHESAPEAKE BAY MARITIME MUSEUM,ST MICHAELS,MD,,,,,irs_990pf
CHILDREN S HOSPITAL COLORADO FOUNDA,AURORA,CO,,,,,irs_990pf
CLEARWATER MARINE AQUARIUM,CLEARWATER,FL,,,,,irs_990pf
COASTGUARD FOUNDATION,STONINGTON,CT,,,,,irs_990pf
COLD SPRING LIONS,COLD SPRING,NY,,,,,irs_990pf
CONGREGATION B NAI YISREAL,ARMONK,NY,,,,,irs_990pf
CURE JM,ENCINITAS,CA,,,,,irs_990pf
EAGLE ROCK YACHT CLUB,LOS ANGELES,CA,,,,,irs_990pf
EAGLE VALLEY HUMANE SOCIETY,EAGLE,CO,,,,,irs_990pf
EYELLIANCE,NEW YORK,NY,,,,,irs_990pf
FRIENDS OF ASPEN ANIMAL SHELTER,ASPEN,CO,,,,,irs_990pf
FRIENDS OF DARTMOUTH SKIING,HANOVER,NH,,,,,irs_990pf
FRIENDS OF TRAILSIDE MUSEUM,CROSS RIVER RD,NY,,,,,irs_990pf
GREENWICH EMERGENCY MEDICAL SERVICE,RIVERSIDE,CT,,,,,irs_990pf
GREENWICH HOSPITAL FOUNDATION,COS COB,CT,,,,,irs_990pf
GRTA,GREENWICH,CT,,,,,irs_990pf
HABITAT FOR HUMANITY OF MN,SAINT PAUL,MN,,,,,irs_990pf
HEAVEN CAN WAIT ANIMAL SOCIETY,LAS VEGAS,NV,,,,,irs_990pf
HILLSIDE FOOD OUTREACH,DANBURY,CT,,,,,irs_990pf
HOLY TRINITY DIOCESAN HIGH SCHOOL,HICKSVILLE,NY,,,,,irs_990pf
ISHA FOUNDATION,MCMINNVILLE,TN,,,,,irs_990pf
JCY-WCP,YONKERS,NY,,,,,irs_990pf
JEWISH COMMUNITY PARTNERS,YONKERS,NY,,,,,irs_990pf
LATINO U COLLEGE ACCESS,WHITE PLANES,NY,,,,,irs_990pf
LIFTING UP WESTCHESTER,WHITE PLAINS,NY,,,,,irs_990pf
LIVE LET LIVE FARM INC,CHICHESTER,NH,,,,,irs_990pf
MALTA HOUSE,NORWALK,CT,,,,,irs_990pf
MOUNTAIN VALLEY HORSE RESCUE,MCCOY,CO,,,,,irs_990pf
NATIONAL AQUARIUM - BALTIMORE,BALTIMORE,MD,,,,,irs_990pf
NATIONAL RESTAURANT EDUCATION,WASHINGTON,DC,,,,,irs_990pf
NORTHERN WESTCHESTER HOSPITAL FDN,MT KISCO,NY,,,,,irs_990pf
NYPIRG,NY,NY,,,,,irs_990pf
OCEANAORG,MONTEREY,CA,,,,,irs_990pf
OJAI CARES,OJAI,CA,,,,,irs_990pf
OPTOMETRY GIVING SIGHT,GOLDEN,CO,,,,,irs_990pf
OUR HOUSE GREIF SUPPORT CENTER,LOS ANGELES,CA,,,,,irs_990pf
PAULINE S SCHNEEGAS FOUNDATION,SILT,CO,,,,,irs_990pf
PINKVAIL,VAIL,CO,,,,,irs_990pf
PORCHLIGHT PLAYERS COMMUNITY THEATR,EAGLE,CO,,,,,irs_990pf
PUPPIES BEHIND BARS,NY,NY,,,,,irs_990pf
RAINFOREST TRUST,WARRENTON,VA,,,,,irs_990pf
RESTORING VISION ORG,SAN RAFAEL,CA,,,,,irs_990pf
ROARING FORK CONSERVANCY,BASALT,CO,,,,,irs_990pf
ROARING FORK OUTDOOR VOLUNTEERS,BASALT,CO,,,,,irs_990pf
ROCKY MOUNTAIN PUBLIC BROADCASTING,DENVER,CO,,,,,irs_990pf
ROUND HILL VOLUNTEER FIRE DEPT,GREENWICH,CT,,,,,irs_990pf
ROUND UP RIVER RANCH,AVON,CO,,,,,irs_990pf
SKI CLUB VAIL,VAIL,CO,,,,,irs_990pf
ST MARYS CHURCH,BEDFORD,NY,,,,,irs_990pf
SURPRISE LAKE CAMP,NEW YORK,NY,,,,,irs_990pf
THE GUIDANCE CENTER,MT VERNON,NY,,,,,irs_990pf
THEATER ASPEN,ASPEN,CO,,,,,irs_990pf
TREE PEOPLE,BEVERLY HILLS,CA,,,,,irs_990pf
TURN OF RIVER FIRE DEPT,STAMFORD,CT,,,,,irs_990pf
UNITED WAY OF GREENWICH,GREENWICH,CT,,,,,irs_990pf
US SKI SNOWBOARD HALL OF FAME,ISHPEMING,MI,,,,,irs_990pf
VAIL VALLEY THEATER COMPANY,AVON,CO,,,,,irs_990pf
VELLORE CHRISTIAN MEDICAL COLLEGE F,NEW YORK,NY,,,,,irs_990pf
WALKING MOUNTAINS SCIENCE CENTER,AVON,CO,,,,,irs_990pf
WESTCHESTER S CHRISTMAS DINNER,KATONAH,NY,,,,,irs_990pf
WESTPORT COUNTRY PLAYHOUSE,WESTPORT,CT,,,,,irs_990pf
WHEELER ASSOCIATES,ASPEN,CO,,,,,irs_990pf
WORLD JEWISH CONGRESS,NEW YORK,NY,,,,,irs_990pf
YSPANIOLA,JAMAICA PLAIN,MA,,,,,irs_990pf
AMERICAN HEART ASSOCIATION,EDINA,MN,,,,,irs_990pf
BEACON INTERFAITH COLLABORATIVE,MINNEAPOLIS,MN,,,,,irs_990pf
CHILDREN S FOUNDATION,MINNEAPOLIS,MN,,,,,irs_990pf
CITY OF LAKES COMMUNITY LAND TRUST,MINNEAPOLIS,MN,,,,,irs_990pf
GILLETTE CHILDREN S HOSPITAL FOUNDATION,ST PAUL,MN,,,,,irs_990pf
SEARCH MINISTRIES,EDINA,MN,,,,,irs_990pf
UNIVERSITY OF ST THOMAS,ST PAUL,MN,,,,,irs_990pf
HABITAT FOR HUMANITY OF COLLIER COUNTY,NAPLES,FL,,,,,irs_990pf
GREY OAKS TEAM MEMBER EDUCATIONAL ADVANCEMENT FUND,NAPLES,FL,,,,,irs_990pf
EDINA HIGH SCHOOL,EDINA,MN,,,,,irs_990pf
SCAD RESEARCH INC,SCOTTSDALE,AZ,,,,,irs_990pf
BSM GIRLS HOCKEY,ST LOUIS PARK,MN,,,,,irs_990pf
BROADLAWNS MEDICAL CENTER FOUNDATION,DES MOINES,IA,,,,,irs_990pf
COMMUNITY FOUNDATION OF GREATER DES MOINES,DES MOINES,IA,,,,,irs_990pf
DES MOINES ART CENTER CO COMMUNITY FOUNDATION OF GREATER DES MOINES,DES MOINES,IA,,,,,irs_990pf
DES MOINES METRO OPERA FOUNDATION,INDIANOLA,IA,,,,,irs_990pf
DES MOINES SYMPHONY ASSOCIATION FOUNDATION,DES MOINES,IA,,,,,irs_990pf
GREATER DES MOINES BOTANICAL GARDENS,DES MOINES,IA,,,,,irs_990pf
HEALTH NETWORK FOUNDATION,CHAGRIN FALLS,OH,,,,,irs_990pf
HISTORIC ARNOLDS PARK,ARNOLDS PARK,IA,,,,,irs_990pf
HOYT SHERMAN PLACE FOUNDATION,DES MOINES,IA,,,,,irs_990pf
NAPLES CHILDREN EDUCATION FOUNDATION,NAPLES,FL,,,,,irs_990pf
NAPLES OPERA,NAPLES,FL,,,,,irs_990pf
NAPLES ZOO,NAPLES,FL,,,,,irs_990pf
UNITED WAY,DES MOINES,IA,,,,,irs_990pf
VARIETY CHILDRENS CHARITY OF IOWA,DES MOINES,IA,,,,,irs_990pf
WHITNEY MUSEUM,NEW YORK,NY,,,,,irs_990pf
YMCA OF THE ROCKIES,ESTES PARK,CO,,,,,irs_990pf
NAPLES - ARTIS,NAPLES,FL,,,,,irs_990pf
CHILDREN S MUSEUM EXEC DIRECTOR,LA CROSSE,WI,,,,,irs_990pf
BOYS GIRLS CLUB OF LA CROSSE,LA CROSSE,WI,,,,,irs_990pf
RESURRECTION AND LIFE LUTHERAN CHURCH,ROCHESTER,MN,,,,,irs_990pf
INDIAN RIVER MEDICAL CENTER FOUNDATION,Vero Beach,FL,,,,,irs_990pf
ST LOUIS ABBEY PRIORY SCHOOL,St Louis,MO,,,,,irs_990pf
VILLA DUCHESNE,St Louis,MO,,,,,irs_990pf
FOCUS MARINES FOUNDATION,Ballwin,MO,,,,,irs_990pf
HAPPY TAILS DACHSHUND RESCUE,Chandler,AZ,,,,,irs_990pf
PROMISED LAND DACHSHUND SANCTUARY,Gardendale,TX,,,,,irs_990pf
DACHSUND WORLD CHARITIES,Stuyvesant,NY,,,,,irs_990pf
BE THE MATCH FOUNDATION,MINNEAPOLIS,MN,,,,,irs_990pf
PACE CENTER FOR GIRLS,OCALA,FL,,,,,irs_990pf
PENINSULA MUSIC FESTIVAL,EPHRAIM,WI,,,,,irs_990pf
SISTER BAY LIBERTY GROVE FIREFIGHTES,SISTER BAY,WI,,,,,irs_990pf
THE CORNERSTONE SCHOOL,OCALA,FL,,,,,irs_990pf
UF MEDICAL SCHOOL,GAINESVILLE,FL,,,,,irs_990pf
VOCAL,OCALA,FL,,,,,irs_990pf
GREYHOUNDS OF FLORIDA,SPARR,FL,,,,,irs_990pf
I HAVE A DREAM FOUNDATION,BOULDER,CO,,,,,irs_990pf
UTAH TENNIS FOUNDATION,SALT LAKE CITY,UT,,,,,irs_990pf
FUTURE CHAMPIONS,WHITE HALL,MI,,,,,irs_990pf
JUDY MURRAY FOUNDATION,,,,,,,irs_990pf
RONALD MCDONALD HOURSE PITTSBURGH,PITTSBURGH,PA,,,,,irs_990pf
HERITAGE HOSPICE - NEW KENSINGTON,SPRINGFIELD,MO,,,,,irs_990pf
SOUTHEAST CHRISTIAN CHURCH,LOUISVILLE,KY,,,,,irs_990pf
COMPASS INTERNATIONAL INC,COUER dALENE,ID,,,,,irs_990pf
THE MESSAGE,LUBBOCK,TX,,,,,irs_990pf
ORCHARD GROUP INC,NEWTOWN,PA,,,,,irs_990pf
HOPE COLLABORATIVE,LOUISVILLE,KY,,,,,irs_990pf
SCARLET HOPE,LOUISVILLE,KY,,,,,irs_990pf
LAMB LION MINISTRIES,McKINNEY,TX,,,,,irs_990pf
A WORD FROM THE LORD INC,Monroe,GA,,,,,irs_990pf
A CHILD S VOICE ADVOCACY CENTER,Social Circle,GA,,,,,irs_990pf
COMMUNITIES IN SCHOOLS OF WALTON CO,Monroe,GA,,,,,irs_990pf
FAITH IN SERVING HUMANITY,Monroe,GA,,,,,irs_990pf
FIRST UNITED METHODIST CHURCH,Monroe,GA,,,,,irs_990pf
GEORGE WALTON ACADEMY,Monroe,GA,,,,,irs_990pf
MONROE CULTURAL HERITAGE MUSEUM,Monroe,GA,,,,,irs_990pf
MONROE DOWNTOWN DEVELOPMENT AUTH,Monroe,GA,,,,,irs_990pf
MONROEWALTON CO LIBRARY,Monroe,GA,,,,,irs_990pf
NE GA COUNCIL BOY SCOUTS,Jefferson,GA,,,,,irs_990pf
GIRL SCOUTS OF HISTORIC GA,Athens,GA,,,,,irs_990pf
ON STAGE WALTON,Monroe,GA,,,,,irs_990pf
PLEASANT VALLEY UNITED METHODIST CHURCH,Monroe,GA,,,,,irs_990pf
ST ALBAN S EPISCOPAL CHURCH,Monroe,GA,,,,,irs_990pf
ST ANNA S CATHOLIC CHURCH,Monroe,GA,,,,,irs_990pf
WALTON CO CHRISTIAN LEARNING CENTER,Monroe,GA,,,,,irs_990pf
WALTON CO BOYS GIRLS CLUBS INC,Monroe,GA,,,,,irs_990pf
WALTON CO HISTORICAL SOCIETY,Monroe,GA,,,,,irs_990pf
MONROEWALTON CENTER FOR THE ARTS,Monroe,GA,,,,,irs_990pf
WALTON CO SENIOR CITIZENS,Monroe,GA,,,,,irs_990pf
WILLIAM HARRIS HOMESTEAD FOUNDATION INC,Monroe,GA,,,,,irs_990pf
HOLY CROSS ANGLICAN CHURCH,Loganville,GA,,,,,irs_990pf
WALTON CO EMPTY STOCKING FUND,Monroe,GA,,,,,irs_990pf
UNION CHAPEL UNITED METH CHURCH,Monroe,GA,,,,,irs_990pf
THE MCDANIEL-TICHENOR HOUSE INC,Monroe,GA,,,,,irs_990pf
TEAM UP MENTORING INC,Monroe,GA,,,,,irs_990pf
WALTON WELLNESS INC,Monroe,GA,,,,,irs_990pf
SOUTHWEST CHRISTIAN HIGH SCHOOL,Chaska,MN,,,,,irs_990pf
THE 30-DAYS FOUNDATION,Golden Valley,MN,,,,,irs_990pf
CARTER CENTER,ATLANTA,GA,,,,,irs_990pf
CVT,ST PAUL,MN,,,,,irs_990pf
FAMILY PARTNERSHIP,MINNEAPOLIS,MN,,,,,irs_990pf
MN HISTORY CENTER,ST PAUL,MN,,,,,irs_990pf
MN ORCHESTRA,MINNEAPOLIS,MN,,,,,irs_990pf
MPLS CRISIS NURSERY,MINNEAPOLIS,MN,,,,,irs_990pf
MPLS INSTITUTE OF ART,MINNEAPOLIS,MN,,,,,irs_990pf
SCIENCE MUSEUM,ST PAUL,MN,,,,,irs_990pf
SMILE TRAIN,MINNEAPOLIS,MN,,,,,irs_990pf
UMN LIBRARIES,MINNEAPOLIS,MN,,,,,irs_990pf
VOCAL ESSENCE,MINNEAPOLIS,MN,,,,,irs_990pf
WESTMINSTER TOWN HALL FORUM,MINNEAPOLIS,MN,,,,,irs_990pf
UN REFUGEE,WASHINGTON,DC,,,,,irs_990pf
ST JUDES RESEARCH,MEMPHIS,TN,,,,,irs_990pf
TONI S KITCHEN,MONTCLAIR,NJ,,,,,irs_990pf
UNIV OF HAWAII FOUNDATION,HONOLULU,HI,,,,,irs_990pf
BAPTISTS ON MISSION,CARY,NC,,,,,irs_990pf
FIGS,RALEIGH,NC,,,,,irs_990pf
FOOD BANK OF CENTRAL AND E NC,RALEIGH,NC,,,,,irs_990pf
INTER-FAITH FOOD SHUTTLE,RALEIGH,NC,,,,,irs_990pf
UNITED ARTS COUNCIL,RALEIGH,NC,,,,,irs_990pf
PLANNED PARENTHOOD S ATLANTIC,RALEIGH,NC,,,,,irs_990pf
RALEIGH RESCUE MISSION,RALEIGH,NC,,,,,irs_990pf
SAINT PAUL AME CHURCH,RALEIGH,NC,,,,,irs_990pf
SHEPHERD S TABLE SOUP KITCHEN,RALEIGH,NC,,,,,irs_990pf
SPCA OF WAKE COUNTY,RALEIGH,NC,,,,,irs_990pf
PENLAND SCHOOL OF CRAFTS,PENLAND,NC,,,,,irs_990pf
ST AUGUSTINE S UNIVERSITY,RALEIGH,NC,,,,,irs_990pf
JEWISH FAMILY AND CHILDREN S SERVIC,CHERRY HILL,NJ,,,,,irs_990pf
CONGREGATION BETH EL,VOORHEES,NJ,,,,,irs_990pf
VALLEY CHABAD,WOODCLIFF LAKE,NJ,,,,,irs_990pf
THIRTEEN WNET NY,NEW YORK,NY,,,,,irs_990pf
WOODCLIFF LAKE VOLUNTEER FIRE DEPAR,WOODCLIFF LAKE,NJ,,,,,irs_990pf
JEWISH FAMILY SERVICE,PRINCETON,NJ,,,,,irs_990pf
PS 281 PTA,NEW YORK,NY,,,,,irs_990pf
TRIBORO AMBULANCE CORPS,PARK RIDGE,NJ,,,,,irs_990pf
KRISTEN ANN CARR FUND,NEW YORK,NY,,,,,irs_990pf
COMEDY CURES CANCER,TENAFLY,NJ,,,,,irs_990pf
WORLD LEARNING SIT GRADUATE REFUGEE,BRATTLEBORO,VT,,,,,irs_990pf
LUSTGARTEN FOUNDATION,WOODBURY,NY,,,,,irs_990pf
FOUNDATION FOR SARCOIDOSIS RESEARCH,CHICAGO,IL,,,,,irs_990pf
SUSAN G KOMEN FOUNDATION,PHILADELPHIA,PA,,,,,irs_990pf
UNIVERSITY OF PENNSYLVANIA HILLEL,PHILADELPHIA,PA,,,,,irs_990pf
THE BASS MUSEUM,MIAMI BEACH,FL,,,,,irs_990pf
HOUSTON HUTS FOR MUTTS,BAYTOWN,TX,,,,,irs_990pf
RWR NETWORK,BROOKLYN,NY,,,,,irs_990pf
AMERICAN LIVER FOUNDATION,NEW YORK,NY,,,,,irs_990pf
CAUSE TO WONDER,KINGWOOD,TX,,,,,irs_990pf
THE VALLEY HOSPITAL FOUNDATION,RIDGEWOOD,NJ,,,,,irs_990pf
ALUMNI IN RECOVERY,WESTWOOD,NJ,,,,,irs_990pf
BERRINGER HIGH SCHOOL ALUMNI ASSOCI,ESSEX FELLS,NJ,,,,,irs_990pf
MIAMI NEW DRAMA,MIAMI BEACH,FL,,,,,irs_990pf
BURLINGTON EDUCATION FOUNDATION,BURLINGTON,IA,,,,,irs_990pf
PHILADELPHIANS PRISON MINISTRIES INC,KNOXVILLE,TN,,,,,irs_990pf
AFTD,RADNOR,PA,,,,,irs_990pf
AMERICANS UNITED,WASHINGTON,DC,,,,,irs_990pf
INTERNATIONAL RESCUE COMM,ALBERT LEA,MN,,,,,irs_990pf
ISAACS STANLEY NEIGHBORH,NEW YORK,NY,,,,,irs_990pf
JASA,NEW YORK,NY,,,,,irs_990pf
LEGAL AID SOCIETY,NEW YORK,NY,,,,,irs_990pf
NARAL PRO CHOICE AMERICA FDN,WASHINGTON,DC,,,,,irs_990pf
NATL INSTITUTE FOR REPRODUCTIVE HEA,NEW YORK,NY,,,,,irs_990pf
NEIGHBORHOOD COALITION FOR SHELTER,NEW YORK,NY,,,,,irs_990pf
NEIGHBORHOOD PRESERVATION,NEW YORK,NY,,,,,irs_990pf
NEW SCHOOL UNIVERSITY,NEW YORK,NY,,,,,irs_990pf
NEW YORK ARTISTS EQUITY ASSN,NEW YORK,NY,,,,,irs_990pf
PARTNERSHIP FOR THE HOMEL,NEW YORK,NY,,,,,irs_990pf
PEOPLE FOR THE AMERICAN W,WASHINGTON,DC,,,,,irs_990pf
PLANNED PARENTHOOD OF NYC,NEW YORK,NY,,,,,irs_990pf
RAOUL WALLENBERG COMMITTEE OF THE U,NEW YORK,NY,,,,,irs_990pf
REL COALITION FOR REPROD,WASHINGTON,DC,,,,,irs_990pf
REPRODUCTIVE HEALTH ACCES,NEW YORK,NY,,,,,irs_990pf
SHE SHOULD RUN FOUNDATION,WASHINGTON,DC,,,,,irs_990pf
UJA - FEDERATION,NEW YORK,NY,,,,,irs_990pf
UNITED HOSPITAL FUND,NEW YORK,NY,,,,,irs_990pf
YOUNG PEOPLES CHORUS OF N,NEW YORK,NY,,,,,irs_990pf
FREEDOM FROM RELIGION FOUNDATOIN,MADISON,WI,,,,,irs_990pf
GLADSTONE FOUNDATION,SAN FRANCISCO,CA,,,,,irs_990pf
SANTA FE INSTITUTE,SANTA FE,NM,,,,,irs_990pf
THE YORK SCHOOL,MONTEREY,CA,,,,,irs_990pf
GATEWAY SCHOOL,SANTA CRUZ,CA,,,,,irs_990pf
GLOBAL GARDENS,TULSA,OK,,,,,irs_990pf
CHOREGUS PRODUCTION,TULSA,OK,,,,,irs_990pf
LIVING ARTS OF TULSA,TULSA,OK,,,,,irs_990pf
MEALS ON WHEELS,TULSA,OK,,,,,irs_990pf
IRON GATE,TULSA,OK,,,,,irs_990pf
COMMUNITY FOOD BANK OF EASTERN OK,TULSA,OK,,,,,irs_990pf
DAYSPRING VILLA,SAND SPRINGS,OK,,,,,irs_990pf
TULSA GIRLS ART SCHOOL PROJECT,TULSA,OK,,,,,irs_990pf
OKLAHOMA FIREFIGHTERS BURN CAMP,OWASSO,OK,,,,,irs_990pf
WORKING RANCH COWBOY S ASSOC FOUNDATION,AMARILLO,TX,,,,,irs_990pf
BIT BY BIT,DAVIE,FL,,,,,irs_990pf
COFFEYVILLE AREA COMMUNITY FOUNDATION,COFFEYVILLE,KS,,,,,irs_990pf
COFFEE BUNKER,TULSA,OK,,,,,irs_990pf
GRAND ACES FOUNDATION,KETCHUM,OK,,,,,irs_990pf
A21,SANTA ANA,CA,,,,,irs_990pf
CAMP HORSIN AROUND,LEXINGTON,KY,,,,,irs_990pf
CHILDREN AT HEART MINISTRIES,ROUND ROCK,TX,,,,,irs_990pf
CHRYSALIS HOUSE INC,LEXINGTON,KY,,,,,irs_990pf
FRIENDS OF JESSAMINE CO ANIMALS,NICHOLASVILLE,KY,,,,,irs_990pf
HOMEMADE HOPE,HOUSTON,TX,,,,,irs_990pf
HOUSTON PBS,HOUSTON,TX,,,,,irs_990pf
JESSAMINE CO OLD TIME RADIO TROUPE,NICHOLASVILLE,KY,,,,,irs_990pf
KENTUCKY EDUCATIONAL TELEVISION,LEXINGTON,KY,,,,,irs_990pf
LANE OF ROSES,LEXINGTON,KY,,,,,irs_990pf
MEDICAL BRIDGES INC,HOUSTON,TX,,,,,irs_990pf
NATALIE S SISTERS,LEXINGTON,KY,,,,,irs_990pf
NAVAL AVIATION MUSEUM,NAS PENSACOLA,FL,,,,,irs_990pf
ST JOHN S LUTHERAN CHURCH,LEXINGTON,KY,,,,,irs_990pf
ST JUDE CHILDREN HOSPITAL,MEMPHIS,TN,,,,,irs_990pf
FLINT HILL BAPTIST CHURCH,FLINT HILL,VA,,,,,irs_990pf
CLAUDIA OLIVAS,MESA,AZ,,,,,irs_990pf
FAMILY FIRST PHYSICIANS,MESA,AZ,,,,,irs_990pf
STARS,SCOTTSDALE,AZ,,,,,irs_990pf
SMITH ALSTON DARNER LEE PLC,MESA,AZ,,,,,irs_990pf
FELLOWSHIP FOUNDATION INC,WASHINGTON,DC,,,,,irs_990pf
FRIEND SHIPS,LAKE CHARLES,LA,,,,,irs_990pf
HOLOCAUST CENTER FOR HUMANITY,SEATTLE,WA,,,,,irs_990pf
KING COUNTY SEARCH AND RESCUE ASSOCIATION,BELLEVUE,WA,,,,,irs_990pf
MARYS PLACE SEATTLE,SEATTLE,WA,,,,,irs_990pf
TELEIOS,SEATTLE,WA,,,,,irs_990pf
UNIVERSITY PRESBYTERIAN CHURCH,SEATTLE,WA,,,,,irs_990pf
URBAN GRACE THE DOWNTOWN CHURCH,TACOMA,WA,,,,,irs_990pf
URBAN IMPACT,SEATTLE,WA,,,,,irs_990pf
AMERICAN NATIONAL RED CROSS,DALLAS,TX,,,,,irs_990pf
MERCY STREET INC,DALLAS,TX,,,,,irs_990pf
PARTNERSHIP FOR THE DELAWARE ESTUARY INC,WILMINGTON,DE,,,,,irs_990pf
THE UNIVERSITY OF TEXAS MD ANDERSON CANCER CENTER,HOUSTON,TX,,,,,irs_990pf
TRI-STATE BIRD RESCUE AND RESEARCH INC,NEWARK,DE,,,,,irs_990pf
MULTIPLE DISTRICT 4 LIONS YOUTH EXCHANGE FOUNDATION,SANTA BARBARA,CA,,,,,irs_990pf
THE PRENTICE SCHOOL,SANTA ANA,CA,,,,,irs_990pf
INTERNATIONAL CONCERN INC,TUSTIN,CA,,,,,irs_990pf
TUSTIN POLICE FOUNDATION,TUSTIN,CA,,,,,irs_990pf
POSITIVE FUTURES NETWORK,BAINBRIDGE ISLAND,WA,,,,,irs_990pf
ASSOCIATION OF GERMAN SHEPHERD RESCUERERS INC,NEWPORT BEACH,CA,,,,,irs_990pf
TUSTIN AREA COUNCIL FOR FINE ARTS,TUSTIN,CA,,,,,irs_990pf
CALIFORIA LIONS FRIENDS IN SIGHT,BEAUMONT,CA,,,,,irs_990pf
FOUNDATION FOR NATIONAL PROGRESS,SAN FRANCISCO,CA,,,,,irs_990pf
ORANGE COUNTY INTERFAITH NETWORK,ORANGE,CA,,,,,irs_990pf
KALAMAZOO COLLEGE,KALAMAZOO,MI,,,,,irs_990pf
CHURCH OF JESUS CHRIST OF LATER DAY SAINTS,SALT LAKE CITY,UT,,,,,irs_990pf
TUSTIN PUBLIC SCHOOLS FOUNDATION,TUSTIN,CA,,,,,irs_990pf
FAMILY PROMISE OF ORANGE COUNTY INC,ORANGE,CA,,,,,irs_990pf
TUSTIN HIGH SCHOOL ASB,TUSTIN,CA,,,,,irs_990pf
COVINA HIGH SCHOOL,COVINA,CA,,,,,irs_990pf
CHRISTIAN CENTURY,CHICAGO,IL,,,,,irs_990pf
SISTERS OF ST JOSEPHOF ORANGE,ORANGE,CA,,,,,irs_990pf
LIONS CLUB INTERNATIONAL FOUNDATION,OAKBROOK,IL,,,,,irs_990pf
NORTON CHILDREN S HOSPITAL FOUNDATION,LOUISVILLE,KY,,,,,irs_990pf
ALZHEIMER S ASSOCIATION,LOUISVILLE,KY,,,,,irs_990pf
AMERICAN JUNIOR GOLF ASSOCIATION,BRASELTON,GA,,,,,irs_990pf
BOYS GIRLS CLUB OF KENTUCKIANA,LOUISVILLE,KY,,,,,irs_990pf
BOYS GIRLS HAVEN,LOUISVILLE,KY,,,,,irs_990pf
CATHOLIC CHARITIES,LOUISVILLE,KY,,,,,irs_990pf
CATHOLIC EDUCATION FOUNDATION,LOUISVILLE,KY,,,,,irs_990pf
CEDAR LAKE LODGE,LOUISVILLE,KY,,,,,irs_990pf
DOWN SYNDROME OF LOUISVILLE,LOUISVILLE,KY,,,,,irs_990pf
EPILEPSY FOUNDATION OF KENTUCKIANA,LOUISVILLE,KY,,,,,irs_990pf
FRATERNAL ORDER OF POLICE,LOUISVILLE,KY,,,,,irs_990pf
HABITAT FOR HUMANITY METRO LOUISVIILE,LOUISVILLE,KY,,,,,irs_990pf
HARBOR HOUSE OF LOUISVILLE INC,LOUISVILLE,KY,,,,,irs_990pf
HEUSER HEARING AND LANGUAGE ACADEMY,LOUISVILLE,KY,,,,,irs_990pf
HOLY TRINITY CATHOLIC CHURCH,LOUISVILLE,KY,,,,,irs_990pf
J GRAHAM BROWN SCHOOL PTSA,LOUISVILLE,KY,,,,,irs_990pf
KIDS CANCER ALLIANCE,LOUISVILLE,KY,,,,,irs_990pf
KOSAIR SHRINE CIRCUS,LOUISVILLE,KY,,,,,irs_990pf
LOUISVILLE FREE PUBLIC LIBRARY,LOUISVILLE,KY,,,,,irs_990pf
MEREDETH DUNN SCHOOL,LOUISVILLE,KY,,,,,irs_990pf
NEUROCURES FOUNDATION,LOUISVILLE,KY,,,,,irs_990pf
RONALD MCDONALD HOUSE CHARITIES,LOUISVILLE,KY,,,,,irs_990pf
SPEED MUSEUM,LOUISVILLE,KY,,,,,irs_990pf
ST VINCENT DE PAUL,LOUISVILLE,KY,,,,,irs_990pf
THE ALS ASSOCIATION KENTUCKY CHAPTER,LOUISVILLE,KY,,,,,irs_990pf
THE FULLER CENTER FOR HOUSING,LOUISVILLE,KY,,,,,irs_990pf
THE HEALING PLACE,LOUISVILLE,KY,,,,,irs_990pf
TWISTED PINK,LOUISVILLE,KY,,,,,irs_990pf
VISUALLY IMPAIRED PRESCHOOL,LOUISVILLE,KY,,,,,irs_990pf
YOUTHBUILD LOUISVILLE,LOUISVILLE,KY,,,,,irs_990pf
HOSEA S HOUSE,LOUISVILLE,KY,,,,,irs_990pf
THE COALITION FOR THE HOMELESS,LOUISVILLE,KY,,,,,irs_990pf
UP FOR WOMEN AND CHILDREN,LOUISVILLE,KY,,,,,irs_990pf
WELLSPRING,LOUISVILLE,KY,,,,,irs_990pf
NORTON CANCER INSTITUTE,LOUISVILLE,KY,,,,,irs_990pf
SEE ATTACHED,VARIOUS,ME,,,,,irs_990pf
CONVENANT SEMINARY,CREVE COEUR,MO,,,,,irs_990pf
DALLAS THEOLOGICAL SEMINARY,DALLAS,TX,,,,,irs_990pf
FRUITLAND UNIVERSITY,HENDERSONVILLE,NC,,,,,irs_990pf
NORTH GREENVILLE UNIVERSITY,TIGERVILLE,SC,,,,,irs_990pf
SOUTHEASTERN BAPTIST SEMINARY,WAKE FOREST,NC,,,,,irs_990pf
SOUTHWESTERN BAPTIST THEOLOGICAL,FORT WORTH,TX,,,,,irs_990pf
PRESBYTERIAN COLLEGE,CLINTON,SC,,,,,irs_990pf
SAMUEL DEWITT PROCTOR SCHOOL OF THEOLOGY,RICHMOND,VA,,,,,irs_990pf
AUSTINE CHRISTINE ACADEMY,Tulsa,OK,,,,,irs_990pf
CROSSOVER PREP ACADEMY,Tulsa,OK,,,,,irs_990pf
HOLY FAMILY CATHEDRAL SCHOOL,Tulsa,OK,,,,,irs_990pf
LAWTON CHRISTIAN SCHOOL,Lawton,OK,,,,,irs_990pf
METRO CHRISTIAN ACADEMY,Tulsa,OK,,,,,irs_990pf
MINGO VALLEY CHRISTIAN SCHOOL,Tulsa,OK,,,,,irs_990pf
REGENT PREPARATORY SCHOOL,Tulsa,OK,,,,,irs_990pf
REJOICE CHRISTIAN SCHOOL,Owasso,OK,,,,,irs_990pf
ST PIUS SCHOOL,Tulsa,OK,,,,,irs_990pf
ST PETER AND PAUL SCHOOL,Tulsa,OK,,,,,irs_990pf
ACADEMY OF CLASSICAL CHRISTIAN STUD,Oklahoma City,OK,,,,,irs_990pf
TULSA HOPE ACADEMY,Tulsa,OK,,,,,irs_990pf
UNION CHRISTIAN ACADEMY,Fort Smith,AR,,,,,irs_990pf
WRIGHT CHRISTIAN ACADEMY,Tulsa,OK,,,,,irs_990pf
BATH COUNTY ARTS ASSOC,HOT SPRINGS,VA,,,,,irs_990pf
BOTETOURT COUNTY HISTORICAL SOCIETY,FINCASTLE,VA,,,,,irs_990pf
BRIDGEWATER COLLEGE,BRIDGEWATER,VA,,,,,irs_990pf
BOTETOURT YMCA,DALEVILLE,VA,,,,,irs_990pf
FINCASTLE TWELFTH NIGHT FUND,FINCASTLE,VA,,,,,irs_990pf
NATIONAL MS SOCIETY,WASHINGTON,DC,,,,,irs_990pf
BOY SCOUTS OF AMERICA BLUE RIDGE MT,ROANOKE,VA,,,,,irs_990pf
CARILION CLINIC FOUNDATION HOSPICE,ROANOKE,VA,,,,,irs_990pf
MAGGIE FLAHERTY,HANOVER,NH,,,,,irs_990pf
JIMENA CASTANEDA,UKIAH,CA,,,,,irs_990pf
KAREN DELGADO,UKIAH,CA,,,,,irs_990pf
SARA JIMENEZ,LUCERNE,CA,,,,,irs_990pf
ROSA DELGADO,UKIAH,CA,,,,,irs_990pf
IVAN HERNANDEZ,UKIAH,CA,,,,,irs_990pf
KIRSH GRACIANNE,UKIAH,CA,,,,,irs_990pf
ANDREW AIKMAN,UKIAH,CA,,,,,irs_990pf
VALENTINA EVANS,UKIAH,CA,,,,,irs_990pf
RILEY MENDOZA,UKIAH,CA,,,,,irs_990pf
MARCIELA RODRIQUES,UKIAH,CA,,,,,irs_990pf
ALEJANDRA TOLEDO,UKIAH,CA,,,,,irs_990pf
3 SISTERS EQUINE RESCUE,BEND,OR,,,,,irs_990pf
AFRICAN WILDLIFE FOUNDATION,WASHINGTON,DC,,,,,irs_990pf
ALTURAS WILDLIFE SANCTUARY,ENCINITAS,CA,,,,,irs_990pf
AMAZING AUSSIES LETHAL WHITE RESCUE OF ARIZONA,SCOTTSDALE,AZ,,,,,irs_990pf
AMERICAN FUND FOR CHARITIES,BOSTON,MA,,,,,irs_990pf
ANIMAL HUMANE ASSOCIATION OF NEW MEXICO INC,ALBUQUERQUE,NM,,,,,irs_990pf
ARC-ANIMAL REHABILITATION CENTER INC,FLINT,TX,,,,,irs_990pf
BABY RHINO RESCUE,CALABASAS,CA,,,,,irs_990pf
BABY WARM INC,IDYLLWILD,CA,,,,,irs_990pf
CHEYENNE ANIMAL SHELTER-SERVICES,CHEYENNE,WY,,,,,irs_990pf
CITY OF IDAHO FALLS - ANIMAL SHELTER,IDAHO FALLS,ID,,,,,irs_990pf
COLORADO ANIMAL RESCUE INC A NONPROFIT CORPORATION,GLENWOOD SPGS,CO,,,,,irs_990pf
COLORADO HORSE RESCUE,LONGMONT,CO,,,,,irs_990pf
COLORADO PUPPY RESCUE OF COLORADO,CENTENNIAL,CO,,,,,irs_990pf
DANBURY ANIMAL WELFARE SOCIETY INC,BETHEL,CT,,,,,irs_990pf
DELTA HUMANE SOCIETY,RAYVILLE,LA,,,,,irs_990pf
DOGS DESERVE BETTER INC,SMITHFIELD,VA,,,,,irs_990pf
ENCHANTMUTTS,ALBUQUERQUE,NM,,,,,irs_990pf
FRIENDS OF THE AUSTRALIAN KOALA FOUNDATION INC,NEW YORK,NY,,,,,irs_990pf
FRIENDS OF THE SEA LION INC - PACIFIC MARINE MAMMA,LAGUNA BEACH,CA,,,,,irs_990pf
GARFIELD COUNTY ANIMAL WELFARE FOUNDATION INC,RIFLE,CO,,,,,irs_990pf
GIRAFFE CONSERVATION FOUNDATION USA,CLEVELAND,OH,,,,,irs_990pf
GLOBAL IMPACT,ALEXANDRIA,VA,,,,,irs_990pf
GOOD SAMARITAN PET ADOPTION CENTER,DENVER,CO,,,,,irs_990pf
GUNNISON VALLEY ANIMAL WELFARE LEAGUE INC,GUNNISON,CO,,,,,irs_990pf
HAWAII WILDLIFE CENTER,KAPAAU,HI,,,,,irs_990pf
HEART OF THE VALLEY HUMANE SOCIETY INC,BOZEMAN,MT,,,,,irs_990pf
HEAVENLY HORSE HAVEN,ANZA,CA,,,,,irs_990pf
HIDDEN HARBOR MARINE ENVIRONMENTAL PROJECT INC,MARATHON,FL,,,,,irs_990pf
INTERNATIONAL ANIMAL RESCUE US,SHREWSBURY,MA,,,,,irs_990pf
LARIMER HUMANE SOCIETY,LOVELAND,CO,,,,,irs_990pf
MARINE MAMMAL CARE CENTER LOS ANGELES,SAN PEDRO,CA,,,,,irs_990pf
MARINE MAMMAL CENTER,SAUSALITO,CA,,,,,irs_990pf
MOUNTAIN PET RESCUE,WINTER PARK,CO,,,,,irs_990pf
NATIONAL GREAT PYRENEES RESCUE,MAPLECREST,NY,,,,,irs_990pf
NATIONAL MILL DOG RESCUE,COLORADO SPGS,CO,,,,,irs_990pf
NEVADA HUMANE SOCIETY INC,RENO,NV,,,,,irs_990pf
NORTHCOAST MARINE MAMMAL CENTER,CRESCENT CITY,CA,,,,,irs_990pf
PEACEFUL VALLEY DONKEY RESCUE INC,MILES,TX,,,,,irs_990pf
RED DESERT HUMANE SOCIETY INC,ROCK SPRINGS,WY,,,,,irs_990pf
RIDGEFIELD OPERATION FOR ANIMAL,RIDGEFIELD,CT,,,,,irs_990pf
SARVEY WILDLIFE CARE CENTER,ARLINGTON,WA,,,,,irs_990pf
SECOND CHANCE HUMANE SOCIETY INC,RIDGWAY,CO,,,,,irs_990pf
SNAKE RIVER ANIMAL SHELTER INC,IDHAO FALLS,ID,,,,,irs_990pf
SPIRIT WIND HORSE RESCUE,HOTCHKISS,CO,,,,,irs_990pf
SR3 SEALIFE RESPONSE REHABILITATION AND RESEARCH,SEATTLE,WA,,,,,irs_990pf
THE DAVID SHELDRICK WILDLIFE TRUST USA,LAGUNA HILLS,CA,,,,,irs_990pf
THE DELTA GAMMA ANCHOR CENTER FOR BLIND CHILDREN,DENVER,CO,,,,,irs_990pf
THE HUMANE SOCIETY OF BOULDER VALLEY INC,BOULDER,CO,,,,,irs_990pf
THE INTERNATIONAL SNOW LEOPARD TRUST DBA SNOW LEOP,SEATTLE,WA,,,,,irs_990pf
THERAPONY,RAMONA,CA,,,,,irs_990pf
TOUCAN RESCUE RANCH INC,SPARKS,NV,,,,,irs_990pf
UTAH FRIENDS OF BASSET HOUNDS,SALT LAKE CITY,UT,,,,,irs_990pf
WETLANDS AND WILDLIFE CARE CENTER,HUNTINGTN BCH,CA,,,,,irs_990pf
WILD BURRO RESCUE AND PRESERVATION PROJECT,OLANCHA,CA,,,,,irs_990pf
WOLF HOLLOW WILDLIFE REHABILITATION CENTER,FRIDAY HARBOR,WA,,,,,irs_990pf
ZOOH CORNER RABBIT RESCUE,PASADENA,CA,,,,,irs_990pf
BOOK ISLAND FESTIVAL INC,FERN BCH,FL,,,,,irs_990pf
CATHEDRAL BASILICA OF ST FRANCIS OF ASSISI,SANTA FE,NM,,,,,irs_990pf
DIOCESAN COUNCIL FOR THE SOCIETY OF ST VINCENT DE,PHOENIX,AZ,,,,,irs_990pf
FIRST WAY PREGNANCY CENTER,PHOENIX,AZ,,,,,irs_990pf
OUR LADY OF PERPETUAL HELP ROMAN CATHOLIC PARISH,SCOTTSDALE,AZ,,,,,irs_990pf
SAINT ANTHONY SHRINE,BOSTON,MA,,,,,irs_990pf
ST MARYS FOOD BANK ALLIANCE,PHOENIX,AZ,,,,,irs_990pf
STABLE INFLUENCE CHARITY PROGRAMS,PHOENIX,AZ,,,,,irs_990pf
GLENFOREST SCHOOL,West Columbia,SC,,,,,irs_990pf
ASHLEY HALL SCHOOL,Charleston,SC,,,,,irs_990pf
YOUTH CORP,Columbia,SC,,,,,irs_990pf
CONNIE MAXWELL CHILDRENS HOME,Greenwood,SC,,,,,irs_990pf
MONTFORD HALL,Asheville,NC,,,,,irs_990pf
CONVERSE COLLEGE,Spartanburg,SC,,,,,irs_990pf
SCHEDULE ATTACHED,Brooklyn,NY,,,,,irs_990pf
GRAND TRAVERSE AREA CATHOLIC SCHOOLS,TRAVERSE CITY,MI,,,,,irs_990pf
HOLY FAMILY CATHOLIC PARISH,CALEDONIA,MI,,,,,irs_990pf
NOBLE TREE PUBLISHING,Rocky Point,NY,,,,,irs_990pf
UNIVERSITY OF IOWA,Iowa City,IA,,,,,irs_990pf
THE BRIDGE OF CHILDREN,Lawrenceville,NJ,,,,,irs_990pf
ADDISON SNYDER,BURLINGTON,IA,,,,,irs_990pf
TAZ ROBERT TERRY,BURLINGTON,IA,,,,,irs_990pf
EMILY MURPHY,BURLINGTON,IA,,,,,irs_990pf
GARRETT GRIMSHAW,BURLINGTON,IA,,,,,irs_990pf
JESLEE ANNE BRAY,BURLINGTON,IA,,,,,irs_990pf
JOEL ALLEN,BURLINGTON,IA,,,,,irs_990pf
ALLI BIVENS,BURLINGTON,IA,,,,,irs_990pf
MASON LEINBACH,BURLINGTON,IA,,,,,irs_990pf
BRYNN MCCUNE,BURLINGTON,IA,,,,,irs_990pf
NILES SIEFKEN,BURLINGTON,IA,,,,,irs_990pf
OLIVIA HINJOSA,LOMAX,IL,,,,,irs_990pf
RILEY BRUECK,BURLINGTON,IA,,,,,irs_990pf
AMREF USA,NEW YORK,NY,,,,,irs_990pf
BATONGA FOUNDATION,WASHINGTON,DC,,,,,irs_990pf
CAMFED,SAN FRANCISCO,CA,,,,,irs_990pf
GLOBAL FUND FOR WOMEN,SAN FRANCISCO,CA,,,,,irs_990pf
INTERNATIONAL CRISIS GROUP,NEW YORK,NY,,,,,irs_990pf
RENAISSNACE CHARITABLE FOUNDATION,INDIANAPOLIS,IN,,,,,irs_990pf
TOSTAN,WASHINGTON,DC,,,,,irs_990pf
WOMEN FOR WOMEN INTERNATIONAL,WASHINGTON,DC,,,,,irs_990pf
CHAPEL AND YORK FOUNDATION,NEW YORK,NY,,,,,irs_990pf
PLUM VILLAGE COMMUNITY OF ENGAGED BUDDHISM,ESONDIDO,CA,,,,,irs_990pf
KING BAUDOUIN FOUNDATION INC,NEW YORK,NY,,,,,irs_990pf
ENDEAVOR,NEW YORK,NY,,,,,irs_990pf
AFRICA COMMUNITY EXCHANGE - TEACH FOR LIBERIA,MIDLOTHIAN,VA,,,,,irs_990pf
STARFISH INTERNATIONAL,LOS ANGELES,CA,,,,,irs_990pf
ALZHEIMER S ASSOCIATION,LINCOLN,NE,,,,,irs_990pf
AMERICAN STROKE FOUNDATION,OVERLAND PARK,KS,,,,,irs_990pf
ANNUNICIATION CATHOLIC CHURCH,KAMUELA,HI,,,,,irs_990pf
ARTHRITIS FOUNDATION,OMAHA,NE,,,,,irs_990pf
AUDUBON NEBRASKA,GIBBON,NE,,,,,irs_990pf
AUGUSTINE EDUCATIONAL FOUNDATION,KAMUELA,HI,,,,,irs_990pf
BELMONT COMMUNITY CENTER,LINCOLN,NE,,,,,irs_990pf
BOYS GIRLS CLUB OF LANCASTER COUNTY,LINCOLN,NE,,,,,irs_990pf
BOYS GIRLS CLUB OF THE BIG ISLAND,HILO,HI,,,,,irs_990pf
CAMP KATERI,MCCOOL JUNCTION,NE,,,,,irs_990pf
CAMPUS LIFE,LINCOLN,NE,,,,,irs_990pf
CATHEDRAL OF THE RISEN CHRIST,LINCOLN,NE,,,,,irs_990pf
CATHOLIC DIOCESE OF LINCOLN,LINCOLN,NE,,,,,irs_990pf
CATHOLIC SOCIAL SERVICES,LINCOLN,NE,,,,,irs_990pf
CLINIC WITH A HEART,LINCOLN,NE,,,,,irs_990pf
KNIGHTS OF COLUMBUS,LINCOLN,NE,,,,,irs_990pf
LINCOLN EAST ROTARY CLUB FOUNDATION,WAVERLY,NE,,,,,irs_990pf
LINCOLN PARKS FOUNDATION,LINCOLN,NE,,,,,irs_990pf
PIUS X HIGH SCHOOL,LINCOLN,NE,,,,,irs_990pf
SPECIAL OLYMPICS,OMAHA,NE,,,,,irs_990pf
ST JOSEPH S CHURCH,LINCOLN,NE,,,,,irs_990pf
ST CLARE OF ASSISI CATHOLIC SCHOOL,EDWARDS,CO,,,,,irs_990pf
THE ARC OF LINCOLN,LINCOLN,NE,,,,,irs_990pf
VALKYRIE GIVES FUND CO THE DENVER FOUNDATION,DENVER,CO,,,,,irs_990pf
VIRTUE MEDIA,ROSWELL,GA,,,,,irs_990pf
VSS CATHOLIC COMMUNICATIONS,OMAHA,NE,,,,,irs_990pf
ALL SAINTS CATHOLIC CHURCH,Lake Wylie,SC,,,,,irs_990pf
ST PAUL CENTER FOR BIBLICAL THEOLOGY,Steubenville,OH,,,,,irs_990pf
CLARKSBURG-HARRISON CULTRUAL FOUNDATION INC,Clarksburg,WV,,,,,irs_990pf
FAIRMONT STATE FOUNDATION,Fairmont,WV,,,,,irs_990pf
GLENVILLE STATE COLLEGE,Glenville,WV,,,,,irs_990pf
WEST VIRGINIA UNIVERSITY FOUNDATION,Morgantown,WV,,,,,irs_990pf
CENTER FOR ALCHOL POLICY,Alexandria,VA,,,,,irs_990pf
PATRONS OF THE PARKS FOUNDATION INC,Clarksburg,WV,,,,,irs_990pf
WEST VIRGINIA ITALIAN HERITAGE FESTIVAL,Clarksburg,WV,,,,,irs_990pf
MEDBROOK CHILDREN S CHARITY INC,Bridgeport,WV,,,,,irs_990pf
IMMACULATE CONCEPTION PARISH,Clarksburg,WV,,,,,irs_990pf
HEALTHY HARRISON INC,Bridgeport,WV,,,,,irs_990pf
BRIDGEPORT MIDDLE SCHOOL,Bridgeport,WV,,,,,irs_990pf
UNITED WAY OF CENTRAL WEST VIRGINIA,Charleston,WV,,,,,irs_990pf
MISSION FOR MIRACLES LLC,Waynesburg,PA,,,,,irs_990pf
ARMENIAN EDUCATIONAL FOUNDATION,GLENDALE,CA,,,,,irs_990pf
ARMENIAN CULTURAL FOUNDATION WESTERN USA,GLENDALE,CA,,,,,irs_990pf
ARMENIAN NATIONAL COMMITTEE WESTER REGION,GLENDALE,CA,,,,,irs_990pf
ADVENTIST HEALTH GLENDALE FOUNDATION,GLENDALE,CA,,,,,irs_990pf
ARMENIAN WOUNDED HEROES FUND,FAIR LAWN,NJ,,,,,irs_990pf
WESTERN PRELACY ARMENIAN CHURCH,LA CRESCENTA,CA,,,,,irs_990pf
ARMENIAN MEDIA NETWORK,LOS ANGELES,CA,,,,,irs_990pf
AURORA HUMANITARIAN INITIATIVE FUND,WASHINGTON,DC,,,,,irs_990pf
HOLY MARTYRS FERRAHIAN SCHOOL,ENCINO,CA,,,,,irs_990pf
HOUSE OF ARMENIA,GLENDALE,CA,,,,,irs_990pf
USC INSTITUTE OF ARMENIAN STUDIES,LOS ANGELES,CA,,,,,irs_990pf
ARMENIAN RELIEF SOCIETY,GLENDALE,CA,,,,,irs_990pf
ORRAN BENEVOLENT ORGANIZATION,LOS ANGELES,CA,,,,,irs_990pf
AMERICAN UNIVERSITY OF ARMENIA,OAKLAND,CA,,,,,irs_990pf
WESTERN PRELACY,GLENDALE,CA,,,,,irs_990pf
GLENDALE ADVENTIST ACADEMY,GLENDALE,CA,,,,,irs_990pf
CHICAGO ARCHITECTURE BIENNIAL,Chicago,IL,,,,,irs_990pf
BOYS GIRLS CLUB OF MN,Saint Paul,MN,,,,,irs_990pf
BROOKLINE COMM MENTAL HEALTH CENTER,Brookline,MA,,,,,irs_990pf
ENVIRONMENTAL DEFENSE ACTION FUND,Washington,DC,,,,,irs_990pf
THE FAMILY PARTNERSHIP,Minneapolis,MN,,,,,irs_990pf
GRAYWOLF PRESS,Minneapolis,MN,,,,,irs_990pf
GUTHRIE THEATER FOUNDATION,Victoria,MN,,,,,irs_990pf
HILL MONASTIC LIBRARY,Collegeville,MN,,,,,irs_990pf
MINNEAPOLIS COLLEGE OF ART DESIGN,Minneapolis,MN,,,,,irs_990pf
MINNEAPOLIS INSTITUTE OF ART,Minneapolis,MN,,,,,irs_990pf
MN HISTORICAL SOCIETY,Saint Paul,MN,,,,,irs_990pf
MINNETONKA CENTER FOR THE ARTS,Wayzata,MN,,,,,irs_990pf
MN PUBLIC RADIO,Saint Paul,MN,,,,,irs_990pf
MN ZOO,Saint Paul,MN,,,,,irs_990pf
NATIONAL RESOURCES DEFENSE COUNCIL,New York,NY,,,,,irs_990pf
ST JOHNS ABBEY,Collegeville,MN,,,,,irs_990pf
ST LUKE WOOD RIVER HOSPITAL FND,Ketchum,ID,,,,,irs_990pf
TWIN CITIES PUBLIC TELEVISION,Saint Paul,MN,,,,,irs_990pf
UNITED WAY OF MINNEAPOLIS,Minneapolis,MN,,,,,irs_990pf
TYLER HULL,SYCAMORE,IL,,,,,irs_990pf
GRACE KNAPP,SYCAMORE,IL,,,,,irs_990pf
MASON KNAPP,SYCAMORE,IL,,,,,irs_990pf
ALEXIS SCHMIT,SYCAMORE,IL,,,,,irs_990pf
MEGAN SAPITA,SYCAMORE,IL,,,,,irs_990pf
MALLORY WOLF,SYCAMORE,IL,,,,,irs_990pf
DAUGHTERS OF ISRAEL,WEST ORANGE,NJ,,,,,irs_990pf
HASABARA FELLOWSHIPS,NEW YORK,NY,,,,,irs_990pf
OLD WESTBURY HEBREW CONREGATION,OLD WESTBURY,NY,,,,,irs_990pf
SUNDRY DONATIONS,BROOKVILLE,NY,,,,,irs_990pf
SUNRISE DAY CAMP,WYANDANCH,NY,,,,,irs_990pf
THE FUND FOR BLOOD AND CANCER RESEARCH,NEW YORK,NY,,,,,irs_990pf
JMC AUXILIARY INC,JUPITER,FL,,,,,irs_990pf
UJA FEDERATION OF NY,NEW YORK,NY,,,,,irs_990pf
YOUTH RENEWAL FUND,NEW YORK,NY,,,,,irs_990pf
AIPAC,NEW YORK,NY,,,,,irs_990pf
HOPE PROGRAM,BROOKLYN,NY,,,,,irs_990pf
A STEP AHEAD FOUNDATION,MEMPHIS,TN,,,,,irs_990pf
ALL FAITHS FOOD BANK FOUNDATION INC,SARASOTA,FL,,,,,irs_990pf
ARTSMEMPHIS,MEMPHIS,TN,,,,,irs_990pf
BOYS AND GIRLS CLUB OF SARASOTA COUNTY INC,SARASOTA,FL,,,,,irs_990pf
BRIDGES INC,SAN DIMAS,CA,,,,,irs_990pf
CENTRE STREET FOOD PANTRY INC,NEWTON CENTRE,MA,,,,,irs_990pf
CHARLOTTE DAY SCHOOL,CHARLOTTE,NC,,,,,irs_990pf
CHARLOTTE FAMILY HOUSING,CHARLOTTE,NC,,,,,irs_990pf
CHIEF PETTY OFFICER ASSOCIATION,SPRINGFIELD,VA,,,,,irs_990pf
CHRIST ESPICOPAL CHURCH,RUGBY,TN,,,,,irs_990pf
CHRIST THE KING LUTHERAN CHURCH,MEMPHIS,TN,,,,,irs_990pf
CHRISTIAN BROTHERS HIGH SCHOOL,MEMPHIS,TN,,,,,irs_990pf
CHURCH HEALTH CENTER,MEMPHIS,TN,,,,,irs_990pf
COASTAL CONSERVATION ASSOCIATION,ORLANDO,FL,,,,,irs_990pf
COMBINED JEWISH PHILANTHROPIES OF BOSTON MA,BOSTON,MA,,,,,irs_990pf
COMMUNITY HUMAN SERVICES OF MONTEREY COUNTY,MONTEREY,CA,,,,,irs_990pf
CULTURAL CENTER AT PONTE VEDRA BEACH INC,PONTE VEDRA BEACH,FL,,,,,irs_990pf
ELAN MINISTRIES INC,NEW ORLEANS,LA,,,,,irs_990pf
EPIPHANY SCHOOL,NEW YORK,NY,,,,,irs_990pf
FANTASY FARMS ON ROSCOE BLVD INC,PONTE VEDRA BEACH,FL,,,,,irs_990pf
FLORIDA URBAN RESCUE,JACKSONVILLE,FL,,,,,irs_990pf
FUR SISTERS - FUREVER URS RESCUE INC,JACKSONVILLE BEACH,FL,,,,,irs_990pf
GEORGE ARCHER FOUNDATION,SAN MATEO,CA,,,,,irs_990pf
GIRLS INC OF MEMPHIS,MEMPHIS,TN,,,,,irs_990pf
JEWISH FAMILY CHILDRENS SERVICE OF SARASOTA-MANATEE INC,SARASOTA,FL,,,,,irs_990pf
JEWISH FEDERATON OF GREATER ATLANTA,ATLANTA,GA,,,,,irs_990pf
JEWISH HOUSING COUNCIL FOUNDATION INC,SARASOTA,FL,,,,,irs_990pf
JOHN AND MABLE RINGLING MUSEUM OF ART FOUNDATION,SARASOTA,FL,,,,,irs_990pf
K9 S FOR WARRIORS,PONTE VEDRA BEACH,FL,,,,,irs_990pf
LEVINE CHILDREN S HOSPITAL - DREAMCATCHER SOCIETY,CHARLOTTE,NC,,,,,irs_990pf
MAKE MY DAY - HAWAII FOUNDATION,KAILUA KONA,HI,,,,,irs_990pf
MAUI POLICE FOUNDATION,WAILUKU,HI,,,,,irs_990pf
MAUI PREPARATORY ACADEMY,LAHAINA,HI,,,,,irs_990pf
MEMPHIS BOTANIC GARDEN FOUNDATION,MEMPHIS,TN,,,,,irs_990pf
MEMPHIS BROOKS MUSEUM OF ART INC,MEMPHIS,TN,,,,,irs_990pf
MEMPHIS JEWISH COMMUNITY CENTER,MEMPHIS,TN,,,,,irs_990pf
MEMPHIS JEWISH FEDERATION,GERMANTOWN,TN,,,,,irs_990pf
MEMPHIS JEWISH HOME,CORDOVA,TN,,,,,irs_990pf
MEMPHIS OPPORTUNITY SCHOLARSHIP TRUST,MEMPHIS,TN,,,,,irs_990pf
MEMPHIS UNIVERSITY SCHOOL,MEMPHIS,TN,,,,,irs_990pf
MEMPHIS ZOO ENDOWMENT,MEMPHIS,TN,,,,,irs_990pf
METHODIST LEBONHEUR HEALTHCARE FOUNDATION,MEMPHIS,TN,,,,,irs_990pf
MID-SOUTH FOOD BANK,MEMPHIS,TN,,,,,irs_990pf
MINT MUSEUM OF CHARLOTTE,CHARLOTTE,NC,,,,,irs_990pf
MOTE MARINE LABORATORY,SARASOTA,FL,,,,,irs_990pf
NAVAL POSTGRADUATE SCHOOL FOUNDATION INC,MONTEREY,CA,,,,,irs_990pf
NEW BALLET ENSEMBLE INC,MEMPHIS,TN,,,,,irs_990pf
OAK PARK SCHOOL OF SARASOTA,SARASOTA,FL,,,,,irs_990pf
PALMS PRESBYTERIAN CHURCH,JACKSONVILLE,FL,,,,,irs_990pf
PARKER SCHOOL,KAMUELA,HI,,,,,irs_990pf
PATS PLACE CHILD ADVOCACY CENTER,CHARLOTTE,NC,,,,,irs_990pf
PLANTATION FOUNDATION INC,VENICE,FL,,,,,irs_990pf
SAFE ALLIANCE,AUSTIN,TX,,,,,irs_990pf
SARASOTA-MANATEE JEWISH FEDERATION,SARASOTA,FL,,,,,irs_990pf
SENIOR FRIENDSHIP CENTERS INC,SARASOTA,FL,,,,,irs_990pf
ST STEPHENS YOUTH PROGRAM,BOSTON,MA,,,,,irs_990pf
SUNSET CULTURAL CENTER INC OF CARMEL,CARMELBYTHESEA,CA,,,,,irs_990pf
TEMPLE BETH ISRAEL,LONGBOAT KEY,FL,,,,,irs_990pf
TEMPLE ISRAEL,MEMPHIS,TN,,,,,irs_990pf
TEMPLE SHALOM OF NEWTON,WEST NEWTON,MA,,,,,irs_990pf
THE COMMUNITY FOUNDATION,JACKSONVILLE,FL,,,,,irs_990pf
THE URBAN SCHOOL OF SAN FRANCISCO,SAN FRANCISCO,CA,,,,,irs_990pf
UNITED WAY OF SARASOTA COUNTY INC,SARASOTA,FL,,,,,irs_990pf
UNITED WAY OF THE MID-SOUTH,MEMPHIS,TN,,,,,irs_990pf
URBAN MINISTRY CENTER,CHARLOTTE,NC,,,,,irs_990pf
WOMAN S EXCHANGE OF MEMPHIS INC,MEMPHIS,TN,,,,,irs_990pf
TEMPLE SINAI,HOUSTON,TX,,,,,irs_990pf
TAPPLY THOMPSON COMMUNITY CENTER,Bristol,NH,,,,,irs_990pf
UNH COOPERATIVE EXTENSION,Durham,NH,,,,,irs_990pf
DORCAS GORDON,Bristol,NH,,,,,irs_990pf
AUDUBON SOCIETY OF NH,Auburn,NH,,,,,irs_990pf
VARIOUS,Bristol,NH,,,,,irs_990pf
RED CROSS SOCIETY INDIA,,,,,,,irs_990pf
TAMILNADU FOUNDATION INDIA,,,,,,,irs_990pf
MAARUVOM MADHRUVOM,,,,,,,irs_990pf
SIDDHA VETHA,Newark,NJ,,,,,irs_990pf
EQUINOX,Albany,NY,,,,,irs_990pf
ALANO CLUB OF PORTLAND,PORTLAND,OR,,,,,irs_990pf
ALS ASSOCIATION -OR SW WASHINGTON,PORTLAND,OR,,,,,irs_990pf
CARE THROUGH TOUCH INSTITUTE,SAN FRANCISCO,CA,,,,,irs_990pf
CASA SACRAMENTO,SACRAMENTO,CA,,,,,irs_990pf
HOMEWORK CENTRAL,SAN MATEO,CA,,,,,irs_990pf
SPIN CAFE,OAK HARBOR,WA,,,,,irs_990pf
VETV VETERANS-TV,GRASS VALLEY,CA,,,,,irs_990pf
WENATCHEE VALLEY YMCA,WENATCHEE,WA,,,,,irs_990pf
YOUTH SERVICES NETWORK,MISSION HILLS,CA,,,,,irs_990pf
THE BRIDGE RECEIVING CENTER,REDMOND,WA,,,,,irs_990pf
BYRD BARR PLACE,SEATTLE,WA,,,,,irs_990pf
CANCER SUPPORT COMMUNITY,WALNUT CREEK,CA,,,,,irs_990pf
CASA PACIFICA,CAMARILLO,CA,,,,,irs_990pf
ELIZABETH GREGORY HOME,SEATTLE,WA,,,,,irs_990pf
FISH FRIENDS IN SERVICE HELPING,CARSON CITY,NV,,,,,irs_990pf
GREEN PLATE SPECIAL,SEATTLE,WA,,,,,irs_990pf
ISLAND SENIOR RESOURCES,LANGLEY,WA,,,,,irs_990pf
MAX HIGBEE CENTER,BELLINGHAM,WA,,,,,irs_990pf
OPERATION NIGHWATCH,SEATTLE,WA,,,,,irs_990pf
PATHFINDER NETWORK,PORTLAND,OR,,,,,irs_990pf
PORTLAND YOUTH BUILDERS,PORTLAND,OR,,,,,irs_990pf
RAVEN ROCK RANCH,REDMOND,WA,,,,,irs_990pf
SOCIETY OF ST VINCENT DE PAUL PDX,PORTLAND,OR,,,,,irs_990pf
TRANSITIONS-MENTAL HEALTH ASSOC,SAN LUIS OBISPO,CA,,,,,irs_990pf
WHIDBEY HEALTH FOUNDATION,COUPEVILLE,WA,,,,,irs_990pf
YWCA OF GREATER PORTLAND,PORTLAND,OR,,,,,irs_990pf
TRUCKEE DONNER LAND TRUST,TRUCKEE,CA,,,,,irs_990pf
MERCY CORPS DEPT W,PRESCOTT,AZ,,,,,irs_990pf
ARLINGTON EDUCATION FOUNDATION,ARLINGTON,WA,,,,,irs_990pf
CANCER LIFELINE,SEATTLE,WA,,,,,irs_990pf
CLAY STREET TABLE,PORTLAND,OR,,,,,irs_990pf
DOMESTIC VIOLENCE SEXUAL ASSAULT,BELLINGHAM,WA,,,,,irs_990pf
FRIENDS OF ZENGER FARM,PORTLAND,OR,,,,,irs_990pf
GOOD SHEPHARD GRACENTER,SAN FRANCISCO,CA,,,,,irs_990pf
WINTER NIGHTS SHELTER,PLEASANT HILL,CA,,,,,irs_990pf
ACRES OF DIAMONDS,DUVALL,WA,,,,,irs_990pf
ASSISTANCE LEAGUE OF GREATER PDX,BEAVERTON,OR,,,,,irs_990pf
BOYS GIRLS CLUB OF VISTA,VISTA,CA,,,,,irs_990pf
BOYS AND GIRLS CLUB OF KING COUNTY,SEATTLE,WA,,,,,irs_990pf
CATHOLIC COMMUNITY SERVICES OF,SEATTLE,WA,,,,,irs_990pf
COMPASSION CONNECT,PORTLAND,OR,,,,,irs_990pf
EMILIO NARES FOUNDATION,SAN DIEGO,CA,,,,,irs_990pf
FREE CLINIC OF SOUTHWEST WASHINGTON,VANCOUVER,WA,,,,,irs_990pf
FRIENDS OF THE CHILDREN PDX,PORTLAND,OR,,,,,irs_990pf
FRIENDS OF YOUTH,KIRKLAND,WA,,,,,irs_990pf
FRIENDSHIP CIRCLE OF WA,MERCER ISLAND,WA,,,,,irs_990pf
THE GREENHOUSE PROJECT,CARSON CITY,NV,,,,,irs_990pf
GROWING GARDENS,PORTLAND,OR,,,,,irs_990pf
INSIGHT ALLIANCE,PORTLAND,OR,,,,,irs_990pf
KIDS KLOSET,ARLINGTON,WA,,,,,irs_990pf
MULTICULTURAL CHILD FAMILY HOPE,TACOMA,WA,,,,,irs_990pf
SAFE HARBOR FREE CLINIC,STANWOOD,WA,,,,,irs_990pf
SOPHIA WAY,BELLEVUE,WA,,,,,irs_990pf
TODDLER LEARNING CENTER,OAK HARBOR,WA,,,,,irs_990pf
WASHINGTON HEALTHCARE ACCESS ALLIAN,SEATTLE,WA,,,,,irs_990pf
WHATCOM FAMILY YMCA,BELLINGHAM,WA,,,,,irs_990pf
CHRISTOPHER JOHNSON,WILDWOOD CREST,NJ,,,,,irs_990pf
ISABELLA FERACO,WILDWOOD CREST,NJ,,,,,irs_990pf
LAUREN SORENSEN,WILDWOOD CREST,NJ,,,,,irs_990pf
LOGAN BURKE,WILDWOOD CREST,NJ,,,,,irs_990pf
TYLER TOMLIN,WILDWOOD CREST,NJ,,,,,irs_990pf
OBED PELAERY,WILDWOOD CREST,NJ,,,,,irs_990pf
MORGAN MCGOUGH,WILDWOOD CREST,NJ,,,,,irs_990pf
NAMESCHEDULE ATTACHED,NEW YORK,NY,,,,,irs_990pf
ST JUDE CHILDREN S RESEARCH HOSPIT,MEMPHIS,TN,,,,,irs_990pf
OCEAN REEF CHAPEL FOUNDATION INC,KEY LARGO,FL,,,,,irs_990pf
THE JIMMY FUND,BROOKLINE,MA,,,,,irs_990pf
FRIENDS OF WLRN PUBLIC MEDIA,MIAMI,FL,,,,,irs_990pf
TITUS COUNTY SPECIAL OLYMPICS,MT PLEASANT,TX,,,,,irs_990pf
CYPRESS BASIN HOPSICE,MT PLEASANT,TX,,,,,irs_990pf
PARIS JUNIOR COLLEGE,PARIS,TX,,,,,irs_990pf
RED RIVER VALLEY FAIR ASSOCIATION,,,,,,,irs_990pf
PROJECT DEPORT,DEPORT,TX,,,,,irs_990pf
RED RIVER VALLY DOWN SYNDROME SOCIE,PARIS,TX,,,,,irs_990pf
CAMP KIWANIS FOUNDATION,PARIS,TX,,,,,irs_990pf
TITUS COUNTY CARES,MT PLEASANT,TX,,,,,irs_990pf
MAKE-A-WISH FOUNDATION,TYLER,TX,,,,,irs_990pf
RED RIVER VALLEY VETERANS MEMORIAL,PARIS,TX,,,,,irs_990pf
SPECIAL OLYMPICS OF RED RIVER COUNT,AUSTIN,TX,,,,,irs_990pf
THE HUB COMMUNITY CENTER,CLARKSVILLE,TX,,,,,irs_990pf
GREATER PARIS DEVELOPMENT FOUNDATIO,PARIS,TX,,,,,irs_990pf
PARIS EDUCATION FOUNDATION,PARIS,TX,,,,,irs_990pf
CLARKSVILLE FOOD PANTRY,CLARKSVILLE,TX,,,,,irs_990pf
DETROIT COMMUNITY FOOD PANTRY,DETROIT,TX,,,,,irs_990pf
PJC MEMORIAL FOUNDATION,PARIS,TX,,,,,irs_990pf
NEW HOPE CENTER,PARIS,TX,,,,,irs_990pf
AUTRY MUSEUM OF THE AMERICAN WEST,Los Angeles,CA,,,,,irs_990pf
24TH STREET THEATRE,Los Angeles,CA,,,,,irs_990pf
ANGELS GATE CULTURAL CENTER,San Pedro,CA,,,,,irs_990pf
BOYS AND GIRLS CLUB OF LA HARBOR,San Pedro,CA,,,,,irs_990pf
CARNEGIE HALLTHE ACADEMY,New York,NY,,,,,irs_990pf
CHILDREN S HOSPITAL OF LOS ANGELES,Los Angeles,CA,,,,,irs_990pf
GREATER LOS ANGELES ZOO ASSOCIATION,Los Angeles,CA,,,,,irs_990pf
LA S BEST,Los Angeles,CA,,,,,irs_990pf
LEO BAECK TEMPLE,Los Angeles,CA,,,,,irs_990pf
LOS ANGELES COUNTY HIGH SCHOOL OF THE ARTS,Los Angeles,CA,,,,,irs_990pf
LOS ANGELES COUNTY MUSEUM OF ART,Los Angeles,CA,,,,,irs_990pf
LOS ANGELES MUSEUM OF THE HOLOCAUST,Los Angeles,CA,,,,,irs_990pf
LOS ANGELES PHILHARMONIC ASSOCIATION,Los Angeles,CA,,,,,irs_990pf
NATURAL HISTORY MUSEUM,Washington DC,DC,,,,,irs_990pf
ORANGE COUNTY HIGH SCHOOL FOR THE ARTS,Santa Ana,CA,,,,,irs_990pf
REGENTS OF UC-RIVERSIDE,Riverside,CA,,,,,irs_990pf
THE JUILLIARD SCHOOL,New York,NY,,,,,irs_990pf
UCLA SCHOOL OF ARTS ARCHITECTURE,Los Angeles,CA,,,,,irs_990pf
THE SHAKESPEARE CENTER OF LOS ANGELES,Los Angeles,CA,,,,,irs_990pf
UNITED FRIENDS OF THE CHILDREN,Los Angeles,CA,,,,,irs_990pf
WESTSIDE FAMILY HEALTH CENTER,Santa Monica,CA,,,,,irs_990pf
WRITEGIRL,Los Angeles,CA,,,,,irs_990pf
CA HOSPITAL MEDICAL CENTER,los Angeles,CA,,,,,irs_990pf
HILLSIDES,Pasadena,CA,,,,,irs_990pf
HOMES 4 FAMILIES,Woodland Hills,CA,,,,,irs_990pf
INNER CITY ARTS,Los Angeles,CA,,,,,irs_990pf
UNIVERSITY OF LOUISVILLE FOUNDATION,LOUISVILLE,KY,,,,,irs_990pf
ST LAWRENCE PARISH,UTICA,MI,,,,,irs_990pf
JUVENILLE DIABETES ASSOCIATION,NEW YORK,NY,,,,,irs_990pf
MT SINAI HEALTH SYSTEM,New York,NY,,,,,irs_990pf
MASSACHUSETTS INSTITUTE OF TECHNOLO,Cambridge,MA,,,,,irs_990pf
METROPOLIAN MUSEUM OF ART,New York,NY,,,,,irs_990pf
NATIONAL GALLERY OF ART,Landover,MD,,,,,irs_990pf
LESLEY UNIVERSITY,Cambridge,MA,,,,,irs_990pf
ENGLEWOOD HOSPITAL HEALTH FOUNDATIO,Englewood,NJ,,,,,irs_990pf
THE AMERICAN IRELAND FUND,New York,NY,,,,,irs_990pf
THE ELISABETH MORROW SCHOOL,Englewood,NJ,,,,,irs_990pf
MEMORIAL SLOAN KETTERING CANCER CEN,New York,NY,,,,,irs_990pf
WOMEN S RIGHTS INFORMATION CENTER,Englewood,NJ,,,,,irs_990pf
MOSCOW NIGHTS INC,New Orleans,LA,,,,,irs_990pf
PHILLIPS ACADEMY,Andover,MA,,,,,irs_990pf
DWIGHT-ENGLEWOOD SCHOOL,Englewood,NJ,,,,,irs_990pf
AMERICAN SUPPORT FOR ISRAEL,Washington,DC,,,,,irs_990pf
FIDF,New York,NY,,,,,irs_990pf
HACKENSACK UNIV MEDICAL CTR FOUNDAT,Lodi,NJ,,,,,irs_990pf
BAPTIST CHILDREN S VILLAGE,RIDGELAND,MS,,,,,irs_990pf
HEIDELBERG BAPTIST,HEIDELBERG,MS,,,,,irs_990pf
HEIDELBERG CEMETARY,HEIDELBERG,MS,,,,,irs_990pf
HOPE VILLAGE FOR CHILDREN,MERIDIAN,MS,,,,,irs_990pf
MISSION AT THE CROSS,LAUREL,MS,,,,,irs_990pf
MISSISSIPPI COLLEGE,CLINTON,MS,,,,,irs_990pf
MISSISSIPPI STATE UNIVERSITY,MISSISSIPPI STATE,MS,,,,,irs_990pf
MISSISSIPPI UNIVERSITY OF WOMEN,COLUMBUS,MS,,,,,irs_990pf
NEW ORLEANS BAPTIST THEOLOGICAL SEMINARY,NEW ORLEANS,LA,,,,,irs_990pf
CHILD EVANGELISM FELLOWSHIP MS,HATTIESBURG,MS,,,,,irs_990pf
UNIVERSITY OF MOBILE,EIGHT MILE,AL,,,,,irs_990pf
WAUKAWAY SPRINGS CHRISTIAN CENTER,VOSSBURG,MS,,,,,irs_990pf
WAYNE ACADEMY,WAYNESBORO,MS,,,,,irs_990pf
WILLIAM CAREY UNIVERSITY,HATTIESBURG,MS,,,,,irs_990pf
WAYNE COUNTY,WAYNESBORO,MS,,,,,irs_990pf
MISSISSIPPI CHILDRENS MUSEUM,JACKSON,MS,,,,,irs_990pf
FAULKNER UNIVERSITY,MONTGOMERY,AL,,,,,irs_990pf
AQUINAS COLLEGE,GRAND RAPIDS,MI,,,,,irs_990pf
BREAD OF LIFE,BALDWIN,MI,,,,,irs_990pf
DOMINICAN SISTERS GRAND RAPIDS,GRAND RAPIDS,MI,,,,,irs_990pf
GRAND RAPIDS ART MUSEUM,GRAND RAPIDS,MI,,,,,irs_990pf
LAKE COUNTY COMMUNITY FOUNDATION,FREMONT,MI,,,,,irs_990pf
LAKE COUNTY HISTORICAL SOCIETY,BRANCH,MI,,,,,irs_990pf
LAKE COUNTY SENIOR SERVICES,BALDWIN,MI,,,,,irs_990pf
SHRINE OF THE PINES,BALDWIN,MI,,,,,irs_990pf
ST ANNST IGNATIUS CATHOLIC CHURCH,BALDWIN,MI,,,,,irs_990pf
WCMU PUBLIC MEDIA,MOUNT PLEASANT,MI,,,,,irs_990pf
BOYS GIRLS CLUB OF MARTIN COUNTY,HOBE SOUND,FL,,,,,irs_990pf
BOYS GIRLS CLUB OF PB COUNTY,WEST PALM BEACH,FL,,,,,irs_990pf
CARING CHILDREN CLOTHING CHILDREN,STUART,FL,,,,,irs_990pf
EL SOL,JUPITER,FL,,,,,irs_990pf
EQUINE RESCUE,PALM CITY,FL,,,,,irs_990pf
HUMANE SOCIETY - TREASURE COAST,PALM CITY,FL,,,,,irs_990pf
BUSCH WILDLIFE,JUPITER,FL,,,,,irs_990pf
TREASURE COAST WILDLIFE HOSPITAL,PALM CITY,FL,,,,,irs_990pf
LOGGERHEAD MARINELIFE CENTER,JUNO BEACH,FL,,,,,irs_990pf
THE PET COTTAGE,JUPITER,FL,,,,,irs_990pf
MOLLY S HOUSE,STUART,FL,,,,,irs_990pf
ANTI CRUELTY SOCIETY,CHICAGO,IL,,,,,irs_990pf
AVENUES FOR INDEPENDENCE,PARK RIDGE,IL,,,,,irs_990pf
CASA KANE COUNTY,GENEVA,IL,,,,,irs_990pf
CENTER OF CONCERN,PARK RIDGE,IL,,,,,irs_990pf
CHICAGO COALITION FOR THE HOMELESS,CHICAGO,IL,,,,,irs_990pf
CLEARBROOK,ARLINGTON HEIGHTS,IL,,,,,irs_990pf
CONNECTIONS FOR THE HOMELESS,EVANSTON,IL,,,,,irs_990pf
COUNCIL FOR JEWISH ELDERLY,CHICAGO,IL,,,,,irs_990pf
ESSCA,EVANSTON,IL,,,,,irs_990pf
EVANSTON TOWNSHIP HIGH SCHOOL,EVANSTON,IL,,,,,irs_990pf
EXCEL BEYOND 211,PALATINE,IL,,,,,irs_990pf
FTEA FRIENDS FOR THERAPUTIC EQUINE ACTIVITIES,WARRENVILLE,IL,,,,,irs_990pf
GREATER CHICAGO FOOD DEP,CHICAGO,IL,,,,,irs_990pf
LAKE COUNTY HONOR FLIGHTS,NORTH CHICAGO,IL,,,,,irs_990pf
MERCY HOME FOR BOYSGIRLS,CHICAGO,IL,,,,,irs_990pf
ONWARD NEIGHBORHOOD PLACE,CHICAGO,IL,,,,,irs_990pf
ORPHANS OF THE STORM,RIVERWOODS,IL,,,,,irs_990pf
SHORE COMMUNITY SERVICES,SKOKIE,IL,,,,,irs_990pf
THE BOULEVARD,CHICAGO,IL,,,,,irs_990pf
UC SANTA CRUZ,SANTA CRUZ,CA,,,,,irs_990pf
WINGS WOMEN IN NEED OF GROWING STRONGER,PALATINE,IL,,,,,irs_990pf
THE PENGUIN CLUB,YOUNGSTOWN,OH,,,,,irs_990pf
AMISSVILLE BAPTIST CHURCH,AMISSVILLE,VA,,,,,irs_990pf
UNF FIRST GENERATION,Jacksonville,FL,,,,,irs_990pf
YMCA OF FLORIDA S FIRST COAST,Jacksonville,FL,,,,,irs_990pf
BLUE MT ARTISAN GUILD,POMEROY,WA,,,,,irs_990pf
BOY SCOUTS OF AMERICA 119,POMEROY,WA,,,,,irs_990pf
CITY OF POMEROY,POMEROY,WA,,,,,irs_990pf
COUNTY OF GARFIELD,POMEROY,WA,,,,,irs_990pf
FRIENDS OF THE LIBRARY,WALLA WALLA,WA,,,,,irs_990pf
GC VINTAGE FIRE TRUCK,POMEROY,WA,,,,,irs_990pf
GARFIELD COUNTY FOOD BANK,POMEROY,WA,,,,,irs_990pf
HOLY ROSARY PARISH,POMEROY,WA,,,,,irs_990pf
POMEROY ASSIST,POMEROY,WA,,,,,irs_990pf
POMEROY BABE RUTH,POMEROY,WA,,,,,irs_990pf
POMEROY JR GUN CLUB,POMEROY,WA,,,,,irs_990pf
POMEROY SCHOOL DISTRICT,POMEROY,WA,,,,,irs_990pf
POMEROY SPINNERS,POMEROY,WA,,,,,irs_990pf
POMEROY LITTLE LEAGUE,POMEROY,WA,,,,,irs_990pf
WASHINGON STATE UNIV FOUNDATION,PULLMAN,WA,,,,,irs_990pf
WALLA WALLA SR CITIZENS CENTER,WALLA WALLA,WA,,,,,irs_990pf
POMEROY COMMUNITY CENTER,POMEROY,WA,,,,,irs_990pf
GARFIELD COUNTY HOSPITAL DISTRICT,POMEROY,WA,,,,,irs_990pf
CROWN OF THORNS OF CALVARY,POMEROY,WA,,,,,irs_990pf
PIRATE BOOSTER CLUB,POMEROY,WA,,,,,irs_990pf
MT MISERY DRIFTERS,POMEROY,WA,,,,,irs_990pf
GARFIELD COUNTY SUPER CITIZENS,POMEROY,WA,,,,,irs_990pf
WALLA WALLA COMMUNITY COLLEGE,WALLA WALLA,WA,,,,,irs_990pf
QUALITY BEHAVIORAL HEALTH,CLARKSTON,WA,,,,,irs_990pf
BOY SCOUTS OF AMERICA TROUP 223,PACIFIC PALISADES,CA,,,,,irs_990pf
ST MARTIN OF TOURS,LOS ANGELES,CA,,,,,irs_990pf
COMMUNITIES IN SCHOOLS,RICHMOND,VA,,,,,irs_990pf
THEATRELAB INC,Richmond,VA,,,,,irs_990pf
CHILD SAVERS,RICHMOND,VA,,,,,irs_990pf
THE VISUAL ARTS CENTER,RICHMOND,VA,,,,,irs_990pf
SPARC,RICHMOND,VA,,,,,irs_990pf
RICHMOND BALLET,RICHMOND,VA,,,,,irs_990pf
ELCA CHURCHWIDE MINISTRIES,Chicago,IL,,,,,irs_990pf
TURNING POINT USA,Phoenix,AZ,,,,,irs_990pf
CAMP THUNDERBIRD,CHARLOTTE,NC,,,,,irs_990pf
CHRIST CHILD SOCIETY OF AKRON,AKRON,OH,,,,,irs_990pf
CORNERSTONE CHARTER ACADEMY,GREENSBORO,NC,,,,,irs_990pf
DAUGHTERS OF DIVINE CHARITY,AKRON,OH,,,,,irs_990pf
EVERGREEN AVIATION SPACE MUSEUM,MCMINNVILLE,OR,,,,,irs_990pf
FAMILY SERVICES OF THE PIEDMONT,JAMESTOWN,NC,,,,,irs_990pf
GRACE BRETHEN CHURCH OF NORTON,AKRON,OH,,,,,irs_990pf
GREENSBORO CHILDRENS MUSEUM,GREENSBORO,NC,,,,,irs_990pf
GREENSBORO SCIENCE CENTER,GREENSBORO,NC,,,,,irs_990pf
NC ZOOLOGICAL SOCIETY,ASHEBORO,NC,,,,,irs_990pf
OREGON MUSEUM OF SCIENCE AND INDUSTRY,PORTLAND,OR,,,,,irs_990pf
RED DOG FARM ANIMAL RESCUE,SUMMERFIELD,NC,,,,,irs_990pf
REELIN FOR RESEARCH,GREENSBORO,NC,,,,,irs_990pf
ST COLUMBKILLE CATHOLIC CHURCH,FORT MYERS,FL,,,,,irs_990pf
ST PIUS CATHOLIC CHURCH,GREENSBORO,NC,,,,,irs_990pf
HEIGHTS FOUNDATION,FORT MYERS,FL,,,,,irs_990pf
GIGI S PLAYHOUSE INC,HOFFMAN ESTATES,IL,,,,,irs_990pf
SUMMIT ROTARY FOUNDATION,GREENSBORO,NC,,,,,irs_990pf
UNITED STATES FOUNDATION FOR TRAGER EDUCATION RESEARCH INC,BURTON,OH,,,,,irs_990pf
DONORSCHOOSEORG,NEW YORK,NY,,,,,irs_990pf
FINDLEY ELEMENTARY SCHOOL PTO,PORTLAND,OR,,,,,irs_990pf
THE HARRY CHAPIN FOOD BANK OF SOUTHWEST FLORIDA,FORT MYERS,FL,,,,,irs_990pf
LEWIS AND CLARK NORTHWESTERN SCHOOL,PORTLAND,OR,,,,,irs_990pf
DRESS FOR SUCCESS,FORT MYERS,FL,,,,,irs_990pf
LOGOS VISION,,,,,,,irs_990pf
VARIOUS COMMUNITY ORGANIZATIONS,VARIOUS TOWNS,NE,,,,,irs_990pf
CENTRO DE BIENESTAR DEL ANCIANO,FOLSOM,CA,,,,,irs_990pf
ACCT PHILLY ANIMAL CARE CONTROL TEAM,Philadelphia,PA,,,,,irs_990pf
ALBERT M GREENFIELD SCHOOL HSA,Philadelphia,PA,,,,,irs_990pf
AMERICAN FOUNDATION SUICIDE PREVENTION,New York,NY,,,,,irs_990pf
AMERICAN HEART ASSOCIATION NYGR,Philadelphia,PA,,,,,irs_990pf
AMERICAN RED CROSS SOUTHEASTERN PA,Lancaster,PA,,,,,irs_990pf
ANTI-DEFAMATION LEAGUE,Philadelphia,PA,,,,,irs_990pf
ANTI-DEFAMATION LEAGUE NYC,New York,NY,,,,,irs_990pf
ARNOLD WINNIE PALMER FOUNDATION,Orlando,FL,,,,,irs_990pf
ATLANTA HUMANE SOCIETY,Atlanta,GA,,,,,irs_990pf
BALLETX,Philadelphia,PA,,,,,irs_990pf
BEN FRANKLIN TECHNOLOGY PARTNERS,Philadelphia,PA,,,,,irs_990pf
BOYS LATIN OF PHILADELPHIA CHARTER SCHOOL,Philadelphia,PA,,,,,irs_990pf
BRAIN ANEURYSM FOUNDATION,Hanover,MA,,,,,irs_990pf
CARING CETERA,El Segundo,CA,,,,,irs_990pf
CENTER CITY DISTRICT FOUNDATION,Philadelphia,PA,,,,,irs_990pf
CENTRAL TEXAS FOOD BANK,Austin,TX,,,,,irs_990pf
CHILD ADVOCATES INC,Houston,TX,,,,,irs_990pf
COMMITTEE OF SEVENTY,Philadelphia,PA,,,,,irs_990pf
COMMONWEALTH CARES,Waltham,MA,,,,,irs_990pf
COMMUNITY OF FRANCISCAN SISTERS OF THE RENEWAL,New York,NY,,,,,irs_990pf
CRADLE OF LIBERTY COUNCIL,Wayne,PA,,,,,irs_990pf
EAGLES AUTISM CHALLENGE,Philadelphia,PA,,,,,irs_990pf
ECONOMY LEAGUE OF GREATER PHL,Philadelphia,PA,,,,,irs_990pf
FAIRMOUNT PARK CONSERVANCY,Philadelphia,PA,,,,,irs_990pf
FAMILY RESOURCE ASSOCIATES,Shrewsbury,NJ,,,,,irs_990pf
FEDERATION OF NEIGHBORHOOD CENTERS,Philadelphia,PA,,,,,irs_990pf
FEEDING AMERICA,Washington,DC,,,,,irs_990pf
FOR PETE S SAKE RESPITE FOUNDATION,Plymouth Meeting,PA,,,,,irs_990pf
FORGOTTEN CATS INC,Greenville,DE,,,,,irs_990pf
FOURBLOCK,New York,NY,,,,,irs_990pf
FRESH ARTISTS,Philadelphia,PA,,,,,irs_990pf
FRINGEARTS,Philadelphia,PA,,,,,irs_990pf
GAUDENZIA,Norristown,PA,,,,,irs_990pf
GEORGETOWN UNIVERSITY,New York,NY,,,,,irs_990pf
HEROES AMONG US,Flourtown,PA,,,,,irs_990pf
HORACE MANN SCHOOL,Bronx,NY,,,,,irs_990pf
INVEST IN OTHERS CHARITABLE FOUNDATION,Newton,MA,,,,,irs_990pf
IRISH PUB CHILDREN S FOUNDATION,Philadelphia,PA,,,,,irs_990pf
JEFFERSON,Philadelphia,PA,,,,,irs_990pf
JEFFERSON OFFICE OF INSTITUTIONAL ADVANCE,Philadelphia,PA,,,,,irs_990pf
JEWISH FEDERATION OF GREATER PITTSBURGH,Pittsburgh,PA,,,,,irs_990pf
JEWISH LEARNING VENTURE,Jenkintown,PA,,,,,irs_990pf
JOHN BARTRAM ASSOCIATION,Philadelphia,PA,,,,,irs_990pf
KELLMAN BROWN ACADEMY,Vvoorhees,NJ,,,,,irs_990pf
LIFETIME WELL INTERNATIONAL INC,Aston,PA,,,,,irs_990pf
LPL FINANCIAL FOUNDATION,Boston,MA,,,,,irs_990pf
LUTHERAN SETTLEMENT HOUSE,Philadelphia,PA,,,,,irs_990pf
MAKOM COMMUNITY,Philadelphia,PA,,,,,irs_990pf
MANNA,Philadelphia,PA,,,,,irs_990pf
MERAKEY FOUNDATION,Lafayette Hill,PA,,,,,irs_990pf
MURAL ARTS,Philadlephia,PA,,,,,irs_990pf
NATIONAL ALLIANCE ON MENTAL ILLNESS,Philadelphia,PA,,,,,irs_990pf
NATIONAL DIVERSITY COUNCIL,Houston,TX,,,,,irs_990pf
NATIONAL MUSEUM OF JEWISH HISTORY,Philadelphia,PA,,,,,irs_990pf
PHILADELPHIA FUND ALLIANCE,Philadelphia,PA,,,,,irs_990pf
PHILADELPHIA PACT,Philadelphia,PA,,,,,irs_990pf
PHILADELPHIA POLICE FOUNDATION,Philadelphia,PA,,,,,irs_990pf
PHILADELPHIA READS,Philadelphia,PA,,,,,irs_990pf
PHILADELPHIA VIP,Philadelphia,PA,,,,,irs_990pf
PHILADELPHIA YOUTH BASKETBALL,Philadelphia,PA,,,,,irs_990pf
PLAYWORKS EDUCATION ENERGIZED,Oakland,CA,,,,,irs_990pf
PLAYWORKS PENNSYLVANIA,Philadelphia,PA,,,,,irs_990pf
PREP FOR PREP,New York,NY,,,,,irs_990pf
PSPCA,Philadelphia,PA,,,,,irs_990pf
RE-BICYCLE LENAWEE,Adrian,MI,,,,,irs_990pf
ROCK TO THE FUTURE,Philadelphia,PA,,,,,irs_990pf
RONALD MCDONALD HOUSE OF CENTRAL FL,Orlando,FL,,,,,irs_990pf
SAGE,New York,NY,,,,,irs_990pf
SALVATION ARMY GREATER PHILADELPHIA,Philadelphia,PA,,,,,irs_990pf
SLAY SARCOMA RESEARCH INITIATIVE,Morrisville,PA,,,,,irs_990pf
SQUASH HAVEN INC,New Haven,CT,,,,,irs_990pf
SQUASHSMARTS,Philadelphia,PA,,,,,irs_990pf
ST JUDE HOPE IN THE HARBOR,Arlington,VA,,,,,irs_990pf
STONEHILL COLLEGE,Easton,MA,,,,,irs_990pf
TEAM FINAL BASKETBALL,Philadelphia,PA,,,,,irs_990pf
THE 1789 FUND,Newtown Square,PA,,,,,irs_990pf
THE AMERICAN RED CROSS,Washington,DC,,,,,irs_990pf
THE BARNES FOUNDATION,Philadelphia,PA,,,,,irs_990pf
THE COOPER FOUNDATION,Camden,NJ,,,,,irs_990pf
THE FORUM OF EXECUTIVE WOMEN,Fort Washington,PA,,,,,irs_990pf
THE FRANKLIN INSTITUTE,Philadelphia,PA,,,,,irs_990pf
THE GREENLIGHT FOUNDATION,Philadelphia,PA,,,,,irs_990pf
THE MAGIC FOUNDATION,Warrenville,IL,,,,,irs_990pf
THE PENNSYLVANIA SPCA,Philadelphia,PA,,,,,irs_990pf
THE PHILADELPHIA THEATER COMPANY,Philadelphia,PA,,,,,irs_990pf
THE PHILADELPHIA ZOO,Philadelphia,PA,,,,,irs_990pf
TRUSTEES OF UNIVERSITY OF PENNSYLVANIA,Philadelphia,PA,,,,,irs_990pf
US OLYMPIC PARALYMPIC FOUNDATION,Colorado Springs,CO,,,,,irs_990pf
UF HEALTH SHANDS CHILDREN S HOSPITAL,Gainesville,FL,,,,,irs_990pf
UNCF,Philadelphia,PA,,,,,irs_990pf
UNITED WAY,Philadelphia,PA,,,,,irs_990pf
UNIVERSITY OF THE ARTS,Philadelphia,PA,,,,,irs_990pf
URBAN AFFAIRS COALITION,Philadelphia,PA,,,,,irs_990pf
US OPEN SQUASH,New York,NY,,,,,irs_990pf
VARIANT 6,Philadelphia,PA,,,,,irs_990pf
VETRI COMMUNITY PARTNERSHIP,Philadelphia,PA,,,,,irs_990pf
WIDENER UNIVERSITY,Chester,PA,,,,,irs_990pf
WIKIMEDIA FOUNDATION,Washington,DC,,,,,irs_990pf
WILLISTOWN CONSERVATION TRUST,Newtown Square,PA,,,,,irs_990pf
WISSAHICKON FOUNDATION,Philadelphia,PA,,,,,irs_990pf
WOMEN S WAY,Philadelphia,PA,,,,,irs_990pf
WOMEN IN INVESTING NETWORK PHL,Wynnewood,PA,,,,,irs_990pf
WAFER FOOD PANTRY,LACROSSE,WI,,,,,irs_990pf
SHARING CARING HANDS,MINNEAPOLIS,MN,,,,,irs_990pf
OUTDOOR ADVENTURE FOUNDATION,LAKEVILLE,MN,,,,,irs_990pf
MINNESOTA ZOO FOUNDATION,APPLE VALLEY,MN,,,,,irs_990pf
NORTH ST PAUL FOOD SHELF,NORTH ST PAUL,MN,,,,,irs_990pf
MN LANDSCAPE ARBORETUM,CHASKA,MN,,,,,irs_990pf
NORTH AMERICAN BEAR CENTER,ELY,MN,,,,,irs_990pf
MARK GROMESH FUNDRAISER,SHAKOPEE,MN,,,,,irs_990pf
A PLACE TO START,KENNEBUNK,ME,,,,,irs_990pf
INTERNATIONAL HUNTER EDUCATION ASSOCIATION,DENVER,CO,,,,,irs_990pf
OLYMPIA SNOWE WOMEN S LEADERSHIP INSTITUTE,PORTLAND,ME,,,,,irs_990pf
SOLVING KIDS CANCER,NEW YORK,NY,,,,,irs_990pf
THE STATION FOUNDATION,BOZEMAN,MT,,,,,irs_990pf
COASTAL MAINE BOTANICAL GARDENS,BOOTHBAY,ME,,,,,irs_990pf
KHYENTSE FOUNDATION,SEATTLE,WA,,,,,irs_990pf
TREE STREET YOUTH CENTER,LEWISTON,ME,,,,,irs_990pf
UNITED SOCIETY OF SHAKERS,NEW GLOUCESTER,ME,,,,,irs_990pf
INSTITUTE FOR DIGITAL ENGINEERING AND LIFE SCIENCES,PORTLAND,ME,,,,,irs_990pf
ALEX S LEMONADE STAND FOUNDATION,BALA CYNWYD,PA,,,,,irs_990pf
FLORIDA HOLOCAUST MUSEUM,ST PETERSBURG,FL,,,,,irs_990pf
GULF COAST JEWISH FAMILY SERVICES,CLEARWATER,FL,,,,,irs_990pf
JEWISH BURIAL SOCIETY OF PINELLAS COUNTY,ST PETERSBURG,FL,,,,,irs_990pf
JEWISH FEDERATION OF PINELLAS AND PASCO COUNTIES,LARGO,FL,,,,,irs_990pf
SOUTHEAST GUIDE DOGS,PALMETTO,FL,,,,,irs_990pf
TEMPLE BNAI ISRAEL,CLEARWATER,FL,,,,,irs_990pf
CROHN S AND COLITIS FOUNDATION,ST CLOUD,FL,,,,,irs_990pf
BILL EDWARDS FOUNDATION FOR THE ARTS,ST PETERSBURG,FL,,,,,irs_990pf
THE PATRIOT FUND,MOUNT LAUREL,NJ,,,,,irs_990pf
LIVING WELL FOUNDATION,IMPERIAL,MO,,,,,irs_990pf
PRADER-WILLI SYNDROME ASSOCIATION USA,Sarasota,FL,,,,,irs_990pf
BUTTERFIELD SCHOLARSHIP PROGRAM,Oak Brook,IL,,,,,irs_990pf
MERCY HOME FOR BOYS AND GIRLS,Chicago,IL,,,,,irs_990pf
BEARS CARE GALA,Lake Forest,IL,,,,,irs_990pf
ALTUS ACADEMY,Chicago,IL,,,,,irs_990pf
RAY GRAHAM ASSOCIATION,Lisle,IL,,,,,irs_990pf
AID FOR CANCER RESEARCH,NEWTON CENTRE,MA,,,,,irs_990pf
AMERICAN UNIVERSITY-- WAMU 885,WASHINGTON,DC,,,,,irs_990pf
AMERICARES FOUNDATION INC,STAMFORD,CT,,,,,irs_990pf
BOROUGH OF SEWICKLEY HEIGHTS HISTORY CENTER INC,SEWICKLEY,PA,,,,,irs_990pf
BOSTON HEALTH CARE FOR THE HOMELESS PROGRAM INC,BOSTON,MA,,,,,irs_990pf
CABIN JOHN PARK VOLUNTEER FIRE DEPARTMENT INCORPOC,BETHESDA,MD,,,,,irs_990pf
CANCER RESEARCH INSTITUTE INC,NEW YORK,NY,,,,,irs_990pf
CHILDRENS HOME SOCIETY OF NEW JERSEY,TRENTON,NJ,,,,,irs_990pf
COMMUNITY JUSTICE CENTER INC,TRENTON,NJ,,,,,irs_990pf
DUQUESNE UNIVERSITY OF THE HOLY SPIRIT,PITTSBURGH,PA,,,,,irs_990pf
ELIZABETHTOWN COLLEGE,ELIZABETHTOWN,PA,,,,,irs_990pf
FERN HOLLOW NATURE CENTER INC,SEWICKLEY,PA,,,,,irs_990pf
FISHERS ISLAND CONSERVANCY INC,FISHERS ISLAND,NY,,,,,irs_990pf
FOUNDATION FOR AFRICAN MEDICINE AND EDUCATION,REDDING,CA,,,,,irs_990pf
GARDEN OF DREAMS FOUNDATION,NEW YORK,NY,,,,,irs_990pf
GENESIS OF PITTSBURGH INC,PITTSBURGH,PA,,,,,irs_990pf
GEORGETOWN HILL CHILD CARE CENTER INC,MONTGOMRY VLG,MD,,,,,irs_990pf
HISTORICAL SOCIETY OF PRINCETON NEW JERSEY,PRINCETON,NJ,,,,,irs_990pf
HOMEWARD TRAILS ANIMAL RESCUE INCORPORATED,FAIRFAX STA,VA,,,,,irs_990pf
ISLAND HEALTH PROJECT INC,FISHERS ISLE,NY,,,,,irs_990pf
KINGSTON GREENWAYS ASSOCIATION,KINGSTON,NJ,,,,,irs_990pf
LEAD THE WAY FUND INC,GARDEN CITY,NY,,,,,irs_990pf
MAKE-A-WISH FOUNDATION OF GREATER PENNSYLVANIA AND,PITTSBURGH,PA,,,,,irs_990pf
MARIO LEMIEUX FOUNDATION,PITTSBURGH,PA,,,,,irs_990pf
MCCARTER THEATRE COMPANY,PRINCETON,NJ,,,,,irs_990pf
NATIONAL PARK TRUST INC,ROCKVILLE,MD,,,,,irs_990pf
NORTH WAY CHRISTIAN COMMUNITY,WEXFORD,PA,,,,,irs_990pf
PENNSYLVANIA HOSPITAL OF THE UNIV OF PENNSYLVANIA,PHILADELPHIA,PA,,,,,irs_990pf
PITTSBURGH PENGUINS FOUNDATION,PITTSBURGH,PA,,,,,irs_990pf
PLANNED PARENTHOOD FEDERATION OF AMERICA INC,NEW YORK,NY,,,,,irs_990pf
PRINCETON DAY SCHOOL INC,PRINCETON,NJ,,,,,irs_990pf
PRINCETON FIRST AID AND RESCUE SQUAD INC,PRINCETON,NJ,,,,,irs_990pf
PRINCETON HEALTHCARE SYSTEM FOUNDATION INC,PLAINSBORO,NJ,,,,,irs_990pf
PRINCETON NURSERY SCHOOL INC,PRINCETON,NJ,,,,,irs_990pf
PRINCETON PUBLIC LIBRARY FOUNDATION INC,PRINCETON,NJ,,,,,irs_990pf
PRINCETON SYMPHONY ORCHESTRA INC,PRINCETON,NJ,,,,,irs_990pf
PURE WATER FOR AFRICA INC,PITTSFORD,NY,,,,,irs_990pf
QUAKER VALLEY AMBULANCE AUTHORITY,MOON TOWNSHIP,PA,,,,,irs_990pf
READING IS FUNDAMENTAL PITTSBURG,PITTSBURGH,PA,,,,,irs_990pf
SERVE2CURE INC,PITTSBURGH,PA,,,,,irs_990pf
SEWICKLEY ACADEMY,SEWICKLEY,PA,,,,,irs_990pf
SEWICKLEY PRESBYTERIAN CHURCH,SEWICKLEY,PA,,,,,irs_990pf
SEWICKLEY PUBLIC LIBRARY INC,SEWICKLEY,PA,,,,,irs_990pf
SIBLEY MEMORIAL HOSPITAL FOUNDATION,WASHINGTON,DC,,,,,irs_990pf
STOREHOUSE FOR TEACHERS - THE EDUCATION PARTNERSHI,PITTSBURGH,PA,,,,,irs_990pf
TANZANIAN CHILDRENS FUND INC,CAMBRIDGE,MA,,,,,irs_990pf
THE BERNER-GARDE FOUNDATION,JOHNSTOWN,CO,,,,,irs_990pf
THE CHILDRENS AID SOCIETY,NEW YORK,NY,,,,,irs_990pf
THE SEWICKLEY VALLEY COMMUNITY FUND,SEWICKLEY,PA,,,,,irs_990pf
TRINITY COUNSELING SERVICE,PRINCETON,NJ,,,,,irs_990pf
TRUSTEES OF PRINCETON UNIVERSITY,PRINCETON,NJ,,,,,irs_990pf
VIETNAM VETERANS WORKSHOP INC,BOSTON,MA,,,,,irs_990pf
WALSH PARK BENEVOLENT CORPORATION,FISHERS ISLE,NY,,,,,irs_990pf
YOUNG MENS CHRISTIAN ASSOCIATION OF THE SEWICKLEY,SEWICKLEY,PA,,,,,irs_990pf
ALZHEIMER S DISEASE AND RELATED DISORDERS ASSOCIAT,WASHINGTON,DC,,,,,irs_990pf
BERGEN VOLUNTEER MEDICAL INITIATIVE INC,HACKENSACK,NJ,,,,,irs_990pf
BLANKET ME INC,NORTH ANDOVER,MA,,,,,irs_990pf
CALDWELL MEMORIAL HOSPITAL FOUNDATION INC,LENOIR,NC,,,,,irs_990pf
CARE DIMENSIONS INC,DANVERS,MA,,,,,irs_990pf
CHARLOTTE BILINGUAL PRESCHOOL INC,CHARLOTTE,NC,,,,,irs_990pf
FRIENDS OF KAKAMEGA,FREEPORT,ME,,,,,irs_990pf
FRIENDS OF THE CITRUS COUNTY LIBRARY SYSTEM INC,BEVERLY HILLS,FL,,,,,irs_990pf
HOSPICE OF MARION COUNTY INC,OCALA,FL,,,,,irs_990pf
LOWELL SUN CHARITIES INC,LOWELL,MA,,,,,irs_990pf
MARBLEJAM KIDS INC,RIVER EDGE,NJ,,,,,irs_990pf
MARC LUSTGARTEN PANCREATIC CANCER FOUNDATION,WOODBURY,NY,,,,,irs_990pf
MARYKNOLL SISTERS OF ST DOMINIC INC,MARYKNOLL,NY,,,,,irs_990pf
MONMOUTH BEACH FIRST AID SQUAD,MONMOUTH BCH,NJ,,,,,irs_990pf
TEAM RANDY INC,TOMS RIVER,NJ,,,,,irs_990pf
VILLA MARIE CLAIRE,SADDLE RIVER,NJ,,,,,irs_990pf
ACS ADAMS AWARD,WASHINGTON,DC,,,,,irs_990pf
ACS DIVISION OF ORGANIC CHEMISTRY,EAST LANSING,MI,,,,,irs_990pf
OREGON ST UNIVERSITY,CORVALLIS,OR,,,,,irs_990pf
QUEENS COLLEGE,,,,,,,irs_990pf
UNIVERSITY CAL-IRVINE,IRVINE,CA,,,,,irs_990pf
UNIVERSITY OF ALBERTA,,,,,,,irs_990pf
UNIVERSITY OF WISCONSIN-MADISON,MADISON,WI,,,,,irs_990pf
UNIVERSTITY OF PITTSBURGH,PITTSPURGH,PA,,,,,irs_990pf
VANDERBILT,NASHVILLE,TN,,,,,irs_990pf
LAKEWOOD WOMEN S CLUB,LAKEWOOD,OH,,,,,irs_990pf
COLLEGE OF WILLIAM MARY,WILLIAMSBURG,VA,,,,,irs_990pf
HOSTOS COMMUNITY COLLEGE,BRONX,NY,,,,,irs_990pf
HOLLYWOOD POLICE ATHLETIC LEAGUE,Los Angeles,CA,,,,,irs_990pf
SANTA CECELIA ORCHESTRA,Los Angeles,CA,,,,,irs_990pf
LE LYCEE FRANCAIS DE LOS ANGELES,Los Angeles,CA,,,,,irs_990pf
LACER AFTERSCHOOL PROGRAM,Los Angeles,CA,,,,,irs_990pf
CHILDREN OF THE PEAK,Draper,UT,,,,,irs_990pf
WORLD ORPHANS,Castle Rock,CO,,,,,irs_990pf
CHRISTOPHER BEEBE,East Amboy,IN,,,,,irs_990pf
KEITH BOUTWELL,Northport,AL,,,,,irs_990pf
ADAM BROWN,Brandon,SD,,,,,irs_990pf
DANIEL BUSENBARK,Fort Mitchell,AL,,,,,irs_990pf
JACOB CONKLIN,Colleyville,TX,,,,,irs_990pf
GREGORY DAVIS,Montomery,AL,,,,,irs_990pf
ERIC DONOP,Midland City,AL,,,,,irs_990pf
STEVEN DUNCAN,Estero,FL,,,,,irs_990pf
JUSTIN EAVES,Dothan,AL,,,,,irs_990pf
KURTIS FREDERICK,Rockport,IN,,,,,irs_990pf
PAUL HERROLD,Westville,IN,,,,,irs_990pf
JAMES HORTON,Harrisburg,PA,,,,,irs_990pf
HENRY JIN,Houston,TX,,,,,irs_990pf
EDGAR JONES,Farmville,VA,,,,,irs_990pf
NICHOLAS LINDLEY,St Louis,MO,,,,,irs_990pf
MASON LONG,Edmond,OK,,,,,irs_990pf
GREGORY MCCORMICK,Spring Lake,NC,,,,,irs_990pf
ANDREW NEWTON,Oxford,NC,,,,,irs_990pf
BRANDON SMITH,Sioux Falls,SD,,,,,irs_990pf
GARY TE BEEST,Cedar Grove,WI,,,,,irs_990pf
EVAN TORNQUIST,Somerset,NJ,,,,,irs_990pf
SAMUEL VANSLYKE,Rockwell,NC,,,,,irs_990pf
SHAWN WILDEROM,Broken Arrow,OK,,,,,irs_990pf
TRENT AIRWYKE,Massillon,OH,,,,,irs_990pf
TIMOTHY BROWN,Fort Wayne,IN,,,,,irs_990pf
TAYLOR DORN,Newark,OH,,,,,irs_990pf
ANDY GUENZLER,Union,MO,,,,,irs_990pf
RYAN HENRIKSEN,Richfield,KS,,,,,irs_990pf
DAVID HOLMLUND,Fort Washington,PA,,,,,irs_990pf
LUKE HUMPHREYS,Russellville,AR,,,,,irs_990pf
JOSHUA MINOR,Kingsport,TN,,,,,irs_990pf
JOHN O BRIEN,Front Royal,VA,,,,,irs_990pf
STEPHEN QUEEN,Wickliffe,KY,,,,,irs_990pf
GREGORY SALMON,Newberg,OR,,,,,irs_990pf
WESLEY SMITH,Tampa,FL,,,,,irs_990pf
TIMOTHY SOMMER,Tampa,FL,,,,,irs_990pf
JASON STEPHENS,Indianapolis,IN,,,,,irs_990pf
NIGEL WALKER,Antioch,TN,,,,,irs_990pf
ROBERT WOOLDRIDGE,Murray,KY,,,,,irs_990pf
ADAPTIVE SPORTS CENTER OF CRESTED BUTTE INC,CRESTED BUTTE,CO,,,,,irs_990pf
ALLIANCE FOR CHOICE IN EDUCATION,DENVER,CO,,,,,irs_990pf
COLORADO STATE UNIVERSITY FOUNDATION,FORT COLLINS,CO,,,,,irs_990pf
COLORADO YOUTH TENNIS FOUNDATION,DENVER,CO,,,,,irs_990pf
COMMUNITY FOUNDATION OF THE GUNNISON VALLEY,GUNNISON,CO,,,,,irs_990pf
CRESTED BUTTE LAND TRUST,CRESTED BUTTE,CO,,,,,irs_990pf
CRESTED BUTTE MOUNTAIN BIKE ASSOCIATION,CRESTED BUTTE,CO,,,,,irs_990pf
CRESTED BUTTE MOUNTAIN HERITAGE MUSEUM INC,CRESTED BUTTE,CO,,,,,irs_990pf
CRESTED BUTTE NORDIC COUNCIL,CRESTED BUTTE,CO,,,,,irs_990pf
GUNNISON COUNTY LIBRARY DISTRICT,GUNNISON,CO,,,,,irs_990pf
ROCKY MOUNTAIN BIOLOGICAL LABORATORY AT GOTHIC,CRESTED BUTTE,CO,,,,,irs_990pf
STATE HISTORICAL SOCIETY OF COLORADO THE COLORADO,DENVER,CO,,,,,irs_990pf
SWITCH ENERGY ALLIANCE,AUSTIN,TX,,,,,irs_990pf
THE NATURE CONSERVANCY - COLORADO CHAPTER,BOULDER,CO,,,,,irs_990pf
WESTERN STATE COLORADO UNIVERSITY FOUNDATION,GUNNISON,CO,,,,,irs_990pf
WESTERN STOCK SHOW ASSOCIATION SCHOLARSHIP TRUST,DENVER,CO,,,,,irs_990pf
ALZHEIMERS DISEASE AND RELATED DISORDERS ASSOC INC,SAINT LOUIS,MO,,,,,irs_990pf
ANACOSTIA WATERSHED SOCIETY INC,BLADENSBURG,MD,,,,,irs_990pf
AYUDA,WASHINGTON,DC,,,,,irs_990pf
CAMPAIGN LEGAL CENTER INC,WASHINGTON,DC,,,,,irs_990pf
CARNEGIE ENDOWMENT FOR INTERNATIONAL PEACE,WASHINGTON,DC,,,,,irs_990pf
CHESAPEAKE BAY TRUST,ANNAPOLIS,MD,,,,,irs_990pf
ELECTRONIC PRIVACY INFORMATION CENTER,WASHINGTON,DC,,,,,irs_990pf
FAMILIES EMPOWERED SUPPORTING TRMT OF EATING DIS,WARRENTON,VA,,,,,irs_990pf
FASCETS INC,BEAVERTON,OR,,,,,irs_990pf
GIFFORDS LAW CENTER TO PREVENT GUN VIOLENCE,SAN FRANCISCO,CA,,,,,irs_990pf
GLOBALGIVING FOUNDATION INC,WASHINGTON,DC,,,,,irs_990pf
INTERNATIONAL PEACE INSTITUTE INC,NEW YORK,NY,,,,,irs_990pf
PROOF ALLIANCE,SAINT PAUL,MN,,,,,irs_990pf
THE CARTER CENTER INC,ATLANTA,GA,,,,,irs_990pf
TWICE EXCEPTIONAL CHILDRENS ADVOCACY INC,SEA CLIFF,NY,,,,,irs_990pf
WATER ORG INC,KANSAS CITY,MO,,,,,irs_990pf
WORLD CENTRAL KITCHEN INCORPORATED,WASHINGTON,DC,,,,,irs_990pf
WORLD RESOURCES INSTITUTE,WASHINGTON,DC,,,,,irs_990pf
EQUAL JUSTICE INITIATIVE,MONTGOMERY,AL,,,,,irs_990pf
HUMAN RIGHTS WATCH INC,NEW YORK,NY,,,,,irs_990pf
NATIONAL COALITION TO ABOLISH THE DEATH PENALTY,WASHINGTON,DC,,,,,irs_990pf
RAZIAS RAY OF HOPE FOUNDATION,WELLESLEY HLS,MA,,,,,irs_990pf
SOUTHERN POVERTY LAW CENTER INC,MONTGOMERY,AL,,,,,irs_990pf
ABIGAIL ADAM,GETTYSBURG,PA,,,,,irs_990pf
ALEXIS GHI,NORTHFIELD,VT,,,,,irs_990pf
CAMERON FOLEY,WEST HAVEN,CT,,,,,irs_990pf
CHLOE DAKERS,SPRINGFIELD,MA,,,,,irs_990pf
CONNOR REID,WEST HARTFORD,CT,,,,,irs_990pf
DANTAE MADDOCK,NEW BRITAIN,CT,,,,,irs_990pf
HALEY GULOTTA,POUGHKEEPSIE,NY,,,,,irs_990pf
HANNAH MCGUIRE,DURHAM,NH,,,,,irs_990pf
HANNAH POULER,PRINCETON,NJ,,,,,irs_990pf
JACK SCARPA,STORRS,CT,,,,,irs_990pf
JACOB SHPUR,SPRINGFIELD,MA,,,,,irs_990pf
JADA WILSON,STORRS,CT,,,,,irs_990pf
KONNOR CURTIS,BEVERLY,MA,,,,,irs_990pf
LIAM GRIMALDI,BOSTON,MA,,,,,irs_990pf
MATTHEW HOLDERMAN,KEENE,NH,,,,,irs_990pf
MICHAEL O CONNOR,TROY,NY,,,,,irs_990pf
PETER GRECO,POUGHKEEPSIE,NY,,,,,irs_990pf
KATHRYN HEACOX,BEVERLY,MA,,,,,irs_990pf
MADISON SIMONDS,BURLINGTON,VT,,,,,irs_990pf
ABIGAIL DODGE,BOSTON,MA,,,,,irs_990pf
EMMA ADAM,WINSTED,CT,,,,,irs_990pf
HARRY HAZELTON,POUGHKEEPSIE,NY,,,,,irs_990pf
CARIANNE CALLINAN,PURCHASE,NY,,,,,irs_990pf
CALEB SHPUR,BEVERLY,MA,,,,,irs_990pf
SYDNEY CLARK,NEW BRITAIN,CT,,,,,irs_990pf
OLIVIA MCCARTHY,DURHAM,NH,,,,,irs_990pf
CAMERON ACKERMAN-FAEDI,BURLINGTON,VT,,,,,irs_990pf
MADELYN OLOWNIA,DANBURY,CT,,,,,irs_990pf
ALEXA O CONNOR,WASHINGTON,DC,,,,,irs_990pf
DC CENTRAL KITCHEN INC,WASHINGTON,DC,,,,,irs_990pf
UPAKAR THE INDO-AMERICAN COMMUNITY,GAITHERBURG,MD,,,,,irs_990pf
DENVER PUBLIC LIBRARY FRIENDS FOUNDATION,DENVER,CO,,,,,irs_990pf
IR MEDICAL CENTER,VERO BEACH,FL,,,,,irs_990pf
IR HABITAT FOR HUMANITY,VERO BEACH,FL,,,,,irs_990pf
VNA HOSPICE,VERO BEACH,FL,,,,,irs_990pf
WRIGHT MUSEUM,WOLFEBORO,NH,,,,,irs_990pf
IR BOYS GIRLS CLUB,VERO BEACH,FL,,,,,irs_990pf
DOLLARS FOR SCHOLARS,VERO BEACH,FL,,,,,irs_990pf
SQUAM LAKES CONSERVATION,HOLDERNESS,NH,,,,,irs_990pf
CHOCOURA CHAPEL ASSOC,HOLDERNESS,NH,,,,,irs_990pf
LAKES REGION CONSV TRUST,CENTER HARBOR,NH,,,,,irs_990pf
LAKES REGION GENERAL HOSPITAL,LACONIA,NH,,,,,irs_990pf
SENIOR RESOURCE CENTER,VERO BEACH,FL,,,,,irs_990pf
UNITED SOUTH END SETTLEMENTS,BOSTON,MA,,,,,irs_990pf
CARDIGAN MOUNTAIN SCHOOL,CANAAN,NH,,,,,irs_990pf
ENVIRONMENTAL LEARNING CENTER,VERO BEACH,FL,,,,,irs_990pf
IWMF INTERNAT WALDENSTROMS MACROGLO,SARASOTA,FL,,,,,irs_990pf
LOON PRESERVATION COMMITTEE,MOULTONBOROUGH,NH,,,,,irs_990pf
ETHS EDUCATIONAL FOUNDATION,EVANSTON,IL,,,,,irs_990pf
IR IMPACT 100,VERO BEACH,FL,,,,,irs_990pf
SQUAM LAKES ASSOCIATION,HOLDERNESS,NH,,,,,irs_990pf
SQUAM LAKES NATURAL SCIENCE CENTER,HOLDERNESS,NH,,,,,irs_990pf
GRANITE UNITED WAY,MANCHESTER,NH,,,,,irs_990pf
CITY MISSION,WASHINGTON,PA,,,,,irs_990pf
ORCHARDVIEW STABLES,WEXFORD,PA,,,,,irs_990pf
PRESBYTERIAN SENIOR CARE FOUNDATION,OAKMONT,PA,,,,,irs_990pf
WASHINGTON CHRISTIAN OUTREACH,WASHINGTON,PA,,,,,irs_990pf
AMERICAN SOCIETY OF CATARACT,FAIRFAX,VA,,,,,irs_990pf
ST BENEDICT THE ABBOT CHURCH,MCMURRAY,PA,,,,,irs_990pf
SOUTH STRABANE FIRE DEPARTMENT,WASHINGTON,PA,,,,,irs_990pf
EYE AND EAR FOUNDATION,PITTSBURGH,PA,,,,,irs_990pf
THE PENNINGTON SCHOOL,PHILADELPHIA,PA,,,,,irs_990pf
ST LOUISE DEMARILLAC SCHOOL,PITTSBURGH,PA,,,,,irs_990pf
BRONSON HOUSE-THE NEIGHBORHOOD,WASHINGTON,PA,,,,,irs_990pf
WASHINGTON SYMPHONY ORCHESTRA,WASHINGTON,DC,,,,,irs_990pf
WASHINGTON CITY MISSION,WASHINGTON,PA,,,,,irs_990pf
WASHINGTON AND JEFFERSON COLLEGE,WASHINGTON,PA,,,,,irs_990pf
THE FOUNDATION OF THE AMERICAN ACACDEMY,SAN FRANCISCO,CA,,,,,irs_990pf
CENTRAL CATHOLIC HIGH SCHOOL,PITTSBURGH,PA,,,,,irs_990pf
ARC WASHINGTON FOUNDATION,HOUSTON,PA,,,,,irs_990pf
DOMESTIC VIOLENCE SERVICES OF,WASHINGTON,PA,,,,,irs_990pf
BENTLEYVILLE PUBLIC LIBRARY,BENTLEYVILLE,PA,,,,,irs_990pf
BIG BROTHERS BIG SISTERS OF GTR PITTSB,WASHINGTON,PA,,,,,irs_990pf
THE BRADFORD HOUSE HISTORICAL,WASHINGTON,PA,,,,,irs_990pf
CASA FOR KIDS INC,WASHINGTON,PA,,,,,irs_990pf
CATHOLIC CHARITIES OF WASHINGTON COUNTY,WASHINGTON,PA,,,,,irs_990pf
CITIZEN S LIBRARY,WASHINGTON,PA,,,,,irs_990pf
BLIND AND VISION REHABILITATION,HOMESTEAD,PA,,,,,irs_990pf
JOHN F KENNEDY SCHOOL,WASHINGTON,PA,,,,,irs_990pf
JUNIOR ACHIEVEMENT,WARRENDALE,PA,,,,,irs_990pf
JUVENILE DIABETES FOUNDATION,PITTSBURGH,PA,,,,,irs_990pf
MAKE A WISH,PITTSBURGH,PA,,,,,irs_990pf
MEALS ON WHEELS WASHINGTON,WASHINGTON,DC,,,,,irs_990pf
SETON HILL UNIVERSITY,GREENSBURG,PA,,,,,irs_990pf
SETON HILL SISTERS OF CHARITY,GREENSBURG,PA,,,,,irs_990pf
SHADYSIDE ACADEMY,PITTSBURGH,PA,,,,,irs_990pf
UNITED CEREBRAL PALSY OF SW PA,WASHINGTON,PA,,,,,irs_990pf
WASHINGTON GREATER COUNTY FOOD BANK,EIGHTY FOUR,PA,,,,,irs_990pf
WASHINGTON CHRISTIAN OUTREACH,WASHINGTON,DC,,,,,irs_990pf
WATCHFUL SHEPHERD USA,MCMURRAY,PA,,,,,irs_990pf
OAKLAND CATHOLIC HIGH SCHOOL,PITTSBURGH,PA,,,,,irs_990pf
TEMPLE UNIVERSITY MEDICAL FUND,PHILADELPHIA,PA,,,,,irs_990pf
ITAM,CHARLEROI,PA,,,,,irs_990pf
WAYNESBURG COLLEGE,WAYNESBURG,PA,,,,,irs_990pf
WASHINGTON PROF FIREFIGHTERS,WASHINGTON,PA,,,,,irs_990pf
WASHINGTON COUNTY HISTORICAL,WASHINGTON,PA,,,,,irs_990pf
WASHINGTON HEALTH SYSTEM,WASHINGTON,PA,,,,,irs_990pf
MEMORIAL HOSPITAL FOUNDATION,JASPER,IN,,,,,irs_990pf
CENTRAL GREEN,JASPER,IN,,,,,irs_990pf
GREATER JASPER CONSOL SCHOOL,JASPER,IN,,,,,irs_990pf
NE DUBOIS SCHOOL CORPORATION,DUBOIS,IN,,,,,irs_990pf
BROWN YMCA,SELMA,AL,,,,,irs_990pf
CAHABA CENTER,SELMA,AL,,,,,irs_990pf
CHRISTIAN OUTREACH ALLIANCE,SELMA,AL,,,,,irs_990pf
CORNERSTONE PRESBYTERIAN CHURCH,SELMA,AL,,,,,irs_990pf
VAUGHN-SMITHERMAN MUSEUM,SELMA,AL,,,,,irs_990pf
PAUL GRIST YMCA,SELMA,AL,,,,,irs_990pf
PRESBYTERIAN CHURCH USA FOUNDATION,JEFFERSONVILLE,IN,,,,,irs_990pf
PRESBYTERY OF SHEPPARDS LAPSLEY,BIRMINGHAM,AL,,,,,irs_990pf
SELMA DALLAS COUNTY PUBLIC LIBRARY,SELMA,AL,,,,,irs_990pf
SELMA AREA FOOD BANK,SELMA,AL,,,,,irs_990pf
STURDIVANT MUSEUM ASSOCIATION,SELMA,AL,,,,,irs_990pf
UAB SELMA FAMILY MEDICINE RESIDENCY PROGRAM,SELMA,AL,,,,,irs_990pf
UNITED WAY OF SELMA,SELMA,AL,,,,,irs_990pf
YMCA OF SELMA-DALLAS COUNTY,SELMA,AL,,,,,irs_990pf
OLD DEPOT MUSEUM,SELMA,AL,,,,,irs_990pf
SCHEDULE ATTACHED,Denver,CO,,,,,irs_990pf
WISCONSIN MARITIME MUSEUM INC,MANITOWOC,WI,,,,,irs_990pf
ACADEMY OF THE HOLY NAMES FL,TAMPA,FL,,,,,irs_990pf
ATTACK THEATRE,PITTSBURGH,PA,,,,,irs_990pf
KENSINGTON FOOD PANTRY,KENSINGTON,KS,,,,,irs_990pf
ST JOHN LUTHERAN CHURCH,KENSINGTON,KS,,,,,irs_990pf
KENSINGTON LIONS CLUB,KENSINGTON,KS,,,,,irs_990pf
KENSINGTON SENIOR CITIZEN,KENSINGTON,KS,,,,,irs_990pf
KESNINGTON COMMUNITY LIBR,KENSINGTON,KS,,,,,irs_990pf
AMERICAN LEGION OF KENSIN,KENSINGTON,KS,,,,,irs_990pf
HAYS ACADEMY OF HAIR DESIGN,HAYS,KS,,,,,irs_990pf
KENSINGTON FIRE DEPARTMEN,KENSINGTON,KS,,,,,irs_990pf
FIRST ST JOHN LUTHERAN CH,KENSINGTON,KS,,,,,irs_990pf
UNITED CHURCH OF KENSINGT,KENSINGTON,KS,,,,,irs_990pf
KENSINGTON MINISTERIAL AS,KENSINGTON,KS,,,,,irs_990pf
FORT HAYS STATE UNIVERSITY,HAYS,KS,,,,,irs_990pf
COLBY COMMUNITY COLLEGE,COLBY,KS,,,,,irs_990pf
CITY OF KENSINGTON,KENSINGTON,KS,,,,,irs_990pf
PITTSBURG STATE UNIVERSITY,PITTSBURG,KS,,,,,irs_990pf
ALLISON EISENTRAGER,ANKENY,IA,,,,,irs_990pf
DANIELS MUSIC FOUNDATION,NEW YORK,NY,,,,,irs_990pf
SISTERS OF ST BENEDICT OF FERDINAND INDIANA INC,FERDINAND,IN,,,,,irs_990pf
ST JOHN OF THE CROSS CHURCH,WESTERN SPRGS,IL,,,,,irs_990pf
CALIFORNIA AGRICULTURAL LEADERSHIP FOUNDATION,SALINAS,CA,,,,,irs_990pf
CALIFORNIA STATE UNIVERSITY FRESNO - SCHOLARSHIP,FRESNO,CA,,,,,irs_990pf
COMMUNITY HOSPITAL OF CENTRAL CALIFORNIA FDN,FRESNO,CA,,,,,irs_990pf
REGENTS OF THE UNIVERSITY OF CALIFORNIA - UC DAVIS,DAVIS,CA,,,,,irs_990pf
VALLEY CHILDRENS HEALTHCARE FOUNDATION,MADERA,CA,,,,,irs_990pf
ST JAMES EPISOPAL CHURCH,LEESBURG,VA,,,,,irs_990pf
FINLEY E,ROME,NY,,,,,irs_990pf
GOTCH P,AVA,NY,,,,,irs_990pf
GRATCH R,ROME,NY,,,,,irs_990pf
HAWKES H,CAMDEN,NY,,,,,irs_990pf
COMBS M,ROME,NY,,,,,irs_990pf
CONGDEN L,CAMDEN,NY,,,,,irs_990pf
COUSIN B,SHERRILL,NY,,,,,irs_990pf
KILPATRICK C,ROME,NY,,,,,irs_990pf
DAR S,ROME,NY,,,,,irs_990pf
KLINE T,VERONA,NY,,,,,irs_990pf
LISOWSKI M,BOONVILLE,NY,,,,,irs_990pf
DONOHUE C,ROME,NY,,,,,irs_990pf
ESCH L,FORESTPORT,NY,,,,,irs_990pf
FAWLEY E,TABERG,NY,,,,,irs_990pf
SKIBITSKI H,ROME,NY,,,,,irs_990pf
GRATCH A,ROME,NY,,,,,irs_990pf
GUILIANO G,ROME,NY,,,,,irs_990pf
TIKALSKY M,LEE CENTER,NY,,,,,irs_990pf
WALKER A,CAMDEN,NY,,,,,irs_990pf
JONES A,CAMDEN,NY,,,,,irs_990pf
WILBERT Z,ROME,NY,,,,,irs_990pf
KUEHNERT K,LEE CENTER,NY,,,,,irs_990pf
MCMONAGLE B,ROME,NY,,,,,irs_990pf
BOYER K,BLOSSVALE,NY,,,,,irs_990pf
CAMPBELL B,CAMDEN,NY,,,,,irs_990pf
CAMPBELL L,CAMDEN,NY,,,,,irs_990pf
CARINGI D,TABERG,NY,,,,,irs_990pf
COLUCCIO C,AVA,NY,,,,,irs_990pf
MECCA P,ROME,NY,,,,,irs_990pf
MITCHELL J,CAMDEN,NY,,,,,irs_990pf
OLNEY J,WESTERNVILLE,NY,,,,,irs_990pf
PACHECO A,AVA,NY,,,,,irs_990pf
PLATT A,ROME,NY,,,,,irs_990pf
RIGGLEMAN M,ROME,NY,,,,,irs_990pf
SALCE K,ROME,NY,,,,,irs_990pf
SCHLICK J,ROME,NY,,,,,irs_990pf
TALLARINO T,ROME,NY,,,,,irs_990pf
TURNER M,LEE CENTER,NY,,,,,irs_990pf
UNDERWOOD B,TABERG,NY,,,,,irs_990pf
VAN ALLEN J,TABERG,NY,,,,,irs_990pf
VANDEUSEN R,ROME,NY,,,,,irs_990pf
WINBERG A,ROME,NY,,,,,irs_990pf
WRIGHT T,ROME,NY,,,,,irs_990pf
YAHOUDY-MACNER A,TABERG,NY,,,,,irs_990pf
RAPTOR TRUST,MILLINGTON,NJ,,,,,irs_990pf
PROJECT GO - GLOBAL ORTHOPEDICS FOR ANIMALS INC,ANNAPOLIS JUNCTION,MD,,,,,irs_990pf
ADAS YESHURUN,AUGUSTA,GA,,,,,irs_990pf
AUGUSTA JEWISH COMMUNITY CENTER,EVANS,GA,,,,,irs_990pf
AUGUSTA JEWISH FEDERATION,EVANS,GA,,,,,irs_990pf
AUGUSTA SYMPHONY,AUGUSTA,GA,,,,,irs_990pf
FOUNDATION FOR JEWISH CAMPS,NEW YORK,NY,,,,,irs_990pf
HIGHLANDS CASHIERS CHAMBER MUSIC FESTIVAL,HIGHLANDS,NC,,,,,irs_990pf
HIGHLANDS CENTER FOR LIFE ENRICHMENT,HIGHLANDS,NC,,,,,irs_990pf
HIGHLANDS PERFORMING ARTS CENTER,HIGHLANDS,NC,,,,,irs_990pf
HIGHLANDS PLAYHOUSE,HIGHLANDS,NC,,,,,irs_990pf
LITERACY COUNCIL OF HIGHLANDS,HIGHLANDS,NC,,,,,irs_990pf
THE BASCOM,HIGHLANDS,NC,,,,,irs_990pf
MORRIS MUSEUM OF ART,AUGUSTA,GA,,,,,irs_990pf
PROJECT HOPE UGANDA,COLUMBIA CITY,OR,,,,,irs_990pf
VAN CITY CHURCH,VANCOUVER,WA,,,,,irs_990pf
OURGANDA,VANCOUVER,WA,,,,,irs_990pf
SALEM YOUTH SYMPHONY,SALEM,OR,,,,,irs_990pf
ADVENTIST TODAY,MILTON FREEWATER,OR,,,,,irs_990pf
CHRISTIAN YOUTH THEATER,TUALATIN,OR,,,,,irs_990pf
THE IRELAND FUNDS,BOSTON,MA,,,,,irs_990pf
FREEDOM FOUNDATION,OLYMPIA,WA,,,,,irs_990pf
CLARK COUNTY FOOD BANK,VANCOUVER,WA,,,,,irs_990pf
CASCADE POLICY INSTITUTE,PORTLAND,OR,,,,,irs_990pf
ADVENTIST FORUM,ROSEVILLE,CA,,,,,irs_990pf
INTERNATIONAL CHILDREN S CARE,VANCOUVER,WA,,,,,irs_990pf
INDEPENDENT INSTITUTE,OAKLAND,CA,,,,,irs_990pf
REASON FOUNDATION,LOS ANGELES,CA,,,,,irs_990pf
UNION GOSPEL MISSION,PORTLAND,OR,,,,,irs_990pf
FREE THE PEOPLE,WASHINGTON,DC,,,,,irs_990pf
YOUNG AMERICANS FOR LIBERTY,AUSTIN,TX,,,,,irs_990pf
REAL RESTORATION,CHATTAROY,WA,,,,,irs_990pf
CITY SANCTUARY,PORTLAND,OR,,,,,irs_990pf
ACHON UGANDA CHILDREN S FUND,PORTLAND,OR,,,,,irs_990pf
BLESSINGS IN AN BACKPACK - CAMPBELL,Gillette,WY,,,,,irs_990pf
WYOMING FOOD BANK OF THE ROCKIES,Evanston,WY,,,,,irs_990pf
ADAS YESHURON SYNAGOGUE,AUGUSTA,GA,,,,,irs_990pf
ANSHE EMETH MEMORIAL TEMPLE,NEW BRUNSWICK,NJ,,,,,irs_990pf
CHARLESTON FEDERATION,CHARLESTON,SC,,,,,irs_990pf
CONGREGATION DOR TIKVAH,CHARLESTON,SC,,,,,irs_990pf
CONGREGATION ETZ CHAIM,MARIETTA,GA,,,,,irs_990pf
UGA FOUNDATION,ATHENS,GA,,,,,irs_990pf
FOCUSEDKIDS,Basalt,CO,,,,,irs_990pf
HILLDALE COLLEGE,Hilldale,MI,,,,,irs_990pf
K9S FOR WARRIORS,Ponte Vedra,FL,,,,,irs_990pf
RESPONSE - HELP FOR DOMESTIC VIOLENCE,Aspen,CO,,,,,irs_990pf
TORREY PINES HIGH SCHOOL FOUNDATION,San Diego,CA,,,,,irs_990pf
CHILDREN S CUP,KELLER,TX,,,,,irs_990pf
DREAM CENTER,LOS ANGELES,CA,,,,,irs_990pf
ACTS CENTER,REDLANDS,CA,,,,,irs_990pf
FOREST LAWN,GLENDALE,CA,,,,,irs_990pf
AIR 1,OMAHA,NE,,,,,irs_990pf
SAN BERNADINO CITY MISSION,PHOENIX,AZ,,,,,irs_990pf
UNIVERSITY OF SOUTHERN CA,LOS ANGELES,CA,,,,,irs_990pf
THE REFUGE,RANCHO CUCAMONGA,CA,,,,,irs_990pf
CHURCH ON THE WAY,SANTA CLARITA,CA,,,,,irs_990pf
THE ROTARY FOUNDATION,EVANSTON,IL,,,,,irs_990pf
HEINZ HISTORY CENTER,PITTSBURGH,PA,,,,,irs_990pf
JEWISH FEDERATION OF GREATER PGH,PITTSBURGH,PA,,,,,irs_990pf
RODEF SHALOM CONGREGATION,PITTSBURGH,PA,,,,,irs_990pf
WILBUR TROSCH FOUNDATION,PITTSBURGH,PA,,,,,irs_990pf
LINSLY SCHOOL,WHEELING,WV,,,,,irs_990pf
ABE S GARDEN,NASHVILLE,TN,,,,,irs_990pf
AKIVA SCHOOL,NASHVILLE,TN,,,,,irs_990pf
BOULEVARD BOLT,NASHVILLE,TN,,,,,irs_990pf
COUNCIL ON AGING,NASHVILLE,TN,,,,,irs_990pf
GILDA S CLUB NASHVILLE,NASHVILLE,TN,,,,,irs_990pf
JEWISH FAMILY SERVICES,NASHVILLE,TN,,,,,irs_990pf
JEWISH FEDERATION OF NASHVILLE,NASHVILLE,TN,,,,,irs_990pf
LEGAL AID SOCIETY,NASHVILLE,TN,,,,,irs_990pf
NASHVILLE GORDON JEWISH COMMUNITY CENTER,NASHVILLE,TN,,,,,irs_990pf
NCJW,NASHVILLE,TN,,,,,irs_990pf
THE TEMPLE,NASHVILLE,TN,,,,,irs_990pf
THE TEMPLE OHABAI SHOLOM,NASHVILLE,TN,,,,,irs_990pf
VANDERBILT HILLEL,NASHVILLE,TN,,,,,irs_990pf
VANDERBILT UNIVERSITY MEDICAL CENTER,NASHVILLE,TN,,,,,irs_990pf
WEST END SYNAGOGUE,NASHVILLE,TN,,,,,irs_990pf
CASA MARIANELLA,AUSTIN,TX,,,,,irs_990pf
OUR PLACE NASHVILLE,NASHVILLE,TN,,,,,irs_990pf
GIVING MATTERS,NASHVILLE,TN,,,,,irs_990pf
AMERICAN DIABETES ASSOCIATION,NASHVILLE,TN,,,,,irs_990pf
IROQUOIS STEEPLECHASE,FRANKLIN,TN,,,,,irs_990pf
HIAS,SILVER SPRING,MD,,,,,irs_990pf
HEARTS OF EAST AFRICA,NASHVILLE,TN,,,,,irs_990pf
BOOK EM,NASHVILLE,TN,,,,,irs_990pf
AGAPE NASHVILLE,NASHVILLE,TN,,,,,irs_990pf
SEE ATTACHED LIST,GALVESTON,TX,,,,,irs_990pf
FLORIDA FAITH CHURCH,FT LAUDERDALE,FL,,,,,irs_990pf
ORPHAN SMILES INC,KIMBERTON,PA,,,,,irs_990pf
SCHOLARSHIP GRANTS,PARK RIDGE,NJ,,,,,irs_990pf
NATIONAL LUTHERAN HOME,ROCKVILLE,MD,,,,,irs_990pf
ST JOHN S LUTHERAN CHURCH,MILLHEIM,PA,,,,,irs_990pf
TRESSLER LUTHERAN FUND,MECHANICSBURG,PA,,,,,irs_990pf
TEDX JACKSONVILLE,JACKSONVILLE,FL,,,,,irs_990pf
LAS FLORISTAS,LOS ANGELES,CA,,,,,irs_990pf
CATHOLIC COMMUNITY SERVICES,SEATTLE,WA,,,,,irs_990pf
DEGREES OF CHANGE - READY TO RISE INITIATIVE,TACOMA,WA,,,,,irs_990pf
GARDEN RAISED BOUNTY,OLYMPIA,WA,,,,,irs_990pf
GREATER SEATTLE BUREAU OF FEARLESS IDEAS,SEATTLE,WA,,,,,irs_990pf
INVEST IN YOUTH,SEATTLE,WA,,,,,irs_990pf
PEACE COMMUNITY CENTER,TACOMA,WA,,,,,irs_990pf
SAFE FUTURES YOUTH CENTER,SEATTLE,WA,,,,,irs_990pf
SAWHORSE REVOLUTION,SEATTLE,WA,,,,,irs_990pf
SEATTLE AQUARIUM SOCIETY-CITIZEN SCIENCE PROGRAM,SEATTLE,WA,,,,,irs_990pf
SEATTLE ARTS AND LECTURES - WRITERS IN THE SCHOOLS,SEATTLE,WA,,,,,irs_990pf
SEATTLE EDUCATION ACCESS - COLLEGE SUCCESS PROGRAM,SEATTLE,WA,,,,,irs_990pf
TEAM READ,SEATTLE,WA,,,,,irs_990pf
TRINITY PRESBYTERIAN CHURCH,TACOMA,WA,,,,,irs_990pf
TRINITY PRESBYTERIAN CHURCH-HERE FOR GOOD CAMPAIGN,TACOMA,WA,,,,,irs_990pf
VIETNAMESE FRIENDSHIP ASSOCIATION,SEATTLE,WA,,,,,irs_990pf
LOAVES FISHES,ITHACA,NY,,,,,irs_990pf
COMMUNITY ARTS PARTNERSHIP OF TOMPKINS COUNTY,ITHACA,NY,,,,,irs_990pf
DOWNTOWN ITHACA ALLIANCE,ITHACA,NY,,,,,irs_990pf
OPPORTUNITIES ALTERNATIVES AND RESOURCES OF TOMPKINS COUNTY INC,ITHACA,NY,,,,,irs_990pf
FREE SCIENCE,ITHACA,NY,,,,,irs_990pf
STATE THEATRE OF ITHACA,ITHACA,NY,,,,,irs_990pf
THE CHERRY ARTS,ITHACA,NY,,,,,irs_990pf
ADAMS STATE UNIVERSITY,ALAMOSA,CO,,,,,irs_990pf
BACKPACK BLESSINGS INC,GRUNDY,VA,,,,,irs_990pf
BARRY UNIVERSITY,MIAMI SHORES,FL,,,,,irs_990pf
BARTER FOUNDATION INC,ABINGDON,VA,,,,,irs_990pf
BLUEFIELD COLLEGE,BLUEFIELD,VA,,,,,irs_990pf
BOY SCOUTS OF AMERICA SEQUOYAH COUNCIL,JOHNSON CITY,TN,,,,,irs_990pf
BOYS GIRLS CLUB OF CENTRAL APPALACHIA,GRUNDY,VA,,,,,irs_990pf
BOYS AND GIRLS CLUB OF BRISTOL INC,BRISTOL,VA,,,,,irs_990pf
BRISTOL EMERGENCY FOOD PANTRY,BRISTOL,VA,,,,,irs_990pf
BRISTOL FAITH IN ACTION,BRISTOL,VA,,,,,irs_990pf
BRISTOL LIFE SAVING CREW,BRISTOL,VA,,,,,irs_990pf
BRISTOL TENNESSEE POLICE DEPARTMENT,BRISTOL,VA,,,,,irs_990pf
BRISTOL VIRGINIA FIRE DEPARTMENT,BRISTOL,VA,,,,,irs_990pf
BRISTOL VIRGINIA POLICE DEPARTMENT,BRISTOL,VA,,,,,irs_990pf
COMMUNITIES IN SCHOOLS OF SOUTHWEST VIRGINIA,BRISTOL,VA,,,,,irs_990pf
COMMUNITY SCHOOL OF NAPLES,NAPLES,FL,,,,,irs_990pf
CROSSROADS MEDICAL MISSION,BRISTOL,VA,,,,,irs_990pf
EDWARD VIA VA COLLEGE OF OSTEOPATHIC MEDICINE,BLACKSBURG,VA,,,,,irs_990pf
EMORY AND HENRY COLLEGE,EMORY,VA,,,,,irs_990pf
FEEDING AMERICA SOUTHWEST VIRGINIA,SALEM,VA,,,,,irs_990pf
FEEDING MY SHEEP INC,VANSANT,VA,,,,,irs_990pf
FOOD BANK OF WISE COUNTY INCORPORATED,WISE,VA,,,,,irs_990pf
FOUNDATION FOR EDUCATIONAL AND DEVELOPMENTAL OPPORTUNITIES INC DBA MORRIS,BRISTOL,VA,,,,,irs_990pf
GEORGE MASON UNIVERSITY,FAIRFAX,VA,,,,,irs_990pf
GIRL SCOUT COUNCIL OF THE SOUTHERN APPALACHIANS INC,KNOXVILLE,TN,,,,,irs_990pf
GIRLS INC OF BRISTOL,BRISTOL,VA,,,,,irs_990pf
GRAND CANYON UNIVERSITY,PHOENIX,AZ,,,,,irs_990pf
HAVEN OF REST RESCUE MISSION OF BRISTOL,BRISTOL,TN,,,,,irs_990pf
HEAL FOUNDATION INC,PONTE VEDRA BEACH,FL,,,,,irs_990pf
HEALING HANDS HEALTH CENTER INC,BRISTOL,TN,,,,,irs_990pf
JUNIOR ACHIEVEMENT OF TRI-CITIES,KINGSPORT,TN,,,,,irs_990pf
LEE STREET BAPTIST CHURCHLEE STREET COMMUNITY CENTER,BRISTOL,VA,,,,,irs_990pf
LOYOLA UNIVERSITY,NEW ORLEANS,LA,,,,,irs_990pf
MARYMOUNT UNIVERSITY,ARLINGTON,VA,,,,,irs_990pf
MOUNT VERNON NAZARENE UNIVERSITY,MT VERNON,OH,,,,,irs_990pf
NEW HOPE MISSIONS,GRUNDY,VA,,,,,irs_990pf
OHIO UNIVERSITY,ATHENS,OH,,,,,irs_990pf
PARAMOUNT FOUNDATION,BRISTOL,TN,,,,,irs_990pf
PAUL MITCHELL THE SCHOOL,KNOXVILLE,TN,,,,,irs_990pf
PENN STATE,STATE COLLEGE,PA,,,,,irs_990pf
PENN STATE BERKS,READING,PA,,,,,irs_990pf
PRESBYTERIAN CHILDREN S HOME OF THE HIGHLANDS INC,WYTHEVILLE,VA,,,,,irs_990pf
REGENT UNIVERSITY,VIRGINIA BEACH,VA,,,,,irs_990pf
RIVERS WAY INC,BRISTOL,TN,,,,,irs_990pf
ROANOKE COLLEGE,ROANOKE,VA,,,,,irs_990pf
RUTGERS UNIVERSITY,NEW BRUNSWICK,NJ,,,,,irs_990pf
SEATTLE CENTRAL COLLEGE,SEATTLE,WA,,,,,irs_990pf
SERVING ORPHANS WORLDWIDE INC,BRISTOL,TN,,,,,irs_990pf
SULLINS ACADEMY,BRISTOL,VA,,,,,irs_990pf
SYMPHONY OF THE MOUNTAINS,KINGSPORT,TN,,,,,irs_990pf
THEATRE BRISTOL,BRISTOL,TN,,,,,irs_990pf
UNIVERSITY OF NEW MEXICO,ALBUQUERQUE,NM,,,,,irs_990pf
UNIVERSITY OF NORTHWESTERN OHIO,LIMA,OH,,,,,irs_990pf
VIRGINIA HIGHLANDS COMMUNITY COLLEGE,ABINGDON,VA,,,,,irs_990pf
VIRGINIA TECH,BLACKSBURG,VA,,,,,irs_990pf
YMCA OF BUCHANAN COUNTY,GRUNDY,VA,,,,,irs_990pf
YWCA - BRISTOL,BRISTOL,TN,,,,,irs_990pf
SOUTHERN NH UNIVERSITY,Hooksett,NH,,,,,irs_990pf
EMILYS PLACE AT THE YWCAMANCHESTER,Manchester,NH,,,,,irs_990pf
FIRST CONGREGATIONAL CHURCH,Manchester,NH,,,,,irs_990pf
WAYPOINT,Manchester,NH,,,,,irs_990pf
CHILD HEALTH SERVICESS AT MCHC,Manchester,NH,,,,,irs_990pf
GATHER,Portsmouth,NH,,,,,irs_990pf
DANIEL WEBSTER COUNCIL-BOY SCOUTS,Manchester,NH,,,,,irs_990pf
FAMILIES IN TRANSITION,Manchester,NH,,,,,irs_990pf
HALCYON MUSIC FESTIVAL,Cambridge,MA,,,,,irs_990pf
HARVARD DIVINITY SCHOOL,Cambridge,MA,,,,,irs_990pf
INSTITUTE FOR CIVICS EDUCATION,Concord,NH,,,,,irs_990pf
VISIONS FOR CREATIVE HOUSING SOLUTI,Enfield,NH,,,,,irs_990pf
BERLIN PUBLIC LIBRARY,Berlin,NH,,,,,irs_990pf
NORTH COUNTRY CHAMBER PLAYERS,Littleton,NH,,,,,irs_990pf
ABBIE GREENLEAF LIBRARY,Franconia,NH,,,,,irs_990pf
ST PAULS SCHOOL-ADV STUDIES PROG,Concord,NH,,,,,irs_990pf
TEMPLE ADATH YESHURUN,Manchester,NH,,,,,irs_990pf
NATURE CONSERVANCY,Concord,NH,,,,,irs_990pf
COLEBROOK PUBLIC LIBRARY,Colebrook,NH,,,,,irs_990pf
GORHAM PUBLIC LIBRARY,Gorham,NH,,,,,irs_990pf
MANCHESTER COMMUNITY MUSIC SCHOOL,Manchester,NH,,,,,irs_990pf
MEDIA POWER YOUTH,Manchester,NH,,,,,irs_990pf
HAMPSTEAD STAGE COMPANY,Center Barnstead,NH,,,,,irs_990pf
JEFFERSON PUBLIC LIBRARY,Jefferson,NH,,,,,irs_990pf
KEENE STATE COLLEGE,Keene,NH,,,,,irs_990pf
PLYMOUTH STATE UNIVERSITY,Plymouth,NH,,,,,irs_990pf
UNIVERSITY OF NH FOUNDATION,Durham,NH,,,,,irs_990pf
UNIVERSITY OF NH-MANCHESTER,Manchester,NH,,,,,irs_990pf
SALVATION ARMY-NORTHERN NEW ENGLAND,Portland,ME,,,,,irs_990pf
STRATFORD PUBLIC LIBRARY,North Stratford,NH,,,,,irs_990pf
BATH PUBLIC LIBRARY,Bath,NH,,,,,irs_990pf
CHILDRENS LITERACY FOUDATION,Waterbury,VT,,,,,irs_990pf
NORTHUMBERLAND PUBLIC LIBRARY,Groveton,NH,,,,,irs_990pf
CLAREMONT SOUP KITCHEN,Claremont,NH,,,,,irs_990pf
FALL MOUNTAIN FRIENDLY MEALS,Alstead,NH,,,,,irs_990pf
LISTEN INC,Lebanon,NH,,,,,irs_990pf
LORRAINES SOUP KITCHN,Chicopee,MA,,,,,irs_990pf
NASHUA SOUP KITCHEN SHELTER INC,Nashua,NH,,,,,irs_990pf
NEW HORIZONS FOR NEW HAMPSHIRE,Manchester,NH,,,,,irs_990pf
PLYMOUTH AREA COMMUNITY CLOSET,Plymouth,NH,,,,,irs_990pf
SALVATION ARMY SOUP KITCHEN-BERLIN,Berlin,NH,,,,,irs_990pf
SALVATION ARMY SOUP KITCHEN-LACONIA,Laconia,NH,,,,,irs_990pf
SALV ARMY SOUP KITCHEN-PORTMOUTH,Portsmouth,NH,,,,,irs_990pf
SALV ARMY SOUP KITCHEN-ROCHESTER,Rochester,NH,,,,,irs_990pf
SONSHINE SOUP KITCHEN,Derry,NH,,,,,irs_990pf
THE COMMUNITY KITCHEN INC,Keene,NH,,,,,irs_990pf
THE FRIENDLY KITCHEN INC,Concord,NH,,,,,irs_990pf
ST JAMES COMMUNITY FOOD PANTRY,Merrimack,NH,,,,,irs_990pf
AMERICAN RED CROSS-NHVT,Concord,NH,,,,,irs_990pf
AVIATION MUSEUM OF NEW HAMPSHIRE,Londonderry,NH,,,,,irs_990pf
BOYS GIRLS CLUB OF GREATER NASHUA,Nashua,NH,,,,,irs_990pf
CASA - NH,Manchester,NH,,,,,irs_990pf
CAPITAL CITY HOSPICE,COLUMBUS,OH,,,,,irs_990pf
YOUTH SERVICE BUREAU OF ST JOSEPH COUNTY,SOUTH BEND,IN,,,,,irs_990pf
OTTERBEIN UNIVERSITY,WESTERVILLE,OH,,,,,irs_990pf
ST JAMES EPISCOPAL CHURCH,COLUMBUS,OH,,,,,irs_990pf
THE BRIAN MUHA FOUNDATION,COLUMBUS,OH,,,,,irs_990pf
THE EYES OF FREEDOM,GROVE CITY,OH,,,,,irs_990pf
BOYS AND GIRLS CLUB,HILTON HEAD ISLAND,SC,,,,,irs_990pf
THE CATHOLIC FOUNDATION,COLUMBUS,OH,,,,,irs_990pf
CHARLES SINGLETON,PLEASANT GARDEN,NC,,,,,irs_990pf
NARIAH S WAY FOUNDATION,ASHEBORO,NC,,,,,irs_990pf
JUBILEE ACADEMY,PRESCOTT,WA,,,,,irs_990pf
BILLINGS CATHOLIC SCHOOLS FOUNDATION,Billings,MT,,,,,irs_990pf
AMERICAN RED CROSS MIDLAND,Great Falls,MT,,,,,irs_990pf
FAMILY SERVICE INC,Billings,MT,,,,,irs_990pf
ROMAN CATHOLIC BISHOP OF GREAT FALLS,Great Falls,MT,,,,,irs_990pf
ST BERNARD S CATHOLIC PARISH,Billings,MT,,,,,irs_990pf
BILLINGS CENTRAL CATHOLIC HIGH SCHOOL,Billings,MT,,,,,irs_990pf
ADULT RESOURCE ALLIANCE OF YELLOWSTONE,Billings,MT,,,,,irs_990pf
MONTANA RESCUE MISSION,Billings,MT,,,,,irs_990pf
ALICE AYCOCK POE CENTER FOR HEALTH EDUCATION,RALEIGH,NC,,,,,irs_990pf
ASSOCIATION OF ARTISTS AND CRAFTSMEN OF PORTER COUNTY,CHESTERTON,IN,,,,,irs_990pf
BOARD OF EDUCATION OF MONTGOMERY COUNTY MARYLAND,SILVER SPRING,MD,,,,,irs_990pf
BOYS GIRLS CLUBS OF CENTRAL FLORIDA,ORLANDO,FL,,,,,irs_990pf
CHESAPEAKE INSTITUTE FOR LOCAL SUSTAINABLE FOOD AND AGRICULTURE,ROCKVILLE,MD,,,,,irs_990pf
CHILDREN S INN AT NIH,BETHESDA,MD,,,,,irs_990pf
COLLEGIATE DIRECTIONS INC,BETHESDA,MD,,,,,irs_990pf
COMMON SENSE EDUCATION,SAN FRANCISCO,CA,,,,,irs_990pf
COMMUNITY EMPOWERMENT FUNDTHE,CHAPEL HILL,NC,,,,,irs_990pf
COMMUNITY FOUNDATION FOR MONTGOMERY COUNTY,SILVER SPRING,MD,,,,,irs_990pf
COMPASS CENTER FOR WOMEN AND FAMILIESFAMILY VIOLENCE PREVENTION CENTER,CHAPEL HILL,NC,,,,,irs_990pf
CYBERNINJAZ GLOBAL INC,WASHINGTON,DC,,,,,irs_990pf
DRESS FOR SUCCESS TRIANGLE NC,RALEIGH,NC,,,,,irs_990pf
DURHAM CHILDREN S INITIATIVE,DURHAM,NC,,,,,irs_990pf
FAMILY SERVICES INC,GAITHERSBURG,MD,,,,,irs_990pf
FARMER FOODSHARE,DURHAM,NC,,,,,irs_990pf
FOOD RECOVERY NETWORK,COLLEGE PARK,MD,,,,,irs_990pf
FUTURE LINK,ROCKVILLE,MD,,,,,irs_990pf
GANDHI BRIGADE YOUTH MEDIA,SILVER SPRING,MD,,,,,irs_990pf
IDENTITY,GAITHERSBURG,MD,,,,,irs_990pf
INTERFAITH WORKS,ROCKVILLE,MD,,,,,irs_990pf
KABOOM,WASHINGTON,DC,,,,,irs_990pf
KID MUSEUM,BETHESDA,MD,,,,,irs_990pf
KIDZNOTES,DURHAM,NC,,,,,irs_990pf
LEARNING UNDEFEATED INC,GAITHERSBURG,MD,,,,,irs_990pf
MANNA FOOD CENTER,GAITHERSBURG,MD,,,,,irs_990pf
MILITARY MISSIONS IN ACTION,FURGUAYVARINA,NC,,,,,irs_990pf
MONTGOMERY COUNTY FOOD COUNCIL,BETHESDA,MD,,,,,irs_990pf
NATIONAL FAMILY RESILIENCY CENTER INC,COLUMBIA,MD,,,,,irs_990pf
NEWS LITERACY PROJECT THE,WASHINGTON,DC,,,,,irs_990pf
NORTH CAROLINA ARTS IN ACTION,DURHAM,NC,,,,,irs_990pf
ORLANDO AFTER-SCHOOL ALL-STARS,ORLANDO,FL,,,,,irs_990pf
PARENT ENCOURAGEMENT PROGRAM INC,KENSINGTON,MD,,,,,irs_990pf
PARTNERS FOR YOUTH OPPORTUNITY,DURHAM,NC,,,,,irs_990pf
PASSION FOR LEARNING INC,SILVER SPRING,MD,,,,,irs_990pf
PER SCHOLAS,BRONX,NY,,,,,irs_990pf
PICKARDS MOUNTAIN ECO INSTITUTE,CHAPEL HILL,NC,,,,,irs_990pf
RED WIGGLER COMMUNITY FARM,CLARKSBURG,MD,,,,,irs_990pf
RONALD MCDONALD HOUSE OF DURHAM WAKE,DURHAM,NC,,,,,irs_990pf
SOUTH EASTERN EFFORTS DEVELOPING SUSTAINABLE SPACES,DURHAM,NC,,,,,irs_990pf
STEPUP MINISTRY,RALEIGH,NC,,,,,irs_990pf
TRAGEDY ASSISTANCE PROGRAM FOR SURVIVORS,ARLINGTON,VA,,,,,irs_990pf
TRIANGLE RESIDENTIAL OPTIONS FOR SUBSTANCE ABUSERS INC,DURHAM,NC,,,,,irs_990pf
URBAN ALLIANCE FOUNDATION INC,WASHINGTON,DC,,,,,irs_990pf
USO OF NORTH CAROLINA INC,RALEIGH,NC,,,,,irs_990pf
VETS TO VETS UNITED INC,DURHAM,NC,,,,,irs_990pf
YOUTH EMPOWERED SOLUTIONS,RALEIGH,NC,,,,,irs_990pf
OUR CALLING,DALLAS,TX,,,,,irs_990pf
EDIFY,SAN DIEGO,CA,,,,,irs_990pf
CENTERPOINT COMMUNITY CHURCH,NAPLES,FL,,,,,irs_990pf
COMMUNITY PREGNANCY CLINIC,NAPLES,FL,,,,,irs_990pf
PREGNANCY RESOURCE CENTER,NAPLES,FL,,,,,irs_990pf
SOUTHSIDE PREGNANCY CENTER,OAK LAWN,IL,,,,,irs_990pf
ACTION FOR LIFE,NAPLES,FL,,,,,irs_990pf
CHICAGO BAR FOUNDATION FUND,CHICAGO,IL,,,,,irs_990pf
RUPERT J SMITH LAW LIBRARY,FORT PIERCE,FL,,,,,irs_990pf
CAPE HENRY COLLEGIATE SCHOOL,VIRGINIA BEACH,VA,,,,,irs_990pf
NOFOLK ACADEMY,NORFOLK,VA,,,,,irs_990pf
THE KEYS CHILDREN FOUNDATION,HOMESTEAD,FL,,,,,irs_990pf
CHILDREN S HOSPITAL OF KING S DAUGHTERS,NORFOLK,VA,,,,,irs_990pf
CAR ALLIANCE FOR SAFER TEEN DRIVING,OMAHA,NE,,,,,irs_990pf
CHILDREN S RESPITE CARE CENTER,OMAHA,NE,,,,,irs_990pf
GRANT HALLIBURTON FOUNDATION,DALLAS,TX,,,,,irs_990pf
NORTHSTAR FOUNDATION,OMAHA,NE,,,,,irs_990pf
NOVA TREATMENT COMMUNITY INC,OMAHA,NE,,,,,irs_990pf
THE DALLAS FOUNDATION BONTON ENTERPRISES FUND,DALLAS,TX,,,,,irs_990pf
HARBOR HOUSE DBA HOSPICE HOUSE,OMAHA,NE,,,,,irs_990pf
MOSAIC FAMILY SERVICES INC,DALLAS,TX,,,,,irs_990pf
MUNROE-MEYER GUILD INC,OMAHA,NE,,,,,irs_990pf
OKOBOJI YACHT CLUB SAILING SCHOOL,MILFORD,IA,,,,,irs_990pf
WOMEN S FUND OF GREATER OMAHA INC,OMAHA,NE,,,,,irs_990pf
METROPOLITAN COMMUNITY COLLEGE,OMAHA,NE,,,,,irs_990pf
HISTORIC ARNOLDS PARK INC,ARNOLDS PARK,NE,,,,,irs_990pf
INTERCULTURAL SENIOR CENTER,OMAHA,NE,,,,,irs_990pf
NEBRASKA AIDS PROJECT INC,OMAHA,NE,,,,,irs_990pf
REFUGEE SERVICES OF TEXAS INC,DALLAS,TX,,,,,irs_990pf
SENIOR CITIZENS OF GREATER DALLAS,DALLAS,TX,,,,,irs_990pf
GIRLS INC OF OMAHA,OMAHA,NE,,,,,irs_990pf
HELENA YWCA,HELENA,MT,,,,,irs_990pf
MSU SPONSORED PROGRAMS CBT,BOZEMAN,MT,,,,,irs_990pf
WALLA WALLA UNIVERSITY,BILLINGS,MT,,,,,irs_990pf
MONTANA DEPARTMENT OF CORRECTIONS,HELENA,MT,,,,,irs_990pf
MONTANA PEER NETWORK,LIVINGSTON,MT,,,,,irs_990pf
PIONEER MEDICAL CENTER,BIG TIMBER,MT,,,,,irs_990pf
PROVIDENCE MONTANA HEALTH FOUNDATIO,MISSOULA,MT,,,,,irs_990pf
MSU BIG SKY YOUTH EMPOWERMENT PROGR,BOZEMAN,MT,,,,,irs_990pf
TRIBAL DEFENDERS OFFICE CSK,RONAN,MT,,,,,irs_990pf
MSU SPONSORED PROGRAMS YAM,BOZEMAN,MT,,,,,irs_990pf
CIT MONTANA,HELENA,MT,,,,,irs_990pf
CREASEY MAHAN,GOSHEN,KY,,,,,irs_990pf
UA BAND,UPPER ARLINGTON,OH,,,,,irs_990pf
HOPE SCARVES,LOUISVILLE,KY,,,,,irs_990pf
UA COMMUNITY FOUNDATION,UPPER ARLINGTON,OH,,,,,irs_990pf
FLYING HORSE FARM,MOUNT GILEAD,OH,,,,,irs_990pf
BUNDLE WITH LOVE,COLUMBUS,OH,,,,,irs_990pf
BURBANK EARLY CHILDHOOD DEV,COLUMBUS,OH,,,,,irs_990pf
COLUMBUS MUSEUM OF ART,COLUMBUS,OH,,,,,irs_990pf
LOCAL MATTERS,COLUMBUS,OH,,,,,irs_990pf
OLDHAM COUNTY COMMUNITY FOUNDATION,LOUISVILLE,KY,,,,,irs_990pf
OC MULTICULTURAL FUND,LOUISVILLE,KY,,,,,irs_990pf
ALLYSON NARBY,EMPORIUM,PA,,,,,irs_990pf
NOAH ABRIATIS,EMPORIUM,PA,,,,,irs_990pf
LOGAN CLINGAN,EMPORIUM,PA,,,,,irs_990pf
CAPRI CLARK,EMPORIUM,PA,,,,,irs_990pf
LAKIN AUNKST,EMPORIUM,PA,,,,,irs_990pf
TAO YANG,EMPORIUM,PA,,,,,irs_990pf
SEE ATTACHED,FLUSING,NY,,,,,irs_990pf
UNIVERSITY OF OREGON FDN,EUGENE,OR,,,,,irs_990pf
MAINE BEHAVIORAL HEALTHCARE,ROCKLAND,ME,,,,,irs_990pf
THE MINT MUSEUM,Charlotte,NC,,,,,irs_990pf
CHARLOTTE COUNTRY DAY SCHOOL,Charlotte,NC,,,,,irs_990pf
CHARLOTTE BALLET,Charlotte,NC,,,,,irs_990pf
NC OUTWARD BOUND SCHOOL,Asheville,NC,,,,,irs_990pf
AUGUSTINE LITERACY,Charlotte,NC,,,,,irs_990pf
NOVANT HEALTH FOUNDATION,Charlotte,NC,,,,,irs_990pf
AGNES IRWIN SCHOOL,Bryn Mawr,PA,,,,,irs_990pf
BREVARD MUSIC CENTER,Brevard,NC,,,,,irs_990pf
FREEDOM SCHOOL PARTNERS,Charlotte,NC,,,,,irs_990pf
LAKE TOXAWAY CHARITIES,Lake Toxaway,NC,,,,,irs_990pf
QUEENS UNIVERSITY LEARNING SOCIETY,Charlotte,NC,,,,,irs_990pf
HOPEWAY,Charlotte,NC,,,,,irs_990pf
UNITED NEGRO COLLEGE FUND,Charlotte,NC,,,,,irs_990pf
THE LIGHT FACTORY,Charlotte,NC,,,,,irs_990pf
THE WOMEN S IMPACT FUND,Charlotte,NC,,,,,irs_990pf
PAT S PLACE,Charlotte,NC,,,,,irs_990pf
TEACH FOR AMERICA,Charlotte,NC,,,,,irs_990pf
ARTS AND SCIENCE COUNCIL,Charlotte,NC,,,,,irs_990pf
HEART MATH TUTORING,Charlotte,NC,,,,,irs_990pf
RENAISSANCE WEST COMMUNITY INIT,Charlotte,NC,,,,,irs_990pf
THE HARVEST CENTER,Charlotte,NC,,,,,irs_990pf
FIRST TEE OF CHARLOTTE,Charlotte,NC,,,,,irs_990pf
CHARLOTTE BILINGUAL PRESACHOOL,Charlotte,NC,,,,,irs_990pf
FFTC- CAROLINA THEATER PROJECT,Charlotte,NC,,,,,irs_990pf
J WOOD PLATT CADDIE SCHOLARSHIP,Broomall,PA,,,,,irs_990pf
WOMEN GOLFERS GIVE BACK,Conshohocken,PA,,,,,irs_990pf
FFTC-QUEENS TABLE,Charlotte,NC,,,,,irs_990pf
LITERACY AND LEADERSHIP ENDOWMENT,Baltimore,MD,,,,,irs_990pf
MICHAUX ST JAMES FOUNDATION,Powhaton,VA,,,,,irs_990pf
GREENLIGHT CHARLOTTE,Charlotte,NC,,,,,irs_990pf
LEVINE MUSEUM OF THE NEW SOUTH,Charlotte,NC,,,,,irs_990pf
COMMUNITIES IN SCHOOLS,Charlotte,NC,,,,,irs_990pf
VIRGINIA EPISCOPAL SCHOOL,Lynchburg,VA,,,,,irs_990pf
FIRST TEE OF ATLANTA,Atlanta,GA,,,,,irs_990pf
ATLANTA CHILDREN S SHELTER,Atlanta,GA,,,,,irs_990pf
UNITED WAY OF CENTRAL CAROLINAS,Charlotte,NC,,,,,irs_990pf
PROJECT 658,Charlotte,NC,,,,,irs_990pf
EDUCATIONAL FIRST STEPS,Dallas,TX,,,,,irs_990pf
BROTHER BILL S HELPING HAND,Dallas,TX,,,,,irs_990pf
SMU COX BUSINESS SCHOOL,Dallas,TX,,,,,irs_990pf
MEMORIAL SLOAN KETTERING CANCER,New York,NY,,,,,irs_990pf
FASHION AND COMPASSION,Charlotte,NC,,,,,irs_990pf
SEE ATTACHED LIST,ROCK RAPIDS,IA,,,,,irs_990pf
AL-ANON FAMILY GROUPS,VIRGINIA BEACH,VA,,,,,irs_990pf
ANTI-DEFAMATION LEAGUE,PHOENIX,AZ,,,,,irs_990pf
BETH SHALOM TEMPLE CENTER,GREEN VALLEY,AZ,,,,,irs_990pf
HOLOCAUST MEMORIAL MUSEUM,WASHINGTON,DC,,,,,irs_990pf
SIERRA CLUB,BEDFORD,NY,,,,,irs_990pf
YOUTH SPEAKS,SAN FRANCISCO,CA,,,,,irs_990pf
GRUB STREET,BOSTON,MA,,,,,irs_990pf
ASYLUM ARTS,BROOKLYN,NY,,,,,irs_990pf
CHARLES L ROESEL MINISTRY EVANGELISM,Bushnell,FL,,,,,irs_990pf
EVANGELISM RESOURCES,Wilmore,KY,,,,,irs_990pf
FIRST BAPTIST CHURCH OF APOPKA,Apopka,FL,,,,,irs_990pf
GOSPEL FOR ASIA,Carrolton,TX,,,,,irs_990pf
OKOA REFUGE,Jacksonville Beach,FL,,,,,irs_990pf
PIONEER BIBLE TRANSLATORS,Dallas,TX,,,,,irs_990pf
PIONEERS,Orlando,FL,,,,,irs_990pf
Z MINISTRIES,Altamonte Springs,FL,,,,,irs_990pf
15-40 CONNECTION,WESTBOROUGH,MA,,,,,irs_990pf
ADVOCATES,FRAMINGHAM,MA,,,,,irs_990pf
ANGELS-NET FOUNDATION,WEST BOYLSTON,MA,,,,,irs_990pf
APPLE TREE ARTS,GRAFTON,MA,,,,,irs_990pf
ART IN THE PARK WORCESTER,WORCESTER,MA,,,,,irs_990pf
ASSABET VALLEY MASTERSINGERS,NORTHBOROUGH,MA,,,,,irs_990pf
AUBURN YOUTH AND FAMILY SERVICES INC,AUBURN,MA,,,,,irs_990pf
AUDIO JOURNAL INC,WORCESTER,MA,,,,,irs_990pf
BOYS GIRLS CLUB OF WORCESTER,WORCESTER,MA,,,,,irs_990pf
CAPEN HILL NATURE ASSOCIATION INC,CHARLTON CITY,MA,,,,,irs_990pf
CASA PROJECT INC,WORCESTER,MA,,,,,irs_990pf
CENTER FOR WOMEN AND ENTERPRISE,WESTBOROUGH,MA,,,,,irs_990pf
CENTRAL MASSACHUSETTS HOUSING ALLIANCE,WORCESTER,MA,,,,,irs_990pf
CHILDREN S FRIEND INC,WORCESTER,MA,,,,,irs_990pf
COMMUNITY HARVEST PROJECT,NORTH GRAFTON,MA,,,,,irs_990pf
COMMUNITY LEGAL AID INC,WORCESTER,MA,,,,,irs_990pf
CREATIVE HUB WORCESTER,WORCESTER,MA,,,,,irs_990pf
DISMAS HOUSE OF MASSACHUSETTS INC,WORCESTER,MA,,,,,irs_990pf
DUDLEY SOCCER CLUB,DUDLEY,MA,,,,,irs_990pf
EASTER SEALS MASSACHUSETTS,WORCESTER,MA,,,,,irs_990pf
FAMILY HEALTH CENTER OF MASSACHUSETTS,WORCESTER,MA,,,,,irs_990pf
FRIENDS OF ST LUKE INC,SOUTHBRIDGE,MA,,,,,irs_990pf
FRIENDS OF THE CHESTER C CORBIN LIBRARY,WEBSTER,MA,,,,,irs_990pf
GENESIS CLUB HOUSE INC,WORCESTER,MA,,,,,irs_990pf
GIRL SCOUTS OF CENTRAL AND WESTERN MASSACHUSETTS INC,WORCESTER,MA,,,,,irs_990pf
GIRLS INCORPORATED OF WORCESTER,WORCESTER,MA,,,,,irs_990pf
HARRINGTON HEALTHCARE SYSTEM,SOUTHBRIDGE,MA,,,,,irs_990pf
HORACE MANN EDUCATIONAL ASSOCIATES INC,FRANKLIN,MA,,,,,irs_990pf
JOY OF MUSIC PROGRAM INC,WORCESTER,MA,,,,,irs_990pf
KENNEDY-DONOVAN CENTER,FOXBORO,MA,,,,,irs_990pf
LITERACY VOLUNTEERS OF TRI-COMMUNITY,SOUTHBRIDGE,MA,,,,,irs_990pf
LIVING IN FREEDOM TOGETHER INC,WORCESTER,MA,,,,,irs_990pf
LOVE YOUR LABELS INC,WORCESTER,MA,,,,,irs_990pf
MAIN SOUTH COMMUNITY DEVELOPMENT CORPORATION,WORCESTER,MA,,,,,irs_990pf
MASSACHUSETTS AUDUBON SOCIETY INC,WORCESTER,MA,,,,,irs_990pf
MASSACHUSETTS EDUCATION AND CAREER OPPORTUNITIES INC,WORCESTER,MA,,,,,irs_990pf
NET OF COMPASSION,WORCESTER,MA,,,,,irs_990pf
NICHOLS COLLEGE,DUDLEY,MA,,,,,irs_990pf
OAK HILL COMMUNITY CORPORATION,WORCESTER,MA,,,,,irs_990pf
ORGANIZATION FOR NONPROFIT EXCELLENCE,WORCESTER,MA,,,,,irs_990pf
PAKACHOAG MUSIC SCHOOL OF GREATER WORCESTER,WORCESTER,MA,,,,,irs_990pf
PERNET FAMILY HEALTH SERVICES,WORCESTER,MA,,,,,irs_990pf
PROJECT BREAD - THE WALK FOR HUNGER INC,BOSTON,MA,,,,,irs_990pf
PROJECT NEW HOPE INC,WORCESTER,MA,,,,,irs_990pf
PROVISION MINISTRY INC,WORCESTER,MA,,,,,irs_990pf
RACHEL S TABLE,WORCESTER,MA,,,,,irs_990pf
RAINBOW CHILD DEVELOPMENT CENTER,WORCESTER,MA,,,,,irs_990pf
REGIONAL ENVIRONMENTAL COUNCIL INC,WORCESTER,MA,,,,,irs_990pf
RENDER CREATIVE INC,WORCESTER,MA,,,,,irs_990pf
SHREWSBURY YOUTH AND FAMILY SERVICES INC,SHREWSBURY,MA,,,,,irs_990pf
SIMON SAYS GIVE,WORCESTER,MA,,,,,irs_990pf
SPECTRUM HEALTH SYSTEMS INC,WORCESTER,MA,,,,,irs_990pf
STRAIGHT AHEAD MINISTRIES,WORCESTER,MA,,,,,irs_990pf
TASKS FOR TRANSIT,MILLBURY,MA,,,,,irs_990pf
TENACITY INC,ALLSTON,MA,,,,,irs_990pf
THOMPSON ECUMENICAL EMPOWERMENT GROUP,NORTH GROSVENORDALE,CT,,,,,irs_990pf
TRI-VALLEY INC,DUDLEY,MA,,,,,irs_990pf
VNA CARE NETWORK AND HOSPICE,WORCESTER,MA,,,,,irs_990pf
VSA MASSACHUSETTS AN AFFILIATE OF SEVEN HILLS FOUNDATION,WORCESTER,MA,,,,,irs_990pf
WEBSTER EMS,WEBSTER,MA,,,,,irs_990pf
WORCESTER CHAMBER MUSIC SOCIETY,WORCESTER,MA,,,,,irs_990pf
WORCESTER CHILDREN S CHORUS,WORCESTER,MA,,,,,irs_990pf
WORCESTER COMMUNITY HOUSING RESOURCES INC,WORCESTER,MA,,,,,irs_990pf
WORCESTER COUNTY HORTICULTURAL SOCIETY,WORCESTER,MA,,,,,irs_990pf
WORCESTER EDUCATIONAL COLLABORATIVE,BOYLSTON,MA,,,,,irs_990pf
WORCESTER INTERFAITH,WORCESTER,MA,,,,,irs_990pf
WORCESTER PUBLIC LIBRARY FOUNDATION,WORCESTER,MA,,,,,irs_990pf
WORCESTER YOUTH CENTER,WORCESTER,MA,,,,,irs_990pf
YWCA CENTRAL MASSACHUSETTS,WORCESTER,MA,,,,,irs_990pf
YOUTHCONNECT SUMMER,WORCESTER,MA,,,,,irs_990pf
SPECIAL OLYMPICS INC,Washington,DC,,,,,irs_990pf
SPECIAL OLYMPICS COASTAL GEORGIA,Brunswick,GA,,,,,irs_990pf
BOYS GIRLS CLUB OF SOUTHEAST GEORGIA,Brunswick,GA,,,,,irs_990pf
COMMUNITIES IN SCHOOLS OF GLYNN COUNTY,Brunswick,GA,,,,,irs_990pf
SOUTHEAST GA HEALTH SYSTEM,Brunswick,GA,,,,,irs_990pf
GIRLS ON THE RUN OF COASTAL GA,Savannah,GA,,,,,irs_990pf
THE GATHERING PLACE,Brunswick,GA,,,,,irs_990pf
SAFE HARBOR CHILDRENS SHELTER INC,Brunswick,GA,,,,,irs_990pf
HOSPICE OF THE GOLDEN ISLES,Brunswick,GA,,,,,irs_990pf
BLESSINGS IN A BACKPACK,St Simons Island,GA,,,,,irs_990pf
ST FRANCIS EXAVIER CATHOLIC SCHOOL,Brunswick,GA,,,,,irs_990pf
ST SIMONS CHRISTIAN SCHOOL,St Simons Island,GA,,,,,irs_990pf
UNITED WAY OF COASTAL GEORGIA,Brunswick,GA,,,,,irs_990pf
GLYNN COUNTY SPORTS HALL OF FAME,Brunswick,GA,,,,,irs_990pf
SUNS FOUNDATION,Sun Valley,ID,,,,,irs_990pf
AMERICAS SECOND HARVEST OF COASTAL GA,Brunswick,GA,,,,,irs_990pf
CHILDREN IN ACTION SPORTS CLUB INC,Brunswick,GA,,,,,irs_990pf
RONALD MCDONALD HOUSE OF THE COASTAL EMP,Savannah,GA,,,,,irs_990pf
FIRST TEE OF THE GOLDEN ISLES,St Simons Island,GA,,,,,irs_990pf
GOLFEN ISLES FCA,Brunswick,GA,,,,,irs_990pf
WORLD WATER RELIEF,Atlanta,GA,,,,,irs_990pf
MORNINGSTAR CHILDREN FAMILY SERVICE,Brunswick,GA,,,,,irs_990pf
COLLEGE OF COASTAL GEORGIA,Brunswick,GA,,,,,irs_990pf
GIRLS ON THE RUN OF GOLDEN ISLES,St Simons Island,GA,,,,,irs_990pf
GLYNN COASTAL WRESTLING CLUB,St Simons Island,GA,,,,,irs_990pf
GLYNN COUNTY ATHLETES,St Simons Island,GA,,,,,irs_990pf
SOAR,St Simons Island,GA,,,,,irs_990pf
FIREBOX INITIATIVE INC,St Simons Island,GA,,,,,irs_990pf
HOUSE OF HOPE REFUGE OF LOVE,St Simons Island,GA,,,,,irs_990pf
BRIDGESTONE GOLF INC,Carol Stream,IL,,,,,irs_990pf
COMMUNITIES OF COASTAL GA FNDN,St Simons Island,GA,,,,,irs_990pf
COASTAL COALITION FOR CHILDREN INC,Brunswick,GA,,,,,irs_990pf
FOSTER LOVE MINISTRIES,Brunswick,GA,,,,,irs_990pf
GEORGIA PGA FOUNDATION,Roswell,GA,,,,,irs_990pf
FREDERICA BASEBALL DIAMOND CLUB,Brunswick,GA,,,,,irs_990pf
GLYNN MIDDLE SCHOOL PTSA,Brunswick,GA,,,,,irs_990pf
GOLDEN ISLES ARTS HUMANITIES,Brunswick,GA,,,,,irs_990pf
GOODWILL SOUTHEAST GEORGIA,Savannah,GA,,,,,irs_990pf
HABITAT FOR HUMANITY OF GLYNN COUNT,Brunswick,GA,,,,,irs_990pf
HARRIS ENGLISH FOUNDATION,St Simons Island,GA,,,,,irs_990pf
HEROES FOR HEALTH,Brunswick,GA,,,,,irs_990pf
HOPE 1312 COLLECTIVE,Brunswick,GA,,,,,irs_990pf
KEITH MITCHELL FOUNDATION,Salt Lake City,UT,,,,,irs_990pf
SAVED BY GRACE SE GEORGIA,Jekyll Island,GA,,,,,irs_990pf
THE REMEDY PROJECT,St Simons Island,GA,,,,,irs_990pf
HEATHER HOUSE OF GLYNN INC,Brunswick,GA,,,,,irs_990pf
THE GLYNN CRISIS CENTER INC,Brunswick,GA,,,,,irs_990pf
TOSKI JUNIOR GOLF,Boca Raton,FL,,,,,irs_990pf
UNCAA,Chapel Hill,NC,,,,,irs_990pf
JUNIOR LEAGUE OF THE GOLDEN ISLES,Sea Island,GA,,,,,irs_990pf
CASA GLYNN INC,Brunswick,GA,,,,,irs_990pf
BOBBY JONES GOLF COURSE FNDN,Atlanta,GA,,,,,irs_990pf
DARWIN GILMORE ELEMENTARY SCHOOL,LEAGUE CITY,TX,,,,,irs_990pf
DIOCESAN SVC FD-CATHOLIC CHARITIES,HOUSTON,TX,,,,,irs_990pf
FRIENDS OF ROSENBERG LIBRARY,GALVESTON,TX,,,,,irs_990pf
GALVESTON HISTORICAL FOUNDATION,GALVESTON,TX,,,,,irs_990pf
HOLY FAMILY PARISH,GALVESTON,TX,,,,,irs_990pf
OPPE SCHOOL,GALVESTON,TX,,,,,irs_990pf
ORDER OF THE HOLY SEPULCHRE,HOUSTON,TX,,,,,irs_990pf
OUR LADY STAR OF THE SEA CHURCH,HOUSTON,TX,,,,,irs_990pf
SAN JACINTO MUSEUM,LAPORTE,TX,,,,,irs_990pf
ST JOHN THE DIVINE CHURCH,HOUSTON,TX,,,,,irs_990pf
ST VINCENT CHURCH,BASALT,CO,,,,,irs_990pf
THE BRYAN MUSEUM,GALVESTON,TX,,,,,irs_990pf
UTMB,GALVESTON,TX,,,,,irs_990pf
BETHESDA MISSION,HARRISBURG,PA,,,,,irs_990pf
PENNSYLVANIA FAMILY INSTITUTE,HARRISBURG,PA,,,,,irs_990pf
PLAIN COMPASSION CRISIS RESPONSE,HONEY BROOK,PA,,,,,irs_990pf
REMEMBER THE POOR INC,KING OF PRUSSIA,PA,,,,,irs_990pf
THE VALLEY LIGHTHOUSE,LYKENS,PA,,,,,irs_990pf
WE CARE PROGRAM,ATMORE,AL,,,,,irs_990pf
WESTON A PRICE FOUNDATION,WASHINGTON,DC,,,,,irs_990pf
HELPING UP MISSION,BALTIMORE,MD,,,,,irs_990pf
MY SISTER S PLACE,BALTIMORE,MD,,,,,irs_990pf
NOTRE DAME PREPARATORY,TOWSON,MD,,,,,irs_990pf
MARIAN HOUSE,BALTIMORE,MD,,,,,irs_990pf
BALTIMORE STATION,BALTIMORE,MD,,,,,irs_990pf
LOYOLA BLAKEFIELD,TOWSON,MD,,,,,irs_990pf
CHRISTOPHER S PLACE,BALTIMORE,MD,,,,,irs_990pf
INSTITUTE OF NOTRE DAME,BALTIMORE,MD,,,,,irs_990pf
MOTHER SETON,EMMITSBURG,MD,,,,,irs_990pf
ST IGNATIOUS LOYOLA,BALTIMORE,MD,,,,,irs_990pf
CHRISTO REY,CHICAGO,IL,,,,,irs_990pf
ODYSSEY SCHOOL,LUTHERVILLE,MD,,,,,irs_990pf
SISTER S ACADEMY,BALTIMORE,MD,,,,,irs_990pf
MARYVALE PREP,LUTHERVILLE,MD,,,,,irs_990pf
LOYOLA EARLY LEARNING CENTER,BALTIMORE,MD,,,,,irs_990pf
BIG BROTHERS BIG SISTERS,CLINTON,MO,,,,,irs_990pf
CLINTON ARTS COUNCIL,CLINTON,MO,,,,,irs_990pf
CLINTON CHRISTIAN ACADEMY,CLINTON,MO,,,,,irs_990pf
CLINTON CHRISTIAN CHURCH,CLINTON,MO,,,,,irs_990pf
CLINTON HIGH SCHOOL,CLINTON,MO,,,,,irs_990pf
CLINTON ROTARY CLUB,CLINTON,MO,,,,,irs_990pf
CLINTON UNITED METHODIST CHURCH,CLINTON,MO,,,,,irs_990pf
FIRST BAPTIST CHURCH,CLINTON,MO,,,,,irs_990pf
GABBY GIRLS INC,CLINTON,MO,,,,,irs_990pf
GOLDEN VALLEY MEMORIAL HOSPITAL FDN,CLINTON,MO,,,,,irs_990pf
HAITIAN CHRISTIAN MISSION,BOCA RATON,FL,,,,,irs_990pf
HEART OF AMERICA COUCIL BSA,KANSAS CITY,MO,,,,,irs_990pf
HENRY COUNTY MEMORY FUND,CLINTON,MO,,,,,irs_990pf
HENRY COUNTY MUSEUM,CLINTON,MO,,,,,irs_990pf
HOLY ROSARY SCHOOL,CLINTON,MO,,,,,irs_990pf
INDEPENDENT PRESBYTERIAN CHURCH,BIRMINGHAM,AL,,,,,irs_990pf
KCPT,KANSAS CITY,MO,,,,,irs_990pf
LEAWOOD PTO,LEAWOOD,KS,,,,,irs_990pf
MAP INTERNATIONAL,BRUNSWICK,GA,,,,,irs_990pf
MULTIPLE SCLEROSIS SOCIETY,KANSAS CITY,MO,,,,,irs_990pf
OLDE GLORY DAYS,CLINTON,MO,,,,,irs_990pf
POWELL GARDENS,KINGSVILLE,MO,,,,,irs_990pf
RAINBOW NETWORK,SPRINGFIELD,MO,,,,,irs_990pf
RED MOUNTAIN MEMORIAL GARDEN,BIRMINGHAM,AL,,,,,irs_990pf
REMEMBER TO DREAM THERAPEUTIC,COLE CAMP,MO,,,,,irs_990pf
SAGRADA SCHOLARSHIP BIBLE CAMP,LINCOLN,MO,,,,,irs_990pf
SHOW ME CHRISTIAN YOUTH HOME,LA MONTE,MO,,,,,irs_990pf
ST PAUL SCHOOL OF THEOLOGY,OVERLAND PARK,KS,,,,,irs_990pf
THE NELSON-ATKINS MUSEUM OF ART,KANSAS CITY,MO,,,,,irs_990pf
THE RAINBOW NETWORK,SPRINGFIELD,MO,,,,,irs_990pf
TRUMAN LAKE COMMUNITY FOUNDATION,CLINTON,MO,,,,,irs_990pf
UNIVERSITY OF CENTRAL MISSOURI,WARRENSBURG,MO,,,,,irs_990pf
WESTMINSTER COLLEGE,FULTON,MO,,,,,irs_990pf
UNIVERSITY OF JAMESTOWN,JAMESTOWN,ND,,,,,irs_990pf
TERI DAVIS,HANNIBAL,MO,,,,,irs_990pf
MADISON HARRIS,HANNIBAL,MO,,,,,irs_990pf
JORDAN ZIMMER,HANNIBAL,MO,,,,,irs_990pf
ALEXIS RUBA,NEW LONDON,MO,,,,,irs_990pf
BATES COLLEGE,LEWISTON,ME,,,,,irs_990pf
ST NICHOLAS OF SOUTH CANAAN ORTHODOX,BILLINGS,MT,,,,,irs_990pf
HOLY TRINITY SERBIAN ORTHODOX CHURCH,BUTTE,MT,,,,,irs_990pf
INTERNATIONAL INSTITUTE OF ST LOUIS,ST LOUIS,MO,,,,,irs_990pf
MCGREGOR BAPTIST CHURCH,Fort Myers,FL,,,,,irs_990pf
NOTRE DAME,SPRING HILL,FL,,,,,irs_990pf
BUILDERS WITHOUT BORDERS,Kingston,NM,,,,,irs_990pf
VETERANS COMMUNITY PROJECT,Kanas City,MO,,,,,irs_990pf
REDEEMER CHURCH,Fort Myers,FL,,,,,irs_990pf
OVERSEAS ECONOMIC AND DEVELOPMENT,Fort Myers,FL,,,,,irs_990pf
SEE ATTACHED,Bethesda,MD,,,,,irs_990pf
MARIAN HIGH SCHOOL,BLOOMFIELD HILLS,MI,,,,,irs_990pf
ALBION COLLEGE,ALBION,MI,,,,,irs_990pf
WITTENBURG UNIVERSITY,SPRINGFIELD,OH,,,,,irs_990pf
MICH HUMANE SOCIETY,ROCHESTER,MI,,,,,irs_990pf
ALASKA RAPTOR CTR,SITKA,AK,,,,,irs_990pf
AMER LUNG,OAK PARK,MI,,,,,irs_990pf
DETROIT PUBLIC TV,WIXOM,MI,,,,,irs_990pf
THE FISTULA FOUNDATION,SAN JOSE,CA,,,,,irs_990pf
BROTHER RICE,BLOOMFIELD HILLS,MI,,,,,irs_990pf
ST JUDE CHILDREN S RESEARCH HOS,MADISON HEIGHTS,MI,,,,,irs_990pf
LIGHTHOUSE NORTH,PONTIAC,MI,,,,,irs_990pf
ST DANIELS,CLARKSTON,MI,,,,,irs_990pf
SOCIETY OF THE LITTLE FLOWER,DARIEN,IL,,,,,irs_990pf
NORTH OAKLAND HEADWATERS LAND CONS,CLARKSTON,MI,,,,,irs_990pf
BLAKE SCHOOL,HOPKINS,MN,,,,,irs_990pf
AUGSBURG UNIVERSITY,MINNEAPOLIS,MN,,,,,irs_990pf
HOCKEY LIMITED,ROSEVILLE,MN,,,,,irs_990pf
LIGHTHOUSE MINISTRIES INTERNATIONAL OF AFRICA,PLYMOUTH,MN,,,,,irs_990pf
PERSPECTIVES INC,ST LOUIS PARK,MN,,,,,irs_990pf
THE LINK,MINNEAPOLIS,MN,,,,,irs_990pf
EASTERN MAINE HEALTH SYSTEMS FOUNDATION,Bangor,ME,,,,,irs_990pf
NOTRE DAME SCHOOL OF MILWAUKEE,MILWAUKEE,WI,,,,,irs_990pf
AARON PASSINAULT,GREENFIELD,WI,,,,,irs_990pf
ABIGAIL COLLURA,MILWAUKEE,WI,,,,,irs_990pf
ABIGAIL SCHUMACHER,PLEASANT PRAIRIE,WI,,,,,irs_990pf
ADAM SCHAFER,GREENFIELD,WI,,,,,irs_990pf
ADRIAN CORDOVA FLORES,WEST ALLIS,WI,,,,,irs_990pf
ALEXANDER OTERO,KENOSHA,WI,,,,,irs_990pf
ALYSSA DENAULT,WATERTOWN,WI,,,,,irs_990pf
AMIRA GRAY,MILWAUKEE,WI,,,,,irs_990pf
APRIL SCHAFER,GREENFIELD,WI,,,,,irs_990pf
CHRISTIAN ROUSHIA,KENOSHA,WI,,,,,irs_990pf
CIARA OTERO,KENOSHA,WI,,,,,irs_990pf
CLAIRE MUELLER,WAUWATOSA,WI,,,,,irs_990pf
DANIEL JOHNSON,KENOSHA,WI,,,,,irs_990pf
DAVID JOHNSON,KENOSHA,WI,,,,,irs_990pf
DIEGO SANCHEZ,WEST ALLIS,WI,,,,,irs_990pf
ELENA SANCHEZ,WEST ALLIS,WI,,,,,irs_990pf
ELIANA OTERO,KENOSHA,WI,,,,,irs_990pf
ELLETTE CONNORS,MILWAUKEE,WI,,,,,irs_990pf
GRACE MENDENHALL,MILWAUKEE,WI,,,,,irs_990pf
HENRY KOEHLEIN,EAGLE,WI,,,,,irs_990pf
HOPE MAES,POMONA,CA,,,,,irs_990pf
HOSEA OTERO,KENOSHA,WI,,,,,irs_990pf
JAQUELINE PARRA,MILWAUKEE,WI,,,,,irs_990pf
JAZIAH OTERO,KENOSHA,WI,,,,,irs_990pf
JOHN LAPLANDER,WATERFORD,WI,,,,,irs_990pf
JORDAN TEETZ,WEST ALLIS,WI,,,,,irs_990pf
JORDAN YAKICH,CALEDONIA,WI,,,,,irs_990pf
JORGE ANDRADE,GREENFIELD,WI,,,,,irs_990pf
KARINA ORTIZ,WEST ALLIS,WI,,,,,irs_990pf
KATHERINE JOHNSON,KENOSHA,WI,,,,,irs_990pf
KATHERINE KNAPP,MILWAUKEE,WI,,,,,irs_990pf
KENZIE WADDLE,KENOSHA,WI,,,,,irs_990pf
KYLE BOESCH,SEYMOUR,WI,,,,,irs_990pf
LEAH MCLELLAND,WAUWATOSA,WI,,,,,irs_990pf
LILY KEEKER,KANSASVILLE,WI,,,,,irs_990pf
LUCA WADDLE,KENOSHA,WI,,,,,irs_990pf
LUCAS JOHNSON,KENOSHA,WI,,,,,irs_990pf
LUCILLE GRABLEWSKI,MILWAUKEE,WI,,,,,irs_990pf
LUCY JOHNSON,KENOSHA,WI,,,,,irs_990pf
MADISON SPYCHALLA,MILWAUKEE,WI,,,,,irs_990pf
MARGARET BAISLEY,WEST ALLIS,WI,,,,,irs_990pf
MATISEN VERLEY,CUDAHY,WI,,,,,irs_990pf
MEGAN BARNES,GERMANTOWN,WI,,,,,irs_990pf
MEGAN MENDENHALL,MILWAUKEE,WI,,,,,irs_990pf
MEGHAN HARDY,MILWAUKEE,WI,,,,,irs_990pf
MIALUNA CORDOVA FLORES,WEST ALLIS,WI,,,,,irs_990pf
MICHAEL KRAETZ,WEST ALLIS,WI,,,,,irs_990pf
MOSES OTERO,KENOSHA,WI,,,,,irs_990pf
MYHA SPRIFKE,RACINE,WI,,,,,irs_990pf
NIVEEN KHOURY,KENOSHA,WI,,,,,irs_990pf
NOAH BAYER,WEST ALLIS,WI,,,,,irs_990pf
OLIVIA WENDORF,KENOSHA,WI,,,,,irs_990pf
PAOLO VALLE,MILWAUKEE,WI,,,,,irs_990pf
PHILLIP WADDLE,KENOSHA,WI,,,,,irs_990pf
RACHEL GAHAN,CEDARBURG,WI,,,,,irs_990pf
RILEY SULLIVAN,WALWORTH,WI,,,,,irs_990pf
ROSE AGNEW,GREENFIELD,WI,,,,,irs_990pf
RYAN CONWAY,WAUWATOSA,WI,,,,,irs_990pf
RYLEIGH BUTLER,KENOSHA,WI,,,,,irs_990pf
SABER KLETZIEN,MILWAUKEE,WI,,,,,irs_990pf
SHA KEVIA GRAYS,MILWAUKEE,WI,,,,,irs_990pf
STEPHEN KONKOL,APPLE VALLEY,MN,,,,,irs_990pf
STEVEN BRANDT,KENOSHA,WI,,,,,irs_990pf
SYDNEY NICHOLLS,WAUWATOSA,WI,,,,,irs_990pf
TATE WADDLE,KENOSHA,WI,,,,,irs_990pf
TAYLOR FRITZ,BROWN DEER,WI,,,,,irs_990pf
TAYLOR WADDLE,KENOSHA,WI,,,,,irs_990pf
TRAVIS YAKICH,CALEDONIA,WI,,,,,irs_990pf
SHANNON KING,MILWAUKEE,WI,,,,,irs_990pf
SUZANNE LOVINUS,MILWAUKEE,WI,,,,,irs_990pf
JAKE NOWAK,MILWAUKEE,WI,,,,,irs_990pf
LAUREN SCHIMMELS,MILWAUKEE,WI,,,,,irs_990pf
WILL SWENSON,MILWAUKEE,WI,,,,,irs_990pf
NICOLE TRIDIMAS,MILWAUKEE,WI,,,,,irs_990pf
PIUS XI CATHOLIC HIGH SCHOOL,MILWAUKEE,WI,,,,,irs_990pf
MOUNT UNION COLLEGE,ALLIANCE,OH,,,,,irs_990pf
COPELAND OAKS RETIREMENT COMMUNITY,SEBRING,OH,,,,,irs_990pf
CRANDALL MEDICAL CENTER,SEBRING,OH,,,,,irs_990pf
FRIENDS OF THE EAST LIVERPOOL CAMPUS,EAST LIVERPOOL,OH,,,,,irs_990pf
FIRST UNITED METHODIST CHURCH,EAST LIVERPOOL,OH,,,,,irs_990pf
FIGURE SKATING IN HARLEM,NEW YORK,NY,,,,,irs_990pf
NATIONAL ASSOCIATION OF BASKETBALL COACHES FOUNDATION,KANSAS CITY,MO,,,,,irs_990pf
NEOPOLITICAL COWGIRLS,EAST HAMPTON,NY,,,,,irs_990pf
WORLDWIDE ORPHANS FOUNDATION,COLORADO SPRINGS,CO,,,,,irs_990pf
SEAL COVE AUTO MUSEUM,Seal Cove,ME,,,,,irs_990pf
OWLS HEAD TRANSPORTATION MUSEUM,Owls Head,ME,,,,,irs_990pf
STANLEY MUSEUM,Kingfield,ME,,,,,irs_990pf
AACA MUSEUM,Hershey,PA,,,,,irs_990pf
LARZ ANDERSON AUTO MUSEUM,Brookline,MA,,,,,irs_990pf
PIERCE-ARROW SOCIETY,Catharpin,VA,,,,,irs_990pf
AMERICAN FRIENDS OF SHAMIR MEDICAL CENTER,BROOKLYN,NY,,,,,irs_990pf
CHILDREN S CANCER RESEARCH FUND,MINNEAPOLIS,MN,,,,,irs_990pf
COURAGE CENTER,MINNEAPOLIS,MN,,,,,irs_990pf
FRIENDS OF ISRAEL DEFENSE FORCE FIDF,NEW YORK,NY,,,,,irs_990pf
JEWISH FAMILY AND CHILDREN S SERVICE,GOLDEN VALLEY,MN,,,,,irs_990pf
JUVENILE DIABETES RESEARCH FUND,BLOOMINGTON,MN,,,,,irs_990pf
MINNEAPOLIS FISHER HOUSE,MINNEAPOLIS,MN,,,,,irs_990pf
MINNEAPOLIS JEWISH COMMUNITY,MINNETONKA,MN,,,,,irs_990pf
MINNESOTA MEDICAL FOUNDATION,MINNEAPOLIS,MN,,,,,irs_990pf
MN MEDICAL FOUNDATION - KAREN ASHE ALZHEIMER S RESEARCH FUND,MINNEAPOLIS,MN,,,,,irs_990pf
MN MILITARY FAMILY FOUNDATION,GOLDEN VALLEY,MN,,,,,irs_990pf
SUSAN G KOMEN - TWIN CITIES RACE FOR THE CURE,EDINA,MN,,,,,irs_990pf
TROOPS DIRECT,SAN RAMON,CA,,,,,irs_990pf
MAYO CLINIC ALIX SCHOOL OF MEDICINE,ALBERT LEA,MN,,,,,irs_990pf
AMERICAN BRAIN TUMOR ASSOCIATION,CHICAGO,IL,,,,,irs_990pf
OLD NEWSBOYS GOODFELLOW FUND,DETROIT,MI,,,,,irs_990pf
CANADIAN CANCER SOCIETY,,,,,,,irs_990pf
MEADOWBROOK CENTER FOR LEARNING DIFFERENCES,ROCHESTER,MI,,,,,irs_990pf
BLOOMFIELD TWP POLICE BENEVOLENT ASSOC,BLOOMFIELD HILLS,MI,,,,,irs_990pf
HURON COUNTY COMMUNITY FOUNDATION,BAD AXE,MI,,,,,irs_990pf
DAVID LYNCH FOUNDATION,NEW YORK,NY,,,,,irs_990pf
BELLAIRE YOUTH INITIATIVE,BELLAIRE,MI,,,,,irs_990pf
GREAT FUTURES FAMILY SERVICES INC,DETROIT,MI,,,,,irs_990pf
WAYNE STATE UNIVERSITY,DETROIT,MI,,,,,irs_990pf
KEY OF HOPE,AUBURN HILLS,MI,,,,,irs_990pf
ANCHOR BAPTIST CHURCH,Hilton,NY,,,,,irs_990pf
AS OUR OWN,Houston,TX,,,,,irs_990pf
BACKUS CHURCH OF THE NAZARENE,Backus,MN,,,,,irs_990pf
BELIEVERS BAPTIST CHURCH,Rogers,AR,,,,,irs_990pf
BEREAN BAPTIST CHURCH,Strafford,MO,,,,,irs_990pf
BEREAN BAPTIST CHURCH,Manassas,VA,,,,,irs_990pf
BEREAN CHRISTIAN CHURCH,Murphysboro,IL,,,,,irs_990pf
BETHLEHEM MISSIONARY BAPTIST CHURCH,Winnabow,NC,,,,,irs_990pf
BEULAH BAPTIST CHURCH,Opp,AL,,,,,irs_990pf
BIBLE BAPTIST CHURCH,Georgiana,AL,,,,,irs_990pf
BRIDGE OF FAITH BAPTIST CHURCH,Omro,WI,,,,,irs_990pf
BROOKLYN BELIEVER S CHAPEL,Brooklyn,NY,,,,,irs_990pf
CALVARY BIBLE CHURCH,West Frankfort,IL,,,,,irs_990pf
CALVARY MISSIONARY BAPTIST CHURCH,Oklahoma City,OK,,,,,irs_990pf
CARLISLE BAPTIST CHURCH,Trinity,TX,,,,,irs_990pf
CENTERPOINTE CHURCH,Depew,NY,,,,,irs_990pf
CHAMPAIGN FIRST CHURCH OF THE NAZAR,Champaign,IL,,,,,irs_990pf
CHAPEL HILL WESLEYAN CHURCH,Weirton,WV,,,,,irs_990pf
CHAPEL ON THE HILL,Cedar Grove,NJ,,,,,irs_990pf
CHRIST CHURCH WEST CHESTER,West Chester,PA,,,,,irs_990pf
CLEAVES TEMPLE CME CHURCH,Halls,TN,,,,,irs_990pf
COLLEGE HILL CME CHURCH,Pontotoc,MS,,,,,irs_990pf
COLLEGE PARK BAPTIST CHURCH,Houston,TX,,,,,irs_990pf
COOPERATIVE BAPTIST FELLOWSHIP FDN,Decatur,GA,,,,,irs_990pf
COVENANT CHURCH OF THE HIGHLANDS,Weaverville,NC,,,,,irs_990pf
EAST TEXAS SHELTERING ARMS COALITIO,Jacksonville,TX,,,,,irs_990pf
EMMANUEL CHURCH OF THE NAZARENE,Belleville,IL,,,,,irs_990pf
FAIRVIEW BAPTIST CHURCH,Austin,TX,,,,,irs_990pf
FAMILY FELLOWSHIP BAPTIST CHURCH,Arlington,TX,,,,,irs_990pf
FIRST BAPTIST CHURCH - ANGELS CAMP,Angels Camp,CA,,,,,irs_990pf
FIRST JOHN CHURCH,Houston,TX,,,,,irs_990pf
FLINTWOOD WESLEYAN CHURCH,Columbus,IN,,,,,irs_990pf
FRAMINGHAM BAPTIST CHURCH,Framingham,MA,,,,,irs_990pf
FRIENDSHIP MISSIONARY BAPTIST CHURC,East St Louis,IL,,,,,irs_990pf
FRONTIER SOUTHERN BAPTIST CHURCH,Kodiak,AK,,,,,irs_990pf
GALVESTON CHURCH INC,Galveston,TX,,,,,irs_990pf
GLENVALE CHURCH OF GOD,Marysville,PA,,,,,irs_990pf
GOLDENDALE BIBLE BAPTIST CHURCH,Goldendale,WA,,,,,irs_990pf
GRACE BAPTIST CHURCH,Hazleton,PA,,,,,irs_990pf
GRACE BIBLE CHURCH,Oklahoma City,OK,,,,,irs_990pf
GRACE RIVER CHURCH,OFallon,MO,,,,,irs_990pf
GRACEPOINT,Ogallala,NE,,,,,irs_990pf
GRAFFITI 2 BAPTIST CHURCH,Bronx,NY,,,,,irs_990pf
HAVEN MISSIONARY CHRISTIAN CHURCH I,Fort Wayne,IN,,,,,irs_990pf
HAVEN OF REST BIBLE CHURCH,Galax,VA,,,,,irs_990pf
HEART OF TEXAS FOUNDATION,Bellville,TX,,,,,irs_990pf
HICKORY HOLLOW BAPTIST,Antioch,TN,,,,,irs_990pf
HIGHLAND PARK MISSIONARY BAPTIST CH,Fort Worth,TX,,,,,irs_990pf
HILLVIEW BAPTIST CHURCH,Springfield,OR,,,,,irs_990pf
HOUSTON BAPTIST UNIVERSITY,Houston,TX,,,,,irs_990pf
HOUSTON GRADUATE SCHOOL OF THEOLOGY,Houston,TX,,,,,irs_990pf
HUNTINGTON BEACH CHURCH,Huntington Beach,CA,,,,,irs_990pf
IGLESIA BAUTISTA FE VIVA,Rogers,AR,,,,,irs_990pf
INNER CITY BAPTIST CHURCH,Camden,NJ,,,,,irs_990pf
IONE BAPTIST CHURCH,Ione,WA,,,,,irs_990pf
KIOWA SOUTHERN BAPTIST CHURCH,Kiowa,KS,,,,,irs_990pf
KOREAN BAPTIST CHURCH OF SAN ANGELO,San Angelo,TX,,,,,irs_990pf
LA PALMA EN CRISTO IGLESIA BAUTISTA,San Benito,TX,,,,,irs_990pf
LA SIERRA BAPTIST CHURCH,Riverside,CA,,,,,irs_990pf
LAKEVIEW CHURCH OF THE NAZARENE,Waynesville,NC,,,,,irs_990pf
LANE AVENUE BAPTIST CHURCH,Kansas City,MO,,,,,irs_990pf
LATEXO BAPTIST CHURCH,Latexo,TX,,,,,irs_990pf
LIFESPRING COMMUNITY CHURCH,Valley City,OH,,,,,irs_990pf
MACEDONIA CME CHURCH,Boligee,AL,,,,,irs_990pf
MACKLIN BAPTIST CHURCH,Pisgah,AL,,,,,irs_990pf
MARTIN CHAPEL CME CHURCH,Redwater,TX,,,,,irs_990pf
MENDON INDEPENDENT BAPTIST CHURCH,Ruffsdale,PA,,,,,irs_990pf
MINNEHULLA BAPTIST CHURCH,Goliad,TX,,,,,irs_990pf
MOCKINGBIRD COMMUNITY BAPTIST CHURC,Dallas,TX,,,,,irs_990pf
MT PLEASANT BAPTIST CHURCH,Comanche,TX,,,,,irs_990pf
NEW DIMENSIONS CHURCH OF THE NAZARE,Jacksonville,FL,,,,,irs_990pf
NEW GENERATION COMMUNITY CHURCH,Lubbock,TX,,,,,irs_990pf
NEW MOUNT HOREB MISSIONARY BAPT CHU,Dallas,TX,,,,,irs_990pf
NORTHEASTERN BAPTIST COLLEGE,Bennington,VT,,,,,irs_990pf
OATES DRIVE BAPTIST CHURCH,Mesquite,TX,,,,,irs_990pf
ODESSA BIBLE CHURCH,Odessa,TX,,,,,irs_990pf
ORCHARD COMMUNITY CHURCH,Park City,KS,,,,,irs_990pf
PARK SLOPE BAPTIST CHURCH,Brooklyn,NY,,,,,irs_990pf
PHILIPSBURG CHURCH OF THE NAZARENE,Philipsburg,PA,,,,,irs_990pf
PICKERINGTON BAPTIST TEMPLE,Pickerington,OH,,,,,irs_990pf
PLEASANT GROVE MISSIONARY BAPTIST C,Montgomery,AL,,,,,irs_990pf
PLUMMER GROVE CME CHURCH,Covington,TN,,,,,irs_990pf
PLYMELL UNION CHURCH,Garden City,KS,,,,,irs_990pf
PRAIRIE HILL BAPTIST CHURCH,Exeter,MO,,,,,irs_990pf
PRICEVILLE BAPTIST CHURCH,Decatur,AL,,,,,irs_990pf
PRIMERA IGLESIA BAUTISTA,Waxahachie,TX,,,,,irs_990pf
REDEEMED MINISTRIES,Cleveland,AL,,,,,irs_990pf
REVELATION CHRISTIAN CENTER,Memphis,TN,,,,,irs_990pf
RIVERVIEW BAPTIST CHURCH,Wichita,KS,,,,,irs_990pf
ROSEMONT CHRISTIAN CHURCH,Chesapeake,VA,,,,,irs_990pf
SAN BERNARDINO BAPTIST CHURCH,San Bernardino,CA,,,,,irs_990pf
SECOND BAPTIST CHURCH,Erie,PA,,,,,irs_990pf
SEVEN MILE ROAD CHURCH,Melrose,MA,,,,,irs_990pf
SEVERY CHURCH OF THE NAZARENE,Severy,KS,,,,,irs_990pf
SOUTHSIDE CITY CHURCH,Fort Worth,TX,,,,,irs_990pf
ST JOHN S REFORMED CHURCH INC,Kannapolis,NC,,,,,irs_990pf
THE BRIDGE CHURCH,Charles City,IA,,,,,irs_990pf
THE CHRISTIAN MISSIONARY ALLIANCE,Colorado Springs,CO,,,,,irs_990pf
THE NEW MIDWAY BAPTIST CHURCH,Panama City,FL,,,,,irs_990pf
THE SUMMIT CHURCH,North Canton,OH,,,,,irs_990pf
THE WAY OF LIFE CHURCH,Pearland,TX,,,,,irs_990pf
TRINITY LIFE CHURCH,Dacula,GA,,,,,irs_990pf
UNION BAPTIST ASSOCIATION,Houston,TX,,,,,irs_990pf
UNITED BY GRACE BAPTIST CHURCH,San Antonio,TX,,,,,irs_990pf
VALERA BAPTIST CHURCH,Valera,TX,,,,,irs_990pf
VALLEY BIBLE CHURCH,Radford,VA,,,,,irs_990pf
VICTORY BAPTIST CHURCH,Commerce,TX,,,,,irs_990pf
VISTA COMMUNITY CHURCH,San Antonio,TX,,,,,irs_990pf
WATER S EDGE COMMUNITY CHURCH,Clarksville,VA,,,,,irs_990pf
WILDERNESS BRANCH BAPTIST CHURCH IN,Richmond,TX,,,,,irs_990pf
WOLVERINE BAPTIST CHURCH,Wolverine,MI,,,,,irs_990pf
WORLD HOPE MINISTRIES INTERNATIONAL,Houston,TX,,,,,irs_990pf
YOUTH WITH A MISSION - YWAM,Garden Valley,TX,,,,,irs_990pf
FRIENDS OF AMBLER FARM,WILTON,CT,,,,,irs_990pf
FRIENDS OF HARVARD GOLF,CAMBRIDGE,MA,,,,,irs_990pf
FRIENDS OF NORWALK RIVER,NORWALK,CT,,,,,irs_990pf
GETABOUT,NEW CANAAN,CT,,,,,irs_990pf
MEALS ON WHEELS,NEW CANAAN,CT,,,,,irs_990pf
NEW CANAAN BEAUTIFICATION LEAGUE,NEW CANAAN,CT,,,,,irs_990pf
NEW CANAAN CHARITABLE FOUNDATION,NEW CANAAN,CT,,,,,irs_990pf
NEW CANAAN COMMUNITY FOUNDATION,NEW CANAAN,CT,,,,,irs_990pf
NEW CANAAN HIGH SCHOOL SCHOLARSHIP,NEW CANAAN,CT,,,,,irs_990pf
NEW CANAAN HISTORICAL SOCIETY,NEW CANAAN,CT,,,,,irs_990pf
NEW CANAAN LAND TRUST,NEW CANAAN,CT,,,,,irs_990pf
NEW CANAAN LIBRARY,NEW CANAAN,CT,,,,,irs_990pf
NEW CANAAN VOLUNTEER AMBULANCE,NEW CANAAN,CT,,,,,irs_990pf
NORMAN WILLIAMS PUBLIC LIBRARY,WOODSTOCK,VT,,,,,irs_990pf
PENTANGLE,WOODSTOCK,VT,,,,,irs_990pf
PROJECT BROADWAY,NEW YORK,NY,,,,,irs_990pf
STAYING PUT IN NEW CAANAN,NEW CANAAN,CT,,,,,irs_990pf
SUMMER THEATRE OF NEW CANAAN,NEW CANAAN,CT,,,,,irs_990pf
UCONN FOUNDATION,STORS,CT,,,,,irs_990pf
WAVENY LIFECARE NETWORK,NEW CANAAN,CT,,,,,irs_990pf
WILTON HISTORICAL SOCIETY,WILTON,CT,,,,,irs_990pf
WILTON LIBRARY,WILTON,CT,,,,,irs_990pf
WOODSTOCK AGING COUNCIL,WOODSTOCK,VT,,,,,irs_990pf
ZACK S PLACE,WOODSTOCK,VT,,,,,irs_990pf
GREEN MOUNTAIN VALLEY SCHOOL,WAITSFIELD,VT,,,,,irs_990pf
NEW CANAAN GARDEN CLUB,NEW CANAAN,CT,,,,,irs_990pf
ALL KIDS CAN LEARN INTERNATIONAL,Havre De Grace,MD,,,,,irs_990pf
ALS ASSOC GREATER PHIL CHAPTER,Ambler,PA,,,,,irs_990pf
CHURCH OF THE WORD,Gainesville,VA,,,,,irs_990pf
HEART FOR LEBANON,Black Mountain,NC,,,,,irs_990pf
LAYMANS FOUNDATION,San Bruno,CA,,,,,irs_990pf
MILLENNIUM RELIEF DEVELOPMENT SERVICES,Bellaire,TX,,,,,irs_990pf
SALT OUTREACH,Orlando,FL,,,,,irs_990pf
SEND INTERNATIONAL,Farmington Hills,MI,,,,,irs_990pf
THE CITY GATES CHURCH,Fairfax,VA,,,,,irs_990pf
THE NEW SCHOOL,New York,NY,,,,,irs_990pf
VILLAGE OF HOPE AND LOVE,Culpepper,VA,,,,,irs_990pf
OTHER QUALIFIED DONEES,Fairfax,VA,,,,,irs_990pf
INDIVIDUALS NOT OVER 1500,VARIOUS,SD,,,,,irs_990pf
YOUNG ISRAEL OF MONSEY,MONSEY,NY,,,,,irs_990pf
TOMCHE SHABBOS OF ROCKLAND,MONSEY,NY,,,,,irs_990pf
ATC,LAKEWOOD,NJ,,,,,irs_990pf
TOV V CHESED,MONSEY,NY,,,,,irs_990pf
KEHILAS REYIM AHUVIM,MONSEY,NY,,,,,irs_990pf
DOROT INC,NEW YORK,NY,,,,,irs_990pf
AMERICAN FRIENDS OF TEL AVIV UNIVERSITY INC,NEW YORK,NY,,,,,irs_990pf
THE AMERICAN JEWISH JOINT DISTRIBUTION COMMITTEE,NEW YORK,NY,,,,,irs_990pf
YIVO INSTITUTE FOR JEWISH RESEARCH INC,NEW YORK,NY,,,,,irs_990pf
AMERICAN FRIENDS OF BEIT HATFUTSOT,NEW YORK,NY,,,,,irs_990pf
HEBREW UNIVERSITY OF JERUSALEM,JERUSALEM,IL,,,,,irs_990pf
IN GEVEB INC,BROOKLYN,NY,,,,,irs_990pf
CLARK UNIVERSITY,WORCESTER,MA,,,,,irs_990pf
HILLEL FOUNDATION,COLUMBUS,OH,,,,,irs_990pf
OHIO STATE UNIVERSITY MEDICAL SCHOOL,COLUMBUS,OH,,,,,irs_990pf
YOUNGSTOWN AREA JEWISH FOUNDATION,YOUNGSTOWN,OH,,,,,irs_990pf
OHEV-TZEDEK TEMPLE,YOUNGSTOWN,OH,,,,,irs_990pf
ANGELS FOR ANIMALS,CANFIELD,OH,,,,,irs_990pf
NEOMED FOUNDATION,ROOTSTOWN,OH,,,,,irs_990pf
CHILDREN S THEATRE COMPANY,MINNEAPOLIS,MN,,,,,irs_990pf
GRAND TETON NATIONAL PARK FOUNDATION,MOOSE,WY,,,,,irs_990pf
INNER CITY TENNIS,MINNEAPOLIS,MN,,,,,irs_990pf
MILKWEED EDITIONS INC,MINNEAPOLIS,MN,,,,,irs_990pf
WOMEN S SPORTS FOUNDATION,EAST MEADOW,NY,,,,,irs_990pf
SCIENCE MUSEUM OF MINNESOTA,ST PAUL,MN,,,,,irs_990pf
THE ADVOCATES FOR HUMAN RIGHTS,MINNEAPOLIS,MN,,,,,irs_990pf
CHILDREN S HEALTH CARE FOUNDATION,EDINA,MN,,,,,irs_990pf
FAIRVOTE MINNESOTA FOUNDATION,ST PAUL,MN,,,,,irs_990pf
PLANNED PARENTHOOD OF MNSD,ST PAUL,MN,,,,,irs_990pf
POSITIVE COACHING ALLIANCE - MN,BLOOMINGTON,MN,,,,,irs_990pf
POSITIVE COACHING ALLIANCE - NATIONAL,MOUNTAIN VIEW,CA,,,,,irs_990pf
WOMEN S FOUNDATION OF MINNESOTA,MINNEAPOLIS,MN,,,,,irs_990pf
ALIA,ST PAUL,MN,,,,,irs_990pf
PLAYWRIGHTS CENTER,MINNEAPOLIS,MN,,,,,irs_990pf
GROVES ACADEMY,ST LOUIS PARK,MN,,,,,irs_990pf
GREENLIGHT FUND,BOSTON,MA,,,,,irs_990pf
MONROVIA FOOTBALL ACADEMY,AVON,CT,,,,,irs_990pf
YSU FOUNDATION,YOUNGSTOWN,OH,,,,,irs_990pf
BOWER CENTER FOR THE ARTS,BEDFORD,VA,,,,,irs_990pf
DIGESTIVE HEALTH FOUNDATION,CHICAGO,IL,,,,,irs_990pf
AMERICAN PRAIRIE FOUNDATION DBA AMERICAN PRAIRIE RESERVE,BOZEMAN,MT,,,,,irs_990pf
TRUSTEES OF UNIVERSITY OF PABASSER JEAN BASH,PHILADELPHIA,PA,,,,,irs_990pf
GUY B EARLY MEMORIAL FUND,CHICAGO,IL,,,,,irs_990pf
AMERICAN ENTERPRISE INSTITUTE FOR PUBLIC POLICY RESEARCH,WASHINGTON,DC,,,,,irs_990pf
UNITED STATES HOLOCAUST MEMORIAL COUNCIL,WASHINGTON,DC,,,,,irs_990pf
THE ULI FOUNDATION,WASHINGTON,DC,,,,,irs_990pf
CORNELL UNIVERSITY,BOONE,IA,,,,,irs_990pf
ROGERS MEMORIAL HOSPITAL FOUNDATION INC,OCONOMOWOC,WI,,,,,irs_990pf
THE AVERY COONLEY SCHOOL,DOWNER GROVE,IL,,,,,irs_990pf
DOE FUND INC,NEW YORK,NY,,,,,irs_990pf
CIA OFFICERS MEMORIAL FOUNDATION,HERNDON,VA,,,,,irs_990pf
BREAST CANCER ALLIANCE,GREENWICH,CT,,,,,irs_990pf
AUTISM SOCIETY OF ALABAMA,BIRMINGHAM,AL,,,,,irs_990pf
BIG BROTHER BIG SISTER,BIRMINGHAM,AL,,,,,irs_990pf
BIRMINGHAM ZOO,BIRMINGHAM,AL,,,,,irs_990pf
CANTERBURY UNITED METHODIST,BIRMINGHAM,AL,,,,,irs_990pf
CENTER OF EXECUTIVE LEADERS,BIRMINGHAM,AL,,,,,irs_990pf
UNTIL THEY KNOW,BIRMINGHAM,AL,,,,,irs_990pf
AIDS ALABAMSA,BIRMINGHAM,AL,,,,,irs_990pf
AMBUCS,BIRMINGHAM,AL,,,,,irs_990pf
BRIARWOOD PRESBYTERIAN CHURCH,BIRMINGHAM,AL,,,,,irs_990pf
BROOKWOOD FOREST ELEMENTARY,BIRMINGHAM,AL,,,,,irs_990pf
CATHEDRAL CHURCH OF THE ADVENT,BIRMINGHAM,AL,,,,,irs_990pf
CHILDREN S HOSPITAL,BIRMINGHAM,AL,,,,,irs_990pf
CHRISTIAN WORSHIP HOUR,BIRMINGHAM,AL,,,,,irs_990pf
CORNERSTONE SCHOOLS,BIRMINGHAM,AL,,,,,irs_990pf
CRIPPLED CHILDREN S FOUNDATION,BIRMINGHAM,AL,,,,,irs_990pf
UAB,BIRMINGHAM,AL,,,,,irs_990pf
EXCEPTIONAL FOUNDATION,BIRMINGHAM,AL,,,,,irs_990pf
FIRST FREE WILL BAPTIST CHURCH,BIRMINGHAM,AL,,,,,irs_990pf
FIT FOR LIFE,BIRMINGHAM,AL,,,,,irs_990pf
FRIENDS OF BIRMINGHAM BOTANICAL GARDEN,BIRMINGHAM,AL,,,,,irs_990pf
GRACE PRESBYTERIAN CHURCH,BIRMINGHAM,AL,,,,,irs_990pf
GREATER BIRMINGHAM HUMANE SOCIETY,BIRMINGHAM,AL,,,,,irs_990pf
JDRF,BIRMINGHAM,AL,,,,,irs_990pf
LEVITE JEWISH COMMUNITY CENTER,BIRMINGHAM,AL,,,,,irs_990pf
MAGIC CITY ART CONNECTION,BIRMINGHAM,AL,,,,,irs_990pf
MAGIC MOMENTS,BIRMINGHAM,AL,,,,,irs_990pf
MCWANE SCIENCE CENTER,BIRMINGHAM,AL,,,,,irs_990pf
MITCHELL S PLACE,BIRMINGHAM,AL,,,,,irs_990pf
MONDAY MORNING QUARTERBACK,BIRMINGHAM,AL,,,,,irs_990pf
MOUNTAIN BROOK CITY SCHOOLS FOUNDATION,BIRMINGHAM,AL,,,,,irs_990pf
MOUNTAIN CHAPEL UMC,BIRMINGHAM,AL,,,,,irs_990pf
PASTORAL COUNSELING TRAINING,BIRMINGHAM,AL,,,,,irs_990pf
RADAR,BIRMINGHAM,AL,,,,,irs_990pf
REDEEMER CITY TO CITY,BIRMINGHAM,AL,,,,,irs_990pf
RESIDENT EDUCATION IN DEPARTMENT OF SURGERY,BIRMINGHAM,AL,,,,,irs_990pf
RONALD MCDONALD HOUSE,BIRMINGHAM,AL,,,,,irs_990pf
SDEA,BIRMINGHAM,AL,,,,,irs_990pf
SEARCH MINISTRIES,BIRMINGHAM,AL,,,,,irs_990pf
STUDIO BY THE TRACKS,BIRMINGHAM,AL,,,,,irs_990pf
THE FOUNDRY MINISTRIES,BIRMINGHAM,AL,,,,,irs_990pf
MOUNTAIN BROOK SCHOOL FOUNDATION,BIRMINGHAM,AL,,,,,irs_990pf
THE WELLHOUSE,BIRMINGHAM,AL,,,,,irs_990pf
UAB SULLIVAN SURVIVORSHIP PROGRAM,BIRMINGHAM,AL,,,,,irs_990pf
AUBURN UNIVERSITY,BIRMINGHAM,AL,,,,,irs_990pf
PIATIGORSKY FOUNDATION,NEW YORK,NY,,,,,irs_990pf
ST TERESA S ACADEMY,KANSAS CITY,MO,,,,,irs_990pf
JACKSON COUNTY CASA,KANSAS CITY,MO,,,,,irs_990pf
OPEN OPTIONS INC,KANSAS CITY,MO,,,,,irs_990pf
MOCSA,KANSAS CITY,MO,,,,,irs_990pf
THE UNIVERSITY OF KANSAS HEALTH SYSTEM,KANSAS CITY,KS,,,,,irs_990pf
THE SALVATION ARMY,KANSAS CITY,MO,,,,,irs_990pf
CITY UNION MISSION INC,KANSAS CITY,MO,,,,,irs_990pf
TURNING POINT,SHAWNEE MISSION,KS,,,,,irs_990pf
PILGRIM CHAPEL,KANSAS CITY,MO,,,,,irs_990pf
CHILD PROTECTION CENTER,KANSAS CITY,MO,,,,,irs_990pf
LESOTO EDUCATIONAL FUND,WOODLAND HILLS,CA,,,,,irs_990pf
THE FARMERS HOUSE INC,WESTON,MO,,,,,irs_990pf
BOYS GIRLS CLUB OF GREATER KC,KANSAS CITY,MO,,,,,irs_990pf
ALPHAPOINTE,KANSAS CITY,MO,,,,,irs_990pf
FRIENDS OF KC ANIMALS,KANSAS CITY,MO,,,,,irs_990pf
ALLIANCE AGAINST ASSAULT AND ABUSE,KANSAS CITY,MO,,,,,irs_990pf
EPISCOPAL COMMUNITY SERVICES,KANSAS CITY,MO,,,,,irs_990pf
THE GOLDEN KEY SCHOLARSHIP FUND,COLUMBIA,MO,,,,,irs_990pf
HOUSTON CHINESE YOUTH CAMP,HOUSTON,TX,,,,,irs_990pf
NATIONAL TAIWAN UNIVERSITY ACADEMIC DEVELOPMENT FOUNDATION,WILLOWBROOK,IL,,,,,irs_990pf
JCCAA,HOUSTON,TX,,,,,irs_990pf
FRIENDS FAMILIES OF ASINS WITH SPECIAL NEEDS INC,HOUSTON,TX,,,,,irs_990pf
ASIA SOCIETY TEXAS CENTER,HOUSTON,TX,,,,,irs_990pf
GIRL SCOUTS,Spokane,WA,,,,,irs_990pf
GONZAGA PREPARATORY SCHOOL,Spokane,WA,,,,,irs_990pf
CAPITOL HILL COMMUNITY FOUNDATION,Washington,DC,,,,,irs_990pf
HABITAT FOR HUMANITY,Spokane,WA,,,,,irs_990pf
CRANE COUNTRY SCHOOL,Santa Barbara,CA,,,,,irs_990pf
SOUTHSIDE COMMUNITY CENTER,Spokane,WA,,,,,irs_990pf
MERIDIAN INTERNATIONAL,Washington,DC,,,,,irs_990pf
TEDDY BEAR FOUNDATION,Santa Barbara,CA,,,,,irs_990pf
THE AMERICAN ACADEMY OF DIPLOMACY,Washington,DC,,,,,irs_990pf
MUSEUM OF ARTS CULTURE,Spokane,WA,,,,,irs_990pf
PACIFIC SCIENCE CENTER,Seattle,WA,,,,,irs_990pf
SPOKANE PARKS FOUNDATION,Spokane,WA,,,,,irs_990pf
CONNOISSEUR CONCERTS,Spokane,WA,,,,,irs_990pf
STORYTELLERS,Santa Barbara,CA,,,,,irs_990pf
SCHWEITZER ALPINE RACING SCHOOL,Sandpoint,ID,,,,,irs_990pf
VANESSA BEHAN CRISIS NURSERY,Spokane,WA,,,,,irs_990pf
HILL CENTER OLD NAVAL HOSPITAL,Washington,DC,,,,,irs_990pf
LIVING LAND WATERS,East Moline,IL,,,,,irs_990pf
SPOKANE PUBLIC LIBRARY FDTN,Spokane,WA,,,,,irs_990pf
JUNIOR ACHIEVEMENT,Spokane,WA,,,,,irs_990pf
WAMU PUBLIC RADIO,Washington,DC,,,,,irs_990pf
CHRIST KITCHEN,Spokane,WA,,,,,irs_990pf
LOTUSLAND BOTANICAL GARDEN,Montecito,CA,,,,,irs_990pf
MIT,Cambridge,MA,,,,,irs_990pf
RIDGEVIEW CLASSICAL SCHOOLS,Fort Collins,CO,,,,,irs_990pf
ALL SAINTS EPISCOPAL CHURCH,Santa Barbara,CA,,,,,irs_990pf
FOLEY INSTITUTE,Pullman,WA,,,,,irs_990pf
ANGEL FOSTER CARE,Santa Barbara,CA,,,,,irs_990pf
DISHMAN HILLS CONSERVANCY,Spokane,WA,,,,,irs_990pf
WOMEN IN TIMBER,Blocksburg,CA,,,,,irs_990pf
FT COLLINS SYMPHONY,Fort Collins,CO,,,,,irs_990pf
FOOD BANK LARIMER COUNTY,Loveland,CO,,,,,irs_990pf
COMMUNITY COLLEGES OF SPOKANE,Spokane,WA,,,,,irs_990pf
SHRINERS CHILDREN S HOSPITAL,Spokane,WA,,,,,irs_990pf
DENVER MISSION,Denver,CO,,,,,irs_990pf
MINERAL COUNTY FOOD BANK,Superior,MT,,,,,irs_990pf
FRIENDS OF SMITHSONIAN,Washington,DC,,,,,irs_990pf
CENTER FOR ENVIRONMENT SOCIETY,Chestertown,MD,,,,,irs_990pf
ST REGIS SCHOOL,St Regis,MT,,,,,irs_990pf
COLORADO PHESANTS FOREVER,St Paul,MN,,,,,irs_990pf
KENNEDY CENTER,Washington,DC,,,,,irs_990pf
ALZHEIMERS ASSOCIATION,AUSTIN,TX,,,,,irs_990pf
ARTS FOR RURAL TEXAS,FAYETTEVILLE,TX,,,,,irs_990pf
AUSTIN PUBLIC LIBRARY FRIENDS FOUNDATION,AUSTIN,TX,,,,,irs_990pf
AUSTIN WILDLIFE RESCUE,AUSTIN,TX,,,,,irs_990pf
BARBARA BUSH LITERACY HOUSTON FOUNDATION,HOUSTON,TX,,,,,irs_990pf
BIG BROTHERS BIG SISTERS LONE STAR,HOUSTON,TX,,,,,irs_990pf
BOOKSPRING,AUSTIN,TX,,,,,irs_990pf
BREAKTHROUGH HOUSTON ST JOHNS SCHOOL,HOUSTON,TX,,,,,irs_990pf
CANDID,NEW YORK,NY,,,,,irs_990pf
CENTER FOR DISASTER PHILANTHROPY,WASHINGTON,DC,,,,,irs_990pf
CENTER FOR PURSUIT,HOUSTON,TX,,,,,irs_990pf
COMMUNITIES IN SCHOOLS OF CENTRAL TEXAS,AUSTIN,TX,,,,,irs_990pf
EIGHT MILLION STORIES,HOUSTON,TX,,,,,irs_990pf
EMANCIPET,AUSTIN,TX,,,,,irs_990pf
ETOSHA RESCUE ADOPTION CENTER,SEGUIN,TX,,,,,irs_990pf
EVES FUND,DALTON,MA,,,,,irs_990pf
FAMILY ELDERCARE INC,AUSTIN,TX,,,,,irs_990pf
GIRLS EMPOWERMENT NETWORK,AUSTIN,TX,,,,,irs_990pf
GUIDE DOGS OF TEXAS,SAN ANTONIO,TX,,,,,irs_990pf
HOSPICE AUSTIN,AUSTIN,TX,,,,,irs_990pf
HOUSTON ARTS ALLIANCE,HOUSTON,TX,,,,,irs_990pf
HOUSTON BLUES MUSEUM,HOUSTON,TX,,,,,irs_990pf
HOUSTON HOSPICE,HOUSTON,TX,,,,,irs_990pf
HOUSTON MUSEUM OF NATURAL SCIENCE,HOUSTON,TX,,,,,irs_990pf
HOUSTON PUBLIC LIBRARY FOUNDATION,HOUSTON,TX,,,,,irs_990pf
INTERFAITH MINISTRIES FOR GREATER HOUSTON,HOUSTON,TX,,,,,irs_990pf
LITERACY FIRST UNIVERSITY OF TEXAS-AUSTIN,AUSTIN,TX,,,,,irs_990pf
MAKE-A-WISH TEXAS GULF COAST AND LOUISIANA,STAFFORD,TX,,,,,irs_990pf
MCNAY MUSEUM,SAN ANTONIO,TX,,,,,irs_990pf
MEALS ON WHEELS CENTRAL TEXAS,AUSTIN,TX,,,,,irs_990pf
MOBILE LOAVES AND FISHES,AUSTIN,TX,,,,,irs_990pf
PLANNED PARENTHOOD GULF COAST,HOUSTON,TX,,,,,irs_990pf
RIVER OAKS FOUNDATION,HOUSTON,TX,,,,,irs_990pf
RONALD MCDONALD HOUSE OF HOUSTON,HOUSTON,TX,,,,,irs_990pf
SALVATION ARMY GREATER HOUSTON,HOUSTON,TX,,,,,irs_990pf
SALVATION ARMY OF AUSTIN,AUSTIN,TX,,,,,irs_990pf
SAM HOUSTON AREA COUNCIL BOY SCOUTS,HOUSTON,TX,,,,,irs_990pf
TEXAS HUMANE HEROES,LEANDER,TX,,,,,irs_990pf
THE WOODS PROJECT,HOUSTON,TX,,,,,irs_990pf
THUNDERING PAWS,DRIPPING SPRINGS,TX,,,,,irs_990pf
TRIPLE ME MAC EQUINE SANCTUARY,SPRING BRANCH,TX,,,,,irs_990pf
UNIVERSITY OF HOUSTON - COLLEGE OF NURSING,SUGAR LAND,TX,,,,,irs_990pf
UNIVERSITY OF TEXAS - AUSTIN - COLLEGE OF NATURAL SCIENCES,AUSTIN,TX,,,,,irs_990pf
MAT BACKERS WISC RAPIDS WRESTLING CLUB,Wisconsin Rapids,WI,,,,,irs_990pf
FAMILY PROMISE OF WASHINGTON COUNTY,West Bend,WI,,,,,irs_990pf
CASA GUADALUPE EDUCATION CENTER,West Bend,WI,,,,,irs_990pf
CHILDRENS HOSPITAL OF WISC FOUNDATION,Milwaukee,WI,,,,,irs_990pf
UNITED SPECIAL SPORTSMAN ALLIANCE,Pittsville,WI,,,,,irs_990pf
BIG BROTHERS BIG SISTERS,Tampa,FL,,,,,irs_990pf
ANCHOR OF HOPE,Sheboygan,WI,,,,,irs_990pf
RICHFIELD HISTORICAL SOCIETY,Richfield,WI,,,,,irs_990pf
VETERANS OUTREACH OF WISCONSIN,Racine,WI,,,,,irs_990pf
SECURE FUTURES FOUNDATION,Milwaukee,WI,,,,,irs_990pf
USHJA FOUNDATION,Lexington,KY,,,,,irs_990pf
MITCHELL ATHLETIC BOOSTER CLUB,Racine,WI,,,,,irs_990pf
COMMUNITY COUNSELING SOLUTIONS,Heppner,OR,,,,,irs_990pf
REINS EQUINE ASSISTED THERAPY INC,Sheboygan Falls,WI,,,,,irs_990pf
GLENAYRE EQUESTRIAN PROGRAM,Lumberton,NJ,,,,,irs_990pf
NATIONAL HORSE SHOW,Lexington,KY,,,,,irs_990pf
NEW SONG COUNSELING CENTER,Mt Sterling,KY,,,,,irs_990pf
CROSSROADS ELEMENTARY,Owingsville,KY,,,,,irs_990pf
SECOND HARVEST INLAND NW,SPOKANE,WA,,,,,irs_990pf
BURGH BEES,PITTSBURGH,PA,,,,,irs_990pf
CAT ADOPTION TEAM,SHERWOOD,OR,,,,,irs_990pf
CHAUTAUQUA STRIDERS INC,JAMESTOWN,NY,,,,,irs_990pf
HELOTES HUMANE SOCIETY,SAN ANTONIO,TX,,,,,irs_990pf
IDAY DREAM,COVINGTON,WA,,,,,irs_990pf
IDW-CERT INDIAN WELLS,RIDGECREST,CA,,,,,irs_990pf
JACKSON STREET YOUTH SERVICES,ALBANY,OR,,,,,irs_990pf
MURIGTA ASB SPRINGS CHARTER SCHOOLS,MURRIETA,CA,,,,,irs_990pf
NORTH HELPLINE,SEATTLE,WA,,,,,irs_990pf
SPOKANE ANGELS,SPOKANE,WA,,,,,irs_990pf
TEEN REACH,SHERWOOD,OR,,,,,irs_990pf
WITH LOVE OREGON,TIGARD,OR,,,,,irs_990pf
COLORSCAPES CHENANGO ARTS FESTIVAL,NORWICH,NY,,,,,irs_990pf
FRIENDS OF ROGERS ENVIRONMENTAL,SHERBURNE,NY,,,,,irs_990pf
UNITED CHURCH CHRIST 1ST CONG,NORWICH,NY,,,,,irs_990pf
BRAINBRIDGE-GUILFORD CENTRAL SCHOOL DIST,BAINBRIDGE,NY,,,,,irs_990pf
NYS VETERANS HOME,OXFORD,NY,,,,,irs_990pf
HOSPICE OF CHENANGO COUNTY,NORWICH,NY,,,,,irs_990pf
EMMANUEL EPISCOPAL CHURCH,NORWICH,NY,,,,,irs_990pf
NORWICH YMCA,NORWICH,NY,,,,,irs_990pf
CHENANGO COUNTY HISTORICAL ASSN,NORWICH,NY,,,,,irs_990pf
NYERONGSHA INSTITUTE CHILDRENS FUND,BERKELEY,CA,,,,,irs_990pf
NATIONAL CASAGAL ASSOC CHILDREN,SEATTLE,WA,,,,,irs_990pf
ECHO SHELTER,ATASCADERO,CA,,,,,irs_990pf
INST OF PERMACULTURE EDUCATION,PORTLAND,OR,,,,,irs_990pf
USANA TRUE HEALTH FOUNDATION,SALT LAKE CITY,UT,,,,,irs_990pf
CONTRIBUTIONS OF 5000 OR LESS,BOCA RATON,FL,,,,,irs_990pf
MORGAN STANLEY GLOBAL IMPACT FUNDING TRUST INC CO DRINKER BIDDLE REATH LL,NEW YORK,NY,,,,,irs_990pf
MY STEP FOUNDATION INC,NORTH HOLLYWOOD,CA,,,,,irs_990pf
KENT STATE UNIVERSITY,KENT,OH,,,,,irs_990pf
THE UNIVERSITY OF AKRON,AKRON,OH,,,,,irs_990pf
WINDING CREEK PTO,Mechanicsburg,PA,,,,,irs_990pf
ACHIEVE MIAMI INC,MIAMI,FL,,,,,irs_990pf
BOLTON VOLUNTEER FIRE DEPARTMENT,BOLTON LANDING,NY,,,,,irs_990pf
CITY AND COUNTRY SCHOOL INC,NEW YORK,NY,,,,,irs_990pf
DOUBLE H RANCH,WILLISTON,VT,,,,,irs_990pf
EL SISTEMA USA,DURNHAM,NC,,,,,irs_990pf
FOUNDATION FOR NEW EDUCATION INITIATIVES,MIAMI,FL,,,,,irs_990pf
GLENS FALLS HOSPITAL FOUNDATION,GLENS FALLS,NY,,,,,irs_990pf
GLENS FALLS SYMPHONY ORCHESTRA,GLENS FALLS,NY,,,,,irs_990pf
GLENS FALLS YOUTH CENTER,GLENS FALLS,NY,,,,,irs_990pf
HOLOCAUST MEMORIAL MIAMI BEACH,MIAMI BEACH,FL,,,,,irs_990pf
INSTITUTE OF CONTEMPORARY ART,BOSTON,MA,,,,,irs_990pf
INTERLOCHEN CENTER FOR THE ARTS,INTERLOCHEN,MI,,,,,irs_990pf
LAKE GEORGE ASSOCIATION,LAKE GEORGE,NY,,,,,irs_990pf
MARLBORO MUSIC SCHOOL FESTIVAL,MARLBORO,VT,,,,,irs_990pf
MASTER CHORALE OF SOUTH FLORIDA INC,FORT LAUDERDALE,FL,,,,,irs_990pf
MIAMI MUSIC PROJECT,MIAMI,FL,,,,,irs_990pf
NU DECO ENSEMBLE,MIAMI,FL,,,,,irs_990pf
OJAI MUSIC FESTIVAL,OJAI,CA,,,,,irs_990pf
OVERTOWN YOUTH CENTER,MIAMI,FL,,,,,irs_990pf
PLAY ON PHILLY,PHILADELPHIA,PA,,,,,irs_990pf
PROPUBLICA,NEW YORK,NY,,,,,irs_990pf
ROCK AND ROLL HALL OF FAME AND MUSEUM INC,CLEVELAND,OH,,,,,irs_990pf
SAN DIEGO YOUTH SYMPHONY,SAN DIEGO,CA,,,,,irs_990pf
SARATOGA PERFORMING ARTS CENTER,SARATOGA SPRINGS,NY,,,,,irs_990pf
SUE LEONARD MILLER CENTER FOR JUDAIC STUDIES,MIAMI,FL,,,,,irs_990pf
TEACH FOR AMERICA INC,NEW YORK,NY,,,,,irs_990pf
TEMPLE BETH AM,PINECREST,FL,,,,,irs_990pf
THE FUND FOR LAKE GEORGE,LAKE GEORGE,NY,,,,,irs_990pf
TEMPLE BETH EL,GLENS FALLS,NY,,,,,irs_990pf
THE MIAMI FOUNDATION,MIAMI,FL,,,,,irs_990pf
THE MANAGEMENT CENTER,WASHINGTON,DC,,,,,irs_990pf
THIRD WAY INSTITUTE,WASHINGTON,DC,,,,,irs_990pf
TOWN HALL FOUNDATION,NEW YORK,NY,,,,,irs_990pf
UNITED WAY OF MIAMI-DADE,MIAMI,FL,,,,,irs_990pf
UP YONDA FARM,BOLTON LANDING,NY,,,,,irs_990pf
A BETTER CHANCE,DARIEN,CT,,,,,irs_990pf
DARIAN LAND TRUST,DARIEN,CT,,,,,irs_990pf
DARIEN ARTS CENTER,DARIEN,CT,,,,,irs_990pf
DARIEN EMERGENCY MEDICAL SVCS,DARIEN,CT,,,,,irs_990pf
DARIEN POLICE ASSOCIATION,DARIEN,CT,,,,,irs_990pf
HEIFER INTL,LITTLE ROCK,AR,,,,,irs_990pf
UNITED CHURCH OF ROWAYTON,ROWAYTON,CT,,,,,irs_990pf
THE CENTER FOR SEXUAL ASSAULT,STAMFORD,CT,,,,,irs_990pf
GRASSROOTS TENNIS EDUCATION,NORWALK,CT,,,,,irs_990pf
JOSHUA HOUSE FUND,DARIEN,CT,,,,,irs_990pf
INSEAD MANAGEMENT EDUCATION,NEW YORK,NY,,,,,irs_990pf
INDIAN CIRCLE FOR CARING,WALTHAM,MA,,,,,irs_990pf
BIDADA INTERNATIONAL FOUNDATION,CYPRESS,CA,,,,,irs_990pf
IMANE,WALTHAM,MA,,,,,irs_990pf
SATSANG,WOBURN,MA,,,,,irs_990pf
WE CARE CHARITY,SALEM,NH,,,,,irs_990pf
SAHELI,Burlington,MA,,,,,irs_990pf
HINDI MANCH,Lexington,MA,,,,,irs_990pf
SRI LAXMI TEMPLE,ASHLAND,MA,,,,,irs_990pf
ISSO SHRI SWAMINARAYAN HINDU TEMPLE,LOWELL,MA,,,,,irs_990pf
CUTANEOUS LYMPHOMA FOUNDATION,BIRMINGHAM,MI,,,,,irs_990pf
LAKE MAGDELENE CHURCH,TAMPA,FL,,,,,irs_990pf
JUDEO CHRISTIAN HEALTH,TAMPA,FL,,,,,irs_990pf
METROPOLITAN MINISTRIES,TAMPA,FL,,,,,irs_990pf
CROWN FINANCIAL MINISTRIES,GAINESVILLE,GA,,,,,irs_990pf
FOCUS ON THE FAMILY,OMAHA,NE,,,,,irs_990pf
INSIGHT FOR THE LIVING,PLANO,TX,,,,,irs_990pf
ST ODILIA SCHOOL,ST PAUL,MN,,,,,irs_990pf
COLLEGE ACCESS 529 PLANS,PALM HARBOR,FL,,,,,irs_990pf
ARCS FOUNDATION INC,POTOMAC,MD,,,,,irs_990pf
FEMINIST WOMEN S HEALTH CENTER,ATLANTA,GA,,,,,irs_990pf
SPECIAL HOCKEY MONTGOMERY INC,BETHESDA,MD,,,,,irs_990pf
WASHINGTON ENGLISH CENTER,WASHINGTON,DC,,,,,irs_990pf
RESET,WASHINGTON,DC,,,,,irs_990pf
GIRLS ON THE RUN LA,PASADENA,CA,,,,,irs_990pf
EDUCATIONAL FUND TO STOP GUN VIOLENCE,WASHINGTON,DC,,,,,irs_990pf
MIKVA CHALLENGE GRANT FOUNDATION DC,CHICAGO,IL,,,,,irs_990pf
IMAGINE LA,LOS ANGELES,CA,,,,,irs_990pf
NEW ENDEAVORS BY WOMEN,WASHINGTON,DC,,,,,irs_990pf
CHILDREN S SCIENCE CENTER,FAIRFAX,VA,,,,,irs_990pf
ART ENABLES DC,WASHINGTON,DC,,,,,irs_990pf
OPEN CITY ADVOCATES,WASHINGTON,DC,,,,,irs_990pf
JUNIOR ACHIEVEMENT OF UPSTATE SOUTH CAROLINA,GREENVILLE,SC,,,,,irs_990pf
CALVARY WOMEN S SERVICES,WASHINGTON,DC,,,,,irs_990pf
DISABILITY RESOURCE CENTER,FREDERICKSBURG,VA,,,,,irs_990pf
AUSTIN COMMUNITY COLLEGE FOUNDATION,AUSTIN,TX,,,,,irs_990pf
AUSTIN HIGH FOOTBALL BOOSTERS INC,AUSTIN,TX,,,,,irs_990pf
CHILDREN S MEDICAL CENTER FOUNDATION,AUSTIN,TX,,,,,irs_990pf
EPISCOPAL THEOLOGICAL SEMINARY OF THE SOUTHWEST,AUSTIN,TX,,,,,irs_990pf
GOOD SHEPHERD EPISCOPAL CHURCH,AUSTIN,TX,,,,,irs_990pf
HILL COUNTRY SCIENCE MILL,JOHNSON,TX,,,,,irs_990pf
PEOPLES COMMUNITY CLINIC,AUSTIN,TX,,,,,irs_990pf
ST DAVID S FOUNDATION,AUSTIN,TX,,,,,irs_990pf
TEXAS TRIBUNE INC,AUSTIN,TX,,,,,irs_990pf
THE UNIVERSITY OF TEXAS AT AUSTIN,AUSTIN,TX,,,,,irs_990pf
MOSQUITO HILL NATURE CENTER,New London,WI,,,,,irs_990pf
THE NEIGHBORHOOD CHRISTIAN CLINIC,Phoenix,AZ,,,,,irs_990pf
CHILDREN S WELFARE DEVELOPMENT FUND,Elmhurst,IL,,,,,irs_990pf
FRANCISCAN RENEWAL CENTER,Scottsdale,AZ,,,,,irs_990pf
WISCONSIN BLACK HISTORICAL SOCIETY,Milwaukee,WI,,,,,irs_990pf
MERCY MEMORIAL BAPTIST CHURCH,Milwaukee,WI,,,,,irs_990pf
DETAILS OF CONTRIBUTIONS TO CHARITABLE ORGANIZATIONS AVAILABLE UPON REQUEST,NEW YORK,NY,,,,,irs_990pf
THE AWAKEN SOCIETY,RENO,NV,,,,,irs_990pf
PINELLAS COMMUNITY FOUNDATION INC,CLEARWATER,FL,,,,,irs_990pf
UNIVERSITY OF NEBRASKA FO,KEARNEY,NE,,,,,irs_990pf
ST JAMES CATHOLIC CHURCH,KEARNEY,NE,,,,,irs_990pf
CITY OF KEARNEY PUBLIC LI,KEARNEY,NE,,,,,irs_990pf
KEARNEY COMMUNITY THEATRE,KEARNEY,NE,,,,,irs_990pf
FT KEARNEY AMERICAN RED C,KEARNEY,NE,,,,,irs_990pf
AMERICAN CANCER SOCIETY,KEARNEY,NE,,,,,irs_990pf
AMERICAN HEART ASSOCIATION,OMAHA,NE,,,,,irs_990pf
SPENCER SMITH,MATTOON,IL,,,,,irs_990pf
MATTOON HIGH SCHOOL,MATTOON,IL,,,,,irs_990pf
STUDENT STATESMANSHIP INSTITUTE,LANSING,MI,,,,,irs_990pf
COSTA RICAN SCHOOL OF OPPORTUNITIES,ATLANTA,GA,,,,,irs_990pf
ANIMALS RULES,SAN PEDRO,CA,,,,,irs_990pf
DOWNTOWN WOMENS CENTER,LOS ANGELES,CA,,,,,irs_990pf
CHP 11-99 FOUNDATION,FULLERTON,CA,,,,,irs_990pf
HONORARY DEPUTY SHERIFFS,SAN DIEGO,CA,,,,,irs_990pf
HORIZON CHRISTIAN FELLOWSHIP,RANCHO SANTA FE,CA,,,,,irs_990pf
SAN DIEGO RESCUE MISSION,SAN DIEGO,CA,,,,,irs_990pf
SAN DIEGO ZOO,SAN DIEGO,CA,,,,,irs_990pf
STORMEYE INSTITUTE,CHARLESTON,SC,,,,,irs_990pf
THE OLD GLOBE,SAN DIEGO,CA,,,,,irs_990pf
WOUNDED WARRIOR PORJECT,JACKSONVILLE,FL,,,,,irs_990pf
THE LEGACY FOUNDATION,DEL MAR,CA,,,,,irs_990pf
BRENDA ADELMAN,GUERNEVILLE,CA,,,,,irs_990pf
FLORA COKER,MILWAUKEE,WI,,,,,irs_990pf
GLEN WEAVER,SEBASTOPOL,CA,,,,,irs_990pf
KAITLYN THERIAULT,Templeton,MA,,,,,irs_990pf
CAITLIN MURPHY,Templeton,MA,,,,,irs_990pf
ANTHONY COLLINS,Baldwinville,MA,,,,,irs_990pf
HANNAH BENNETT,Templeton,MA,,,,,irs_990pf
CASSANDRA PENTTILA,Templeton,MA,,,,,irs_990pf
ADRIAN COLLEGE,ADRIAN,MI,,,,,irs_990pf
AMERICA S VETDOGS,SMITHTOWN,NY,,,,,irs_990pf
CARING FOR KIDS,CUYAHOGA FLS,OH,,,,,irs_990pf
CERTSGROUP FOUNDATION,ALPINE,UT,,,,,irs_990pf
CURE CHILDHOOD CANCER,ATLANTA,GA,,,,,irs_990pf
FILL THIS HOUSE,CHAGRIN FALLS,OH,,,,,irs_990pf
FOLDS OF HONOR,OWASSO,OK,,,,,irs_990pf
FORUM FOR EDUCATIONAL OPTIONS,MIAMISBURG,OH,,,,,irs_990pf
GOSHEN VALLEY FOUNDATION,CANTON,GA,,,,,irs_990pf
KIDSAVE INTERNATIONAL,WASHINGTON,DC,,,,,irs_990pf
LUTHERAN METROPOLITAN MINISTRY,CLEVELAND,OH,,,,,irs_990pf
MERCURY ONE INC,IRVING,TX,,,,,irs_990pf
MILTON FIRST RESPONDERS FOUNDATION,MILTON,GA,,,,,irs_990pf
NO LONGER BOUND,CUMMING,GA,,,,,irs_990pf
NORTH POINT COMMUNITY CHURCH,ALPHARETTA,GA,,,,,irs_990pf
OHIO MASONIC HOME FOUNDATION,SPRINGFIELD,OH,,,,,irs_990pf
PRISON FELLOWSHIP MINISTRIES,LANSDOWNE,VA,,,,,irs_990pf
SILVER LAKE CONFERENCE CENTER,SHARON,CT,,,,,irs_990pf
STANDUP FOR KIDS,ATLANTA,GA,,,,,irs_990pf
THE UNDERGROUND RAILROAD PROJECT,ANAHEIM,CA,,,,,irs_990pf
THE VILLAGE NETWORK,WOOSTER,OH,,,,,irs_990pf
TOWARDS EMPLOYMENT INC,CLEVELAND,OH,,,,,irs_990pf
WELLSPRING LIVING,ATLANTA,GA,,,,,irs_990pf
THE LITTLE LIGHT HOUSE,TULSA,OK,,,,,irs_990pf
TEXAS TECH FOUNDATION INC,LUBBOCK,TX,,,,,irs_990pf
CIRCLE OF CARE,OKLAHOMA CITY,OK,,,,,irs_990pf
ON THE ROCK MINISTRIES,BARTLESVILLE,OK,,,,,irs_990pf
GOODLAND ACDEMY,HUGO,OK,,,,,irs_990pf
ORAL ROBERTS UNIVERSITY,TULSA,OK,,,,,irs_990pf
MIKE BARBER MINISTRIES,LANCASTER,TX,,,,,irs_990pf
WESLEY FOUNDATION,TULSA,OK,,,,,irs_990pf
SOWERS OF THE HARVEST,WITTER,AR,,,,,irs_990pf
KIDS ACROSS AMERICA,BRANSON,MO,,,,,irs_990pf
ASBURY UNITED METHODIST CHURCH,TULSA,OK,,,,,irs_990pf
RESTORE HOPE MINISTRIES,TULSA,OK,,,,,irs_990pf
WORLD BASEBALL OUTREACH,TULSA,OK,,,,,irs_990pf
OPERATION HOPE,TULSA,OK,,,,,irs_990pf
THE FOLDS OF HONOR,OWASSO,OK,,,,,irs_990pf
YOUTH FOR CHRIST USA INC,ENGLEWOOD,CO,,,,,irs_990pf
HEARTS FOR HEARING FOUNDATION,OKLAHOMA CITY,OK,,,,,irs_990pf
STAND IN THE GAP INC,TULSA,OK,,,,,irs_990pf
MUSICIANS INSPIRING CHILDREN INC,FAYETVILLE,AR,,,,,irs_990pf
THE HUMANE SOCIETY OF THE OZARKS,FAYETVILLE,AR,,,,,irs_990pf
TULSA DREAM CENTER INC,TULSA,OK,,,,,irs_990pf
COLLEGE MOXIE INC,ANAHEIM,CA,,,,,irs_990pf
VISION FOR CHILDREN,TULSA,OK,,,,,irs_990pf
EDUCATION FOR ALL CHILDREN,Rye,NH,,,,,irs_990pf
READWORKS,BROOKLYN,NY,,,,,irs_990pf
WESTCOAST BLACK THEATRE,SARASOTA,FL,,,,,irs_990pf
POLY PREP COUNTRY DAY SCHOOL,BROOKLYN,NY,,,,,irs_990pf
THE KESTREL LAND TRUST,AMHERST,MA,,,,,irs_990pf
A PRECIOUS CHILD,BROOMFIELD,CO,,,,,irs_990pf
ALMOST HOME,BRIGHTON,CO,,,,,irs_990pf
ANCHOR CENTER,DENVER,CO,,,,,irs_990pf
ASHLEY DOOLITTLE FOUNDATION,LOVELAND,CO,,,,,irs_990pf
BRENT S PLACE BRENT ELEY FOUNDATION,AURORA,CO,,,,,irs_990pf
BROOMFIELD FISH,BROOMFIELD,CO,,,,,irs_990pf
BROOMFIELD MEALS ON WHEELS,BROOMFIELD,CO,,,,,irs_990pf
GRAND SENIORS MOUNTAIN FAMILY CENTER,GRANBY,CO,,,,,irs_990pf
HOPE HOUSE OF COLORADO,ARVADA,CO,,,,,irs_990pf
JOSHUA S STOREHOUSE AND DISTRIBUTIO,CASPER,WY,,,,,irs_990pf
KITCHEN ANGELS OF SANTA FE,SANTA FE,NM,,,,,irs_990pf
NORTHGLENN HISTORIC PRESERVATION FOUNDATION,NORTHGLENN,CO,,,,,irs_990pf
RONALD MCDONDALD HOUSE,DENVER,CO,,,,,irs_990pf
TEF BERTHOUD SCHOOLS FUND,LOVELAND,CO,,,,,irs_990pf
THE CATHOLIC FOUNDATION ALLIANCE,DENVER,CO,,,,,irs_990pf
THE URBAN FARM,DENVER,CO,,,,,irs_990pf
THERE WITH CARE,BOULDER,CO,,,,,irs_990pf
ALZHEIMER S ASSOCIATION NATIONAL OFFICE,CHICAGO,IL,,,,,irs_990pf
ELMHURST ART MUSUEM,ELMHURST,IL,,,,,irs_990pf
ELMHURST COLLEGE,ELMHURST,IL,,,,,irs_990pf
ELMHURST SYMPHONY ORCHESTRA,ELMHURST,IL,,,,,irs_990pf
ELMHURST WALK-IN MINISTRY - ST PETER S CHURCH OF CHRIST,ELMHURST,IL,,,,,irs_990pf
MILLIKIN UNIVERSITY,DECATUR,IL,,,,,irs_990pf
ST PETER S UC OF CHRIST CHURCH,ELMHURST,IL,,,,,irs_990pf
DYNASTY CHEERABILITIES,DRAPER,UT,,,,,irs_990pf
2ND STAGE THEATER,NEW YORK,NY,,,,,irs_990pf
ATWILL MEMORIAL CHAPEL,NORTHPOINT,MI,,,,,irs_990pf
ELITE PEORIA PARK DISTRICT,PEORIA,IL,,,,,irs_990pf
HEARTLAND SYMPHONY ORCHESTRA,PEORIA,IL,,,,,irs_990pf
IWEC,NEW YORK,NY,,,,,irs_990pf
PEABODY ESSEX MUSEUM,SALEM,MA,,,,,irs_990pf
PEORIA PUBLIC SCHOOLS FOUNDATION,PEORIA,IL,,,,,irs_990pf
PEORIA RIVERFRONT MUSEUM,PEORIA,IL,,,,,irs_990pf
PHILLIPS ACADEMY PEABODY MUSEUM,ANDOVER,MA,,,,,irs_990pf
UCSF FOUNDATION,SAN FRANCISCO,CA,,,,,irs_990pf
UNIVERSITY OF MICHIGAN LIBRARY,ANN ARBOR,MI,,,,,irs_990pf
UNIVERSITY OF MICHIGAN MUSEUM OF ART,ANN ARBOR,MI,,,,,irs_990pf
BRAD WENTLANDT,SUMMERFIELD,FL,,,,,irs_990pf
TRUETT MCCONNELL COLLEGE,CLEVELAND,GA,,,,,irs_990pf
SHORTER UNIVERSITY,ROME,GA,,,,,irs_990pf
LANIER TECHNICAL COLLEGE,OAKWOOD,GA,,,,,irs_990pf
UNSEEN HANDS MINISTRY,CUMMING,GA,,,,,irs_990pf
BREWTON-PARKER COLLEGE,MT VERNON,GA,,,,,irs_990pf
BELL RESEARCH CENTER,CUMMING,GA,,,,,irs_990pf
WARRIOR 2 CITIZEN,ATLANTA,GA,,,,,irs_990pf
UNTED WAY OF FORSYTH COUNTY,CUMMING,GA,,,,,irs_990pf
GEORGIA MOUNTAIN FOOD BANK,FLOWERY BRANCH,GA,,,,,irs_990pf
DAWSON FORSYTH FCA,CUMMING,GA,,,,,irs_990pf
MENTOR ME NORTH GEORGIA INC,CUMMING,GA,,,,,irs_990pf
USO,ATLANTA,GA,,,,,irs_990pf
BALD RIDGE LODGE INC,CUMMING,GA,,,,,irs_990pf
LEADERSHIP FORSYTH,CUMMING,GA,,,,,irs_990pf
CAMP AMPLIFY,WINDER,GA,,,,,irs_990pf
CREATIVE ENTERPRISES INC,CUMMING,GA,,,,,irs_990pf
FCA CHEROKEE COUNTY,CANTON,GA,,,,,irs_990pf
EAGLE RANCH,CHESTNUT MTN,GA,,,,,irs_990pf
MEALS BY GRACE,CUMMING,GA,,,,,irs_990pf
CASA OF FORSYTH COUNTY,CUMMING,GA,,,,,irs_990pf
THE CONNECTION,CUMMING,GA,,,,,irs_990pf
DANIEL KUCHARIK,WEST CHESTER,PA,,,,,irs_990pf
ARTFUSION 19464,POTTSTOWN,PA,,,,,irs_990pf
LUCAS GRAY,ITHACA,NY,,,,,irs_990pf
ABIGAYLE REISNER,SPRING CITY,PA,,,,,irs_990pf
JASON BUCKWATER,UNIVERSITY PARK,PA,,,,,irs_990pf
POTTSTOWN REGIONAL PUBLIC LIBRARY,POTTSTOWN,PA,,,,,irs_990pf
GREEN ALLIES,GREEN LANE,PA,,,,,irs_990pf
BOY SCOUTS OF AMERICA CAPITOL AREA,AUSTIN,TX,,,,,irs_990pf
CANYON LAKE CHURCH OF CHRIST,CANYON LAKE,TX,,,,,irs_990pf
CHRIST PRESBYTERIAN CHURCH,NEW BRAUNFELS,TX,,,,,irs_990pf
CTMC FOUNDATION,SAN MARCOS,TX,,,,,irs_990pf
EDEN HILL COMMUNITIES,NEW BRAUNFELS,TX,,,,,irs_990pf
FIRST PRESBYTERIAN CHURCH SM,SAN MARCOS,TX,,,,,irs_990pf
FIRST UNITED METHODIST CHURCH GT,GEORGETOWN,TX,,,,,irs_990pf
FIRST UNITED METHODIST CHURCH NB,NEW BRAUNFELS,TX,,,,,irs_990pf
FIRST UNITED METHODIST CHURCH PS,PEARSALL,TX,,,,,irs_990pf
FIRST UNITED METHODIST CHURCH SM,SAN MARCOS,TX,,,,,irs_990pf
FIRST UNITED METHODIST CHURCH LUBB,LUBBOCK,TX,,,,,irs_990pf
GREATER BETHEL BAPTIST CHURCH,SAN MARCOS,TX,,,,,irs_990pf
THE HERITAGE ASSOCIATION OF SAN MAR,SAN MARCOS,TX,,,,,irs_990pf
HOPE HOSPICE,NEW BRAUNFELS,TX,,,,,irs_990pf
HILL COUNTRY DAILY BREAD MINISTRIES,BOERNE,TX,,,,,irs_990pf
OAKWOOD BAPTIST CHURCH,NEW BRAUNFELS,TX,,,,,irs_990pf
SAN MARCOS ACADEMY,SAN MARCOS,TX,,,,,irs_990pf
ST MARK S EPISCOPAL CHURCH,SAN MARCOS,TX,,,,,irs_990pf
TARRYTOWN UNITED METHODIST CHURCH,AUSTIN,TX,,,,,irs_990pf
TEXAS LIONS CAMP,KERRVILLE,TX,,,,,irs_990pf
TEXAS STATE UNIVERSITY-SAN MARCOS,SAN MARCOS,TX,,,,,irs_990pf
TWICE BLESSED CONSIGNMENT SHOP,SAN MARCOS,TX,,,,,irs_990pf
UNITED METHODIST WOMEN,NEW YORK,NY,,,,,irs_990pf
YOUNG LIFE-HAYS COUNTY,SAN MARCOS,TX,,,,,irs_990pf
AMERICAN COMMUNITY GARDENING ASSOCIATION,COLLEGE PARK,GA,,,,,irs_990pf
CORNISH COLLEGE OF ARTS,SEATTLE,WA,,,,,irs_990pf
TOWN HALL SEATTLE,SEATTLE,WA,,,,,irs_990pf
NOTRE DAME COLLEGE PREP,NILES,IL,,,,,irs_990pf
ART INSTITUTE CHICAGO,CHICAGO,IL,,,,,irs_990pf
SOUTH BEND HERITAGE FOUNDATION,SOUTH BEND,IN,,,,,irs_990pf
A ROSIE PLACE,SOUTH BEND,IN,,,,,irs_990pf
ALCOHOL ADDICTIONS RESOURCE CENTE,SOUTH BEND,IN,,,,,irs_990pf
BOY SCOUTS LASALLE COUNCIL,SOUTH BEND,IN,,,,,irs_990pf
COMMUNITY FOUNDATION OF ST JOE COUN,SOUTH BEND,IN,,,,,irs_990pf
CONNICK STAINED GLASS FOUNDATION LT,NEWTONVILLE,MA,,,,,irs_990pf
ELKHART MEMORIAL HS YOUNG ADULT PRO,ELKHART,IN,,,,,irs_990pf
FIRST AME ZION CHURCH,SOUTH BEND,IN,,,,,irs_990pf
FISCHOFF NATIONAL CHAMBER MUSIC,NOTRE DAME,IN,,,,,irs_990pf
FOODBANK NORTHERN INDIANA,SOUTH BEND,IN,,,,,irs_990pf
GOOD SHEPHERD MONTESSORI SCHOOL,SOUTH BEND,IN,,,,,irs_990pf
INDIANAPOLIS LEGAL AID SOCIETY,INDIANAPOLIS,IN,,,,,irs_990pf
RIBBON OF HOPE,LAPORTE,IN,,,,,irs_990pf
SNITE MUSUEM,NOTRE DAME,IN,,,,,irs_990pf
SOUTH BEND CIVIC THEATER,SOUTH BEND,IN,,,,,irs_990pf
SOUTH BEND SYMPHONY ORCHESTRA,SOUTH BEND,IN,,,,,irs_990pf
STUDEBAKER NATIONAL MUSEUM,SOUTH BEND,IN,,,,,irs_990pf
THE VILLAGE CHICAGO,CHICAGO,IL,,,,,irs_990pf
WILLOW LAKE ELEMENTARY SCHOOL,INDIANAPOLIS,IN,,,,,irs_990pf
WNIT,SOUTH BEND,IN,,,,,irs_990pf
WVPE,ELKHART,IN,,,,,irs_990pf
YWCA NORTH CENTRAL INDIANA,SOUTH BEND,IN,,,,,irs_990pf
LEAP,NEW HAVEN,CT,,,,,irs_990pf
CANCER FOUNDATION OF SANTA BARBARA,SANTA BARBARA,CA,,,,,irs_990pf
DUNN SCHOOL,LOS OLIVOS,CA,,,,,irs_990pf
SANTA BARBARA MUSEUM OF ART,SANTA BARBARA,CA,,,,,irs_990pf
CASA DORINDA,SANTA BARBARA,CA,,,,,irs_990pf
RONA BARRETT FOUNDATION,SANTA YNEZ,CA,,,,,irs_990pf
CALM,SANTA BARBARA,CA,,,,,irs_990pf
BRAILLE INSTITUTE LOS ANGELES,LOS ANGELES,CA,,,,,irs_990pf
CENTER FOR PERFORMING ARTS,SANTA BARBARA,CA,,,,,irs_990pf
SANTA BARBARA BOTANIC GARDEN,SANTA BARBARA,CA,,,,,irs_990pf
SANTA YNEZ VALLEY COMMUNITY AQUATICS FOUNDATION,SANTA YNEZ,CA,,,,,irs_990pf
FAMILY SERVICE AGENCY,SANTA BARBARA,CA,,,,,irs_990pf
CASA DEL HERRERO FOUNDATION,SANTA BARBARA,CA,,,,,irs_990pf
BOY SCOUTS LOS PADRES COUNCIL,SANTA BARBARA,CA,,,,,irs_990pf
LAND TRUST FOR SANTA BARBARA COUNTY,SANTA BARBARA,CA,,,,,irs_990pf
LOTUSLAND,SANTA BARBARA,CA,,,,,irs_990pf
PIERRE CLAEYSSENS VETERANS FOUNDATION,SANTA BARBARA,CA,,,,,irs_990pf
RESCUE MISSION SB,SANTA BARBARA,CA,,,,,irs_990pf
SANTA BARBARA FOUNDATION,SANTA BARBARA,CA,,,,,irs_990pf
SANTA BARBARA SYMPHONY,SANTA BARBARA,CA,,,,,irs_990pf
WESTMONT COLLEGE,SANTA BARBARA,CA,,,,,irs_990pf
LOBERO THEATRE FOUNDATION,SANTA BARBARA,CA,,,,,irs_990pf
MENTAL WELLNESS CENTER,SANTA BARBARA,CA,,,,,irs_990pf
SANTA BARBARA NEIGHBORHOOD CLINICS,SANTA BARBARA,CA,,,,,irs_990pf
SANTA BARBARA SCHOLARSHIP FOUNDATION,SANTA BARBARA,CA,,,,,irs_990pf
SHEPHERD OF THE VALLEY CHURCH,SANTA YNEZ,CA,,,,,irs_990pf
CATE SCHOOL,CARPINTERIA,CA,,,,,irs_990pf
LAGUNA BLANCA SCHOOL,SANTA BARBARA,CA,,,,,irs_990pf
CALIFORNIA 4-H FOUNDATION SANTA BARBARA,GOLETA,CA,,,,,irs_990pf
CIELO FOUNDATION,SANTA BARBARA,CA,,,,,irs_990pf
LEADING FROM WITHIN,SANTA BARBARA,CA,,,,,irs_990pf
SANTA BARBARA CITY COLLEGE,SANTA BARBARA,CA,,,,,irs_990pf
UNITY SHOPPE VICTORIA ST HOUSE,SANTA BARBARA,CA,,,,,irs_990pf
VISITING NURSE HOSPICE CARE OF SANTA BARBARA,SANTA BARBARA,CA,,,,,irs_990pf
FOUNDATION FOR SANTA BARBARA HIGH SCHOOL,SANTA BARBARA,CA,,,,,irs_990pf
ADVENTURES IN CARING,SANTA BARBARA,CA,,,,,irs_990pf
ALPHA RESOURCE CENTER OF SANTA BARBARA,SANTA BARBARA,CA,,,,,irs_990pf
BRAILLE INSTITUTE SANTA BARBARA,SANTA BARBARA,CA,,,,,irs_990pf
CREW,OJAI,CA,,,,,irs_990pf
CALIFORNIA 4-H FOUNDATION STATE,DAVIS,CA,,,,,irs_990pf
CAMERATA PACIFICA,SANTA BARBARA,CA,,,,,irs_990pf
CHILDREN S HOSPITAL LOS ANGELES,LOS ANGELES,CA,,,,,irs_990pf
COMMUNITY ARTS MUSIC ASSOCIATION CAMA,SANTA BARBARA,CA,,,,,irs_990pf
EASY LIFT,GOLETA,CA,,,,,irs_990pf
FOODBANK OF SANTA BARBARA COUNTY,SANTA BARBARA,CA,,,,,irs_990pf
GIRL SCOUTS,VENTURA,CA,,,,,irs_990pf
GIRLS INC OF GREATER SANTA BARBARA,SANTA BARBARA,CA,,,,,irs_990pf
HEARTS THERAPEUTIC EQUESTRIAN CENTER,SANTA BARBARA,CA,,,,,irs_990pf
HILLSIDE HOUSE,SANTA BARBARA,CA,,,,,irs_990pf
HOOVER INSTITUTION,STANFORD,CA,,,,,irs_990pf
OPERA SANTA BARBARA,SANTA BARBARA,CA,,,,,irs_990pf
PATHPOINT,SANTA BARBARA,CA,,,,,irs_990pf
PEOPLE HELPING PEOPLE,SOLVANG,CA,,,,,irs_990pf
SANTA BARBARA ARTS COLLABORATIVE,SANTA BARBARA,CA,,,,,irs_990pf
SANTA BARBARA CHORAL SOCIETY,SANTA BARBARA,CA,,,,,irs_990pf
SANTA BARBARA MARITIME MUSEUM,SANTA BARBARA,CA,,,,,irs_990pf
SARAH HOUSE,SANTA BARBARA,CA,,,,,irs_990pf
SPECIAL OLYMPICS OF SANTA BARBARA COUNTY,SANTA BARBARA,CA,,,,,irs_990pf
STANFORD UNIVERSITY GRADUATE SCHOOL OF BUSINESS,STANFORD,CA,,,,,irs_990pf
STATE STREET BALLET,SANTA BARBARA,CA,,,,,irs_990pf
TRANSITION HOUSE,SANTA BARBARA,CA,,,,,irs_990pf
UCP WORK INC,CARPINTERIA,CA,,,,,irs_990pf
UNITED BOYS GIRLS CLUBS OF SB COUNTY CAMP WHITTIER,SANTA BARBARA,CA,,,,,irs_990pf
UNITED BOYS GIRLS CLUBS OF SB COUNTY,SANTA BARBARA,CA,,,,,irs_990pf
WILDERNESS YOUTH PROJECT,SANTA BARBARA,CA,,,,,irs_990pf
YOUNG AMERICA S FOUNDATION,SANTA BARBARA,CA,,,,,irs_990pf
WILDLING ART MUSEUM,SOLVANG,CA,,,,,irs_990pf
ARTS FUND,SANTA BARBARA,CA,,,,,irs_990pf
ARTS OUTREACH,LOS OLIVOS,CA,,,,,irs_990pf
GIRLS INC CARPINTERIA,CARPINTERIA,CA,,,,,irs_990pf
SANTA YNEZ VALLEY MASTER CHORALE,SANTA YNEZ,CA,,,,,irs_990pf
BOXTALES THEATRE COMPANY,SANTA BARBARA,CA,,,,,irs_990pf
BOYS GIRLS CLUB OF MONTEREY,SEASIDE,CA,,,,,irs_990pf
CALIFORNIANS FOR POPULATION STABILIZATION CAPS,SANTA BARBARA,CA,,,,,irs_990pf
CARRIAGE WESTERN ART MUSEUM,SANTA BARBARA,CA,,,,,irs_990pf
COMMUNITY HOSPITAL OF MONTEREY PENNINSULA,MONTEREY,CA,,,,,irs_990pf
CORNERSTONE HOUSE,CARPINTERIA,CA,,,,,irs_990pf
ELINGS PARK FOUNDATION,SANTA BARBARA,CA,,,,,irs_990pf
ELVERHOJ MUSEUM OF HISTORY ART,SOLVANG,CA,,,,,irs_990pf
FRIENDS OF THE CARPINTERIA LIBRARY,CARPINTERIA,CA,,,,,irs_990pf
FRIENDSHIP CENTER,SANTA BARBARA,CA,,,,,irs_990pf
FUND FOR SANTA BARBARA,SANTA BARBARA,CA,,,,,irs_990pf
HUNTINGTON MEMORIAL HOSPITAL,PASADENA,CA,,,,,irs_990pf
MEALS ON WHEELS - MONTEREY PENNINSULA,PACIFIC GROVE,CA,,,,,irs_990pf
SANTA BARBARA MUSEUM OF CONTEMPORARY ARTS,SANTA BARBARA,CA,,,,,irs_990pf
SANTA YNEZ VALLEY COTTAGE HOSPITAL FOUNDATION,SOLVANG,CA,,,,,irs_990pf
SANTA YNEZ VALLEY YOUTH RECREATION,SOLVANG,CA,,,,,irs_990pf
SENIOR CITIZENS FOUNDATION INC,BUELLTON,CA,,,,,irs_990pf
ST VINCENT S,SANTA BARBARA,CA,,,,,irs_990pf
THEATERFEST SOLVANG,SOLVANG,CA,,,,,irs_990pf
SANTA YNEZ VALLEY THERAPEUTIC RIDING PROGRAM,SOLVANG,CA,,,,,irs_990pf
CALIFORNIA BRIDLEHORSE ASSOCIATION,SANTA BARBARA,CA,,,,,irs_990pf
FOUR LEAF CLOVER FOUNDATION,LOS ALAMOS,CA,,,,,irs_990pf
FRIENDS OF THE MONTECITO LIBRARY,SANTA BARBARA,CA,,,,,irs_990pf
POLYTECHNIC SCHOOL,PASADENA,CA,,,,,irs_990pf
DISABLED SPORTS OF EASTERN SIERRA,MAMMOTH LAKES,CA,,,,,irs_990pf
FIRST TEE,SUMMERLAND,CA,,,,,irs_990pf
FRIENDSHIP HOUSE,SOLVANG,CA,,,,,irs_990pf
SANTA BARBARA COTTAGE HOSPITAL FOUNDATION,SANTA BARBARA,CA,,,,,irs_990pf
SANTA YNEZ VALLEY HISTORICAL MUSEUM,SANTA YNEZ,CA,,,,,irs_990pf
SANTA YNEZ VALLEY YOUTH SOCCER,SANTA BARBARA,CA,,,,,irs_990pf
SHERIFF S BENEVOLENT POSSE OF SANTA BARBARA COUNTY,SANTA BARBARA,CA,,,,,irs_990pf
SOLVANG LUTHERAN HOME,SOLVANG,CA,,,,,irs_990pf
SOLVANG SENIOR CENTER,SOLVANG,CA,,,,,irs_990pf
VEGGIE RESCUE,SANTA YNEZ,CA,,,,,irs_990pf
AHA,SANTA BARBARA,CA,,,,,irs_990pf
SANTA BARBARA REVELS,SANTA BARBARA,CA,,,,,irs_990pf
STORYTELLER,SANTA BARBARA,CA,,,,,irs_990pf
CLAREMONT GRADUATE SCHOOL,CLAREMONT,CA,,,,,irs_990pf
CRANE SCHOOL,SANTA BARBARA,CA,,,,,irs_990pf
FRIENDS OF THE LOS ALAMOS LIBRARY,LOS ALAMOS,CA,,,,,irs_990pf
FRIENDS OF THE SANTA YNEZ VALLEY LIBRARY,SOLVANG,CA,,,,,irs_990pf
LOYALTEACH,LOS OLIVOS,CA,,,,,irs_990pf
MONTECITO COMMUNITY FOUNDATION,SANTA BARBARA,CA,,,,,irs_990pf
SANTA YNEZ VALLEY YMCA,SANTA YNEZ,CA,,,,,irs_990pf
ST EDMUND S EPISCOPAL CHURCH,SAN MARINO,CA,,,,,irs_990pf
UNIVERSITY OF CALIFORNIA BERKELEY HAAS SCHOOL OF BUSINESS,BERKELEY,CA,,,,,irs_990pf
BLIND CHILDREN S CENTER,LOS ANGELES,CA,,,,,irs_990pf
BOYS GIRLS CLUB OF SANTA BARBARA,SANTA BARBARA,CA,,,,,irs_990pf
CARONDELET HIGH SCHOOL,CONCORD,CA,,,,,irs_990pf
HANDS 4 OTHERS,SANTA BARBARA,CA,,,,,irs_990pf
SANTA BARBARA COUNTY GENEALOGICAL SOCIETY,GOLETA,CA,,,,,irs_990pf
SANTA BARBARA HUMANE SOCIETY,SANTA BARBARA,CA,,,,,irs_990pf
SANTA YNEZ VALLEY BOTANIC GARDEN,BUELLTON,CA,,,,,irs_990pf
SANTA YNEZ VALLEY FOUNDATION,SOLVANG,CA,,,,,irs_990pf
SANTA YNEZ VALLEY HUMANE SOCIETY,BUELLTON,CA,,,,,irs_990pf
USC MARSHALL SCHOOL OF BUSINESS,LOS ANGELES,CA,,,,,irs_990pf
ANTHONY TRUST ASSOCIATION,NEW HAVEN,CT,,,,,irs_990pf
ST GEORGE S SCHOOL,NEWPORT,RI,,,,,irs_990pf
SINGS LIKE HELL,AUSTIN,TX,,,,,irs_990pf
SUMMIT ASSISTANCE DOGS,ANACORTES,WA,,,,,irs_990pf
ICE IN PARADISE,SANTA BARBARA,CA,,,,,irs_990pf
LOMPOC VALLEY COMMUNITY HEALTHCARE ORGANIZATION,LOMPOC,CA,,,,,irs_990pf
WOMEN S ECONOMIC VENTURES,SANTA BARBARA,CA,,,,,irs_990pf
WAYFINDER FAMILY SERVICES,LOS ANGELES,CA,,,,,irs_990pf
CALIFORNIA RANGELAND TRUST,SACRAMENTO,CA,,,,,irs_990pf
PARTNERS IN HOUSING SOLUTIONS,SANTA BARBARA,CA,,,,,irs_990pf
SANTA BARBARA COURTHOUSE LEGACY FOUNDATION,SANTA BARBARA,CA,,,,,irs_990pf
LIFE CHRONICLES,SANTA BARBARA,CA,,,,,irs_990pf
ORGANIC SOUP KITCHEN,SANTA BARBARA,CA,,,,,irs_990pf
TEDDY BEAR CANCER FOUNDATION,SANTA BARBARA,CA,,,,,irs_990pf
UNITARIAN SOCIETY OF SANTA BARBARA,SANTA BARBARA,CA,,,,,irs_990pf
MONTECITO YMCA,SANTA BARBARA,CA,,,,,irs_990pf
MIDDLEBURY COLLEGE,MIDDLEBURY,TN,,,,,irs_990pf
AMERICAN ASSOCIATION OF ORDER OF MALTA,NEW YORK,NY,,,,,irs_990pf
FLORIDA GRAND OPERA,MIAMI,FL,,,,,irs_990pf
ST JOHN THE BAPTIST CATHOLIC CHURCH,FORT LAUDERDALE,FL,,,,,irs_990pf
ST THOMAS AQUINAS HIGH SCHOOL,FORT LAUDERDALE,FL,,,,,irs_990pf
CENTER FOR HEARING AND COMMUNICATIO,NEW YORK,NY,,,,,irs_990pf
AG BELL ASSOC FOR THE DEAF AND HARD,WASHINGTON,DC,,,,,irs_990pf
BLOOMFIELD COLLEGE,BLOOMFIELD,NJ,,,,,irs_990pf
THE DRAMA LEAGUE,NEW YORK,NY,,,,,irs_990pf
MONTCLAIR HIGH SCHOOL ALUMNI,MONTCLAIR,NJ,,,,,irs_990pf
NYC RESCUE MISSION,NEW YORK,NY,,,,,irs_990pf
USHER 1F COLLABORATIVE,NEWTONVILLE,MA,,,,,irs_990pf
CYSTIC FIBROSIS FOUNDATION,TULSA,OK,,,,,irs_990pf
DVIS,TULSA,OK,,,,,irs_990pf
GIRL SCOUTS OF EASTERN OKLAHOMA,TULSA,OK,,,,,irs_990pf
HARVEST HOUSE,TULSA,OK,,,,,irs_990pf
FIT FIRST RESPONDERS,TULSA,OK,,,,,irs_990pf
RESONANCE CENTER FOR WOMEN,TULSA,OK,,,,,irs_990pf
TULSA HUB SYNDICATE,TULSA,OK,,,,,irs_990pf
TULSA TOWN HALL,TULSA,OK,,,,,irs_990pf
FAMILY CHILDRENS SERVICES,TULSA,OK,,,,,irs_990pf
PARENT CHILD CENTER OF TULSA,TULSA,OK,,,,,irs_990pf
SAINT SIMEONS EPISCOPAL HOME FDN,TULSA,OK,,,,,irs_990pf
TULSA OPERA INC,TULSA,OK,,,,,irs_990pf
CLAREHOUSE INC,TULSA,OK,,,,,irs_990pf
LINERS BASEBALL,OWASSO,OK,,,,,irs_990pf
TULSA DAY CENTER FOR THE HOMELESS INC,TULSA,OK,,,,,irs_990pf
KHAKI FOUNDATION INC,TULSA,OK,,,,,irs_990pf
GILCREASE MUSEUM,TULSA,OK,,,,,irs_990pf
HOSPICE OF GREEN COUNTRY,TULSA,OK,,,,,irs_990pf
OKLAHOMA CENTER FOR NONPROFITS,OKLAHOMA CITY,OK,,,,,irs_990pf
SPECIAL OLYMPICS OKLAHOMA,TULSA,OK,,,,,irs_990pf
TEACH FOR AMERICA,TULSA,OK,,,,,irs_990pf
YWCA,TULSA,OK,,,,,irs_990pf
CAMP FIRE GREEN COUNTRY,TULSA,OK,,,,,irs_990pf
MILITARY HISTORY CENTER,BROKEN ARROW,OK,,,,,irs_990pf
SAINT CATHERINE SCHOOL,TULSA,OK,,,,,irs_990pf
TULSA COUNTY MEDICAL SOCIETY INC,TULSA,OK,,,,,irs_990pf
TULSA SYMPHONY ORCHESTRA,TULSA,OK,,,,,irs_990pf
READING PARTNERS OF TULSA,TULSA,OK,,,,,irs_990pf
VOLUNTEERS OF AMERICA OKLAHOMA,TULSA,OK,,,,,irs_990pf
12 12,TULSA,OK,,,,,irs_990pf
DOWNTOWN LIONS CLUB OF TULSA TRUST,TULSA,OK,,,,,irs_990pf
COMMUNITY FOOD BANK EASTERN OKLA,TULSA,OK,,,,,irs_990pf
CAP TULSA,TULSA,OK,,,,,irs_990pf
THE TRISTEESE GRIEF CENTER,TULSA,OK,,,,,irs_990pf
MUDDY PAWS PETS HELPING PEOPLE,TULSA,OK,,,,,irs_990pf
FRIENDS OF CATHOLIC EDUCATION,TULSA,OK,,,,,irs_990pf
JOHN 316 MISSION,JENKS,OK,,,,,irs_990pf
HUMBLE SONS BIKE COMPANY,BROKEN ARROW,OK,,,,,irs_990pf
A NEW LEAF,BROKEN ARROW,OK,,,,,irs_990pf
GOOD SAMARITAN HLTH SERVICES,TULSA,OK,,,,,irs_990pf
CATHOLIC CHARITIES OF EASTERN OK,TULSA,OK,,,,,irs_990pf
SAN MIGUEL SCHOOL OF TULSA,TULSA,OK,,,,,irs_990pf
TULSA BOTANIC GARDEN,TULSA,OK,,,,,irs_990pf
YMCA OF GREATER TULSA,TULSA,OK,,,,,irs_990pf
ROCK OF AGES CHRISTIAN MINISTRIES,DETROIT,MI,,,,,irs_990pf
SEE ATTACHED,see attached,CT,,,,,irs_990pf
BETH DAVID REFORM CONGREGATION,GLADWYNE,PA,,,,,irs_990pf
DUKE UNIVERSITY TRINITY ANNUAL FUND,DURHAM,NC,,,,,irs_990pf
LINCOLN CENTER FOR THE PERFORMING ARTS,NEW YORK,NY,,,,,irs_990pf
PENN CHARTER ANNUAL FUND,PHILADELPHIA,PA,,,,,irs_990pf
PENNSYLVANIA BALLET,PHILADELPHIA,PA,,,,,irs_990pf
PRINCETON UNIVERSITY TRUSTEES,PHILADELPHIA,PA,,,,,irs_990pf
THE BIG RED RACE,PHILADELPHIA,PA,,,,,irs_990pf
THE FELLS,NEWBURY,NH,,,,,irs_990pf
THE IMPACT CENTER,HAVERFORD,PA,,,,,irs_990pf
TRUSTEES OF THE LAWRENCEVILLE SCHOOL,LAWRENCEVILLE,NJ,,,,,irs_990pf
TRUSTEES OF THE UNIVERSITY OF PA,PHILADELPHIA,PA,,,,,irs_990pf
YELLOWSTONE CLUB COMMUNITY FOUNDATION,BOZEMAN,MT,,,,,irs_990pf
BOYS GIRLS CLUB OF THE PENINSULA,MENLO PARK,CA,,,,,irs_990pf
THE SHIPLEY SCHOOL,BRYN MAWR,PA,,,,,irs_990pf
PHILADELPHIA HOLOCAUST REMEMBRANCE FOUNDATION,PHILADELPHIA,PA,,,,,irs_990pf
PHILLIPS EXETER ACADEMEY,EXETER,NH,,,,,irs_990pf
JOHNS HOPKINS UNIVERSITY AND MEDICINE,BALTIMORE,MD,,,,,irs_990pf
HUBBARD VOLUNTEER FIRE DEPARTMENT,HUBBARD,IA,,,,,irs_990pf
ALDEN FIRE DEPARTMENT,ALDEN,IA,,,,,irs_990pf
BOXER RESCUE LA,ENCINO,CA,,,,,irs_990pf
CCAI,CENTENNIAL,CO,,,,,irs_990pf
HEAL THE OCEAN,SANTA BARBARA,CA,,,,,irs_990pf
LAND TRUST FOR SANTA BARBARA,SANTA BARBARA,CA,,,,,irs_990pf
PRINCETON AREA COMMUNITY FOUNDATION,LAWRENCEVILLE,NJ,,,,,irs_990pf
THE FRIENDSHIP PADDLE,SANTA BARBARA,CA,,,,,irs_990pf
THE SURFRIDER FOUNDATION,SAN CLEMENTE,CA,,,,,irs_990pf
BUNS,SANTA BARBARA,CA,,,,,irs_990pf
ANGELS FOSTER CARE,SANTA BARABARA,CA,,,,,irs_990pf
AUSTISM SPEAKS,PRINCETON,NJ,,,,,irs_990pf
DOCTORS WITHOUT WALLS,SANTA BARBARA,CA,,,,,irs_990pf
HAV A SOL,CULVER CITY,CA,,,,,irs_990pf
PATH,LOS ANGELES,CA,,,,,irs_990pf
THE 300 COMMITTEE,FALMOUTH,MA,,,,,irs_990pf
FRIENDS OF NOBSKA LIGHT,FALMOUTH,MA,,,,,irs_990pf
UNITED BOYS GIRLS CLUB OF SANTA BARBARA COUNTY,SANTA BARBARA,CA,,,,,irs_990pf
CHILDREN S HOSPITAL LOS ANGELES FOUNDATION,LOS ANGELES,CA,,,,,irs_990pf
FROSTIG CENTER ANNUAL GIVING CAMPAIGN,PASADENA,CA,,,,,irs_990pf
MONTESSORI CENTER SCHOOL,GOLETA,CA,,,,,irs_990pf
TEACHER S FUND,SANTA BARBARA,CA,,,,,irs_990pf
LA COLINA JUNIOR HIGH SCHOOL PTSA,SANTA BARBARA,CA,,,,,irs_990pf
ORANGE COUNTY COASTKEEPER,COSTA MESA,CA,,,,,irs_990pf
PARK CENTURY SCHOOL,CULVER CITY,CA,,,,,irs_990pf
PRIDE BOOSTER CLUB,LOS ANGELES,CA,,,,,irs_990pf
THE FUND FOR SANTA BARBARA,SANTA BARBARA,CA,,,,,irs_990pf
THE LANGE FOUNDATION,LOS ANGELES,CA,,,,,irs_990pf
THE PEGASUS SCHOOL,HUNTINGTON BEACH,CA,,,,,irs_990pf
WILLBRIDGE OF SANTA BARBARA,SANTA BARBARA,CA,,,,,irs_990pf
GWENDOLYN STRONG FOUNDATION,SANTA BARBARA,CA,,,,,irs_990pf
SHADOW S FUND,LOMPOC,CA,,,,,irs_990pf
FAMILY THERAPY INSTITUTE OF SANTA BARBARA,SANTA BARBARA,CA,,,,,irs_990pf
DREAM FOUNDATION,SANTA BARBARA,CA,,,,,irs_990pf
ROSE BOWL AQUATIC CENTER,PASADENA,CA,,,,,irs_990pf
RAINBOW HUMANITARIAN CARETAKER FOUNDATION,LOS ANGELES,CA,,,,,irs_990pf
ACEING AUTISM,LOS ANGELES,CA,,,,,irs_990pf
THE WOODEN FLOOR,SANTA ANA,CA,,,,,irs_990pf
COMMUNITY ACTION PARTNERSHIP OF ORANGE COUNTY,GARDEN GROVE,CA,,,,,irs_990pf
FOOD EMPOWERMENT PROJECT,COTATI,CA,,,,,irs_990pf
AID FOR AFRICA,CHEVY CHASE,MD,,,,,irs_990pf
NEVADA POLICY RESEARCH INST,LAS VEGAS,NV,,,,,irs_990pf
DAKSHANA FOUNDATION,IRVINE,CA,,,,,irs_990pf
IFRE INC ASHOKA UNIVERSITY,NEW YORK,NY,,,,,irs_990pf
ITT GANDHINAGAR FOUNDATION,PALO ALTO,CA,,,,,irs_990pf
PROMYS FOUNDATION,BOSTON,MA,,,,,irs_990pf
SCRIPPS HEALTH FOUNDATION,LA JOLLA,CA,,,,,irs_990pf
SHRI MANDIR TEMPLE,SAN DIEGO,CA,,,,,irs_990pf
THE AKANSHA FUND,NEW YORK,NY,,,,,irs_990pf
THE NUDGE FOUNDATION,IRVING,TX,,,,,irs_990pf
AAROGYASEVA GLOBAL HEALTH VOLUNTEER ALLIANCE,PHOENIX,AZ,,,,,irs_990pf
IIT BOMBAY HERITAGE FOUNDATION,CUPERTINO,CA,,,,,irs_990pf
IIT HYDERBAD FOUNDATION,MOUNTAIN VIEW,CA,,,,,irs_990pf
INDIAN FINE ARTS ACADEMY SAN DIEGO,RANCHO SANTA FE,CA,,,,,irs_990pf
INDIANS FOR COLLECTIVE ACTION,PALO ALTO,CA,,,,,irs_990pf
LET S GET READY,NEW YORK,NY,,,,,irs_990pf
SAN DIEGO MUSEUM OF ART,SAN DIEGO,CA,,,,,irs_990pf
AMERICAN ATHEISTS,CRANFORD,NJ,,,,,irs_990pf
PLANNED PARENTHOOD OF GREATER OHIO,COLUMBUS,OH,,,,,irs_990pf
HERC FOUNDATION CO TOLEDO HOSPITAL FOUNDATION,TOLEDO,OH,,,,,irs_990pf
THE UNIVERSITY OF TOLEDO FOUNDATION,TOLEDO,OH,,,,,irs_990pf
TOLEDO ANIMAL RESCUE,TOLEDO,OH,,,,,irs_990pf
MAUMEE VALLEY SAVE A PET,TOLEDO,OH,,,,,irs_990pf
GARRETT MIKULKA,CHAPEL HILL,TN,,,,,irs_990pf
AUSTIN AW DERRYBERRY,SHELBYVILLE,TN,,,,,irs_990pf
NATHAN LARRY SMITH,UNIONVILLE,TN,,,,,irs_990pf
HALEY GRACE REED,UNIONVILLE,TN,,,,,irs_990pf
LOGAN ELIZABETH BROTHERS,SHELBYVILLE,TN,,,,,irs_990pf
MASONIC HOMES OF KENTUCKY INC,Masonic Home,KY,,,,,irs_990pf
CINCINNATI CHRISTIAN UNIVERSITY,Cincinnati,OH,,,,,irs_990pf
MANN CENTER OF PERFORMING ARTS,Philadelphia,PA,,,,,irs_990pf
THE SCHOOL OF ADAPTIVE AGRICULTURE,Willitts,CA,,,,,irs_990pf
YOGIC BUDDHISM,Santa Cruz,CA,,,,,irs_990pf
SEE SCHEDULE ATTACHED,BEVERLY HILLS,CA,,,,,irs_990pf
ASIAN SENIOR CONCERNS FOUNDATION,BELLEVUE,WA,,,,,irs_990pf
BIG BROTHERS BIG SISTERS OF PUGET SOUND,SEATTLE,WA,,,,,irs_990pf
BOYS AND GIRLS CLUB OF BELLEVUE,BELLEVUE,WA,,,,,irs_990pf
CHILDHAVEN,SEATTLE,WA,,,,,irs_990pf
FRED HUTCHINSON CANCER RESEARCH CENTER,SEATTLE,WA,,,,,irs_990pf
GIRLS ON THE RUN OF PUGET SOUND,SEATTLE,WA,,,,,irs_990pf
JUBILEE REACH,BELLEVUE,WA,,,,,irs_990pf
KCTS,SEATTLE,WA,,,,,irs_990pf
LAKESIDE SCHOOL FOUNDATION,SEATTLE,WA,,,,,irs_990pf
LIGHTHOUSE CHRISTIAN CHURCH,BELLEVUE,WA,,,,,irs_990pf
NORTHWEST CENTER,SEATTLE,WA,,,,,irs_990pf
SAFE CROSSINGS FOUNDATION,SEATTLE,WA,,,,,irs_990pf
SEATTLE CHILDREN S HOSPITAL FOUNDATION,SEATTLE,WA,,,,,irs_990pf
SEATTLE CHILDREN S THEATRE,SEATTLE,WA,,,,,irs_990pf
SEATTLE HUMANE SOCIETY,BELLEVUE,WA,,,,,irs_990pf
SEATTLE PACIFIC UNIVERSITY - PRESIDENT S CIRCLE,SEATTLE,WA,,,,,irs_990pf
SEATTLE UNIVERSITY COLLEGE OF SCIENCE AND ENGINEERING,SEATTLE,WA,,,,,irs_990pf
SEATTLE YOUNG ARTISTS MUSIC FESTIVAL,SEATTLE,WA,,,,,irs_990pf
SPECIAL OLYMPICS OF WASHINGTON,SEATTLE,WA,,,,,irs_990pf
TECHNOLOGY ACCESS FOUNDATION,SEATTLE,WA,,,,,irs_990pf
THE NATURE CONSERVANCY - WASHINGTON,SEATTLE,WA,,,,,irs_990pf
YOUTH EASTSIDE SERVICES,BELLEVUE,WA,,,,,irs_990pf
ZENO,SEATTLE,WA,,,,,irs_990pf
ESTELLE ROSS FIDELITY CHARITABLE GI,COVINGTON,KY,,,,,irs_990pf
MONA BRENNAN FIDELITY CHARITABLE GI,COVINGTON,KY,,,,,irs_990pf
RACHEL BRIER FIDELITY CHARITABLE GI,COVINGTON,KY,,,,,irs_990pf
ATHLETES IN ACTION,XENIA,OH,,,,,irs_990pf
XENOS CHRISTIAN FELLOWSHIP,COLUMBUS,OH,,,,,irs_990pf
TEEN CHALLENGE,PERRY,OH,,,,,irs_990pf
YOUTH FOR CHRIST -,CLEVELAND,OH,,,,,irs_990pf
FRIENDS OF CICRIN,WAYNESBORO,VA,,,,,irs_990pf
URBAN CONCERN,COLUMBUS,OH,,,,,irs_990pf
YORK COUNTY FELLOWSHIP OF,ROCK HILL,SC,,,,,irs_990pf
FELLOWSHIP OF CHRISTIAN ATHLETES,OAKWOOD VILLAGE,OH,,,,,irs_990pf
CENTRAL OHIO FELLOWSHIP OF,DUBLIN,OH,,,,,irs_990pf
GATEWAYS TO BETTER EDUCATION,LAKE FOREST,CA,,,,,irs_990pf
ONE WAY MINISTRIES,AURORA,IL,,,,,irs_990pf
ALZHEIMER S ASSOCIATION - SOUTHLAND CHAPTER,LOS ANGELES,CA,,,,,irs_990pf
ANIMAL LEAGUE,PORT WASHINGTON,NY,,,,,irs_990pf
ANIMAL RESCUE FOUNDATION,WALNUT CREEK,CA,,,,,irs_990pf
ASPCA,LOS ANGELES,CA,,,,,irs_990pf
BEST FRIENDS ANIMAL SOCIETY,MISSION HILLS,CA,,,,,irs_990pf
BRIGHT FOCUS FOUNDATION,CLARKSBURG,MD,,,,,irs_990pf
COMPASSION WITHOUT BORDERS,SANTA ROSA,CA,,,,,irs_990pf
DEFENDERS OF ANIMAL RIGHTS INC,PHOENIX,MD,,,,,irs_990pf
FARM SANCTUARY,ACTON,CA,,,,,irs_990pf
INTERNATIONAL FUND FOR ANIMAL WELFARE,YARMOUTH PORT,MA,,,,,irs_990pf
KEEPERS OF THE WILD NATURE PARK,VALENTINE,AZ,,,,,irs_990pf
LAST CHANCE FOR ANIMALS,LOS ANGELES,CA,,,,,irs_990pf
LITTLE SHELTER ANIMAL RESCUE,HUNTINGTON,NY,,,,,irs_990pf
NATIONAL FEDERATION OF BLIND,BURBANK,CA,,,,,irs_990pf
NORTH SHORE ANIMAL,PORT WASHINGTON,NY,,,,,irs_990pf
NW OREGON ANIMAL FUND,PORTLAND,OR,,,,,irs_990pf
OREGON SOCIETY RESCUE,PORTLAND,OR,,,,,irs_990pf
PETA,LOS ANGELES,CA,,,,,irs_990pf
RED ROVER,SACRAMENTO,CA,,,,,irs_990pf
REGAN RANCH,SANTA BARBARA,CA,,,,,irs_990pf
SISTERS OF CHARITY OF ROLLINGS HILLS,RANCHO PALOS VERDES,CA,,,,,irs_990pf
THE PONGO FUND,PORTLAND,OR,,,,,irs_990pf
USC NORRIS COMPREHENSIVE CANCER CENTER,LOS ANGELES,CA,,,,,irs_990pf
WORLD ANIMAL PROTECTION,NEW YORK,NY,,,,,irs_990pf
WOUNDED PAW PROJECT,CLIFTON,VA,,,,,irs_990pf
YOUTH VILLAGES,LAKE OSWEGO,OR,,,,,irs_990pf
BALLETMET COLUMBUS,COLUMBUS,OH,,,,,irs_990pf
COMMUNITY SHELTER BOARD,COLUMBUS,OH,,,,,irs_990pf
FRANKLIN PARK CONSERVATORY,COLUMBUS,OH,,,,,irs_990pf
FRIENDS OF TOPIARY PARK,COLUMBUS,OH,,,,,irs_990pf
GRANGE INSURANCE AUTOBON CENTER,COLUMBUS,OH,,,,,irs_990pf
HEINZERLING FOUNDATION,COLUMBUS,OH,,,,,irs_990pf
LAW ENFORCEMENT FOUNDATION,DUBLIN,OH,,,,,irs_990pf
MELISSA S HOUSE,COLUMBUS,OH,,,,,irs_990pf
MID-OHIO FOODBANK,GROVE CITY,OH,,,,,irs_990pf
PELOTONIA,COLUMBUS,OH,,,,,irs_990pf
REEB AVENUE CENTER,COLUMBUS,OH,,,,,irs_990pf
YMCA OF CENTRAL OHIO,COLUMBUS,OH,,,,,irs_990pf
FESTA,COLUMBUS,OH,,,,,irs_990pf
COLUMBUS SYMPHONY ORCHESTRA,COLUMBUS,OH,,,,,irs_990pf
LINCOLN THEATER ASSOCIATION,COLUMBUS,OH,,,,,irs_990pf
CSCC CAMERON MITCHELL HALL,CLEVELAND,OH,,,,,irs_990pf
ALZHEIMERS DISEASE RESEARCH,NEW YORK,NY,,,,,irs_990pf
BAPTIST CHILDRENS VILLAGE,WIGGINS,MS,,,,,irs_990pf
GEORGE WASHINGTONS MT VERNON,MT VERNON,VA,,,,,irs_990pf
HOME OF GRACE,VANCLEAVE,MS,,,,,irs_990pf
JACKSON COUNTY CHAMBER OF COMMERCE,PASCAGOULA,MS,,,,,irs_990pf
MAKE A WISH MS,RIDGELAND,MS,,,,,irs_990pf
MARINE CORP HERITAGE FOUNDATION,TRIANGLE,VA,,,,,irs_990pf
MERCY SHIP,GARDEN VALLEY,TX,,,,,irs_990pf
MGCCC,PERKINSTON,MS,,,,,irs_990pf
MOUTH FOOT PAINTING ARTIST,ATLANTA,GA,,,,,irs_990pf
MS CENTER FOR PUBLIC POLICY,JACKSON,MS,,,,,irs_990pf
MS CHILDRENS HOSPITAL,JACKSON,MS,,,,,irs_990pf
NATIONAL D DAY MEMORIAL FOUNDATION,BEDFORD,VA,,,,,irs_990pf
OUR DAILY BREAD,PASCAGOULA,MS,,,,,irs_990pf
PASCAGOULA ELKS LODGE,PASCAGOULA,MS,,,,,irs_990pf
RONALD MCDONALD HOUSE,JACKSON,MS,,,,,irs_990pf
SHRINERS CHILDRENS HOSPITAL,TAMPA,FL,,,,,irs_990pf
SPECIAL OLYMPICS MS,JACKSON,MS,,,,,irs_990pf
ST VINCENT DEPAUL PHARMACY,BILOXI,MS,,,,,irs_990pf
STUDENT CONSERVATION,ARLINGTON,VA,,,,,irs_990pf
THE SALVATION ARMY,PASCAGOULA,MS,,,,,irs_990pf
THE TRUST FOR PUBLIC LAND,JACKSON,MS,,,,,irs_990pf
UNITED WAY OF JACKSON COUNTY,PASCAGOULA,MS,,,,,irs_990pf
US OLYMPICS,COLORADO SPRINGS,CO,,,,,irs_990pf
YOUND AMERICAN FOUNDATION,RESTON,VA,,,,,irs_990pf
LA COMUNIDAD HISPANA,KENNETT SQUARE,PA,,,,,irs_990pf
NEUMANN COLLEGE,ASTON,PA,,,,,irs_990pf
SANFORD SCHOOL,HOCKESSIN,DE,,,,,irs_990pf
SCRANTON PREP SCHOOL,SCRANTON,PA,,,,,irs_990pf
GREENWOOD ELEMENTARY SCHOOL,KENNETT SQUARE,PA,,,,,irs_990pf
CENTERVILLE LAYTON SCHOOL,WILMINGTON,DE,,,,,irs_990pf
NEMOURS CHILDREN HOSPITAL,WILMINGTON,DE,,,,,irs_990pf
ASSUMPTION BVM CHURCH,WEST GROVE,PA,,,,,irs_990pf
AHHAH,WEST CHESTER,PA,,,,,irs_990pf
UPLAND SCHOOL,KENNETT SQUARE,PA,,,,,irs_990pf
GOOD NEIGHBORS HOME REPAIR,KENNETT SQUARE,PA,,,,,irs_990pf
AUTISM2ABILITY,MOBILE,AL,,,,,irs_990pf
FAIRHOPE-POINT CLEAR ROTARY YOUTH PROGRAM,FAIRHOPE,AL,,,,,irs_990pf
MARIGNY OPERA HOUSE,NEW ORLEANS,LA,,,,,irs_990pf
MCKEMIE PLACE,MOBILE,AL,,,,,irs_990pf
MULHERIN CUSTODIAL HOME,MOBILE,AL,,,,,irs_990pf
NEW ORLEANS AIRLIFT,NEW ORLEANS,LA,,,,,irs_990pf
OPERATION SECOND CHANCE,GERMANTOWN,MD,,,,,irs_990pf
PILOTS FOR CHRIST,MONROEVILLE,AL,,,,,irs_990pf
ST PAUL S EPISCOPAL,MOBILE,AL,,,,,irs_990pf
VETERANS RECOVERY RESOURCE,MOBILE,AL,,,,,irs_990pf
L ARCHE,MOBILE,AL,,,,,irs_990pf
ROLLING TIGERS BOOSTER CLUB,AUBURN,AL,,,,,irs_990pf
WINGRA SCHOOL,MADISON,WI,,,,,irs_990pf
ST JUDE CHILDRENS RESEA,MEMPHIS,TN,,,,,irs_990pf
UNITED NEGRO COLLEGE FUND,FAIRFAX,VA,,,,,irs_990pf
WATER FOR PEOPLE,DENVER,CO,,,,,irs_990pf
AMERICAN ACADEMY OF ARTS AND SCIENCE,CAMBRIDGE,MA,,,,,irs_990pf
AMERICAN FRIENDS OF IDI,ATLANTA,GA,,,,,irs_990pf
AMERICAN FRIENDS TEL AVIV UNIV,LOS ANGELES,CA,,,,,irs_990pf
AVALON FOUNDATION,EASTON,MD,,,,,irs_990pf
BRIDGING THE GAP AMERICAN UNIVERSITY,WASHINGTON,DC,,,,,irs_990pf
CHESAPEAKE MULTICULTRURAL RESOURCE CENTER,EASTON,MD,,,,,irs_990pf
CREATIVE COMMUNITY FOR PEACE,NEW YORK,NY,,,,,irs_990pf
CROWN CENTER BRANDEIS UNIVERSITY,WALTHAM,MA,,,,,irs_990pf
FUENTE LATINA,NORTH MIAMI,FL,,,,,irs_990pf
PEF ISRAEL ENDOWMENT FUND,NEW YORK,NY,,,,,irs_990pf
KLINE GALLAND HOSPICE,SEATTLE,WA,,,,,irs_990pf
NEW HAVEN BALLET,NEW HAVEN,CT,,,,,irs_990pf
PAIDEIA US,NEW YORK,NY,,,,,irs_990pf
PLANNED PARENTHOOD OF THE GREAT NORTHWEST AND HAWAIIAN ISLANDS,SEATTLE,WA,,,,,irs_990pf
PROGRAM OF GOVERNMENT OVERSITE,WASHINGTON,DC,,,,,irs_990pf
SCOPE UNIVERSTIY OF WASHINGTON,SEATTLE,WA,,,,,irs_990pf
TEMPLE B NAI ISREAL,EASTON,MD,,,,,irs_990pf
THE ISRAEL PROJECT,WASHINGTON,DC,,,,,irs_990pf
THE TALBOT FREE LIBRARY,EASTON,MD,,,,,irs_990pf
US FRIENDS OF ELNET,NEW YORK,NY,,,,,irs_990pf
US PUGWASH,WASHINGTON,DC,,,,,irs_990pf
ISRAEL AMERICAN COUNCIL,WOODLAND HILLS,CA,,,,,irs_990pf
UN WATCH USA,,,,,,,irs_990pf
REPORT INC,SPRING HOUSE,PA,,,,,irs_990pf
AAAS,WASHINGTON,DC,,,,,irs_990pf
AMERICAN FRIENDS OF JORDAN RIVER VILLAGE,NEW YORK,NY,,,,,irs_990pf
AMERICAN FRIENDS OF IDC,NEW YORK,NY,,,,,irs_990pf
CONGREGATION EMMANUEL OF WESTCHESTER,RYE,NY,,,,,irs_990pf
EAST COOPER LAND TRUST,MOUNT PLEASANT,SC,,,,,irs_990pf
LA COCINA,SAN FRANCISCO,CA,,,,,irs_990pf
MID SHORE COMMUNITY FOUNDATION,EASTON,MD,,,,,irs_990pf
TALBOT INTERFAITH SHELTER,EASTON,MD,,,,,irs_990pf
ARTILLERY OCS ALUMNI,FORT SILL,OK,,,,,irs_990pf
BERKELEY HALL SCHOOL,LOS ANGELES,CA,,,,,irs_990pf
STEPHEN WISE TEMPLE,LOS ANGELES,CA,,,,,irs_990pf
CALVIN HILL DAYCARE,NEW HAVEN,CT,,,,,irs_990pf
FRIENDS OF UNITED HAZALAH,NEW YORK,NY,,,,,irs_990pf
JNF-USA,NEW YORK,NY,,,,,irs_990pf
OPEN GATES,APOPKA,FL,,,,,irs_990pf
ALLIANCE FOR GUN RESPONSIBILITY,SEATTLE,WA,,,,,irs_990pf
COFFEE OASIS,BREMERTON,WA,,,,,irs_990pf
FARE START,SEATTLE,WA,,,,,irs_990pf
HARRISON FOUNDATION,BREMERTON,WA,,,,,irs_990pf
KITSAP COMMUNITY FUND,SILVERDALE,WA,,,,,irs_990pf
CENTER FOR MIDDLE EAST STUDIES BROOKINGS INSTITUTION,WASHINGTON,DC,,,,,irs_990pf
CAMP ALEXANDER,EMPORIA,KS,,,,,irs_990pf
CAMP WOOD YMCA,ELMDALE,KS,,,,,irs_990pf
CHASE COUNTY BIKE TRAIL INC,COTTONWOOD FALLS,KS,,,,,irs_990pf
DRINKWATER AND SCHRIVER MILL INC,CEDAR POINT,KS,,,,,irs_990pf
EMPORIA AREA CHAMBER OF COMMERCE,EMPORIA,KS,,,,,irs_990pf
EMPORIA AREA HABITAT FOR HUMANITY,EMPORIA,KS,,,,,irs_990pf
EMPORIA LION S CLUB,EMPORIA,KS,,,,,irs_990pf
LYON COUNTY HISTORICAL SOCIETY,EMPORIA,KS,,,,,irs_990pf
NEWMAN REGIONAL HEALTH FOUNDATION,EMPORIA,KS,,,,,irs_990pf
SOS INC,EMPORIA,KS,,,,,irs_990pf
UNITED WAY OF THE FLINT HILLS,EMPORIA,KS,,,,,irs_990pf
KINGSWOOD R1 SCHOOL DISTRICT,KINGSVILLE,MO,,,,,irs_990pf
A BETTER LIFE ANIMAL RESCUE INC,MORGANTON,NC,,,,,irs_990pf
ASSURE THE FUTURE INC,MORGANTON,NC,,,,,irs_990pf
BURKE AUGUSTINE LITERACY PROJECT,MORGANTON,NC,,,,,irs_990pf
BLUE RIDGE COMMUNITY ACTION,MORGANTON,NC,,,,,irs_990pf
BURKE CHARITABLE PROPERTIES INC,MORGANTON,NC,,,,,irs_990pf
BURKE COUNTY SMART START INC,MORGANTON,NC,,,,,irs_990pf
BURKE UNITED CHRISTIAN MINISTRIES,MORGANTON,NC,,,,,irs_990pf
CARE FOUNDATION OF WNC INC,MORGANTON,NC,,,,,irs_990pf
COMMUNITY FOUNDATION OF BURKE COUNTY,MORGANTON,NC,,,,,irs_990pf
COMMUNITY OF LAKE JAMES INC,GLEN ALPINE,NC,,,,,irs_990pf
EAST BURKE CHRISTIAN MINISTRIES,HILDEBRAN,NC,,,,,irs_990pf
GOOD SAMARITAN CLINIC,MORGANTON,NC,,,,,irs_990pf
JOHNS RIVER VALLY CAMP,CIKKETTSVILLE,NC,,,,,irs_990pf
OAK RIDGE BAPTIST CHURCH,CONNELLY SPRINGS,NC,,,,,irs_990pf
OLD COLONY PLAYERS INC,VALDESE,NC,,,,,irs_990pf
OPTIONS INC,MORGANTON,NC,,,,,irs_990pf
SOUTH MOUNTAIN CHILDREN AND FAMILY SERVICES,MORGANTON,NC,,,,,irs_990pf
THE OUTREACH CENTER,MORGANTON,NC,,,,,irs_990pf
TOWN OF VALDESE,VALDESE,NC,,,,,irs_990pf
WALDENSIAN PRESBYTERIAN CHURCH,VALDESE,NC,,,,,irs_990pf
UNIV OF UTAH COLLEGE OF SCIENCE,SALT LAKE CITY,UT,,,,,irs_990pf
WEBER STATE UNIVERSITY,OGDEN,UT,,,,,irs_990pf
SO UTAH UNIV COLLEGE OF SCIENCE,CEDAR CITY,UT,,,,,irs_990pf
UTAH STATE UNIV COLLEGE OF SCIENCE,LOGAN,UT,,,,,irs_990pf
UTAH VALLEY UNIV COLLEGE OF SCIENCE,OREM,UT,,,,,irs_990pf
SOUTHERN VIRGINIA UNIVERSITY,BUENA VISTA,VA,,,,,irs_990pf
HUNTSMAN CANCER FOUNDATION,SALT LAKE CITY,UT,,,,,irs_990pf
SALT LAKE JEWISH COMMUNITY CENTER,SALT LAKE CITY,UT,,,,,irs_990pf
FRIENDS OF SALT LAKE CITY LIBRARY,SALT LAKE CITY,UT,,,,,irs_990pf
SPRING STREET INTERNATIONAL SCHOOL,FRIDAY HARBOR,WA,,,,,irs_990pf
KUER FM,SALT LAKE CITY,UT,,,,,irs_990pf
FARMINGTON CITY UTAH,FARMINGTON,UT,,,,,irs_990pf
DAUGHTERS OF THE UTAH PIONEERS,SALT LAKE CITY,UT,,,,,irs_990pf
LOCKING ARMS MEN,BRIDGEVILLE,PA,,,,,irs_990pf
CATHOLIC CHARITIES OF NEW ORLEANS,NEW ORLEANS,LA,,,,,irs_990pf
AMERICAN HUMANE ASSOCIATION,WASHINGTON,DC,,,,,irs_990pf
HABITAT FOR HUMANITY - PALM BEACH COUNTY,WEST PALM BEACH,FL,,,,,irs_990pf
UNITED WAY OF PALM BEACH COUNTY,WEST PALM BEACH,FL,,,,,irs_990pf
MAKE-A-WISH SOUTHERN FLORIDA,FT LAUDERDALE,FL,,,,,irs_990pf
ONE BLUE VILLAGE,MANALAPAN,NJ,,,,,irs_990pf
RADICAL HOPE FOUNDATION,BURLINGTON,MA,,,,,irs_990pf
RED FLAGS NATIONAL,HUDSON,OH,,,,,irs_990pf
ENVIRONMENTAL LEARNING CENTER,BRISTOL,CT,,,,,irs_990pf
FEDERATION EARLY LEARNING SERVICES,PHILADELPHIA,PA,,,,,irs_990pf
FIRST TEE OF GREATER PHILADELPHIA,PHILADELPHIA,PA,,,,,irs_990pf
HORIZON FOR HOMELESS CHILDREN,ROXBURY,MA,,,,,irs_990pf
LOCKET S MEADOW RESCUE AND ANIMAL SANCTUARY,BETHANY,CT,,,,,irs_990pf
SEVEN ANGELS THEATRE,WATERBURY,CT,,,,,irs_990pf
ST VICENT DE PAUL OF BALTIMORE,BALTIMORE,MD,,,,,irs_990pf
THE RANGELEY HEALTH AND WELLNESS CENTER,RANGELEY,ME,,,,,irs_990pf
HOME SCHOOL LEGAL DEFENSE ASSOCIATION,Purcellville,VA,,,,,irs_990pf
END TIME MESSAGE TABERNACLE,Brighton,CO,,,,,irs_990pf
CHRISTIAN TABERNACLE,Hardy,AR,,,,,irs_990pf
THAYER POLICE DEPARTMENT COTHAM AUCTION,Thayer,MO,,,,,irs_990pf
CITY OF ALTON FIREWORKS,Alton,MO,,,,,irs_990pf
CITY OF DONIPHIAN,Doniphan,MO,,,,,irs_990pf
LODGING KIBO HOTEL,,,,,,,irs_990pf
OREGON COUNTY SALVATION ARMY,Mammoth Spring,AR,,,,,irs_990pf
RED LOBSTER HOLIDAY MEETINGS,Wichita,KS,,,,,irs_990pf
BEN GARRETT MINISTRY,Mammoth Spring,AR,,,,,irs_990pf
AARON MURPHY MINISTRY,Elizabeth,CO,,,,,irs_990pf
JUDITH POTTER MEDICAL,Alton,MO,,,,,irs_990pf
SALVATION ARMY OF MATTOON,MATTOON,IL,,,,,irs_990pf
RICHLAND MEMORIAL HOSPITAL,OLNEY,IL,,,,,irs_990pf
EASTERN STAR AND MASONIC HOME,MACON,IL,,,,,irs_990pf
KEMMERER ORPHANS HOME,ASSUMPTION,IL,,,,,irs_990pf
SARAH BUSH LINCOLN HEALTH FOUNDATION,MATTOON,IL,,,,,irs_990pf
ARBORETUM FOUNDATION,SEATTLE,WA,,,,,irs_990pf
BLACKPASTORG,SEATTLE,WA,,,,,irs_990pf
BLOEDEL RESERVE,BAINBRIDGE ISLAND,WA,,,,,irs_990pf
BURKE MUSEUM,SEATTLE,WA,,,,,irs_990pf
ELISABETH C MILLER BOTANICAL GARDEN TRUST,SEATTLE,WA,,,,,irs_990pf
HARDY FERN FOUNDATION,FEDERAL WAY,WA,,,,,irs_990pf
NORTHWEST HORTICULTURAL SOCIETY,ROLLING BAY,WA,,,,,irs_990pf
SEATTLE CHINESE GARDEN,SEATTE,WA,,,,,irs_990pf
SEATTLE PARKS FOUNDATION,SEATTLE,WA,,,,,irs_990pf
SHORELINE HISTORICAL MUSEUM,SHORELINE,WA,,,,,irs_990pf
THE GARDEN CONSERVANCY,GARRISON,NY,,,,,irs_990pf
UNIVERSITY OF WASHINGTON BOTANIC GARDENS,SEATTLE,WA,,,,,irs_990pf
UNIVERSITY OF WASHINGTON SCHOOL OF LAW,SEATTLE,WA,,,,,irs_990pf
WOODLAND PARK ZOO,SEATTLE,WA,,,,,irs_990pf
ARNOLDS PARK RESTORE,ARNOLDS PARK,IA,,,,,irs_990pf
IOWA GREAT LAKES ASSOCIATION,OKOBOJI,IA,,,,,irs_990pf
DICKINSON COUNTY NATURE CENTER,OKOBOJI,IA,,,,,irs_990pf
DICKINSON COUNTY TRAILS BOARD,OKOBOJI,IA,,,,,irs_990pf
SIOUX CITY PUBLIC SCHOOLS FOUNDATION,SIOUX CITY,IA,,,,,irs_990pf
SIOUXLAND COMMUNITY FOUNDATION,SIOUX CITY,IA,,,,,irs_990pf
UNITED WAY OF SIOUXLAND,SIOUX CITY,IA,,,,,irs_990pf
CLASSROOM INC,NEW YORK,NY,,,,,irs_990pf
BOYS AND GIRLS CLUB OF INDIAN RIVER COUNTY,VERO BEACH,FL,,,,,irs_990pf
EVANS SCHOLARSHIP FOUNDATION,GOLF,IL,,,,,irs_990pf
TREASURE COAST FOOD BANK,FORT PIERCE,FL,,,,,irs_990pf
MGA FOUNDATION,ELMSFORD,NY,,,,,irs_990pf
HOPE FOR NEW YORK,NEW YORK,NY,,,,,irs_990pf
HEART CARE INTERNATIONAL,GREENWICH,CT,,,,,irs_990pf
THE LEARNING ALLIANCE,NEW YORK,NY,,,,,irs_990pf
INDIAN RIVER HABITAT FOR HUMANITY,VERO BEACH,FL,,,,,irs_990pf
CHRYSALIS CENTER INC,HARTFORD,CT,,,,,irs_990pf
INDIAN RIVER GOLF FOUNDATION,VERO BEACH,FL,,,,,irs_990pf
UNITED AGAINST POVERTY,VERO BEACH,FL,,,,,irs_990pf
NEW YORK ROAD RUNNERS,NEW YORK,NY,,,,,irs_990pf
CHILDREN S RESOURCES INC,BROOKLYN,NY,,,,,irs_990pf
ONE ACRE FUND,FALCON HEIGHTS,MN,,,,,irs_990pf
HEARING HEALTH FOUNDATION,NEW YORK,NY,,,,,irs_990pf
UNITED PROMISE - CHARLOTTE,CHARLOTTE,NC,,,,,irs_990pf
WILMER EYE CHARITABLE,BALTIMORE,MD,,,,,irs_990pf
BENETICTINE ABBEY OF NEWARK,NEWARK,NJ,,,,,irs_990pf
UNIVERSITY OF MICHIGAN - SAGHER STACEY RESEARCH,Ann Arbor,MI,,,,,irs_990pf
MYRTLE CREEK FIRE DEPT YOUTH ACTIVI,MYRTLE CREEK,OR,,,,,irs_990pf
LOURDES COLLEGE,SYLVANIA,OH,,,,,irs_990pf
WHEELING SYMPHONY SOCIETY,WHEELING,WV,,,,,irs_990pf
JOHNS CREEK UNITED METHODIST CHURCH,JOHNS CREEK,GA,,,,,irs_990pf
FACES OF VALOR USA,Crownsville,MD,,,,,irs_990pf
BETHANY CHRISTIAN SERVICES INC,CHATTANOOGA,TN,,,,,irs_990pf
BRYAN COLLEGE,DAYTON,TN,,,,,irs_990pf
CALVARY CHAPEL CHATTANOOGA INC,CHATTANOOGA,TN,,,,,irs_990pf
CAMPUS CRUSADE FOR CHRIST INC,ORLANDO,FL,,,,,irs_990pf
CHATTANOOGA CHRISTIAN COMMUNITY FOUNDATION,CHATTANOOGA,TN,,,,,irs_990pf
CHATTANOOGA CHRISTIAN SCHOOL,CHATTANOOGA,TN,,,,,irs_990pf
CHATTANOOGA CHURCH MINISTRIES INC,CHATTANOOGA,TN,,,,,irs_990pf
CHILD EVANGELISM FELLOWSHIP INCORPORATED,WARRENTON,MO,,,,,irs_990pf
CHRISTIAN BROADCASTING NETWORK INC,VIRGINIA BEACH,VA,,,,,irs_990pf
CHURCH OF THE FIRST BORN,CHATTANOOGA,TN,,,,,irs_990pf
COVENANT COLLEGE INC,LOOKOUT MOUNTAIN,GA,,,,,irs_990pf
FATHER RYAN HIGH SCHOOL,NASHVILLE,TN,,,,,irs_990pf
FIRST THINGS FIRST INC,CHATTANOOGA,TN,,,,,irs_990pf
FRIENDS OF CHATTANOOGA PREP INC,CHATTANOOGA,TN,,,,,irs_990pf
GIVING OF LIFE,CHATTANOOGA,TN,,,,,irs_990pf
HANDS ON PERU,CARY,NC,,,,,irs_990pf
HELPING HANDS MINISTRIES INC,TALLULAH FALLS,GA,,,,,irs_990pf
HOPING HEARTS FOUNDATION INC,SPRINGBORO,OH,,,,,irs_990pf
HOSANNA,ALBUQUERQUE,NM,,,,,irs_990pf
HOUSE UNIVERSITY MINISTRIES OF CHATTANOOGA,CHATTANOOGA,TN,,,,,irs_990pf
INTERVARSITY CHRISTIAN FELLOWSHIP-USA,MADISON,WI,,,,,irs_990pf
ITALY FOR CHRIST,KENNESAW,GA,,,,,irs_990pf
JOSIAH VENTURE,WHEATON,IL,,,,,irs_990pf
LEGACY MISSION VILLAGE,BRENTWOOD,TN,,,,,irs_990pf
LIFESONG FOR ORPHANS INC,GRIDLEY,IL,,,,,irs_990pf
LIPSCOMB UNIVERSITY,NASHVILLE,TN,,,,,irs_990pf
LOOKOUT MOUNTAIN PRESBYTERIAN CHURCH,LOOKOUT MOUNTAIN,TN,,,,,irs_990pf
LUIS PALAU ASSOCIATION,PORTLAND,OR,,,,,irs_990pf
MCCALLIE SCHOOL INC,CHATTANOOGA,TN,,,,,irs_990pf
NASHVILLE CHRISTIAN SCHOOLS INC,NASHVILLE,TN,,,,,irs_990pf
NATIONAL PHILANTHROPIC TRUST,JENKINTOWN,PA,,,,,irs_990pf
NATIONS MINISTRY CENTER,NASHVILLE,TN,,,,,irs_990pf
OC INTERNATIONAL INC,COLORADO SPRINGS,CO,,,,,irs_990pf
OPPORTUNITY INTERNATIONAL INC,CHICAGO,IL,,,,,irs_990pf
PCA MISSION TO NORTH AMERICA,LAWRENCEVILLE,GA,,,,,irs_990pf
PRAXIS INC,RD FLOOR,NY,,,,,irs_990pf
PRECEPT MINISTRIES OF REACH OUT INC,CHATTANOOGA,TN,,,,,irs_990pf
REDEEMER CITY TO CITY,SUITE,NY,,,,,irs_990pf
SALAMA URBAN MINISTRIES INC,NASHVILLE,TN,,,,,irs_990pf
SERGE GLOBAL,ALBERT LEA,MN,,,,,irs_990pf
SHAOHANNAHS HOPE INC,FRANKLIN,TN,,,,,irs_990pf
SIM USA INCORPORATED,CHARLOTTE,NC,,,,,irs_990pf
SNOWBOARDERS SKIERS FOR CHRIST,DILLON,CO,,,,,irs_990pf
ST PAUL S EPISCOPAL CHURCH-CHATTANOOGA,CHATTANOOGA,TN,,,,,irs_990pf
TRAINING GROUND,COLORADO SPRINGS,CO,,,,,irs_990pf
TRUSTBRIDGE GLOBAL FOUNDATION USA INC,ST PETERSBURG,FL,,,,,irs_990pf
WORLD GOSPEL MISSION,MARION,IN,,,,,irs_990pf
YOUNG LIFE,CHATTANOOGA,TN,,,,,irs_990pf
YOUNG MEN S CHRISTIAN ASSOCIATION OF METROPOLITAN CHATTANOOGA,CHATTANOOGA,TN,,,,,irs_990pf
ANNA ANDERSON,ALBERT LEA,MN,,,,,irs_990pf
BREANNA HIMMERICH,ALBERT LEA,MN,,,,,irs_990pf
CARISSA FITZLAFF,ALBERT LEA,MN,,,,,irs_990pf
COLTON MOWERS,ALBERT LEA,MN,,,,,irs_990pf
HALEY LARSON,ALBERT LEA,MN,,,,,irs_990pf
KAITLYNN LARSON,ALBERT LEA,MN,,,,,irs_990pf
KRISTA DAVIS,ALBERT LEA,MN,,,,,irs_990pf
NICHOLAS CHRISTIANSON,ALBERT LEA,MN,,,,,irs_990pf
SAMUAL MOYER,ALBERT LEA,MN,,,,,irs_990pf
NOAH IVERSON,HAYWARD,MN,,,,,irs_990pf
LIANA SCHALLOCK,ALBERT LEA,MN,,,,,irs_990pf
KRISTAL VIKTORA,OAKLAND,MN,,,,,irs_990pf
THE CHICAGO COMMUNITY TRUST,CHICAGO,IL,,,,,irs_990pf
DERMATOLOGY FOUNDATION,EVANSTON,IL,,,,,irs_990pf
HALCYON HOUSE,WASHINGTON,IA,,,,,irs_990pf
ORLANDO HEALTH FOUNDATION,ORLANDO,FL,,,,,irs_990pf
YMCA OF WASHINGTON COUNTY,WASHINGTON,IA,,,,,irs_990pf
ST PIUS CATHOLIC SCHOOL,HOUSTON,TX,,,,,irs_990pf
ANNUNCIATION MATERNITY HOME,GEORGETOWN,TX,,,,,irs_990pf
ST HELEN CATHOLIC SCHOOL,GEORGETOWN,TX,,,,,irs_990pf
GIRL SCOUTS OF THE SIERRA NEVADA COUNCIL,Reno,NV,,,,,irs_990pf
PROGRESSIVE LEADERSHIP ALLIANCE OF NEVAD,Warwick,RI,,,,,irs_990pf
JAYCEES,Simi Valley,CA,,,,,irs_990pf
THE FOOD BANK OF NORTHERN NEVADA,Sparks,NV,,,,,irs_990pf
CAMP TENDER LOVING CARE,Placentia,CA,,,,,irs_990pf
NORTHERN NEVADA HOPES,Reno,NV,,,,,irs_990pf
SIT STAY READ,Chicago,IL,,,,,irs_990pf
ADVOCATES TO END DOMESTIC VIOLENCE,Carson City,NV,,,,,irs_990pf
NORTHERN NEVADA CHILDRENS CANCER CENTER,Reno,NV,,,,,irs_990pf
GIRLS ON THE RUN,Charlotte,NC,,,,,irs_990pf
DOWN SYNDROME NETWORK,Reno,NV,,,,,irs_990pf
AMPLIFY LIFE,Reno,NV,,,,,irs_990pf
ESL IN HOME,Carson City,NV,,,,,irs_990pf
SPOKANIMAL,Spokane,WA,,,,,irs_990pf
SPOKANE GUILD SCHOOL,Spokane,WA,,,,,irs_990pf
PROJECT HELP,Los Angeles,CA,,,,,irs_990pf
ASPEN VALLEY LAND TRUST,CARBONDALE,CO,,,,,irs_990pf
FRIENDS OF WEST SIDE ROWING CLUB,GETZVILLE,NY,,,,,irs_990pf
RETIREMENT FUND FOR RELIGIOUS,BUFFALO,NY,,,,,irs_990pf
UPON THIS ROCK,BUFFALO,NY,,,,,irs_990pf
WNED,BUFFALO,NY,,,,,irs_990pf
BPO,BUFFALO,NY,,,,,irs_990pf
SPARK,LARKSPUR,CA,,,,,irs_990pf
BIRCHFIELD PENNEY ART CENTER,BUFFALO,NY,,,,,irs_990pf
NICHES LAND TRUST INC,LAFAYETTE,IN,,,,,irs_990pf
WABASH RIVER ENHANCEMENT,LAFAYETTE,IN,,,,,irs_990pf
